Time,<fPistonPosition_G_OPCfPistonPosition>,<fSpoolPosition_G_OPCfSpoolPosition>
0 sec,0,-1
0.001 sec,0,-1
0.002 sec,0,-1
0.003 sec,0,-1
0.004 sec,0,-1
0.005 sec,0,-1
0.006 sec,0,-1
0.007 sec,0,-1
0.008 sec,0,-1
0.009 sec,0,-1
0.01 sec,0,-1
0.011 sec,0,-1
0.012 sec,0,-1
0.013 sec,0,-1
0.014 sec,0,-1
0.015 sec,0,-1
0.016 sec,0,-1
0.017 sec,0,-1
0.018 sec,0,-1
0.019 sec,0,-1
0.02 sec,0,-1
0.021 sec,0,-1
0.022 sec,0,-1
0.023 sec,0,-1
0.024 sec,0,-1
0.025 sec,0,-1
0.026 sec,0,-1
0.027 sec,0,-1
0.028 sec,0,-1
0.029 sec,0,-1
0.03 sec,0,-1
0.031 sec,0,-1
0.032 sec,0,-1
0.033 sec,0,-1
0.034 sec,0,-1
0.035 sec,0,-1
0.036 sec,0,-1
0.037 sec,0,-1
0.038 sec,0,-1
0.039 sec,0,-1
0.04 sec,0,-1
0.041 sec,0,-1
0.042 sec,0,-1
0.043 sec,0,-1
0.044 sec,0,-1
0.045 sec,0,-1
0.046 sec,0,-1
0.047 sec,0,-1
0.048 sec,0,-1
0.049 sec,0,-1
0.05 sec,0,-1
0.051 sec,0,-1
0.052 sec,0,-1
0.053 sec,0,-1
0.054 sec,0,-1
0.055 sec,0,-1
0.056 sec,0,-1
0.057 sec,0,-1
0.058 sec,0,-1
0.059 sec,0,-1
0.06 sec,0,-1
0.061 sec,0,-1
0.062 sec,0,-1
0.063 sec,0,-1
0.064 sec,0,-1
0.065 sec,0,-1
0.066 sec,0,-1
0.067 sec,0,-1
0.068 sec,0,-1
0.069 sec,0,-1
0.07 sec,0,-1
0.071 sec,0,-1
0.072 sec,0,-1
0.073 sec,0,-1
0.074 sec,0,-1
0.075 sec,0,-1
0.076 sec,0,-1
0.077 sec,0,-1
0.078 sec,0,-1
0.079 sec,0,-1
0.08 sec,0,-1
0.081 sec,0,-1
0.082 sec,0,-1
0.083 sec,0,-1
0.084 sec,0,-1
0.085 sec,0,-1
0.086 sec,0,-1
0.087 sec,0,-1
0.088 sec,0,-1
0.089 sec,0,-1
0.09 sec,0,-1
0.091 sec,0,-1
0.092 sec,0,-1
0.093 sec,0,-1
0.094 sec,0,-1
0.095 sec,0,-1
0.096 sec,0,-1
0.097 sec,0,-1
0.098 sec,0,-1
0.099 sec,0,-1
0.1 sec,0,-1
0.101 sec,0,-1
0.102 sec,0,-1
0.103 sec,0,-1
0.104 sec,0,-1
0.105 sec,0,-1
0.106 sec,0,-1
0.107 sec,0,-1
0.108 sec,0,-1
0.109 sec,0,-1
0.11 sec,0,-1
0.111 sec,0,-1
0.112 sec,0,-1
0.113 sec,0,-1
0.114 sec,0,-1
0.115 sec,0,-1
0.116 sec,0,-1
0.117 sec,0,-1
0.118 sec,0,-1
0.119 sec,0,-1
0.12 sec,0,-1
0.121 sec,0,-1
0.122 sec,0,-1
0.123 sec,0,-1
0.124 sec,0,-1
0.125 sec,0,-1
0.126 sec,0,-1
0.127 sec,0,-1
0.128 sec,0,-1
0.129 sec,0,-1
0.13 sec,0,-1
0.131 sec,0,-1
0.132 sec,0,-1
0.133 sec,0,-1
0.134 sec,0,-1
0.135 sec,0,-1
0.136 sec,0,-1
0.137 sec,0,-1
0.138 sec,0,-1
0.139 sec,0,-1
0.14 sec,0,-1
0.141 sec,0,-1
0.142 sec,0,-1
0.143 sec,0,-1
0.144 sec,0,-1
0.145 sec,0,-1
0.146 sec,0,-1
0.147 sec,0,-1
0.148 sec,0,-1
0.149 sec,0,-1
0.15 sec,0,-1
0.151 sec,0,-1
0.152 sec,0,-1
0.153 sec,0,-1
0.154 sec,0,-1
0.155 sec,0,-1
0.156 sec,0,-1
0.157 sec,0,-1
0.158 sec,0,-1
0.159 sec,0,-1
0.16 sec,0,-1
0.161 sec,0,-1
0.162 sec,0,-1
0.163 sec,0,-1
0.164 sec,0,-1
0.165 sec,0,-1
0.166 sec,0,-1
0.167 sec,0,-1
0.168 sec,0,-1
0.169 sec,0,-1
0.17 sec,0,-1
0.171 sec,0,-1
0.172 sec,0,-1
0.173 sec,0,-1
0.174 sec,0,-1
0.175 sec,0,-1
0.176 sec,0,-1
0.177 sec,0,-1
0.178 sec,0,-1
0.179 sec,0,-1
0.18 sec,0,-1
0.181 sec,0,-1
0.182 sec,0,-1
0.183 sec,0,-1
0.184 sec,0,-1
0.185 sec,0,-1
0.186 sec,0,-1
0.187 sec,0,-1
0.188 sec,0,-1
0.189 sec,0,-1
0.19 sec,0,-1
0.191 sec,0,-1
0.192 sec,0,-1
0.193 sec,0,-1
0.194 sec,0,-1
0.195 sec,0,-1
0.196 sec,0,-1
0.197 sec,0,-1
0.198 sec,0,-1
0.199 sec,0,-1
0.2 sec,0,-1
0.201 sec,0,-1
0.202 sec,0,-1
0.203 sec,0,-1
0.204 sec,0,-1
0.205 sec,0,-1
0.206 sec,0,-1
0.207 sec,0,-1
0.208 sec,0,-1
0.209 sec,0,-1
0.21 sec,0,-1
0.211 sec,0,-1
0.212 sec,0,-1
0.213 sec,0,-1
0.214 sec,0,-1
0.215 sec,0,-1
0.216 sec,0,-1
0.217 sec,0,-1
0.218 sec,0,-1
0.219 sec,0,-1
0.22 sec,0,-1
0.221 sec,0,-1
0.222 sec,0,-1
0.223 sec,0,-1
0.224 sec,0,-1
0.225 sec,0,-1
0.226 sec,0,-1
0.227 sec,0,-1
0.228 sec,0,-1
0.229 sec,0,-1
0.23 sec,0,-1
0.231 sec,0,-1
0.232 sec,0,-1
0.233 sec,0,-1
0.234 sec,0,-1
0.235 sec,0,-1
0.236 sec,0,-1
0.237 sec,0,-1
0.238 sec,0,-1
0.239 sec,0,-1
0.24 sec,0,-1
0.241 sec,0,-1
0.242 sec,0,-1
0.243 sec,0,-1
0.244 sec,0,-1
0.245 sec,0,-1
0.246 sec,0,-1
0.247 sec,0,-1
0.248 sec,0,-1
0.249 sec,0,-1
0.25 sec,0,-1
0.251 sec,0,-1
0.252 sec,0,-1
0.253 sec,0,-1
0.254 sec,0,-1
0.255 sec,0,-1
0.256 sec,0,-1
0.257 sec,0,-1
0.258 sec,0,-1
0.259 sec,0,-1
0.26 sec,0,-1
0.261 sec,0,-1
0.262 sec,0,-1
0.263 sec,0,-1
0.264 sec,0,-1
0.265 sec,0,-1
0.266 sec,0,-1
0.267 sec,0,-1
0.268 sec,0,-1
0.269 sec,0,-1
0.27 sec,0,-1
0.271 sec,0,-1
0.272 sec,0,-1
0.273 sec,0,-1
0.274 sec,0,-1
0.275 sec,0,-1
0.276 sec,0,-1
0.277 sec,0,-1
0.278 sec,0,-1
0.279 sec,0,-1
0.28 sec,0,-1
0.281 sec,0,-1
0.282 sec,0,-1
0.283 sec,0,-1
0.284 sec,0,-1
0.285 sec,0,-1
0.286 sec,0,-1
0.287 sec,0,-1
0.288 sec,0,-1
0.289 sec,0,-1
0.29 sec,0,-1
0.291 sec,0,-1
0.292 sec,0,-1
0.293 sec,0,-1
0.294 sec,0,-1
0.295 sec,0,-1
0.296 sec,0,-1
0.297 sec,0,-1
0.298 sec,0,-1
0.299 sec,0,-1
0.3 sec,0,-1
0.301 sec,0,-1
0.302 sec,0,-1
0.303 sec,0,-1
0.304 sec,0,-1
0.305 sec,0,-1
0.306 sec,0,-1
0.307 sec,0,-1
0.308 sec,0,-1
0.309 sec,0,-1
0.31 sec,0,-1
0.311 sec,0,-1
0.312 sec,0,-1
0.313 sec,0,-1
0.314 sec,0,-1
0.315 sec,0,-1
0.316 sec,0,-1
0.317 sec,0,-1
0.318 sec,0,-1
0.319 sec,0,-1
0.32 sec,0,-1
0.321 sec,0,-1
0.322 sec,0,-1
0.323 sec,0,-1
0.324 sec,0,-1
0.325 sec,0,-1
0.326 sec,0,-1
0.327 sec,0,-1
0.328 sec,0,-1
0.329 sec,0,-1
0.33 sec,0,-1
0.331 sec,0,-1
0.332 sec,0,-1
0.333 sec,0,-1
0.334 sec,0,-1
0.335 sec,0,-1
0.336 sec,0,-1
0.337 sec,0,-1
0.338 sec,0,-1
0.339 sec,0,-1
0.34 sec,0,-1
0.341 sec,0,-1
0.342 sec,0,-1
0.343 sec,0,-1
0.344 sec,0,-1
0.345 sec,0,-1
0.346 sec,0,-1
0.347 sec,0,-1
0.348 sec,0,-1
0.349 sec,0,-1
0.35 sec,0,-1
0.351 sec,0,-1
0.352 sec,0,-1
0.353 sec,0,-1
0.354 sec,0,-1
0.355 sec,0,-1
0.356 sec,0,-1
0.357 sec,0,-1
0.358 sec,0,-1
0.359 sec,0,-1
0.36 sec,0,-1
0.361 sec,0,-1
0.362 sec,0,-1
0.363 sec,0,-1
0.364 sec,0,-1
0.365 sec,0,-1
0.366 sec,0,-1
0.367 sec,0,-1
0.368 sec,0,-1
0.369 sec,0,-1
0.37 sec,0,-1
0.371 sec,0,-1
0.372 sec,0,-1
0.373 sec,0,-1
0.374 sec,0,-1
0.375 sec,0,-1
0.376 sec,0,-1
0.377 sec,0,-1
0.378 sec,0,-1
0.379 sec,0,-1
0.38 sec,0,-1
0.381 sec,0,-1
0.382 sec,0,-1
0.383 sec,0,-1
0.384 sec,0,-1
0.385 sec,0,-1
0.386 sec,0,-1
0.387 sec,0,-1
0.388 sec,0,-1
0.389 sec,0,-1
0.39 sec,0,-1
0.391 sec,0,-1
0.392 sec,0,-1
0.393 sec,0,-1
0.394 sec,0,-1
0.395 sec,0,-1
0.396 sec,0,-1
0.397 sec,0,-1
0.398 sec,0,-1
0.399 sec,0,-1
0.4 sec,0,-1
0.401 sec,0,-1
0.402 sec,0,-1
0.403 sec,0,-1
0.404 sec,0,-1
0.405 sec,0,-1
0.406 sec,0,-1
0.407 sec,0,-1
0.408 sec,0,-1
0.409 sec,0,-1
0.41 sec,0,-1
0.411 sec,0,-1
0.412 sec,0,-1
0.413 sec,0,-1
0.414 sec,0,-1
0.415 sec,0,-1
0.416 sec,0,-1
0.417 sec,0,-1
0.418 sec,0,-1
0.419 sec,0,-1
0.42 sec,0,-1
0.421 sec,0,-1
0.422 sec,0,-1
0.423 sec,0,-1
0.424 sec,0,-1
0.425 sec,0,-1
0.426 sec,0,-1
0.427 sec,0,-1
0.428 sec,0,-1
0.429 sec,0,-1
0.43 sec,0,-1
0.431 sec,0,-1
0.432 sec,0,-1
0.433 sec,0,-1
0.434 sec,0,-1
0.435 sec,0,-1
0.436 sec,0,-1
0.437 sec,0,-1
0.438 sec,0,-1
0.439 sec,0,-1
0.44 sec,0,-1
0.441 sec,0,-1
0.442 sec,0,-1
0.443 sec,0,-1
0.444 sec,0,-1
0.445 sec,0,-1
0.446 sec,0,-1
0.447 sec,0,-1
0.448 sec,0,-1
0.449 sec,0,-1
0.45 sec,0,-1
0.451 sec,0,-1
0.452 sec,0,-1
0.453 sec,0,-1
0.454 sec,0,-1
0.455 sec,0,-1
0.456 sec,0,-1
0.457 sec,0,-1
0.458 sec,0,-1
0.459 sec,0,-1
0.46 sec,0,-1
0.461 sec,0,-1
0.462 sec,0,-1
0.463 sec,0,-1
0.464 sec,0,-1
0.465 sec,0,-1
0.466 sec,0,-1
0.467 sec,0,-1
0.468 sec,0,-1
0.469 sec,0,-1
0.47 sec,0,-1
0.471 sec,0,-1
0.472 sec,0,-1
0.473 sec,0,-1
0.474 sec,0,-1
0.475 sec,0,-1
0.476 sec,0,-1
0.477 sec,0,-1
0.478 sec,0,-1
0.479 sec,0,-1
0.48 sec,0,-1
0.481 sec,0,-1
0.482 sec,0,-1
0.483 sec,0,-1
0.484 sec,0,-1
0.485 sec,0,-1
0.486 sec,0,-1
0.487 sec,0,-1
0.488 sec,0,-1
0.489 sec,0,-1
0.49 sec,0,-1
0.491 sec,0,-1
0.492 sec,0,-1
0.493 sec,0,-1
0.494 sec,0,-1
0.495 sec,0,-1
0.496 sec,0,-1
0.497 sec,0,-1
0.498 sec,0,-1
0.499 sec,0,-1
0.5 sec,0,-1
0.501 sec,0,-1
0.502 sec,0,-1
0.503 sec,0,-1
0.504 sec,0,-1
0.505 sec,0,-1
0.506 sec,0,-1
0.507 sec,0,-1
0.508 sec,0,-1
0.509 sec,0,-1
0.51 sec,0,-1
0.511 sec,0,-1
0.512 sec,0,-1
0.513 sec,0,-1
0.514 sec,0,-1
0.515 sec,0,-1
0.516 sec,0,-1
0.517 sec,0,-1
0.518 sec,0,-1
0.519 sec,0,-1
0.52 sec,0,-1
0.521 sec,0,-1
0.522 sec,0,-1
0.523 sec,0,-1
0.524 sec,0,-1
0.525 sec,0,-1
0.526 sec,0,-1
0.527 sec,0,-1
0.528 sec,0,-1
0.529 sec,0,-1
0.53 sec,0,-1
0.531 sec,0,-1
0.532 sec,0,-1
0.533 sec,0,-1
0.534 sec,0,-1
0.535 sec,0,-1
0.536 sec,0,-1
0.537 sec,0,-1
0.538 sec,0,-1
0.539 sec,0,-1
0.54 sec,0,-1
0.541 sec,0,-1
0.542 sec,0,-1
0.543 sec,0,-1
0.544 sec,0,-1
0.545 sec,0,-1
0.546 sec,0,-1
0.547 sec,0,-1
0.548 sec,0,-1
0.549 sec,0,-1
0.55 sec,0,-1
0.551 sec,0,-1
0.552 sec,0,-1
0.553 sec,0,-1
0.554 sec,0,-1
0.555 sec,0,-1
0.556 sec,0,-1
0.557 sec,0,-1
0.558 sec,0,-1
0.559 sec,0,-1
0.56 sec,0,-1
0.561 sec,0,-1
0.562 sec,0,-1
0.563 sec,0,-1
0.564 sec,0,-1
0.565 sec,0,-1
0.566 sec,0,-1
0.567 sec,0,-1
0.568 sec,0,-1
0.569 sec,0,-1
0.57 sec,0,-1
0.571 sec,0,-1
0.572 sec,0,-1
0.573 sec,0,-1
0.574 sec,0,-1
0.575 sec,0,-1
0.576 sec,0,-1
0.577 sec,0,-1
0.578 sec,0,-1
0.579 sec,0,-1
0.58 sec,0,-1
0.581 sec,0,-1
0.582 sec,0,-1
0.583 sec,0,-1
0.584 sec,0,-1
0.585 sec,0,-1
0.586 sec,0,-1
0.587 sec,0,-1
0.588 sec,0,-1
0.589 sec,0,-1
0.59 sec,0,-1
0.591 sec,0,-1
0.592 sec,0,-1
0.593 sec,0,-1
0.594 sec,0,-1
0.595 sec,0,-1
0.596 sec,0,-1
0.597 sec,0,-1
0.598 sec,0,-1
0.599 sec,0,-1
0.6 sec,0,-1
0.601 sec,0,-1
0.602 sec,0,-1
0.603 sec,0,-1
0.604 sec,0,-1
0.605 sec,0,-1
0.606 sec,0,-1
0.607 sec,0,-1
0.608 sec,0,-1
0.609 sec,0,-1
0.61 sec,0,-1
0.611 sec,0,-1
0.612 sec,0,-1
0.613 sec,0,-1
0.614 sec,0,-1
0.615 sec,0,-1
0.616 sec,0,-1
0.617 sec,0,-1
0.618 sec,0,-1
0.619 sec,0,-1
0.62 sec,0,-1
0.621 sec,0,-1
0.622 sec,0,-1
0.623 sec,0,-1
0.624 sec,0,-1
0.625 sec,0,-1
0.626 sec,0,-1
0.627 sec,0,-1
0.628 sec,0,-1
0.629 sec,0,-1
0.63 sec,0,-1
0.631 sec,0,-1
0.632 sec,0,-1
0.633 sec,0,-1
0.634 sec,0,-1
0.635 sec,0,-1
0.636 sec,0,-1
0.637 sec,0,-1
0.638 sec,0,-1
0.639 sec,0,-1
0.64 sec,0,-1
0.641 sec,0,-1
0.642 sec,0,-1
0.643 sec,0,-1
0.644 sec,0,-1
0.645 sec,0,-1
0.646 sec,0,-1
0.647 sec,0,-1
0.648 sec,0,-1
0.649 sec,0,-1
0.65 sec,0,-1
0.651 sec,0,-1
0.652 sec,0,-1
0.653 sec,0,-1
0.654 sec,0,-1
0.655 sec,0,-1
0.656 sec,0,-1
0.657 sec,0,-1
0.658 sec,0,-1
0.659 sec,0,-1
0.66 sec,0,-1
0.661 sec,0,-1
0.662 sec,0,-1
0.663 sec,0,-1
0.664 sec,0,-1
0.665 sec,0,-1
0.666 sec,0,-1
0.667 sec,0,-1
0.668 sec,0,-1
0.669 sec,0,-1
0.67 sec,0,-1
0.671 sec,0,-1
0.672 sec,0,-1
0.673 sec,0,-1
0.674 sec,0,-1
0.675 sec,0,-1
0.676 sec,0,-1
0.677 sec,0,-1
0.678 sec,0,-1
0.679 sec,0,-1
0.68 sec,0,-1
0.681 sec,0,-1
0.682 sec,0,-1
0.683 sec,0,-1
0.684 sec,0,-1
0.685 sec,0,-1
0.686 sec,0,-1
0.687 sec,0,-1
0.688 sec,0,-1
0.689 sec,0,-1
0.69 sec,0,-1
0.691 sec,0,-1
0.692 sec,0,-1
0.693 sec,0,-1
0.694 sec,0,-1
0.695 sec,0,-1
0.696 sec,0,-1
0.697 sec,0,-1
0.698 sec,0,-1
0.699 sec,0,-1
0.7 sec,0,-1
0.701 sec,0,-1
0.702 sec,0,-1
0.703 sec,0,-1
0.704 sec,0,-1
0.705 sec,0,-1
0.706 sec,0,-1
0.707 sec,0,-1
0.708 sec,0,-1
0.709 sec,0,-1
0.71 sec,0,-1
0.711 sec,0,-1
0.712 sec,0,-1
0.713 sec,0,-1
0.714 sec,0,-1
0.715 sec,0,-1
0.716 sec,0,-1
0.717 sec,0,-1
0.718 sec,0,-1
0.719 sec,0,-1
0.72 sec,0,-1
0.721 sec,0,-1
0.722 sec,0,-1
0.723 sec,0,-1
0.724 sec,0,-1
0.725 sec,0,-1
0.726 sec,0,-1
0.727 sec,0,-1
0.728 sec,0,-1
0.729 sec,0,-1
0.73 sec,0,-1
0.731 sec,0,-1
0.732 sec,0,-1
0.733 sec,0,-1
0.734 sec,0,-1
0.735 sec,0,-1
0.736 sec,0,-1
0.737 sec,0,-1
0.738 sec,0,-1
0.739 sec,0,-1
0.74 sec,0,-1
0.741 sec,0,-1
0.742 sec,0,-1
0.743 sec,0,-1
0.744 sec,0,-1
0.745 sec,0,-1
0.746 sec,0,-1
0.747 sec,0,-1
0.748 sec,0,-1
0.749 sec,0,-1
0.75 sec,0,-1
0.751 sec,0,-1
0.752 sec,0,-1
0.753 sec,0,-1
0.754 sec,0,-1
0.755 sec,0,-1
0.756 sec,0,-1
0.757 sec,0,-1
0.758 sec,0,-1
0.759 sec,0,-1
0.76 sec,0,-1
0.761 sec,0,-1
0.762 sec,0,-1
0.763 sec,0,-1
0.764 sec,0,-1
0.765 sec,0,-1
0.766 sec,0,-1
0.767 sec,0,-1
0.768 sec,0,-1
0.769 sec,0,-1
0.77 sec,0,-1
0.771 sec,0,-1
0.772 sec,0,-1
0.773 sec,0,-1
0.774 sec,0,-1
0.775 sec,0,-1
0.776 sec,0,-1
0.777 sec,0,-1
0.778 sec,0,-1
0.779 sec,0,-1
0.78 sec,0,-1
0.781 sec,0,-1
0.782 sec,0,-1
0.783 sec,0,-1
0.784 sec,0,-1
0.785 sec,0,-1
0.786 sec,0,-1
0.787 sec,0,-1
0.788 sec,0,-1
0.789 sec,0,-1
0.79 sec,0,-1
0.791 sec,0,-1
0.792 sec,0,-1
0.793 sec,0,-1
0.794 sec,0,-1
0.795 sec,0,-1
0.796 sec,0,-1
0.797 sec,0,-1
0.798 sec,0,-1
0.799 sec,0,-1
0.8 sec,0,-1
0.801 sec,0,-1
0.802 sec,0,-1
0.803 sec,0,-1
0.804 sec,0,-1
0.805 sec,0,-1
0.806 sec,0,-1
0.807 sec,0,-1
0.808 sec,0,-1
0.809 sec,0,-1
0.81 sec,0,-1
0.811 sec,0,-1
0.812 sec,0,-1
0.813 sec,0,-1
0.814 sec,0,-1
0.815 sec,0,-1
0.816 sec,0,-1
0.817 sec,0,-1
0.818 sec,0,-1
0.819 sec,0,-1
0.82 sec,0,-1
0.821 sec,0,-1
0.822 sec,0,-1
0.823 sec,0,-1
0.824 sec,0,-1
0.825 sec,0,-1
0.826 sec,0,-1
0.827 sec,0,-1
0.828 sec,0,-1
0.829 sec,0,-1
0.83 sec,0,-1
0.831 sec,0,-1
0.832 sec,0,-1
0.833 sec,0,-1
0.834 sec,0,-1
0.835 sec,0,-1
0.836 sec,0,-1
0.837 sec,0,-1
0.838 sec,0,-1
0.839 sec,0,-1
0.84 sec,0,-1
0.841 sec,0,-1
0.842 sec,0,-1
0.843 sec,0,-1
0.844 sec,0,-1
0.845 sec,0,-1
0.846 sec,0,-1
0.847 sec,0,-1
0.848 sec,0,-1
0.849 sec,0,-1
0.85 sec,0,-1
0.851 sec,0,-1
0.852 sec,0,-1
0.853 sec,0,-1
0.854 sec,0,-1
0.855 sec,0,-1
0.856 sec,0,-1
0.857 sec,0,-1
0.858 sec,0,-1
0.859 sec,0,-1
0.86 sec,0,-1
0.861 sec,0,-1
0.862 sec,0,-1
0.863 sec,0,-1
0.864 sec,0,-1
0.865 sec,0,-1
0.866 sec,0,-1
0.867 sec,0,-1
0.868 sec,0,-1
0.869 sec,0,-1
0.87 sec,0,-1
0.871 sec,0,-1
0.872 sec,0,-1
0.873 sec,0,-1
0.874 sec,0,-1
0.875 sec,0,-1
0.876 sec,0,-1
0.877 sec,0,-1
0.878 sec,0,-1
0.879 sec,0,-1
0.88 sec,0,-1
0.881 sec,0,-1
0.882 sec,0,-1
0.883 sec,0,-1
0.884 sec,0,-1
0.885 sec,0,-1
0.886 sec,0,-1
0.887 sec,0,-1
0.888 sec,0,-1
0.889 sec,0,-1
0.89 sec,0,-1
0.891 sec,0,-1
0.892 sec,0,-1
0.893 sec,0,-1
0.894 sec,0,-1
0.895 sec,0,-1
0.896 sec,0,-1
0.897 sec,0,-1
0.898 sec,0,-1
0.899 sec,0,-1
0.9 sec,0,-1
0.901 sec,0,-1
0.902 sec,0,-1
0.903 sec,0,-1
0.904 sec,0,-1
0.905 sec,0,-1
0.906 sec,0,-1
0.907 sec,0,-1
0.908 sec,0,-1
0.909 sec,0,-1
0.91 sec,0,-1
0.911 sec,0,-1
0.912 sec,0,-1
0.913 sec,0,-1
0.914 sec,0,-1
0.915 sec,0,-1
0.916 sec,0,-1
0.917 sec,0,-1
0.918 sec,0,-1
0.919 sec,0,-1
0.92 sec,0,-1
0.921 sec,0,-1
0.922 sec,0,-1
0.923 sec,0,-1
0.924 sec,0,-1
0.925 sec,0,-1
0.926 sec,0,-1
0.927 sec,0,-1
0.928 sec,0,-1
0.929 sec,0,-1
0.93 sec,0,-1
0.931 sec,0,-1
0.932 sec,0,-1
0.933 sec,0,-1
0.934 sec,0,-1
0.935 sec,0,-1
0.936 sec,0,-1
0.937 sec,0,-1
0.938 sec,0,-1
0.939 sec,0,-1
0.94 sec,0,-1
0.941 sec,0,-1
0.942 sec,0,-1
0.943 sec,0,-1
0.944 sec,0,-1
0.945 sec,0,-1
0.946 sec,0,-1
0.947 sec,0,-1
0.948 sec,0,-1
0.949 sec,0,-1
0.95 sec,0,-1
0.951 sec,0,-1
0.952 sec,0,-1
0.953 sec,0,-1
0.954 sec,0,-1
0.955 sec,0,-1
0.956 sec,0,-1
0.957 sec,0,-1
0.958 sec,0,-1
0.959 sec,0,-1
0.96 sec,0,-1
0.961 sec,0,-1
0.962 sec,0,-1
0.963 sec,0,-1
0.964 sec,0,-1
0.965 sec,0,-1
0.966 sec,0,-1
0.967 sec,0,-1
0.968 sec,0,-1
0.969 sec,0,-1
0.97 sec,0,-1
0.971 sec,0,-1
0.972 sec,0,-1
0.973 sec,0,-1
0.974 sec,0,-1
0.975 sec,0,-1
0.976 sec,0,-1
0.977 sec,0,-1
0.978 sec,0,-1
0.979 sec,0,-1
0.98 sec,0,-1
0.981 sec,0,-1
0.982 sec,0,-1
0.983 sec,0,-1
0.984 sec,0,-1
0.985 sec,0,-1
0.986 sec,0,-1
0.987 sec,0,-1
0.988 sec,0,-1
0.989 sec,0,-1
0.99 sec,0,-1
0.991 sec,0,-1
0.992 sec,0,-1
0.993 sec,0,-1
0.994 sec,0,-1
0.995 sec,0,-1
0.996 sec,0,-1
0.997 sec,0,-1
0.998 sec,0,-1
0.999 sec,0,-1
1 sec,0,-1
1.001 sec,0,-1
1.002 sec,0,-1
1.003 sec,0,-1
1.004 sec,0,-1
1.005 sec,0,-1
1.006 sec,0,-1
1.007 sec,0,-1
1.008 sec,0,-1
1.009 sec,0,-1
1.01 sec,0,-1
1.011 sec,0,-1
1.012 sec,0,-1
1.013 sec,0,-1
1.014 sec,0,-1
1.015 sec,0,-1
1.016 sec,0,-1
1.017 sec,0,-1
1.018 sec,0,-1
1.019 sec,0,-1
1.02 sec,0,-1
1.021 sec,0,-1
1.022 sec,0,-1
1.023 sec,0,-1
1.024 sec,0,-1
1.025 sec,0,-1
1.026 sec,0,-1
1.027 sec,0,-1
1.028 sec,0,-1
1.029 sec,0,-1
1.03 sec,0,-1
1.031 sec,0,-1
1.032 sec,0,-1
1.033 sec,0,-1
1.034 sec,0,-1
1.035 sec,0,-1
1.036 sec,0,-1
1.037 sec,0,-1
1.038 sec,0,-1
1.039 sec,0,-1
1.04 sec,0,-1
1.041 sec,0,-1
1.042 sec,0,-1
1.043 sec,0,-1
1.044 sec,0,-1
1.045 sec,0,-1
1.046 sec,0,-1
1.047 sec,0,-1
1.048 sec,0,-1
1.049 sec,0,-1
1.05 sec,0,-1
1.051 sec,0,-1
1.052 sec,0,-1
1.053 sec,0,-1
1.054 sec,0,-1
1.055 sec,0,-1
1.056 sec,0,-1
1.057 sec,0,-1
1.058 sec,0,-1
1.059 sec,0,-1
1.06 sec,0,-1
1.061 sec,0,-1
1.062 sec,0,-1
1.063 sec,0,-1
1.064 sec,0,-1
1.065 sec,0,-1
1.066 sec,0,-1
1.067 sec,0,-1
1.068 sec,0,-1
1.069 sec,0,-1
1.07 sec,0,-1
1.071 sec,0,-1
1.072 sec,0,-1
1.073 sec,0,-1
1.074 sec,0,-1
1.075 sec,0,-1
1.076 sec,0,-1
1.077 sec,0,-1
1.078 sec,0,-1
1.079 sec,0,-1
1.08 sec,0,-1
1.081 sec,0,-1
1.082 sec,0,-1
1.083 sec,0,-1
1.084 sec,0,-1
1.085 sec,0,-1
1.086 sec,0,-1
1.087 sec,0,-1
1.088 sec,0,-1
1.089 sec,0,-1
1.09 sec,0,-1
1.091 sec,0,-1
1.092 sec,0,-1
1.093 sec,0,-1
1.094 sec,0,-1
1.095 sec,0,-1
1.096 sec,0,-1
1.097 sec,0,-1
1.098 sec,0,-1
1.099 sec,0,-1
1.1 sec,0,-1
1.101 sec,0,-1
1.102 sec,0,-1
1.103 sec,0,-1
1.104 sec,0,-1
1.105 sec,0,-1
1.106 sec,0,-1
1.107 sec,0,-1
1.108 sec,0,-1
1.109 sec,0,-1
1.11 sec,0,-1
1.111 sec,0,-1
1.112 sec,0,-1
1.113 sec,0,-1
1.114 sec,0,-1
1.115 sec,0,-1
1.116 sec,0,-1
1.117 sec,0,-1
1.118 sec,0,-1
1.119 sec,0,-1
1.12 sec,0,-1
1.121 sec,0,-1
1.122 sec,0,-1
1.123 sec,0,-1
1.124 sec,0,-1
1.125 sec,0,-1
1.126 sec,0,-1
1.127 sec,0,-1
1.128 sec,0,-1
1.129 sec,0,-1
1.13 sec,0,-1
1.131 sec,0,-1
1.132 sec,0,-1
1.133 sec,0,-1
1.134 sec,0,-1
1.135 sec,0,-1
1.136 sec,0,-1
1.137 sec,0,-1
1.138 sec,0,-1
1.139 sec,0,-1
1.14 sec,0,-1
1.141 sec,0,-1
1.142 sec,0,-1
1.143 sec,0,-1
1.144 sec,0,-1
1.145 sec,0,-1
1.146 sec,0,-1
1.147 sec,0,-1
1.148 sec,0,-1
1.149 sec,0,-1
1.15 sec,0,-1
1.151 sec,0,-1
1.152 sec,0,-1
1.153 sec,0,-1
1.154 sec,0,-1
1.155 sec,0,-1
1.156 sec,0,-1
1.157 sec,0,-1
1.158 sec,0,-1
1.159 sec,0,-1
1.16 sec,0,-1
1.161 sec,0,-1
1.162 sec,0,-1
1.163 sec,0,-1
1.164 sec,0,-1
1.165 sec,0,-1
1.166 sec,0,-1
1.167 sec,0,-1
1.168 sec,0,-1
1.169 sec,0,-1
1.17 sec,0,-1
1.171 sec,0,-1
1.172 sec,0,-1
1.173 sec,0,-1
1.174 sec,0,-1
1.175 sec,0,-1
1.176 sec,0,-1
1.177 sec,0,-1
1.178 sec,0,-1
1.179 sec,0,-1
1.18 sec,0,-1
1.181 sec,0,-1
1.182 sec,0,-1
1.183 sec,0,-1
1.184 sec,0,-1
1.185 sec,0,-1
1.186 sec,0,-1
1.187 sec,0,-1
1.188 sec,0,-1
1.189 sec,0,-1
1.19 sec,0,-1
1.191 sec,0,-1
1.192 sec,0,-1
1.193 sec,0,-1
1.194 sec,0,-1
1.195 sec,0,-1
1.196 sec,0,-1
1.197 sec,0,-1
1.198 sec,0,-1
1.199 sec,0,-1
1.2 sec,0,-1
1.201 sec,0,-1
1.202 sec,0,-1
1.203 sec,0,-1
1.204 sec,0,-1
1.205 sec,0,-1
1.206 sec,0,-1
1.207 sec,0,-1
1.208 sec,0,-1
1.209 sec,0,-1
1.21 sec,0,-1
1.211 sec,0,-1
1.212 sec,0,-1
1.213 sec,0,-1
1.214 sec,0,-1
1.215 sec,0,-1
1.216 sec,0,-1
1.217 sec,0,-1
1.218 sec,0,-1
1.219 sec,0,-1
1.22 sec,0,-1
1.221 sec,0,-1
1.222 sec,0,-1
1.223 sec,0,-1
1.224 sec,0,-1
1.225 sec,0,-1
1.226 sec,0,-1
1.227 sec,0,-1
1.228 sec,0,-1
1.229 sec,0,-1
1.23 sec,0,-1
1.231 sec,0,-1
1.232 sec,0,-1
1.233 sec,0,-1
1.234 sec,0,-1
1.235 sec,0,-1
1.236 sec,0,-1
1.237 sec,0,-1
1.238 sec,0,-1
1.239 sec,0,-1
1.24 sec,0,-1
1.241 sec,0,-1
1.242 sec,0,-1
1.243 sec,0,-1
1.244 sec,0,-1
1.245 sec,0,-1
1.246 sec,0,-1
1.247 sec,0,-1
1.248 sec,0,-1
1.249 sec,0,-1
1.25 sec,0,-1
1.251 sec,0,-1
1.252 sec,0,-1
1.253 sec,0,-1
1.254 sec,0,-1
1.255 sec,0,-1
1.256 sec,0,-1
1.257 sec,0,-1
1.258 sec,0,-1
1.259 sec,0,-1
1.26 sec,0,-1
1.261 sec,0,-1
1.262 sec,0,-1
1.263 sec,0,-1
1.264 sec,0,-1
1.265 sec,0,-1
1.266 sec,0,-1
1.267 sec,0,-1
1.268 sec,0,-1
1.269 sec,0,-1
1.27 sec,0,-1
1.271 sec,0,-1
1.272 sec,0,-1
1.273 sec,0,-1
1.274 sec,0,-1
1.275 sec,0,-1
1.276 sec,0,-1
1.277 sec,0,-1
1.278 sec,0,-1
1.279 sec,0,-1
1.28 sec,0,-1
1.281 sec,0,-1
1.282 sec,0,-1
1.283 sec,0,-1
1.284 sec,0,-1
1.285 sec,0,-1
1.286 sec,0,-1
1.287 sec,0,-1
1.288 sec,0,-1
1.289 sec,0,-1
1.29 sec,0,-1
1.291 sec,0,-1
1.292 sec,0,-1
1.293 sec,0,-1
1.294 sec,0,-1
1.295 sec,0,-1
1.296 sec,0,-1
1.297 sec,0,-1
1.298 sec,0,-1
1.299 sec,0,-1
1.3 sec,0,-1
1.301 sec,0,-1
1.302 sec,0,-1
1.303 sec,0,-1
1.304 sec,0,-1
1.305 sec,0,-1
1.306 sec,0,-1
1.307 sec,0,-1
1.308 sec,0,-1
1.309 sec,0,-1
1.31 sec,0,-1
1.311 sec,0,-1
1.312 sec,0,-1
1.313 sec,0,-1
1.314 sec,0,-1
1.315 sec,0,-1
1.316 sec,0,-1
1.317 sec,0,-1
1.318 sec,0,-1
1.319 sec,0,-1
1.32 sec,0,-1
1.321 sec,0,-1
1.322 sec,0,-1
1.323 sec,0,-1
1.324 sec,0,-1
1.325 sec,0,-1
1.326 sec,0,-1
1.327 sec,0,-1
1.328 sec,0,-1
1.329 sec,0,-1
1.33 sec,0,-1
1.331 sec,0,-1
1.332 sec,0,-1
1.333 sec,0,-1
1.334 sec,0,-1
1.335 sec,0,-1
1.336 sec,0,-1
1.337 sec,0,-1
1.338 sec,0,-1
1.339 sec,0,-1
1.34 sec,0,-1
1.341 sec,0,-1
1.342 sec,0,-1
1.343 sec,0,-1
1.344 sec,0,-1
1.345 sec,0,-1
1.346 sec,0,-1
1.347 sec,0,-1
1.348 sec,0,-1
1.349 sec,0,-1
1.35 sec,0,-1
1.351 sec,0,-1
1.352 sec,0,-1
1.353 sec,0,-1
1.354 sec,0,-1
1.355 sec,0,-1
1.356 sec,0,-1
1.357 sec,0,-1
1.358 sec,0,-1
1.359 sec,0,-1
1.36 sec,0,-1
1.361 sec,0,-1
1.362 sec,0,-1
1.363 sec,0,-1
1.364 sec,0,-1
1.365 sec,0,-1
1.366 sec,0,-1
1.367 sec,0,-1
1.368 sec,0,-1
1.369 sec,0,-1
1.37 sec,0,-1
1.371 sec,0,-1
1.372 sec,0,-1
1.373 sec,0,-1
1.374 sec,0,-1
1.375 sec,0,-1
1.376 sec,0,-1
1.377 sec,0,-1
1.378 sec,0,-1
1.379 sec,0,-1
1.38 sec,0,-1
1.381 sec,0,-1
1.382 sec,0,-1
1.383 sec,0,-1
1.384 sec,0,-1
1.385 sec,0,-1
1.386 sec,0,-1
1.387 sec,0,-1
1.388 sec,0,-1
1.389 sec,0,-1
1.39 sec,0,-1
1.391 sec,0,-1
1.392 sec,0,-1
1.393 sec,0,-1
1.394 sec,0,-1
1.395 sec,0,-1
1.396 sec,0,-1
1.397 sec,0,-1
1.398 sec,0,-1
1.399 sec,0,-1
1.4 sec,0,-1
1.401 sec,0,-1
1.402 sec,0,-1
1.403 sec,0,-1
1.404 sec,0,-1
1.405 sec,0,-1
1.406 sec,0,-1
1.407 sec,0,-1
1.408 sec,0,-1
1.409 sec,0,-1
1.41 sec,0,-1
1.411 sec,0,-1
1.412 sec,0,-1
1.413 sec,0,-1
1.414 sec,0,-1
1.415 sec,0,-1
1.416 sec,0,-1
1.417 sec,0,-1
1.418 sec,0,-1
1.419 sec,0,-1
1.42 sec,0,-1
1.421 sec,0,-1
1.422 sec,0,-1
1.423 sec,0,-1
1.424 sec,0,-1
1.425 sec,0,-1
1.426 sec,0,-1
1.427 sec,0,-1
1.428 sec,0,-1
1.429 sec,0,-1
1.43 sec,0,-1
1.431 sec,0,-1
1.432 sec,0,-1
1.433 sec,0,-1
1.434 sec,0,-1
1.435 sec,0,-1
1.436 sec,0,-1
1.437 sec,0,-1
1.438 sec,0,-1
1.439 sec,0,-1
1.44 sec,0,-1
1.441 sec,0,-1
1.442 sec,0,-1
1.443 sec,0,-1
1.444 sec,0,-1
1.445 sec,0,-1
1.446 sec,0,-1
1.447 sec,0,-1
1.448 sec,0,-1
1.449 sec,0,-1
1.45 sec,0,-1
1.451 sec,0,-1
1.452 sec,0,-1
1.453 sec,0,-1
1.454 sec,0,-1
1.455 sec,0,-1
1.456 sec,0,-1
1.457 sec,0,-1
1.458 sec,0,-1
1.459 sec,0,-1
1.46 sec,0,-1
1.461 sec,0,-1
1.462 sec,0,-1
1.463 sec,0,-1
1.464 sec,0,-1
1.465 sec,0,-1
1.466 sec,0,-1
1.467 sec,0,-1
1.468 sec,0,-1
1.469 sec,0,-1
1.47 sec,0,-1
1.471 sec,0,-1
1.472 sec,0,-1
1.473 sec,0,-1
1.474 sec,0,-1
1.475 sec,0,-1
1.476 sec,0,-1
1.477 sec,0,-1
1.478 sec,0,-1
1.479 sec,0,-1
1.48 sec,0,-1
1.481 sec,0,-1
1.482 sec,0,-1
1.483 sec,0,-1
1.484 sec,0,-1
1.485 sec,0,-1
1.486 sec,0,-1
1.487 sec,0,-1
1.488 sec,0,-1
1.489 sec,0,-1
1.49 sec,0,-1
1.491 sec,0,-1
1.492 sec,0,-1
1.493 sec,0,-1
1.494 sec,0,-1
1.495 sec,0,-1
1.496 sec,0,-1
1.497 sec,0,-1
1.498 sec,0,-1
1.499 sec,0,-1
1.5 sec,0,-1
1.501 sec,0,-1
1.502 sec,0,-1
1.503 sec,0,-1
1.504 sec,0,-1
1.505 sec,0,-1
1.506 sec,0,-1
1.507 sec,0,-1
1.508 sec,0,-1
1.509 sec,0,-1
1.51 sec,0,-1
1.511 sec,0,-1
1.512 sec,0,-1
1.513 sec,0,-1
1.514 sec,0,-1
1.515 sec,0,-1
1.516 sec,0,-1
1.517 sec,0,-1
1.518 sec,0,-1
1.519 sec,0,-1
1.52 sec,0,-1
1.521 sec,0,-1
1.522 sec,0,-1
1.523 sec,0,-1
1.524 sec,0,-1
1.525 sec,0,-1
1.526 sec,0,-1
1.527 sec,0,-1
1.528 sec,0,-1
1.529 sec,0,-1
1.53 sec,0,-1
1.531 sec,0,-1
1.532 sec,0,-1
1.533 sec,0,-1
1.534 sec,0,-1
1.535 sec,0,-1
1.536 sec,0,-1
1.537 sec,0,-1
1.538 sec,0,-1
1.539 sec,0,-1
1.54 sec,0,-1
1.541 sec,0,-1
1.542 sec,0,-1
1.543 sec,0,-1
1.544 sec,0,-1
1.545 sec,0,-1
1.546 sec,0,-1
1.547 sec,0,-1
1.548 sec,0,-1
1.549 sec,0,-1
1.55 sec,0,-1
1.551 sec,0,-1
1.552 sec,0,-1
1.553 sec,0,-1
1.554 sec,0,-1
1.555 sec,0,-1
1.556 sec,0,-1
1.557 sec,0,-1
1.558 sec,0,-1
1.559 sec,0,-1
1.56 sec,0,-1
1.561 sec,0,-1
1.562 sec,0,-1
1.563 sec,0,-1
1.564 sec,0,-1
1.565 sec,0,-1
1.566 sec,0,-1
1.567 sec,0,-1
1.568 sec,0,-1
1.569 sec,0,-1
1.57 sec,0,-1
1.571 sec,0,-1
1.572 sec,0,-1
1.573 sec,0,-1
1.574 sec,0,-1
1.575 sec,0,-1
1.576 sec,0,-1
1.577 sec,0,-1
1.578 sec,0,-1
1.579 sec,0,-1
1.58 sec,0,-1
1.581 sec,0,-1
1.582 sec,0,-1
1.583 sec,0,-1
1.584 sec,0,-1
1.585 sec,0,-1
1.586 sec,0,-1
1.587 sec,0,-1
1.588 sec,0,-1
1.589 sec,0,-1
1.59 sec,0,-1
1.591 sec,0,-1
1.592 sec,0,-1
1.593 sec,0,-1
1.594 sec,0,-1
1.595 sec,0,-1
1.596 sec,0,-1
1.597 sec,0,-1
1.598 sec,0,-1
1.599 sec,0,-1
1.6 sec,0,-1
1.601 sec,0,-1
1.602 sec,0,-1
1.603 sec,0,-1
1.604 sec,0,-1
1.605 sec,0,-1
1.606 sec,0,-1
1.607 sec,0,-1
1.608 sec,0,-1
1.609 sec,0,-1
1.61 sec,0,-1
1.611 sec,0,-1
1.612 sec,0,-1
1.613 sec,0,-1
1.614 sec,0,-1
1.615 sec,0,-1
1.616 sec,0,-1
1.617 sec,0,-1
1.618 sec,0,-1
1.619 sec,0,-1
1.62 sec,0,-1
1.621 sec,0,-1
1.622 sec,0,-1
1.623 sec,0,-1
1.624 sec,0,-1
1.625 sec,0,-1
1.626 sec,0,-1
1.627 sec,0,-1
1.628 sec,0,-1
1.629 sec,0,-1
1.63 sec,0,-1
1.631 sec,0,-1
1.632 sec,0,-1
1.633 sec,0,-1
1.634 sec,0,-1
1.635 sec,0,-1
1.636 sec,0,-1
1.637 sec,0,-1
1.638 sec,0,-1
1.639 sec,0,-1
1.64 sec,0,-1
1.641 sec,0,-1
1.642 sec,0,-1
1.643 sec,0,-1
1.644 sec,0,-1
1.645 sec,0,-1
1.646 sec,0,-1
1.647 sec,0,-1
1.648 sec,0,-1
1.649 sec,0,-1
1.65 sec,0,-1
1.651 sec,0,-1
1.652 sec,0,-1
1.653 sec,0,-1
1.654 sec,0,-1
1.655 sec,0,-1
1.656 sec,0,-1
1.657 sec,0,-1
1.658 sec,0,-1
1.659 sec,0,-1
1.66 sec,0,-1
1.661 sec,0,-1
1.662 sec,0,-1
1.663 sec,0,-1
1.664 sec,0,-1
1.665 sec,0,-1
1.666 sec,0,-1
1.667 sec,0,-1
1.668 sec,0,-1
1.669 sec,0,-1
1.67 sec,0,-1
1.671 sec,0,-1
1.672 sec,0,-1
1.673 sec,0,-1
1.674 sec,0,-1
1.675 sec,0,-1
1.676 sec,0,-1
1.677 sec,0,-1
1.678 sec,0,-1
1.679 sec,0,-1
1.68 sec,0,-1
1.681 sec,0,-1
1.682 sec,0,-1
1.683 sec,0,-1
1.684 sec,0,-1
1.685 sec,0,-1
1.686 sec,0,-1
1.687 sec,0,-1
1.688 sec,0,-1
1.689 sec,0,-1
1.69 sec,0,-1
1.691 sec,0,-1
1.692 sec,0,-1
1.693 sec,0,-1
1.694 sec,0,-1
1.695 sec,0,-1
1.696 sec,0,-1
1.697 sec,0,-1
1.698 sec,0,-1
1.699 sec,0,-1
1.7 sec,0,-1
1.701 sec,0,-1
1.702 sec,0,-1
1.703 sec,0,-1
1.704 sec,0,-1
1.705 sec,0,-1
1.706 sec,0,-1
1.707 sec,0,-1
1.708 sec,0,-1
1.709 sec,0,-1
1.71 sec,0,-1
1.711 sec,0,-1
1.712 sec,0,-1
1.713 sec,0,-1
1.714 sec,0,-1
1.715 sec,0,-1
1.716 sec,0,-1
1.717 sec,0,-1
1.718 sec,0,-1
1.719 sec,0,-1
1.72 sec,0,-1
1.721 sec,0,-1
1.722 sec,0,-1
1.723 sec,0,-1
1.724 sec,0,-1
1.725 sec,0,-1
1.726 sec,0,-1
1.727 sec,0,-1
1.728 sec,0,-1
1.729 sec,0,-1
1.73 sec,0,-1
1.731 sec,0,-1
1.732 sec,0,-1
1.733 sec,0,-1
1.734 sec,0,-1
1.735 sec,0,-1
1.736 sec,0,-1
1.737 sec,0,-1
1.738 sec,0,-1
1.739 sec,0,-1
1.74 sec,0,-1
1.741 sec,0,-1
1.742 sec,0,-1
1.743 sec,0,-1
1.744 sec,0,-1
1.745 sec,0,-1
1.746 sec,0,-1
1.747 sec,0,-1
1.748 sec,0,-1
1.749 sec,0,-1
1.75 sec,0,-1
1.751 sec,0,-1
1.752 sec,0,-1
1.753 sec,0,-1
1.754 sec,0,-1
1.755 sec,0,-1
1.756 sec,0,-1
1.757 sec,0,-1
1.758 sec,0,-1
1.759 sec,0,-1
1.76 sec,0,-1
1.761 sec,0,-1
1.762 sec,0,-1
1.763 sec,0,-1
1.764 sec,0,-1
1.765 sec,0,-1
1.766 sec,0,-1
1.767 sec,0,-1
1.768 sec,0,-1
1.769 sec,0,-1
1.77 sec,0,-1
1.771 sec,0,-1
1.772 sec,0,-1
1.773 sec,0,-1
1.774 sec,0,-1
1.775 sec,0,-1
1.776 sec,0,-1
1.777 sec,0,-1
1.778 sec,0,-1
1.779 sec,0,-1
1.78 sec,0,-1
1.781 sec,0,-1
1.782 sec,0,-1
1.783 sec,0,-1
1.784 sec,0,-1
1.785 sec,0,-1
1.786 sec,0,-1
1.787 sec,0,-1
1.788 sec,0,-1
1.789 sec,0,-1
1.79 sec,0,-1
1.791 sec,0,-1
1.792 sec,0,-1
1.793 sec,0,-1
1.794 sec,0,-1
1.795 sec,0,-1
1.796 sec,0,-1
1.797 sec,0,-1
1.798 sec,0,-1
1.799 sec,0,-1
1.8 sec,0,-1
1.801 sec,0,-1
1.802 sec,0,-1
1.803 sec,0,-1
1.804 sec,0,-1
1.805 sec,0,-1
1.806 sec,0,-1
1.807 sec,0,-1
1.808 sec,0,-1
1.809 sec,0,-1
1.81 sec,0,-1
1.811 sec,0,-1
1.812 sec,0,-1
1.813 sec,0,-1
1.814 sec,0,-1
1.815 sec,0,-1
1.816 sec,0,-1
1.817 sec,0,-1
1.818 sec,0,-1
1.819 sec,0,-1
1.82 sec,0,-1
1.821 sec,0,-1
1.822 sec,0,-1
1.823 sec,0,-1
1.824 sec,0,-1
1.825 sec,0,-1
1.826 sec,0,-1
1.827 sec,0,-1
1.828 sec,0,-1
1.829 sec,0,-1
1.83 sec,0,-1
1.831 sec,0,-1
1.832 sec,0,-1
1.833 sec,0,-1
1.834 sec,0,-1
1.835 sec,0,-1
1.836 sec,0,-1
1.837 sec,0,-1
1.838 sec,0,-1
1.839 sec,0,-1
1.84 sec,0,-1
1.841 sec,0,-1
1.842 sec,0,-1
1.843 sec,0,-1
1.844 sec,0,-1
1.845 sec,0,-1
1.846 sec,0,-1
1.847 sec,0,-1
1.848 sec,0,-1
1.849 sec,0,-1
1.85 sec,0,-1
1.851 sec,0,-1
1.852 sec,0,-1
1.853 sec,0,-1
1.854 sec,0,-1
1.855 sec,0,-1
1.856 sec,0,-1
1.857 sec,0,-1
1.858 sec,0,-1
1.859 sec,0,-1
1.86 sec,0,-1
1.861 sec,0,-1
1.862 sec,0,-1
1.863 sec,0,-1
1.864 sec,0,-1
1.865 sec,0,-1
1.866 sec,0,-1
1.867 sec,0,-1
1.868 sec,0,-1
1.869 sec,0,-1
1.87 sec,0,-1
1.871 sec,0,-1
1.872 sec,0,-1
1.873 sec,0,-1
1.874 sec,0,-1
1.875 sec,0,-1
1.876 sec,0,-1
1.877 sec,0,-1
1.878 sec,0,-1
1.879 sec,0,-1
1.88 sec,0,-1
1.881 sec,0,-1
1.882 sec,0,-1
1.883 sec,0,-1
1.884 sec,0,-1
1.885 sec,0,-1
1.886 sec,0,-1
1.887 sec,0,-1
1.888 sec,0,-1
1.889 sec,0,-1
1.89 sec,0,-1
1.891 sec,0,-1
1.892 sec,0,-1
1.893 sec,0,-1
1.894 sec,0,-1
1.895 sec,0,-1
1.896 sec,0,-1
1.897 sec,0,-1
1.898 sec,0,-1
1.899 sec,0,-1
1.9 sec,0,-1
1.901 sec,0,-1
1.902 sec,0,-1
1.903 sec,0,-1
1.904 sec,0,-1
1.905 sec,0,-1
1.906 sec,0,-1
1.907 sec,0,-1
1.908 sec,0,-1
1.909 sec,0,-1
1.91 sec,0,-1
1.911 sec,0,-1
1.912 sec,0,-1
1.913 sec,0,-1
1.914 sec,0,-1
1.915 sec,0,-1
1.916 sec,0,-1
1.917 sec,0,-1
1.918 sec,0,-1
1.919 sec,0,-1
1.92 sec,0,-1
1.921 sec,0,-1
1.922 sec,0,-1
1.923 sec,0,-1
1.924 sec,0,-1
1.925 sec,0,-1
1.926 sec,0,-1
1.927 sec,0,-1
1.928 sec,0,-1
1.929 sec,0,-1
1.93 sec,0,-1
1.931 sec,0,-1
1.932 sec,0,-1
1.933 sec,0,-1
1.934 sec,0,-1
1.935 sec,0,-1
1.936 sec,0,-1
1.937 sec,0,-1
1.938 sec,0,-1
1.939 sec,0,-1
1.94 sec,0,-1
1.941 sec,0,-1
1.942 sec,0,-1
1.943 sec,0,-1
1.944 sec,0,-1
1.945 sec,0,-1
1.946 sec,0,-1
1.947 sec,0,-1
1.948 sec,0,-1
1.949 sec,0,-1
1.95 sec,0,-1
1.951 sec,0,-1
1.952 sec,0,-1
1.953 sec,0,-1
1.954 sec,0,-1
1.955 sec,0,-1
1.956 sec,0,-1
1.957 sec,0,-1
1.958 sec,0,-1
1.959 sec,0,-1
1.96 sec,0,-1
1.961 sec,0,-1
1.962 sec,0,-1
1.963 sec,0,-1
1.964 sec,0,-1
1.965 sec,0,-1
1.966 sec,0,-1
1.967 sec,0,-1
1.968 sec,0,-1
1.969 sec,0,-1
1.97 sec,0,-1
1.971 sec,0,-1
1.972 sec,0,-1
1.973 sec,0,-1
1.974 sec,0,-1
1.975 sec,0,-1
1.976 sec,0,-1
1.977 sec,0,-1
1.978 sec,0,-1
1.979 sec,0,-1
1.98 sec,0,-1
1.981 sec,0,-1
1.982 sec,0,-1
1.983 sec,0,-1
1.984 sec,0,-1
1.985 sec,0,-1
1.986 sec,0,-1
1.987 sec,0,-1
1.988 sec,0,-1
1.989 sec,0,-1
1.99 sec,0,-1
1.991 sec,0,-1
1.992 sec,0,-1
1.993 sec,0,-1
1.994 sec,0,-1
1.995 sec,0,-1
1.996 sec,0,-1
1.997 sec,0,-1
1.998 sec,0,-1
1.999 sec,0,-1
2 sec,0,-1
2.001 sec,0,-1
2.002 sec,0,-1
2.003 sec,0,-1
2.004 sec,0,-1
2.005 sec,0,-1
2.006 sec,0,-1
2.007 sec,0,-1
2.008 sec,0,-1
2.009 sec,0,-1
2.01 sec,0,-1
2.011 sec,0,-1
2.012 sec,0,-1
2.013 sec,0,-1
2.014 sec,0,-1
2.015 sec,0,-1
2.016 sec,0,-1
2.017 sec,0,-1
2.018 sec,0,-1
2.019 sec,0,-1
2.02 sec,0,-1
2.021 sec,0,-1
2.022 sec,0,-1
2.023 sec,0,-1
2.024 sec,0,-1
2.025 sec,0,-1
2.026 sec,0,-1
2.027 sec,0,-1
2.028 sec,0,-1
2.029 sec,0,-1
2.03 sec,0,-1
2.031 sec,0,-1
2.032 sec,0,-1
2.033 sec,0,-1
2.034 sec,0,-1
2.035 sec,0,-1
2.036 sec,0,-1
2.037 sec,0,-1
2.038 sec,0,-1
2.039 sec,0,-1
2.04 sec,0,-1
2.041 sec,0,-1
2.042 sec,0,-1
2.043 sec,0,-1
2.044 sec,0,-1
2.045 sec,0,-1
2.046 sec,0,-1
2.047 sec,0,-1
2.048 sec,0,-1
2.049 sec,0,-1
2.05 sec,0,-1
2.051 sec,0,-1
2.052 sec,0,-1
2.053 sec,0,-1
2.054 sec,0,-1
2.055 sec,0,-1
2.056 sec,0,-1
2.057 sec,0,-1
2.058 sec,0,-1
2.059 sec,0,-1
2.06 sec,0,-1
2.061 sec,0,-1
2.062 sec,0,-1
2.063 sec,0,-1
2.064 sec,0,-1
2.065 sec,0,-1
2.066 sec,0,-1
2.067 sec,0,-1
2.068 sec,0,-1
2.069 sec,0,-1
2.07 sec,0,-1
2.071 sec,0,-1
2.072 sec,0,-1
2.073 sec,0,-1
2.074 sec,0,-1
2.075 sec,0,-1
2.076 sec,0,-1
2.077 sec,0,-1
2.078 sec,0,-1
2.079 sec,0,-1
2.08 sec,0,-1
2.081 sec,0,-1
2.082 sec,0,-1
2.083 sec,0,-1
2.084 sec,0,-1
2.085 sec,0,-1
2.086 sec,0,-1
2.087 sec,0,-1
2.088 sec,0,-1
2.089 sec,0,-1
2.09 sec,0,-1
2.091 sec,0,-1
2.092 sec,0,-1
2.093 sec,0,-1
2.094 sec,0,-1
2.095 sec,0,-1
2.096 sec,0,-1
2.097 sec,0,-1
2.098 sec,0,-1
2.099 sec,0,-1
2.1 sec,0,-1
2.101 sec,0,-1
2.102 sec,0,-1
2.103 sec,0,-1
2.104 sec,0,-1
2.105 sec,0,-1
2.106 sec,0,-1
2.107 sec,0,-1
2.108 sec,0,-1
2.109 sec,0,-1
2.11 sec,0,-1
2.111 sec,0,-1
2.112 sec,0,-1
2.113 sec,0,-1
2.114 sec,0,-1
2.115 sec,0,-1
2.116 sec,0,-1
2.117 sec,0,-1
2.118 sec,0,-1
2.119 sec,0,-1
2.12 sec,0,-1
2.121 sec,0,-1
2.122 sec,0,-1
2.123 sec,0,-1
2.124 sec,0,-1
2.125 sec,0,-1
2.126 sec,0,-1
2.127 sec,0,-1
2.128 sec,0,-1
2.129 sec,0,-1
2.13 sec,0,-1
2.131 sec,0,-1
2.132 sec,0,-1
2.133 sec,0,-1
2.134 sec,0,-1
2.135 sec,0,-1
2.136 sec,0,-1
2.137 sec,0,-1
2.138 sec,0,-1
2.139 sec,0,-1
2.14 sec,0,-1
2.141 sec,0,-1
2.142 sec,0,-1
2.143 sec,0,-1
2.144 sec,0,-1
2.145 sec,0,-1
2.146 sec,0,-1
2.147 sec,0,-1
2.148 sec,0,-1
2.149 sec,0,-1
2.15 sec,0,-1
2.151 sec,0,-1
2.152 sec,0,-1
2.153 sec,0,-1
2.154 sec,0,-1
2.155 sec,0,-1
2.156 sec,0,-1
2.157 sec,0,-1
2.158 sec,0,-1
2.159 sec,0,-1
2.16 sec,0,-1
2.161 sec,0,-1
2.162 sec,0,-1
2.163 sec,0,-1
2.164 sec,0,-1
2.165 sec,0,-1
2.166 sec,0,-1
2.167 sec,0,-1
2.168 sec,0,-1
2.169 sec,0,-1
2.17 sec,0,-1
2.171 sec,0,-1
2.172 sec,0,-1
2.173 sec,0,-1
2.174 sec,0,-1
2.175 sec,0,-1
2.176 sec,0,-1
2.177 sec,0,-1
2.178 sec,0,-1
2.179 sec,0,-1
2.18 sec,0,-1
2.181 sec,0,-1
2.182 sec,0,-1
2.183 sec,0,-1
2.184 sec,0,-1
2.185 sec,0,-1
2.186 sec,0,-1
2.187 sec,0,-1
2.188 sec,0,-1
2.189 sec,0,-1
2.19 sec,0,-1
2.191 sec,0,-1
2.192 sec,0,-1
2.193 sec,0,-1
2.194 sec,0,-1
2.195 sec,0,-1
2.196 sec,0,-1
2.197 sec,0,-1
2.198 sec,0,-1
2.199 sec,0,-1
2.2 sec,0,-1
2.201 sec,0,-1
2.202 sec,0,-1
2.203 sec,0,-1
2.204 sec,0,-1
2.205 sec,0,-1
2.206 sec,0,-1
2.207 sec,0,-1
2.208 sec,0,-1
2.209 sec,0,-1
2.21 sec,0,-1
2.211 sec,0,-1
2.212 sec,0,-1
2.213 sec,0,-1
2.214 sec,0,-1
2.215 sec,0,-1
2.216 sec,0,-1
2.217 sec,0,-1
2.218 sec,0,-1
2.219 sec,0,-1
2.22 sec,0,-1
2.221 sec,0,-1
2.222 sec,0,-1
2.223 sec,0,-1
2.224 sec,0,-1
2.225 sec,0,-1
2.226 sec,0,-1
2.227 sec,0,-1
2.228 sec,0,-1
2.229 sec,0,-1
2.23 sec,0,-1
2.231 sec,0,-1
2.232 sec,0,-1
2.233 sec,0,-1
2.234 sec,0,-1
2.235 sec,0,-1
2.236 sec,0,-1
2.237 sec,0,-1
2.238 sec,0,-1
2.239 sec,0,-1
2.24 sec,0,-1
2.241 sec,0,-1
2.242 sec,0,-1
2.243 sec,0,-1
2.244 sec,0,-1
2.245 sec,0,-1
2.246 sec,0,-1
2.247 sec,0,-1
2.248 sec,0,-1
2.249 sec,0,-1
2.25 sec,0,-1
2.251 sec,0,-1
2.252 sec,0,-1
2.253 sec,0,-1
2.254 sec,0,-1
2.255 sec,0,-1
2.256 sec,0,-1
2.257 sec,0,-1
2.258 sec,0,-1
2.259 sec,0,-1
2.26 sec,0,-1
2.261 sec,0,-1
2.262 sec,0,-1
2.263 sec,0,-1
2.264 sec,0,-1
2.265 sec,0,-1
2.266 sec,0,-1
2.267 sec,0,-1
2.268 sec,0,-1
2.269 sec,0,-1
2.27 sec,0,-1
2.271 sec,0,-1
2.272 sec,0,-1
2.273 sec,0,-1
2.274 sec,0,-1
2.275 sec,0,-1
2.276 sec,0,-1
2.277 sec,0,-1
2.278 sec,0,-1
2.279 sec,0,-1
2.28 sec,0,-1
2.281 sec,0,-1
2.282 sec,0,-1
2.283 sec,0,-1
2.284 sec,0,-1
2.285 sec,0,-1
2.286 sec,0,-1
2.287 sec,0,-1
2.288 sec,0,-1
2.289 sec,0,-1
2.29 sec,0,-1
2.291 sec,0,-1
2.292 sec,0,-1
2.293 sec,0,-1
2.294 sec,0,-1
2.295 sec,0,-1
2.296 sec,0,-1
2.297 sec,0,-1
2.298 sec,0,-1
2.299 sec,0,-1
2.3 sec,0,-1
2.301 sec,0,-1
2.302 sec,0,-1
2.303 sec,0,-1
2.304 sec,0,-1
2.305 sec,0,-1
2.306 sec,0,-1
2.307 sec,0,-1
2.308 sec,0,-1
2.309 sec,0,-1
2.31 sec,0,-1
2.311 sec,0,-1
2.312 sec,0,-1
2.313 sec,0,-1
2.314 sec,0,-1
2.315 sec,0,-1
2.316 sec,0,-1
2.317 sec,0,-1
2.318 sec,0,-1
2.319 sec,0,-1
2.32 sec,0,-1
2.321 sec,0,-1
2.322 sec,0,-1
2.323 sec,0,-1
2.324 sec,0,-1
2.325 sec,0,-1
2.326 sec,0,-1
2.327 sec,0,-1
2.328 sec,0,-1
2.329 sec,0,-1
2.33 sec,0,-1
2.331 sec,0,-1
2.332 sec,0,-1
2.333 sec,0,-1
2.334 sec,0,-1
2.335 sec,0,-1
2.336 sec,0,-1
2.337 sec,0,-1
2.338 sec,0,-1
2.339 sec,0,-1
2.34 sec,0,-1
2.341 sec,0,-1
2.342 sec,0,-1
2.343 sec,0,-1
2.344 sec,0,-1
2.345 sec,0,-1
2.346 sec,0,-1
2.347 sec,0,-1
2.348 sec,0,-1
2.349 sec,0,-1
2.35 sec,0,-1
2.351 sec,0,-1
2.352 sec,0,-1
2.353 sec,0,-1
2.354 sec,0,-1
2.355 sec,0,-1
2.356 sec,0,-1
2.357 sec,0,-1
2.358 sec,0,-1
2.359 sec,0,-1
2.36 sec,0,-1
2.361 sec,0,-1
2.362 sec,0,-1
2.363 sec,0,-1
2.364 sec,0,-1
2.365 sec,0,-1
2.366 sec,0,-1
2.367 sec,0,-1
2.368 sec,0,-1
2.369 sec,0,-1
2.37 sec,0,-1
2.371 sec,0,-1
2.372 sec,0,-1
2.373 sec,0,-1
2.374 sec,0,-1
2.375 sec,0,-1
2.376 sec,0,-1
2.377 sec,0,-1
2.378 sec,0,-1
2.379 sec,0,-1
2.38 sec,0,-1
2.381 sec,0,-1
2.382 sec,0,-1
2.383 sec,0,-1
2.384 sec,0,-1
2.385 sec,0,-1
2.386 sec,0,-1
2.387 sec,0,-1
2.388 sec,0,-1
2.389 sec,0,-1
2.39 sec,0,-1
2.391 sec,0,-1
2.392 sec,0,-1
2.393 sec,0,-1
2.394 sec,0,-1
2.395 sec,0,-1
2.396 sec,0,-1
2.397 sec,0,-1
2.398 sec,0,-1
2.399 sec,0,-1
2.4 sec,0,-1
2.401 sec,0,-1
2.402 sec,0,-1
2.403 sec,0,-1
2.404 sec,0,-1
2.405 sec,0,-1
2.406 sec,0,-1
2.407 sec,0,-1
2.408 sec,0,-1
2.409 sec,0,-1
2.41 sec,0,-1
2.411 sec,0,-1
2.412 sec,0,-1
2.413 sec,0,-1
2.414 sec,0,-1
2.415 sec,0,-1
2.416 sec,0,-1
2.417 sec,0,-1
2.418 sec,0,-1
2.419 sec,0,-1
2.42 sec,0,-1
2.421 sec,0,-1
2.422 sec,0,-1
2.423 sec,0,-1
2.424 sec,0,-1
2.425 sec,0,-1
2.426 sec,0,-1
2.427 sec,0,-1
2.428 sec,0,-1
2.429 sec,0,-1
2.43 sec,0,-1
2.431 sec,0,-1
2.432 sec,0,-1
2.433 sec,0,-1
2.434 sec,0,-1
2.435 sec,0,-1
2.436 sec,0,-1
2.437 sec,0,-1
2.438 sec,0,-1
2.439 sec,0,-1
2.44 sec,0,-1
2.441 sec,0,-1
2.442 sec,0,-1
2.443 sec,0,-1
2.444 sec,0,-1
2.445 sec,0,-1
2.446 sec,0,-1
2.447 sec,0,-1
2.448 sec,0,-1
2.449 sec,0,-1
2.45 sec,0,-1
2.451 sec,0,-1
2.452 sec,0,-1
2.453 sec,0,-1
2.454 sec,0,-1
2.455 sec,0,-1
2.456 sec,0,-1
2.457 sec,0,-1
2.458 sec,0,-1
2.459 sec,0,-1
2.46 sec,0,-1
2.461 sec,0,-1
2.462 sec,0,-1
2.463 sec,0,-1
2.464 sec,0,-1
2.465 sec,0,-1
2.466 sec,0,-1
2.467 sec,0,-1
2.468 sec,0,-1
2.469 sec,0,-1
2.47 sec,0,-1
2.471 sec,0,-1
2.472 sec,0,-1
2.473 sec,0,-1
2.474 sec,0,-1
2.475 sec,0,-1
2.476 sec,0,-1
2.477 sec,0,-1
2.478 sec,0,-1
2.479 sec,0,-1
2.48 sec,0,-1
2.481 sec,0,-1
2.482 sec,0,-1
2.483 sec,0,-1
2.484 sec,0,-1
2.485 sec,0,-1
2.486 sec,0,-1
2.487 sec,0,-1
2.488 sec,0,-1
2.489 sec,0,-1
2.49 sec,0,-1
2.491 sec,0,-1
2.492 sec,0,-1
2.493 sec,0,-1
2.494 sec,0,-1
2.495 sec,0,-1
2.496 sec,0,-1
2.497 sec,0,-1
2.498 sec,0,-1
2.499 sec,0,-1
2.5 sec,0,-1
2.501 sec,0,-1
2.502 sec,0,-1
2.503 sec,0,-1
2.504 sec,0,-1
2.505 sec,0,-1
2.506 sec,0,-1
2.507 sec,0,-1
2.508 sec,0,-1
2.509 sec,0,-1
2.51 sec,0,-1
2.511 sec,0,-1
2.512 sec,0,-1
2.513 sec,0,-1
2.514 sec,0,-1
2.515 sec,0,-1
2.516 sec,0,-1
2.517 sec,0,-1
2.518 sec,0,-1
2.519 sec,0,-1
2.52 sec,0,-1
2.521 sec,0,-1
2.522 sec,0,-1
2.523 sec,0,-1
2.524 sec,0,-1
2.525 sec,0,-1
2.526 sec,0,-1
2.527 sec,0,-1
2.528 sec,0,-1
2.529 sec,0,-1
2.53 sec,0,-1
2.531 sec,0,-1
2.532 sec,0,-1
2.533 sec,0,-1
2.534 sec,0,-1
2.535 sec,0,-1
2.536 sec,0,-1
2.537 sec,0,-1
2.538 sec,0,-1
2.539 sec,0,-1
2.54 sec,0,-1
2.541 sec,0,-1
2.542 sec,0,-1
2.543 sec,0,-1
2.544 sec,0,-1
2.545 sec,0,-1
2.546 sec,0,-1
2.547 sec,0,-1
2.548 sec,0,-1
2.549 sec,0,-1
2.55 sec,0,-1
2.551 sec,0,-1
2.552 sec,0,-1
2.553 sec,0,-1
2.554 sec,0,-1
2.555 sec,0,-1
2.556 sec,0,-1
2.557 sec,0,-1
2.558 sec,0,-1
2.559 sec,0,-1
2.56 sec,0,-1
2.561 sec,0,-1
2.562 sec,0,-1
2.563 sec,0,-1
2.564 sec,0,-1
2.565 sec,0,-1
2.566 sec,0,-1
2.567 sec,0,-1
2.568 sec,0,-1
2.569 sec,0,-1
2.57 sec,0,-1
2.571 sec,0,-1
2.572 sec,0,-1
2.573 sec,0,-1
2.574 sec,0,-1
2.575 sec,0,-1
2.576 sec,0,-1
2.577 sec,0,-1
2.578 sec,0,-1
2.579 sec,0,-1
2.58 sec,0,-1
2.581 sec,0,-1
2.582 sec,0,-1
2.583 sec,0,-1
2.584 sec,0,-1
2.585 sec,0,-1
2.586 sec,0,-1
2.587 sec,0,-1
2.588 sec,0,-1
2.589 sec,0,-1
2.59 sec,0,-1
2.591 sec,0,-1
2.592 sec,0,-1
2.593 sec,0,-1
2.594 sec,0,-1
2.595 sec,0,-1
2.596 sec,0,-1
2.597 sec,0,-1
2.598 sec,0,-1
2.599 sec,0,-1
2.6 sec,0,-1
2.601 sec,0,-1
2.602 sec,0,-1
2.603 sec,0,-1
2.604 sec,0,-1
2.605 sec,0,-1
2.606 sec,0,-1
2.607 sec,0,-1
2.608 sec,0,-1
2.609 sec,0,-1
2.61 sec,0,-1
2.611 sec,0,-1
2.612 sec,0,-1
2.613 sec,0,-1
2.614 sec,0,-1
2.615 sec,0,-1
2.616 sec,0,-1
2.617 sec,0,-1
2.618 sec,0,-1
2.619 sec,0,-1
2.62 sec,0,-1
2.621 sec,0,-1
2.622 sec,0,-1
2.623 sec,0,-1
2.624 sec,0,-1
2.625 sec,0,-1
2.626 sec,0,-1
2.627 sec,0,-1
2.628 sec,0,-1
2.629 sec,0,-1
2.63 sec,0,-1
2.631 sec,0,-1
2.632 sec,0,-1
2.633 sec,0,-1
2.634 sec,0,-1
2.635 sec,0,-1
2.636 sec,0,-1
2.637 sec,0,-1
2.638 sec,0,-1
2.639 sec,0,-1
2.64 sec,0,-1
2.641 sec,0,-1
2.642 sec,0,-1
2.643 sec,0,-1
2.644 sec,0,-1
2.645 sec,0,-1
2.646 sec,0,-1
2.647 sec,0,-1
2.648 sec,0,-1
2.649 sec,0,-1
2.65 sec,0,-1
2.651 sec,0,-1
2.652 sec,0,-1
2.653 sec,0,-1
2.654 sec,0,-1
2.655 sec,0,-1
2.656 sec,0,-1
2.657 sec,0,-1
2.658 sec,0,-1
2.659 sec,0,-1
2.66 sec,0,-1
2.661 sec,0,-1
2.662 sec,0,-1
2.663 sec,0,-1
2.664 sec,0,-1
2.665 sec,0,-1
2.666 sec,0,-1
2.667 sec,0,-1
2.668 sec,0,-1
2.669 sec,0,-1
2.67 sec,0,-1
2.671 sec,0,-1
2.672 sec,0,-1
2.673 sec,0,-1
2.674 sec,0,-1
2.675 sec,0,-1
2.676 sec,0,-1
2.677 sec,0,-1
2.678 sec,0,-1
2.679 sec,0,-1
2.68 sec,0,-1
2.681 sec,0,-1
2.682 sec,0,-1
2.683 sec,0,-1
2.684 sec,0,-1
2.685 sec,0,-1
2.686 sec,0,-1
2.687 sec,0,-1
2.688 sec,0,-1
2.689 sec,0,-1
2.69 sec,0,-1
2.691 sec,0,-1
2.692 sec,0,-1
2.693 sec,0,-1
2.694 sec,0,-1
2.695 sec,0,-1
2.696 sec,0,-1
2.697 sec,0,-1
2.698 sec,0,-1
2.699 sec,0,-1
2.7 sec,0,-1
2.701 sec,0,-1
2.702 sec,0,-1
2.703 sec,0,-1
2.704 sec,0,-1
2.705 sec,0,-1
2.706 sec,0,-1
2.707 sec,0,-1
2.708 sec,0,-1
2.709 sec,0,-1
2.71 sec,0,-1
2.711 sec,0,-1
2.712 sec,0,-1
2.713 sec,0,-1
2.714 sec,0,-1
2.715 sec,0,-1
2.716 sec,0,-1
2.717 sec,0,-1
2.718 sec,0,-1
2.719 sec,0,-1
2.72 sec,0,-1
2.721 sec,0,-1
2.722 sec,0,-1
2.723 sec,0,-1
2.724 sec,0,-1
2.725 sec,0,-1
2.726 sec,0,-1
2.727 sec,0,-1
2.728 sec,0,-1
2.729 sec,0,-1
2.73 sec,0,-1
2.731 sec,0,-1
2.732 sec,0,-1
2.733 sec,0,-1
2.734 sec,0,-1
2.735 sec,0,-1
2.736 sec,0,-1
2.737 sec,0,-1
2.738 sec,0,-1
2.739 sec,0,-1
2.74 sec,0,-1
2.741 sec,0,-1
2.742 sec,0,-1
2.743 sec,0,-1
2.744 sec,0,-1
2.745 sec,0,-1
2.746 sec,0,-1
2.747 sec,0,-1
2.748 sec,0,-1
2.749 sec,0,-1
2.75 sec,0,-1
2.751 sec,0,-1
2.752 sec,0,-1
2.753 sec,0,-1
2.754 sec,0,-1
2.755 sec,0,-1
2.756 sec,0,-1
2.757 sec,0,-1
2.758 sec,0,-1
2.759 sec,0,-1
2.76 sec,0,-1
2.761 sec,0,-1
2.762 sec,0,-1
2.763 sec,0,-1
2.764 sec,0,-1
2.765 sec,0,-1
2.766 sec,0,-1
2.767 sec,0,-1
2.768 sec,0,-1
2.769 sec,0,-1
2.77 sec,0,-1
2.771 sec,0,-1
2.772 sec,0,-1
2.773 sec,0,-1
2.774 sec,0,-1
2.775 sec,0,-1
2.776 sec,0,-1
2.777 sec,0,-1
2.778 sec,0,-1
2.779 sec,0,-1
2.78 sec,0,-1
2.781 sec,0,-1
2.782 sec,0,-1
2.783 sec,0,-1
2.784 sec,0,-1
2.785 sec,0,-1
2.786 sec,0,-1
2.787 sec,0,-1
2.788 sec,0,-1
2.789 sec,0,-1
2.79 sec,0,-1
2.791 sec,0,-1
2.792 sec,0,-1
2.793 sec,0,-1
2.794 sec,0,-1
2.795 sec,0,-1
2.796 sec,0,-1
2.797 sec,0,-1
2.798 sec,0,-1
2.799 sec,0,-1
2.8 sec,0,-1
2.801 sec,0,-1
2.802 sec,0,-1
2.803 sec,0,-1
2.804 sec,0,-1
2.805 sec,0,-1
2.806 sec,0,-1
2.807 sec,0,-1
2.808 sec,0,-1
2.809 sec,0,-1
2.81 sec,0,-1
2.811 sec,0,-1
2.812 sec,0,-1
2.813 sec,0,-1
2.814 sec,0,-1
2.815 sec,0,-1
2.816 sec,0,-1
2.817 sec,0,-1
2.818 sec,0,-1
2.819 sec,0,-1
2.82 sec,0,-1
2.821 sec,0,-1
2.822 sec,0,-1
2.823 sec,0,-1
2.824 sec,0,-1
2.825 sec,0,-1
2.826 sec,0,-1
2.827 sec,0,-1
2.828 sec,0,-1
2.829 sec,0,-1
2.83 sec,0,-1
2.831 sec,0,-1
2.832 sec,0,-1
2.833 sec,0,-1
2.834 sec,0,-1
2.835 sec,0,-1
2.836 sec,0,-1
2.837 sec,0,-1
2.838 sec,0,-1
2.839 sec,0,-1
2.84 sec,0,-1
2.841 sec,0,-1
2.842 sec,0,-1
2.843 sec,0,-1
2.844 sec,0,-1
2.845 sec,0,-1
2.846 sec,0,-1
2.847 sec,0,-1
2.848 sec,0,-1
2.849 sec,0,-1
2.85 sec,0,-1
2.851 sec,0,-1
2.852 sec,0,-1
2.853 sec,0,-1
2.854 sec,0,-1
2.855 sec,0,-1
2.856 sec,0,-1
2.857 sec,0,-1
2.858 sec,0,-1
2.859 sec,0,-1
2.86 sec,0,-1
2.861 sec,0,-1
2.862 sec,0,-1
2.863 sec,0,-1
2.864 sec,0,-1
2.865 sec,0,-1
2.866 sec,0,-1
2.867 sec,0,-1
2.868 sec,0,-1
2.869 sec,0,-1
2.87 sec,0,-1
2.871 sec,0,-1
2.872 sec,0,-1
2.873 sec,0,-1
2.874 sec,0,-1
2.875 sec,0,-1
2.876 sec,0,-1
2.877 sec,0,-1
2.878 sec,0,-1
2.879 sec,0,-1
2.88 sec,0,-1
2.881 sec,0,-1
2.882 sec,0,-1
2.883 sec,0,-1
2.884 sec,0,-1
2.885 sec,0,-1
2.886 sec,0,-1
2.887 sec,0,-1
2.888 sec,0,-1
2.889 sec,0,-1
2.89 sec,0,-1
2.891 sec,0,-1
2.892 sec,0,-1
2.893 sec,0,-1
2.894 sec,0,-1
2.895 sec,0,-1
2.896 sec,0,-1
2.897 sec,0,-1
2.898 sec,0,-1
2.899 sec,0,-1
2.9 sec,0,-1
2.901 sec,0,-1
2.902 sec,0,-1
2.903 sec,0,-1
2.904 sec,0,-1
2.905 sec,0,-1
2.906 sec,0,-1
2.907 sec,0,-1
2.908 sec,0,-1
2.909 sec,0,-1
2.91 sec,0,-1
2.911 sec,0,-1
2.912 sec,0,-1
2.913 sec,0,-1
2.914 sec,0,-1
2.915 sec,0,-1
2.916 sec,0,-1
2.917 sec,0,-1
2.918 sec,0,-1
2.919 sec,0,-1
2.92 sec,0,-1
2.921 sec,0,-1
2.922 sec,0,-1
2.923 sec,0,-1
2.924 sec,0,-1
2.925 sec,0,-1
2.926 sec,0,-1
2.927 sec,0,-1
2.928 sec,0,-1
2.929 sec,0,-1
2.93 sec,0,-1
2.931 sec,0,-1
2.932 sec,0,-1
2.933 sec,0,-1
2.934 sec,0,-1
2.935 sec,0,-1
2.936 sec,0,-1
2.937 sec,0,-1
2.938 sec,0,-1
2.939 sec,0,-1
2.94 sec,0,-1
2.941 sec,0,-1
2.942 sec,0,-1
2.943 sec,0,-1
2.944 sec,0,-1
2.945 sec,0,-1
2.946 sec,0,-1
2.947 sec,0,-1
2.948 sec,0,-1
2.949 sec,0,-1
2.95 sec,0,-1
2.951 sec,0,-1
2.952 sec,0,-1
2.953 sec,0,-1
2.954 sec,0,-1
2.955 sec,0,-1
2.956 sec,0,-1
2.957 sec,0,-1
2.958 sec,0,-1
2.959 sec,0,-1
2.96 sec,0,-1
2.961 sec,0,-1
2.962 sec,0,-1
2.963 sec,0,-1
2.964 sec,0,-1
2.965 sec,0,-1
2.966 sec,0,-1
2.967 sec,0,-1
2.968 sec,0,-1
2.969 sec,0,-1
2.97 sec,0,-1
2.971 sec,0,-1
2.972 sec,0,-1
2.973 sec,0,-1
2.974 sec,0,-1
2.975 sec,0,-1
2.976 sec,0,-1
2.977 sec,0,-1
2.978 sec,0,-1
2.979 sec,0,-1
2.98 sec,0,-1
2.981 sec,0,-1
2.982 sec,0,-1
2.983 sec,0,-1
2.984 sec,0,-1
2.985 sec,0,-1
2.986 sec,0,-1
2.987 sec,0,-1
2.988 sec,0,-1
2.989 sec,0,-1
2.99 sec,0,-1
2.991 sec,0,-1
2.992 sec,0,-1
2.993 sec,0,-1
2.994 sec,0,-1
2.995 sec,0,-1
2.996 sec,0,-1
2.997 sec,0,-1
2.998 sec,0,-1
2.999 sec,0,-1
3 sec,0,-1
3.001 sec,0,-1
3.002 sec,0,-1
3.003 sec,0,-1
3.004 sec,0,-1
3.005 sec,0,-1
3.006 sec,0,-1
3.007 sec,0,-1
3.008 sec,0,-1
3.009 sec,0,-1
3.01 sec,0,-1
3.011 sec,0,-1
3.012 sec,0,-1
3.013 sec,0,-1
3.014 sec,0,-1
3.015 sec,0,-1
3.016 sec,0,-1
3.017 sec,0,-1
3.018 sec,0,-1
3.019 sec,0,-1
3.02 sec,0,-1
3.021 sec,0,-1
3.022 sec,0,-1
3.023 sec,0,-1
3.024 sec,0,-1
3.025 sec,0,-1
3.026 sec,0,-1
3.027 sec,0,-1
3.028 sec,0,-1
3.029 sec,0,-1
3.03 sec,0,-1
3.031 sec,0,-1
3.032 sec,0,-1
3.033 sec,0,-1
3.034 sec,0,-1
3.035 sec,0,-1
3.036 sec,0,-1
3.037 sec,0,-1
3.038 sec,0,-1
3.039 sec,0,-1
3.04 sec,0,-1
3.041 sec,0,-1
3.042 sec,0,-1
3.043 sec,0,-1
3.044 sec,0,-1
3.045 sec,0,-1
3.046 sec,0,-1
3.047 sec,0,-1
3.048 sec,0,-1
3.049 sec,0,-1
3.05 sec,0,-1
3.051 sec,0,-1
3.052 sec,0,-1
3.053 sec,0,-1
3.054 sec,0,-1
3.055 sec,0,-1
3.056 sec,0,-1
3.057 sec,0,-1
3.058 sec,0,-1
3.059 sec,0,-1
3.06 sec,0,-1
3.061 sec,0,-1
3.062 sec,0,-1
3.063 sec,0,-1
3.064 sec,0,-1
3.065 sec,0,-1
3.066 sec,0,-1
3.067 sec,0,-1
3.068 sec,0,-1
3.069 sec,0,-1
3.07 sec,0,-1
3.071 sec,0,-1
3.072 sec,0,-1
3.073 sec,0,-1
3.074 sec,0,-1
3.075 sec,0,-1
3.076 sec,0,-1
3.077 sec,0,-1
3.078 sec,0,-1
3.079 sec,0,-1
3.08 sec,0,-1
3.081 sec,0,-1
3.082 sec,0,-1
3.083 sec,0,-1
3.084 sec,0,-1
3.085 sec,0,-1
3.086 sec,0,-1
3.087 sec,0,-1
3.088 sec,0,-1
3.089 sec,0,-1
3.09 sec,0,-1
3.091 sec,0,-1
3.092 sec,0,-1
3.093 sec,0,-1
3.094 sec,0,-1
3.095 sec,0,-1
3.096 sec,0,-1
3.097 sec,0,-1
3.098 sec,0,-1
3.099 sec,0,-1
3.1 sec,0,-1
3.101 sec,0,-1
3.102 sec,0,-1
3.103 sec,0,-1
3.104 sec,0,-1
3.105 sec,0,-1
3.106 sec,0,-1
3.107 sec,0,-1
3.108 sec,0,-1
3.109 sec,0,-1
3.11 sec,0,-1
3.111 sec,0,-1
3.112 sec,0,-1
3.113 sec,0,-1
3.114 sec,0,-1
3.115 sec,0,-1
3.116 sec,0,-1
3.117 sec,0,-1
3.118 sec,0,-1
3.119 sec,0,-1
3.12 sec,0,-1
3.121 sec,0,-1
3.122 sec,0,-1
3.123 sec,0,-1
3.124 sec,0,-1
3.125 sec,0,-1
3.126 sec,0,-1
3.127 sec,0,-1
3.128 sec,0,-1
3.129 sec,0,-1
3.13 sec,0,-1
3.131 sec,0,-1
3.132 sec,0,-1
3.133 sec,0,-1
3.134 sec,0,-1
3.135 sec,0,-1
3.136 sec,0,-1
3.137 sec,0,-1
3.138 sec,0,-1
3.139 sec,0,-1
3.14 sec,0,-1
3.141 sec,0,-1
3.142 sec,0,-1
3.143 sec,0,-1
3.144 sec,0,-1
3.145 sec,0,-1
3.146 sec,0,-1
3.147 sec,0,-1
3.148 sec,0,-1
3.149 sec,0,-1
3.15 sec,0,-1
3.151 sec,0,-1
3.152 sec,0,-1
3.153 sec,0,-1
3.154 sec,0,-1
3.155 sec,0,-1
3.156 sec,0,-1
3.157 sec,0,-1
3.158 sec,0,-1
3.159 sec,0,-1
3.16 sec,0,-1
3.161 sec,0,-1
3.162 sec,0,-1
3.163 sec,0,-1
3.164 sec,0,-1
3.165 sec,0,-1
3.166 sec,0,-1
3.167 sec,0,-1
3.168 sec,0,-1
3.169 sec,0,-1
3.17 sec,0,-1
3.171 sec,0,-1
3.172 sec,0,-1
3.173 sec,0,-1
3.174 sec,0,-1
3.175 sec,0,-1
3.176 sec,0,-1
3.177 sec,0,-1
3.178 sec,0,-1
3.179 sec,0,-1
3.18 sec,0,-1
3.181 sec,0,-1
3.182 sec,0,-1
3.183 sec,0,-1
3.184 sec,0,-1
3.185 sec,0,-1
3.186 sec,0,-1
3.187 sec,0,-1
3.188 sec,0,-1
3.189 sec,0,-1
3.19 sec,0,-1
3.191 sec,0,-1
3.192 sec,0,-1
3.193 sec,0,-1
3.194 sec,0,-1
3.195 sec,0,-1
3.196 sec,0,-1
3.197 sec,0,-1
3.198 sec,0,-1
3.199 sec,0,-1
3.2 sec,0,-1
3.201 sec,0,-1
3.202 sec,0,-1
3.203 sec,0,-1
3.204 sec,0,-1
3.205 sec,0,-1
3.206 sec,0,-1
3.207 sec,0,-1
3.208 sec,0,-1
3.209 sec,0,-1
3.21 sec,0,-1
3.211 sec,0,-1
3.212 sec,0,-1
3.213 sec,0,-1
3.214 sec,0,-1
3.215 sec,0,-1
3.216 sec,0,-1
3.217 sec,0,-1
3.218 sec,0,-1
3.219 sec,0,-1
3.22 sec,0,-1
3.221 sec,0,-1
3.222 sec,0,-1
3.223 sec,0,-1
3.224 sec,0,-1
3.225 sec,0,-1
3.226 sec,0,-1
3.227 sec,0,-1
3.228 sec,0,-1
3.229 sec,0,-1
3.23 sec,0,-1
3.231 sec,0,-1
3.232 sec,0,-1
3.233 sec,0,-1
3.234 sec,0,-1
3.235 sec,0,-1
3.236 sec,0,-1
3.237 sec,0,-1
3.238 sec,0,-1
3.239 sec,0,-1
3.24 sec,0,-1
3.241 sec,0,-1
3.242 sec,0,-1
3.243 sec,0,-1
3.244 sec,0,-1
3.245 sec,0,-1
3.246 sec,0,-1
3.247 sec,0,-1
3.248 sec,0,-1
3.249 sec,0,-1
3.25 sec,0,-1
3.251 sec,0,-1
3.252 sec,0,-1
3.253 sec,0,-1
3.254 sec,0,-1
3.255 sec,0,-1
3.256 sec,0,-1
3.257 sec,0,-1
3.258 sec,0,-1
3.259 sec,0,-1
3.26 sec,0,-1
3.261 sec,0,-1
3.262 sec,0,-1
3.263 sec,0,-1
3.264 sec,0,-1
3.265 sec,0,-1
3.266 sec,0,-1
3.267 sec,0,-1
3.268 sec,0,-1
3.269 sec,0,-1
3.27 sec,0,-1
3.271 sec,0,-1
3.272 sec,0,-1
3.273 sec,0,-1
3.274 sec,0,-1
3.275 sec,0,-1
3.276 sec,0,-1
3.277 sec,0,-1
3.278 sec,0,-1
3.279 sec,0,-1
3.28 sec,0,-1
3.281 sec,0,-1
3.282 sec,0,-1
3.283 sec,0,-1
3.284 sec,0,-1
3.285 sec,0,-1
3.286 sec,0,-1
3.287 sec,0,-1
3.288 sec,0,-1
3.289 sec,0,-1
3.29 sec,0,-1
3.291 sec,0,-1
3.292 sec,0,-1
3.293 sec,0,-1
3.294 sec,0,-1
3.295 sec,0,-1
3.296 sec,0,-1
3.297 sec,0,-1
3.298 sec,0,-1
3.299 sec,0,-1
3.3 sec,0,-1
3.301 sec,0,-1
3.302 sec,0,-1
3.303 sec,0,-1
3.304 sec,0,-1
3.305 sec,0,-1
3.306 sec,0,-1
3.307 sec,0,-1
3.308 sec,0,-1
3.309 sec,0,-1
3.31 sec,0,-1
3.311 sec,0,-1
3.312 sec,0,-1
3.313 sec,0,-1
3.314 sec,0,-1
3.315 sec,0,-1
3.316 sec,0,-1
3.317 sec,0,-1
3.318 sec,0,-1
3.319 sec,0,-1
3.32 sec,0,-1
3.321 sec,0,-1
3.322 sec,0,-1
3.323 sec,0,-1
3.324 sec,0,-1
3.325 sec,0,-1
3.326 sec,0,-1
3.327 sec,0,-1
3.328 sec,0,-1
3.329 sec,0,-1
3.33 sec,0,-1
3.331 sec,0,-1
3.332 sec,0,-1
3.333 sec,0,-1
3.334 sec,0,-1
3.335 sec,0,-1
3.336 sec,0,-1
3.337 sec,0,-1
3.338 sec,0,-1
3.339 sec,0,-1
3.34 sec,0,-1
3.341 sec,0,-1
3.342 sec,0,-1
3.343 sec,0,-1
3.344 sec,0,-1
3.345 sec,0,-1
3.346 sec,0,-1
3.347 sec,0,-1
3.348 sec,0,-1
3.349 sec,0,-1
3.35 sec,0,-1
3.351 sec,0,-1
3.352 sec,0,-1
3.353 sec,0,-1
3.354 sec,0,-1
3.355 sec,0,-1
3.356 sec,0,-1
3.357 sec,0,-1
3.358 sec,0,-1
3.359 sec,0,-1
3.36 sec,0,-1
3.361 sec,0,-1
3.362 sec,0,-1
3.363 sec,0,-1
3.364 sec,0,-1
3.365 sec,0,-1
3.366 sec,0,-1
3.367 sec,0,-1
3.368 sec,0,-1
3.369 sec,0,-1
3.37 sec,0,-1
3.371 sec,0,-1
3.372 sec,0,-1
3.373 sec,0,-1
3.374 sec,0,-1
3.375 sec,0,-1
3.376 sec,0,-1
3.377 sec,0,-1
3.378 sec,0,-1
3.379 sec,0,-1
3.38 sec,0,-1
3.381 sec,0,-1
3.382 sec,0,-1
3.383 sec,0,-1
3.384 sec,0,-1
3.385 sec,0,-1
3.386 sec,0,-1
3.387 sec,0,-1
3.388 sec,0,-1
3.389 sec,0,-1
3.39 sec,0,-1
3.391 sec,0,-1
3.392 sec,0,-1
3.393 sec,0,-1
3.394 sec,0,-1
3.395 sec,0,-1
3.396 sec,0,-1
3.397 sec,0,-1
3.398 sec,0,-1
3.399 sec,0,-1
3.4 sec,0,-1
3.401 sec,0,-1
3.402 sec,0,-1
3.403 sec,0,-1
3.404 sec,0,-1
3.405 sec,0,-1
3.406 sec,0,-1
3.407 sec,0,-1
3.408 sec,0,-1
3.409 sec,0,-1
3.41 sec,0,-1
3.411 sec,0,-1
3.412 sec,0,-1
3.413 sec,0,-1
3.414 sec,0,-1
3.415 sec,0,-1
3.416 sec,0,-1
3.417 sec,0,-1
3.418 sec,0,-1
3.419 sec,0,-1
3.42 sec,0,-1
3.421 sec,0,-1
3.422 sec,0,-1
3.423 sec,0,-1
3.424 sec,0,-1
3.425 sec,0,-1
3.426 sec,0,-1
3.427 sec,0,-1
3.428 sec,0,-1
3.429 sec,0,-1
3.43 sec,0,-1
3.431 sec,0,-1
3.432 sec,0,-1
3.433 sec,0,-1
3.434 sec,0,-1
3.435 sec,0,-1
3.436 sec,0,-1
3.437 sec,0,-1
3.438 sec,0,-1
3.439 sec,0,-1
3.44 sec,0,-1
3.441 sec,0,-1
3.442 sec,0,-1
3.443 sec,0,-1
3.444 sec,0,-1
3.445 sec,0,-1
3.446 sec,0,-1
3.447 sec,0,-1
3.448 sec,0,-1
3.449 sec,0,-1
3.45 sec,0,-1
3.451 sec,0,-1
3.452 sec,0,-1
3.453 sec,0,-1
3.454 sec,0,-1
3.455 sec,0,-1
3.456 sec,0,-1
3.457 sec,0,-1
3.458 sec,0,-1
3.459 sec,0,-1
3.46 sec,0,-1
3.461 sec,0,-1
3.462 sec,0,-1
3.463 sec,0,-1
3.464 sec,0,-1
3.465 sec,0,-1
3.466 sec,0,-1
3.467 sec,0,-1
3.468 sec,0,-1
3.469 sec,0,-1
3.47 sec,0,-1
3.471 sec,0,-1
3.472 sec,0,-1
3.473 sec,0,-1
3.474 sec,0,-1
3.475 sec,0,-1
3.476 sec,0,-1
3.477 sec,0,-1
3.478 sec,0,-1
3.479 sec,0,-1
3.48 sec,0,-1
3.481 sec,0,-1
3.482 sec,0,-1
3.483 sec,0,-1
3.484 sec,0,-1
3.485 sec,0,-1
3.486 sec,0,-1
3.487 sec,0,-1
3.488 sec,0,-1
3.489 sec,0,-1
3.49 sec,0,-1
3.491 sec,0,-1
3.492 sec,0,-1
3.493 sec,0,-1
3.494 sec,0,-1
3.495 sec,0,-1
3.496 sec,0,-1
3.497 sec,0,-1
3.498 sec,0,-1
3.499 sec,0,-1
3.5 sec,0,-1
3.501 sec,0,-1
3.502 sec,0,-1
3.503 sec,0,-1
3.504 sec,0,-1
3.505 sec,0,-1
3.506 sec,0,-1
3.507 sec,0,-1
3.508 sec,0,-1
3.509 sec,0,-1
3.51 sec,0,-1
3.511 sec,0,-1
3.512 sec,0,-1
3.513 sec,0,-1
3.514 sec,0,-1
3.515 sec,0,-1
3.516 sec,0,-1
3.517 sec,0,-1
3.518 sec,0,-1
3.519 sec,0,-1
3.52 sec,0,-1
3.521 sec,0,-1
3.522 sec,0,-1
3.523 sec,0,-1
3.524 sec,0,-1
3.525 sec,0,-1
3.526 sec,0,-1
3.527 sec,0,-1
3.528 sec,0,-1
3.529 sec,0,-1
3.53 sec,0,-1
3.531 sec,0,-1
3.532 sec,0,-1
3.533 sec,0,-1
3.534 sec,0,-1
3.535 sec,0,-1
3.536 sec,0,-1
3.537 sec,0,-1
3.538 sec,0,-1
3.539 sec,0,-1
3.54 sec,0,-1
3.541 sec,0,-1
3.542 sec,0,-1
3.543 sec,0,-1
3.544 sec,0,-1
3.545 sec,0,-1
3.546 sec,0,-1
3.547 sec,0,-1
3.548 sec,0,-1
3.549 sec,0,-1
3.55 sec,0,-1
3.551 sec,0,-1
3.552 sec,0,-1
3.553 sec,0,-1
3.554 sec,0,-1
3.555 sec,0,-1
3.556 sec,0,-1
3.557 sec,0,-1
3.558 sec,0,-1
3.559 sec,0,-1
3.56 sec,0,-1
3.561 sec,0,-1
3.562 sec,0,-1
3.563 sec,0,-1
3.564 sec,0,-1
3.565 sec,0,-1
3.566 sec,0,-1
3.567 sec,0,-1
3.568 sec,0,-1
3.569 sec,0,-1
3.57 sec,0,-1
3.571 sec,0,-1
3.572 sec,0,-1
3.573 sec,0,-1
3.574 sec,0,-1
3.575 sec,0,-1
3.576 sec,0,-1
3.577 sec,0,-1
3.578 sec,0,-1
3.579 sec,0,-1
3.58 sec,0,-1
3.581 sec,0,-1
3.582 sec,0,-1
3.583 sec,0,-1
3.584 sec,0,-1
3.585 sec,0,-1
3.586 sec,0,-1
3.587 sec,0,-1
3.588 sec,0,-1
3.589 sec,0,-1
3.59 sec,0,-1
3.591 sec,0,-1
3.592 sec,0,-1
3.593 sec,0,-1
3.594 sec,0,-1
3.595 sec,0,-1
3.596 sec,0,-1
3.597 sec,0,-1
3.598 sec,0,-1
3.599 sec,0,-1
3.6 sec,0,-1
3.601 sec,0,-1
3.602 sec,0,-1
3.603 sec,0,-1
3.604 sec,0,-1
3.605 sec,0,-1
3.606 sec,0,-1
3.607 sec,0,-1
3.608 sec,0,-1
3.609 sec,0,-1
3.61 sec,0,-1
3.611 sec,0,-1
3.612 sec,0,-1
3.613 sec,0,-1
3.614 sec,0,-1
3.615 sec,0,-1
3.616 sec,0,-1
3.617 sec,0,-1
3.618 sec,0,-1
3.619 sec,0,-1
3.62 sec,0,-1
3.621 sec,0,-1
3.622 sec,0,-1
3.623 sec,0,-1
3.624 sec,0,-1
3.625 sec,0,-1
3.626 sec,0,-1
3.627 sec,0,-1
3.628 sec,0,-1
3.629 sec,0,-1
3.63 sec,0,-1
3.631 sec,0,-1
3.632 sec,0,-1
3.633 sec,0,-1
3.634 sec,0,-1
3.635 sec,0,-1
3.636 sec,0,-1
3.637 sec,0,-1
3.638 sec,0,-1
3.639 sec,0,-1
3.64 sec,0,-1
3.641 sec,0,-1
3.642 sec,0,-1
3.643 sec,0,-1
3.644 sec,0,-1
3.645 sec,0,-1
3.646 sec,0,-1
3.647 sec,0,-1
3.648 sec,0,-1
3.649 sec,0,-1
3.65 sec,0,-1
3.651 sec,0,-1
3.652 sec,0,-1
3.653 sec,0,-1
3.654 sec,0,-1
3.655 sec,0,-1
3.656 sec,0,-1
3.657 sec,0,-1
3.658 sec,0,-1
3.659 sec,0,-1
3.66 sec,0,-1
3.661 sec,0,-1
3.662 sec,0,-1
3.663 sec,0,-1
3.664 sec,0,-1
3.665 sec,0,-1
3.666 sec,0,-1
3.667 sec,0,-1
3.668 sec,0,-1
3.669 sec,0,-1
3.67 sec,0,-1
3.671 sec,0,-1
3.672 sec,0,-1
3.673 sec,0,-1
3.674 sec,0,-1
3.675 sec,0,-1
3.676 sec,0,-1
3.677 sec,0,-1
3.678 sec,0,-1
3.679 sec,0,-1
3.68 sec,0,-1
3.681 sec,0,-1
3.682 sec,0,-1
3.683 sec,0,-1
3.684 sec,0,-1
3.685 sec,0,-1
3.686 sec,0,-1
3.687 sec,0,-1
3.688 sec,0,-1
3.689 sec,0,-1
3.69 sec,0,-1
3.691 sec,0,-1
3.692 sec,0,-1
3.693 sec,0,-1
3.694 sec,0,-1
3.695 sec,0,-1
3.696 sec,0,-1
3.697 sec,0,-1
3.698 sec,0,-1
3.699 sec,0,-1
3.7 sec,0,-1
3.701 sec,0,-1
3.702 sec,0,-1
3.703 sec,0,-1
3.704 sec,0,-1
3.705 sec,0,-1
3.706 sec,0,-1
3.707 sec,0,-1
3.708 sec,0,-1
3.709 sec,0,-1
3.71 sec,0,-1
3.711 sec,0,-1
3.712 sec,0,-1
3.713 sec,0,-1
3.714 sec,0,-1
3.715 sec,0,-1
3.716 sec,0,-1
3.717 sec,0,-1
3.718 sec,0,-1
3.719 sec,0,-1
3.72 sec,0,-1
3.721 sec,0,-1
3.722 sec,0,-1
3.723 sec,0,-1
3.724 sec,0,-1
3.725 sec,0,-1
3.726 sec,0,-1
3.727 sec,0,-1
3.728 sec,0,-1
3.729 sec,0,-1
3.73 sec,0,-1
3.731 sec,0,-1
3.732 sec,0,-1
3.733 sec,0,-1
3.734 sec,0,-1
3.735 sec,0,-1
3.736 sec,0,-1
3.737 sec,0,-1
3.738 sec,0,-1
3.739 sec,0,-1
3.74 sec,0,-1
3.741 sec,0,-1
3.742 sec,0,-1
3.743 sec,0,-1
3.744 sec,0,-1
3.745 sec,0,-1
3.746 sec,0,-1
3.747 sec,0,-1
3.748 sec,0,-1
3.749 sec,0,-1
3.75 sec,0,-1
3.751 sec,0,-1
3.752 sec,0,-1
3.753 sec,0,-1
3.754 sec,0,-1
3.755 sec,0,-1
3.756 sec,0,-1
3.757 sec,0,-1
3.758 sec,0,-1
3.759 sec,0,-1
3.76 sec,0,-1
3.761 sec,0,-1
3.762 sec,0,-1
3.763 sec,0,-1
3.764 sec,0,-1
3.765 sec,0,-1
3.766 sec,0,-1
3.767 sec,0,-1
3.768 sec,0,-1
3.769 sec,0,-1
3.77 sec,0,-1
3.771 sec,0,-1
3.772 sec,0,-1
3.773 sec,0,-1
3.774 sec,0,-1
3.775 sec,0,-1
3.776 sec,0,-1
3.777 sec,0,-1
3.778 sec,0,-1
3.779 sec,0,-1
3.78 sec,0,-1
3.781 sec,0,-1
3.782 sec,0,-1
3.783 sec,0,-1
3.784 sec,0,-1
3.785 sec,0,-1
3.786 sec,0,-1
3.787 sec,0,-1
3.788 sec,0,-1
3.789 sec,0,-1
3.79 sec,0,-1
3.791 sec,0,-1
3.792 sec,0,-1
3.793 sec,0,-1
3.794 sec,0,-1
3.795 sec,0,-1
3.796 sec,0,-1
3.797 sec,0,-1
3.798 sec,0,-1
3.799 sec,0,-1
3.8 sec,0,-1
3.801 sec,0,-1
3.802 sec,0,-1
3.803 sec,0,-1
3.804 sec,0,-1
3.805 sec,0,-1
3.806 sec,0,-1
3.807 sec,0,-1
3.808 sec,0,-1
3.809 sec,0,-1
3.81 sec,0,-1
3.811 sec,0,-1
3.812 sec,0,-1
3.813 sec,0,-1
3.814 sec,0,-1
3.815 sec,0,-1
3.816 sec,0,-1
3.817 sec,0,-1
3.818 sec,0,-1
3.819 sec,0,-1
3.82 sec,0,-1
3.821 sec,0,-1
3.822 sec,0,-1
3.823 sec,0,-1
3.824 sec,0,-1
3.825 sec,0,-1
3.826 sec,0,-1
3.827 sec,0,-1
3.828 sec,0,-1
3.829 sec,0,-1
3.83 sec,0,-1
3.831 sec,0,-1
3.832 sec,0,-1
3.833 sec,0,-1
3.834 sec,0,-1
3.835 sec,0,-1
3.836 sec,0,-1
3.837 sec,0,-1
3.838 sec,0,-1
3.839 sec,0,-1
3.84 sec,0,-1
3.841 sec,0,-1
3.842 sec,0,-1
3.843 sec,0,-1
3.844 sec,0,-1
3.845 sec,0,-1
3.846 sec,0,-1
3.847 sec,0,-1
3.848 sec,0,-1
3.849 sec,0,-1
3.85 sec,0,-1
3.851 sec,0,-1
3.852 sec,0,-1
3.853 sec,0,-1
3.854 sec,0,-1
3.855 sec,0,-1
3.856 sec,0,-1
3.857 sec,0,-1
3.858 sec,0,-1
3.859 sec,0,-1
3.86 sec,0,-1
3.861 sec,0,-1
3.862 sec,0,-1
3.863 sec,0,-1
3.864 sec,0,-1
3.865 sec,0,-1
3.866 sec,0,-1
3.867 sec,0,-1
3.868 sec,0,-1
3.869 sec,0,-1
3.87 sec,0,-1
3.871 sec,0,-1
3.872 sec,0,-1
3.873 sec,0,-1
3.874 sec,0,-1
3.875 sec,0,-1
3.876 sec,0,-1
3.877 sec,0,-1
3.878 sec,0,-1
3.879 sec,0,-1
3.88 sec,0,-1
3.881 sec,0,-1
3.882 sec,0,-1
3.883 sec,0,-1
3.884 sec,0,-1
3.885 sec,0,-1
3.886 sec,0,-1
3.887 sec,0,-1
3.888 sec,0,-1
3.889 sec,0,-1
3.89 sec,0,-1
3.891 sec,0,-1
3.892 sec,0,-1
3.893 sec,0,-1
3.894 sec,0,-1
3.895 sec,0,-1
3.896 sec,0,-1
3.897 sec,0,-1
3.898 sec,0,-1
3.899 sec,0,-1
3.9 sec,0,-1
3.901 sec,0,-1
3.902 sec,0,-1
3.903 sec,0,-1
3.904 sec,0,-1
3.905 sec,0,-1
3.906 sec,0,-1
3.907 sec,0,-1
3.908 sec,0,-1
3.909 sec,0,-1
3.91 sec,0,-1
3.911 sec,0,-1
3.912 sec,0,-1
3.913 sec,0,-1
3.914 sec,0,-1
3.915 sec,0,-1
3.916 sec,0,-1
3.917 sec,0,-1
3.918 sec,0,-1
3.919 sec,0,-1
3.92 sec,0,-1
3.921 sec,0,-1
3.922 sec,0,-1
3.923 sec,0,-1
3.924 sec,0,-1
3.925 sec,0,-1
3.926 sec,0,-1
3.927 sec,0,-1
3.928 sec,0,-1
3.929 sec,0,-1
3.93 sec,0,-1
3.931 sec,0,-1
3.932 sec,0,-1
3.933 sec,0,-1
3.934 sec,0,-1
3.935 sec,0,-1
3.936 sec,0,-1
3.937 sec,0,-1
3.938 sec,0,-1
3.939 sec,0,-1
3.94 sec,0,-1
3.941 sec,0,-1
3.942 sec,0,-1
3.943 sec,0,-1
3.944 sec,0,-1
3.945 sec,0,-1
3.946 sec,0,-1
3.947 sec,0,-1
3.948 sec,0,-1
3.949 sec,0,-1
3.95 sec,0,-1
3.951 sec,0,-1
3.952 sec,0,-1
3.953 sec,0,-1
3.954 sec,0,-1
3.955 sec,0,-1
3.956 sec,0,-1
3.957 sec,0,-1
3.958 sec,0,-1
3.959 sec,0,-1
3.96 sec,0,-1
3.961 sec,0,-1
3.962 sec,0,-1
3.963 sec,0,-1
3.964 sec,0,-1
3.965 sec,0,-1
3.966 sec,0,-1
3.967 sec,0,-1
3.968 sec,0,-1
3.969 sec,0,-1
3.97 sec,0,-1
3.971 sec,0,-1
3.972 sec,0,-1
3.973 sec,0,-1
3.974 sec,0,-1
3.975 sec,0,-1
3.976 sec,0,-1
3.977 sec,0,-1
3.978 sec,0,-1
3.979 sec,0,-1
3.98 sec,0,-1
3.981 sec,0,-1
3.982 sec,0,-1
3.983 sec,0,-1
3.984 sec,0,-1
3.985 sec,0,-1
3.986 sec,0,-1
3.987 sec,0,-1
3.988 sec,0,-1
3.989 sec,0,-1
3.99 sec,0,-1
3.991 sec,0,-1
3.992 sec,0,-1
3.993 sec,0,-1
3.994 sec,0,-1
3.995 sec,0,-1
3.996 sec,0,-1
3.997 sec,0,-1
3.998 sec,0,-1
3.999 sec,0,-1
4 sec,0,-1
4.001 sec,0,-1
4.002 sec,0,-1
4.003 sec,0,-1
4.004 sec,0,-1
4.005 sec,0,-1
4.006 sec,0,-1
4.007 sec,0,-1
4.008 sec,0,-1
4.009 sec,0,-1
4.01 sec,0,-1
4.011 sec,0,-1
4.012 sec,0,-1
4.013 sec,0,-1
4.014 sec,0,-1
4.015 sec,0,-1
4.016 sec,0,-1
4.017 sec,0,-1
4.018 sec,0,-1
4.019 sec,0,-1
4.02 sec,0,-1
4.021 sec,0,-1
4.022 sec,0,-1
4.023 sec,0,-1
4.024 sec,0,-1
4.025 sec,0,-1
4.026 sec,0,-1
4.027 sec,0,-1
4.028 sec,0,-1
4.029 sec,0,-1
4.03 sec,0,-1
4.031 sec,0,-1
4.032 sec,0,-1
4.033 sec,0,-1
4.034 sec,0,-1
4.035 sec,0,-1
4.036 sec,0,-1
4.037 sec,0,-1
4.038 sec,0,-1
4.039 sec,0,-1
4.04 sec,0,-1
4.041 sec,0,-1
4.042 sec,0,-1
4.043 sec,0,-1
4.044 sec,0,-1
4.045 sec,0,-1
4.046 sec,0,-1
4.047 sec,0,-1
4.048 sec,0,-1
4.049 sec,0,-1
4.05 sec,0,-1
4.051 sec,0,-1
4.052 sec,0,-1
4.053 sec,0,-1
4.054 sec,0,-1
4.055 sec,0,-1
4.056 sec,0,-1
4.057 sec,0,-1
4.058 sec,0,-1
4.059 sec,0,-1
4.06 sec,0,-1
4.061 sec,0,-1
4.062 sec,0,-1
4.063 sec,0,-1
4.064 sec,0,-1
4.065 sec,0,-1
4.066 sec,0,-1
4.067 sec,0,-1
4.068 sec,0,-1
4.069 sec,0,-1
4.07 sec,0,-1
4.071 sec,0,-1
4.072 sec,0,-1
4.073 sec,0,-1
4.074 sec,0,-1
4.075 sec,0,-1
4.076 sec,0,-1
4.077 sec,0,-1
4.078 sec,0,-1
4.079 sec,0,-1
4.08 sec,0,-1
4.081 sec,0,-1
4.082 sec,0,-1
4.083 sec,0,-1
4.084 sec,0,-1
4.085 sec,0,-1
4.086 sec,0,-1
4.087 sec,0,-1
4.088 sec,0,-1
4.089 sec,0,-1
4.09 sec,0,-1
4.091 sec,0,-1
4.092 sec,0,-1
4.093 sec,0,-1
4.094 sec,0,-1
4.095 sec,0,-1
4.096 sec,0,-1
4.097 sec,0,-1
4.098 sec,0,-1
4.099 sec,0,-1
4.1 sec,0,-1
4.101 sec,0,-1
4.102 sec,0,-1
4.103 sec,0,-1
4.104 sec,0,-1
4.105 sec,0,-1
4.106 sec,0,-1
4.107 sec,0,-1
4.108 sec,0,-1
4.109 sec,0,-1
4.11 sec,0,-1
4.111 sec,0,-1
4.112 sec,0,-1
4.113 sec,0,-1
4.114 sec,0,-1
4.115 sec,0,-1
4.116 sec,0,-1
4.117 sec,0,-1
4.118 sec,0,-1
4.119 sec,0,-1
4.12 sec,0,-1
4.121 sec,0,-1
4.122 sec,0,-1
4.123 sec,0,-1
4.124 sec,0,-1
4.125 sec,0,-1
4.126 sec,0,-1
4.127 sec,0,-1
4.128 sec,0,-1
4.129 sec,0,-1
4.13 sec,0,-1
4.131 sec,0,-1
4.132 sec,0,-1
4.133 sec,0,-1
4.134 sec,0,-1
4.135 sec,0,-1
4.136 sec,0,-1
4.137 sec,0,-1
4.138 sec,0,-1
4.139 sec,0,-1
4.14 sec,0,-1
4.141 sec,0,-1
4.142 sec,0,-1
4.143 sec,0,-1
4.144 sec,0,-1
4.145 sec,0,-1
4.146 sec,0,-1
4.147 sec,0,-1
4.148 sec,0,-1
4.149 sec,0,-1
4.15 sec,0,-1
4.151 sec,0,-1
4.152 sec,0,-1
4.153 sec,0,-1
4.154 sec,0,-1
4.155 sec,0,-1
4.156 sec,0,-1
4.157 sec,0,-1
4.158 sec,0,-1
4.159 sec,0,-1
4.16 sec,0,-1
4.161 sec,0,-1
4.162 sec,0,-1
4.163 sec,0,-1
4.164 sec,0,-1
4.165 sec,0,-1
4.166 sec,0,-1
4.167 sec,0,-1
4.168 sec,0,-1
4.169 sec,0,-1
4.17 sec,0,-1
4.171 sec,0,-1
4.172 sec,0,-1
4.173 sec,0,-1
4.174 sec,0,-1
4.175 sec,0,-1
4.176 sec,0,-1
4.177 sec,0,-1
4.178 sec,0,-1
4.179 sec,0,-1
4.18 sec,0,-1
4.181 sec,0,-1
4.182 sec,0,-1
4.183 sec,0,-1
4.184 sec,0,-1
4.185 sec,0,-1
4.186 sec,0,-1
4.187 sec,0,-1
4.188 sec,0,-1
4.189 sec,0,-1
4.19 sec,0,-1
4.191 sec,0,-1
4.192 sec,0,-1
4.193 sec,0,-1
4.194 sec,0,-1
4.195 sec,0,-1
4.196 sec,0,-1
4.197 sec,0,-1
4.198 sec,0,-1
4.199 sec,0,-1
4.2 sec,0,-1
4.201 sec,0,-1
4.202 sec,0,-1
4.203 sec,0,-1
4.204 sec,0,-1
4.205 sec,0,-1
4.206 sec,0,-1
4.207 sec,0,-1
4.208 sec,0,-1
4.209 sec,0,-1
4.21 sec,0,-1
4.211 sec,0,-1
4.212 sec,0,-1
4.213 sec,0,-1
4.214 sec,0,-1
4.215 sec,0,-1
4.216 sec,0,-1
4.217 sec,0,-1
4.218 sec,0,-1
4.219 sec,0,-1
4.22 sec,0,-1
4.221 sec,0,-1
4.222 sec,0,-1
4.223 sec,0,-1
4.224 sec,0,-1
4.225 sec,0,-1
4.226 sec,0,-1
4.227 sec,0,-1
4.228 sec,0,-1
4.229 sec,0,-1
4.23 sec,0,-1
4.231 sec,0,-1
4.232 sec,0,-1
4.233 sec,0,-1
4.234 sec,0,-1
4.235 sec,0,-1
4.236 sec,0,-1
4.237 sec,0,-1
4.238 sec,0,-1
4.239 sec,0,-1
4.24 sec,0,-1
4.241 sec,0,-1
4.242 sec,0,-1
4.243 sec,0,-1
4.244 sec,0,-1
4.245 sec,0,-1
4.246 sec,0,-1
4.247 sec,0,-1
4.248 sec,0,-1
4.249 sec,0,-1
4.25 sec,0,-1
4.251 sec,0,-1
4.252 sec,0,-1
4.253 sec,0,-1
4.254 sec,0,-1
4.255 sec,0,-1
4.256 sec,0,-1
4.257 sec,0,-1
4.258 sec,0,-1
4.259 sec,0,-1
4.26 sec,0,-1
4.261 sec,0,-1
4.262 sec,0,-1
4.263 sec,0,-1
4.264 sec,0,-1
4.265 sec,0,-1
4.266 sec,0,-1
4.267 sec,0,-1
4.268 sec,0,-1
4.269 sec,0,-1
4.27 sec,0,-1
4.271 sec,0,-1
4.272 sec,0,-1
4.273 sec,0,-1
4.274 sec,0,-1
4.275 sec,0,-1
4.276 sec,0,-1
4.277 sec,0,-1
4.278 sec,0,-1
4.279 sec,0,-1
4.28 sec,0,-1
4.281 sec,0,-1
4.282 sec,0,-1
4.283 sec,0,-1
4.284 sec,0,-1
4.285 sec,0,-1
4.286 sec,0,-1
4.287 sec,0,-1
4.288 sec,0,-1
4.289 sec,0,-1
4.29 sec,0,-1
4.291 sec,0,-1
4.292 sec,0,-1
4.293 sec,0,-1
4.294 sec,0,-1
4.295 sec,0,-1
4.296 sec,0,-1
4.297 sec,0,-1
4.298 sec,0,-1
4.299 sec,0,-1
4.3 sec,0,-1
4.301 sec,0,-1
4.302 sec,0,-1
4.303 sec,0,-1
4.304 sec,0,-1
4.305 sec,0,-1
4.306 sec,0,-1
4.307 sec,0,-1
4.308 sec,0,-1
4.309 sec,0,-1
4.31 sec,0,-1
4.311 sec,0,-1
4.312 sec,0,-1
4.313 sec,0,-1
4.314 sec,0,-1
4.315 sec,0,-1
4.316 sec,0,-1
4.317 sec,0,-1
4.318 sec,0,-1
4.319 sec,0,-1
4.32 sec,0,-1
4.321 sec,0,-1
4.322 sec,0,-1
4.323 sec,0,-1
4.324 sec,0,-1
4.325 sec,0,-1
4.326 sec,0,-1
4.327 sec,0,-1
4.328 sec,0,-1
4.329 sec,0,-1
4.33 sec,0,-1
4.331 sec,0,-1
4.332 sec,0,-1
4.333 sec,0,-1
4.334 sec,0,-1
4.335 sec,0,-1
4.336 sec,0,-1
4.337 sec,0,-1
4.338 sec,0,-1
4.339 sec,0,-1
4.34 sec,0,-1
4.341 sec,0,-1
4.342 sec,0,-1
4.343 sec,0,-1
4.344 sec,0,-1
4.345 sec,0,-1
4.346 sec,0,-1
4.347 sec,0,-1
4.348 sec,0,-1
4.349 sec,0,-1
4.35 sec,0,-1
4.351 sec,0,-1
4.352 sec,0,-1
4.353 sec,0,-1
4.354 sec,0,-1
4.355 sec,0,-1
4.356 sec,0,-1
4.357 sec,0,-1
4.358 sec,0,-1
4.359 sec,0,-1
4.36 sec,0,-1
4.361 sec,0,-1
4.362 sec,0,-1
4.363 sec,0,-1
4.364 sec,0,-1
4.365 sec,0,-1
4.366 sec,0,-1
4.367 sec,0,-1
4.368 sec,0,-1
4.369 sec,0,-1
4.37 sec,0,-1
4.371 sec,0,-1
4.372 sec,0,-1
4.373 sec,0,-1
4.374 sec,0,-1
4.375 sec,0,-1
4.376 sec,0,-1
4.377 sec,0,-1
4.378 sec,0,-1
4.379 sec,0,-1
4.38 sec,0,-1
4.381 sec,0,-1
4.382 sec,0,-1
4.383 sec,0,-1
4.384 sec,0,-1
4.385 sec,0,-1
4.386 sec,0,-1
4.387 sec,0,-1
4.388 sec,0,-1
4.389 sec,0,-1
4.39 sec,0,-1
4.391 sec,0,-1
4.392 sec,0,-1
4.393 sec,0,-1
4.394 sec,0,-1
4.395 sec,0,-1
4.396 sec,0,-1
4.397 sec,0,-1
4.398 sec,0,-1
4.399 sec,0,-1
4.4 sec,0,-1
4.401 sec,0,-1
4.402 sec,0,-1
4.403 sec,0,-1
4.404 sec,0,-1
4.405 sec,0,-1
4.406 sec,0,-1
4.407 sec,0,-1
4.408 sec,0,-1
4.409 sec,0,-1
4.41 sec,0,-1
4.411 sec,0,-1
4.412 sec,0,-1
4.413 sec,0,-1
4.414 sec,0,-1
4.415 sec,0,-1
4.416 sec,0,-1
4.417 sec,0,-1
4.418 sec,0,-1
4.419 sec,0,-1
4.42 sec,0,-1
4.421 sec,0,-1
4.422 sec,0,-1
4.423 sec,0,-1
4.424 sec,0,-1
4.425 sec,0,-1
4.426 sec,0,-1
4.427 sec,0,-1
4.428 sec,0,-1
4.429 sec,0,-1
4.43 sec,0,-1
4.431 sec,0,-1
4.432 sec,0,-1
4.433 sec,0,-1
4.434 sec,0,-1
4.435 sec,0,-1
4.436 sec,0,-1
4.437 sec,0,-1
4.438 sec,0,-1
4.439 sec,0,-1
4.44 sec,0,-1
4.441 sec,0,-1
4.442 sec,0,-1
4.443 sec,0,-1
4.444 sec,0,-1
4.445 sec,0,-1
4.446 sec,0,-1
4.447 sec,0,-1
4.448 sec,0,-1
4.449 sec,0,-1
4.45 sec,0,-1
4.451 sec,0,-1
4.452 sec,0,-1
4.453 sec,0,-1
4.454 sec,0,-1
4.455 sec,0,-1
4.456 sec,0,-1
4.457 sec,0,-1
4.458 sec,0,-1
4.459 sec,0,-1
4.46 sec,0,-1
4.461 sec,0,-1
4.462 sec,0,-1
4.463 sec,0,-1
4.464 sec,0,-1
4.465 sec,0,-1
4.466 sec,0,-1
4.467 sec,0,-1
4.468 sec,0,-1
4.469 sec,0,-1
4.47 sec,0,-1
4.471 sec,0,-1
4.472 sec,0,-1
4.473 sec,0,-1
4.474 sec,0,-1
4.475 sec,0,-1
4.476 sec,0,-1
4.477 sec,0,-1
4.478 sec,0,-1
4.479 sec,0,-1
4.48 sec,0,-1
4.481 sec,0,-1
4.482 sec,0,-1
4.483 sec,0,-1
4.484 sec,0,-1
4.485 sec,0,-1
4.486 sec,0,-1
4.487 sec,0,-1
4.488 sec,0,-1
4.489 sec,0,-1
4.49 sec,0,-1
4.491 sec,0,-1
4.492 sec,0,-1
4.493 sec,0,-1
4.494 sec,0,-1
4.495 sec,0,-1
4.496 sec,0,-1
4.497 sec,0,-1
4.498 sec,0,-1
4.499 sec,0,-1
4.5 sec,0,-1
4.501 sec,0,-1
4.502 sec,0,-1
4.503 sec,0,-1
4.504 sec,0,-1
4.505 sec,0,-1
4.506 sec,0,-1
4.507 sec,0,-1
4.508 sec,0,-1
4.509 sec,0,-1
4.51 sec,0,-1
4.511 sec,0,-1
4.512 sec,0,-1
4.513 sec,0,-1
4.514 sec,0,-1
4.515 sec,0,-1
4.516 sec,0,-1
4.517 sec,0,-1
4.518 sec,0,-1
4.519 sec,0,-1
4.52 sec,0,-1
4.521 sec,0,-1
4.522 sec,0,-1
4.523 sec,0,-1
4.524 sec,0,-1
4.525 sec,0,-1
4.526 sec,0,-1
4.527 sec,0,-1
4.528 sec,0,-1
4.529 sec,0,-1
4.53 sec,0,-1
4.531 sec,0,-1
4.532 sec,0,-1
4.533 sec,0,-1
4.534 sec,0,-1
4.535 sec,0,-1
4.536 sec,0,-1
4.537 sec,0,-1
4.538 sec,0,-1
4.539 sec,0,-1
4.54 sec,0,-1
4.541 sec,0,-1
4.542 sec,0,-1
4.543 sec,0,-1
4.544 sec,0,-1
4.545 sec,0,-1
4.546 sec,0,-1
4.547 sec,0,-1
4.548 sec,0,-1
4.549 sec,0,-1
4.55 sec,0,-1
4.551 sec,0,-1
4.552 sec,0,-1
4.553 sec,0,-1
4.554 sec,0,-1
4.555 sec,0,-1
4.556 sec,0,-1
4.557 sec,0,-1
4.558 sec,0,-1
4.559 sec,0,-1
4.56 sec,0,-1
4.561 sec,0,-1
4.562 sec,0,-1
4.563 sec,0,-1
4.564 sec,0,-1
4.565 sec,0,-1
4.566 sec,0,-1
4.567 sec,0,-1
4.568 sec,0,-1
4.569 sec,0,-1
4.57 sec,0,-1
4.571 sec,0,-1
4.572 sec,0,-1
4.573 sec,0,-1
4.574 sec,0,-1
4.575 sec,0,-1
4.576 sec,0,-1
4.577 sec,0,-1
4.578 sec,0,-1
4.579 sec,0,-1
4.58 sec,0,-1
4.581 sec,0,-1
4.582 sec,0,-1
4.583 sec,0,-1
4.584 sec,0,-1
4.585 sec,0,-1
4.586 sec,0,-1
4.587 sec,0,-1
4.588 sec,0,-1
4.589 sec,0,-1
4.59 sec,0,-1
4.591 sec,0,-1
4.592 sec,0,-1
4.593 sec,0,-1
4.594 sec,0,-1
4.595 sec,0,-1
4.596 sec,0,-1
4.597 sec,0,-1
4.598 sec,0,-1
4.599 sec,0,-1
4.6 sec,0,-1
4.601 sec,0,-1
4.602 sec,0,-1
4.603 sec,0,-1
4.604 sec,0,-1
4.605 sec,0,-1
4.606 sec,0,-1
4.607 sec,0,-1
4.608 sec,0,-1
4.609 sec,0,-1
4.61 sec,0,-1
4.611 sec,0,-1
4.612 sec,0,-1
4.613 sec,0,-1
4.614 sec,0,-1
4.615 sec,0,-1
4.616 sec,0,-1
4.617 sec,0,-1
4.618 sec,0,-1
4.619 sec,0,-1
4.62 sec,0,-1
4.621 sec,0,-1
4.622 sec,0,-1
4.623 sec,0,-1
4.624 sec,0,-1
4.625 sec,0,-1
4.626 sec,0,-1
4.627 sec,0,-1
4.628 sec,0,-1
4.629 sec,0,-1
4.63 sec,0,-1
4.631 sec,0,-1
4.632 sec,0,-1
4.633 sec,0,-1
4.634 sec,0,-1
4.635 sec,0,-1
4.636 sec,0,-1
4.637 sec,0,-1
4.638 sec,0,-1
4.639 sec,0,-1
4.64 sec,0,-1
4.641 sec,0,-1
4.642 sec,0,-1
4.643 sec,0,-1
4.644 sec,0,-1
4.645 sec,0,-1
4.646 sec,0,-1
4.647 sec,0,-1
4.648 sec,0,-1
4.649 sec,0,-1
4.65 sec,0,-1
4.651 sec,0,-1
4.652 sec,0,-1
4.653 sec,0,-1
4.654 sec,0,-1
4.655 sec,0,-1
4.656 sec,0,-1
4.657 sec,0,-1
4.658 sec,0,-1
4.659 sec,0,-1
4.66 sec,0,-1
4.661 sec,0,-1
4.662 sec,0,-1
4.663 sec,0,-1
4.664 sec,0,-1
4.665 sec,0,-1
4.666 sec,0,-1
4.667 sec,0,-1
4.668 sec,0,-1
4.669 sec,0,-1
4.67 sec,0,-1
4.671 sec,0,-1
4.672 sec,0,-1
4.673 sec,0,-1
4.674 sec,0,-1
4.675 sec,0,-1
4.676 sec,0,-1
4.677 sec,0,-1
4.678 sec,0,-1
4.679 sec,0,-1
4.68 sec,0,-1
4.681 sec,0,-1
4.682 sec,0,-1
4.683 sec,0,-1
4.684 sec,0,-1
4.685 sec,0,-1
4.686 sec,0,-1
4.687 sec,0,-1
4.688 sec,0,-1
4.689 sec,0,-1
4.69 sec,0,-1
4.691 sec,0,-1
4.692 sec,0,-1
4.693 sec,0,-1
4.694 sec,0,-1
4.695 sec,0,-1
4.696 sec,0,-1
4.697 sec,0,-1
4.698 sec,0,-1
4.699 sec,0,-1
4.7 sec,0,-1
4.701 sec,0,-1
4.702 sec,0,-1
4.703 sec,0,-1
4.704 sec,0,-1
4.705 sec,0,-1
4.706 sec,0,-1
4.707 sec,0,-1
4.708 sec,0,-1
4.709 sec,0,-1
4.71 sec,0,-1
4.711 sec,0,-1
4.712 sec,0,-1
4.713 sec,0,-1
4.714 sec,0,-1
4.715 sec,0,-1
4.716 sec,0,-1
4.717 sec,0,-1
4.718 sec,0,-1
4.719 sec,0,-1
4.72 sec,0,-1
4.721 sec,0,-1
4.722 sec,0,-1
4.723 sec,0,-1
4.724 sec,0,-1
4.725 sec,0,-1
4.726 sec,0,-1
4.727 sec,0,-1
4.728 sec,0,-1
4.729 sec,0,-1
4.73 sec,0,-1
4.731 sec,0,-1
4.732 sec,0,-1
4.733 sec,0,-1
4.734 sec,0,-1
4.735 sec,0,-1
4.736 sec,0,-1
4.737 sec,0,-1
4.738 sec,0,-1
4.739 sec,0,-1
4.74 sec,0,-1
4.741 sec,0,-1
4.742 sec,0,-1
4.743 sec,0,-1
4.744 sec,0,-1
4.745 sec,0,-1
4.746 sec,0,-1
4.747 sec,0,-1
4.748 sec,0,-1
4.749 sec,0,-1
4.75 sec,0,-1
4.751 sec,0,-1
4.752 sec,0,-1
4.753 sec,0,-1
4.754 sec,0,-1
4.755 sec,0,-1
4.756 sec,0,-1
4.757 sec,0,-1
4.758 sec,0,-1
4.759 sec,0,-1
4.76 sec,0,-1
4.761 sec,0,-1
4.762 sec,0,-1
4.763 sec,0,-1
4.764 sec,0,-1
4.765 sec,0,-1
4.766 sec,0,-1
4.767 sec,0,-1
4.768 sec,0,-1
4.769 sec,0,-1
4.77 sec,0,-1
4.771 sec,0,-1
4.772 sec,0,-1
4.773 sec,0,-1
4.774 sec,0,-1
4.775 sec,0,-1
4.776 sec,0,-1
4.777 sec,0,-1
4.778 sec,0,-1
4.779 sec,0,-1
4.78 sec,0,-1
4.781 sec,0,-1
4.782 sec,0,-1
4.783 sec,0,-1
4.784 sec,0,-1
4.785 sec,0,-1
4.786 sec,0,-1
4.787 sec,0,-1
4.788 sec,0,-1
4.789 sec,0,-1
4.79 sec,0,-1
4.791 sec,0,-1
4.792 sec,0,-1
4.793 sec,0,-1
4.794 sec,0,-1
4.795 sec,0,-1
4.796 sec,0,-1
4.797 sec,0,-1
4.798 sec,0,-1
4.799 sec,0,-1
4.8 sec,0,-1
4.801 sec,0,-1
4.802 sec,0,-1
4.803 sec,0,-1
4.804 sec,0,-1
4.805 sec,0,-1
4.806 sec,0,-1
4.807 sec,0,-1
4.808 sec,0,-1
4.809 sec,0,-1
4.81 sec,0,-1
4.811 sec,0,-1
4.812 sec,0,-1
4.813 sec,0,-1
4.814 sec,0,-1
4.815 sec,0,-1
4.816 sec,0,-1
4.817 sec,0,-1
4.818 sec,0,-1
4.819 sec,0,-1
4.82 sec,0,-1
4.821 sec,0,-1
4.822 sec,0,-1
4.823 sec,0,-1
4.824 sec,0,-1
4.825 sec,0,-1
4.826 sec,0,-1
4.827 sec,0,-1
4.828 sec,0,-1
4.829 sec,0,-1
4.83 sec,0,-1
4.831 sec,0,-1
4.832 sec,0,-1
4.833 sec,0,-1
4.834 sec,0,-1
4.835 sec,0,-1
4.836 sec,0,-1
4.837 sec,0,-1
4.838 sec,0,-1
4.839 sec,0,-1
4.84 sec,0,-1
4.841 sec,0,-1
4.842 sec,0,-1
4.843 sec,0,-1
4.844 sec,0,-1
4.845 sec,0,-1
4.846 sec,0,-1
4.847 sec,0,-1
4.848 sec,0,-1
4.849 sec,0,-1
4.85 sec,0,-1
4.851 sec,0,-1
4.852 sec,0,-1
4.853 sec,0,-1
4.854 sec,0,-1
4.855 sec,0,-1
4.856 sec,0,-1
4.857 sec,0,-1
4.858 sec,0,-1
4.859 sec,0,-1
4.86 sec,0,-1
4.861 sec,0,-1
4.862 sec,0,-1
4.863 sec,0,-1
4.864 sec,0,-1
4.865 sec,0,-1
4.866 sec,0,-1
4.867 sec,0,-1
4.868 sec,0,-1
4.869 sec,0,-1
4.87 sec,0,-1
4.871 sec,0,-1
4.872 sec,0,-1
4.873 sec,0,-1
4.874 sec,0,-1
4.875 sec,0,-1
4.876 sec,0,-1
4.877 sec,0,-1
4.878 sec,0,-1
4.879 sec,0,-1
4.88 sec,0,-1
4.881 sec,0,-1
4.882 sec,0,-1
4.883 sec,0,-1
4.884 sec,0,-1
4.885 sec,0,-1
4.886 sec,0,-1
4.887 sec,0,-1
4.888 sec,0,-1
4.889 sec,0,-1
4.89 sec,0,-1
4.891 sec,0,-1
4.892 sec,0,-1
4.893 sec,0,-1
4.894 sec,0,-1
4.895 sec,0,-1
4.896 sec,0,-1
4.897 sec,0,-1
4.898 sec,0,-1
4.899 sec,0,-1
4.9 sec,0,-1
4.901 sec,0,-1
4.902 sec,0,-1
4.903 sec,0,-1
4.904 sec,0,-1
4.905 sec,0,-1
4.906 sec,0,-1
4.907 sec,0,-1
4.908 sec,0,-1
4.909 sec,0,-1
4.91 sec,0,-1
4.911 sec,0,-1
4.912 sec,0,-1
4.913 sec,0,-1
4.914 sec,0,-1
4.915 sec,0,-1
4.916 sec,0,-1
4.917 sec,0,-1
4.918 sec,0,-1
4.919 sec,0,-1
4.92 sec,0,-1
4.921 sec,0,-1
4.922 sec,0,-1
4.923 sec,0,-1
4.924 sec,0,-1
4.925 sec,0,-1
4.926 sec,0,-1
4.927 sec,0,-1
4.928 sec,0,-1
4.929 sec,0,-1
4.93 sec,0,-1
4.931 sec,0,-1
4.932 sec,0,-1
4.933 sec,0,-1
4.934 sec,0,-1
4.935 sec,0,-1
4.936 sec,0,-1
4.937 sec,0,-1
4.938 sec,0,-1
4.939 sec,0,-1
4.94 sec,0,-1
4.941 sec,0,-1
4.942 sec,0,-1
4.943 sec,0,-1
4.944 sec,0,-1
4.945 sec,0,-1
4.946 sec,0,-1
4.947 sec,0,-1
4.948 sec,0,-1
4.949 sec,0,-1
4.95 sec,0,-1
4.951 sec,0,-1
4.952 sec,0,-1
4.953 sec,0,-1
4.954 sec,0,-1
4.955 sec,0,-1
4.956 sec,0,-1
4.957 sec,0,-1
4.958 sec,0,-1
4.959 sec,0,-1
4.96 sec,0,-1
4.961 sec,0,-1
4.962 sec,0,-1
4.963 sec,0,-1
4.964 sec,0,-1
4.965 sec,0,-1
4.966 sec,0,-1
4.967 sec,0,-1
4.968 sec,0,-1
4.969 sec,0,-1
4.97 sec,0,-1
4.971 sec,0,-1
4.972 sec,0,-1
4.973 sec,0,-1
4.974 sec,0,-1
4.975 sec,0,-1
4.976 sec,0,-1
4.977 sec,0,-1
4.978 sec,0,-1
4.979 sec,0,-1
4.98 sec,0,-1
4.981 sec,0,-1
4.982 sec,0,-1
4.983 sec,0,-1
4.984 sec,0,-1
4.985 sec,0,-1
4.986 sec,0,-1
4.987 sec,0,-1
4.988 sec,0,-1
4.989 sec,0,-1
4.99 sec,0,-1
4.991 sec,0,-1
4.992 sec,0,-1
4.993 sec,0,-1
4.994 sec,0,-1
4.995 sec,0,-1
4.996 sec,0,-1
4.997 sec,0,-1
4.998 sec,0,-1
4.999 sec,0,-1
5 sec,0,-1
5.001 sec,0,-1
5.002 sec,0,-1
5.003 sec,0,-1
5.004 sec,0,-1
5.005 sec,0,-1
5.006 sec,0,-1
5.007 sec,0,-1
5.008 sec,0,-1
5.009 sec,0,-1
5.01 sec,0,-1
5.011 sec,0,-1
5.012 sec,0,-1
5.013 sec,0,-1
5.014 sec,0,-1
5.015 sec,0,-1
5.016 sec,0,-1
5.017 sec,0,-1
5.018 sec,0,-1
5.019 sec,0,-1
5.02 sec,0,-1
5.021 sec,0,-1
5.022 sec,0,-1
5.023 sec,0,-1
5.024 sec,0,-1
5.025 sec,0,-1
5.026 sec,0,-1
5.027 sec,0,-1
5.028 sec,0,-1
5.029 sec,0,-1
5.03 sec,0,-1
5.031 sec,0,-1
5.032 sec,0,-1
5.033 sec,0,-1
5.034 sec,0,-1
5.035 sec,0,-1
5.036 sec,0,-1
5.037 sec,0,-1
5.038 sec,0,-1
5.039 sec,0,-1
5.04 sec,0,-1
5.041 sec,0,-1
5.042 sec,0,-1
5.043 sec,0,-1
5.044 sec,0,-1
5.045 sec,0,-1
5.046 sec,0,-1
5.047 sec,0,-1
5.048 sec,0,-1
5.049 sec,0,-1
5.05 sec,0,-1
5.051 sec,0,-1
5.052 sec,0,-1
5.053 sec,0,-1
5.054 sec,0,-1
5.055 sec,0,-1
5.056 sec,0,-1
5.057 sec,0,-1
5.058 sec,0,-1
5.059 sec,0,-1
5.06 sec,0,-1
5.061 sec,0,-1
5.062 sec,0,-1
5.063 sec,0,-1
5.064 sec,0,-1
5.065 sec,0,-1
5.066 sec,0,-1
5.067 sec,0,-1
5.068 sec,0,-1
5.069 sec,0,-1
5.07 sec,0,-1
5.071 sec,0,-1
5.072 sec,0,-1
5.073 sec,0,-1
5.074 sec,0,-1
5.075 sec,0,-1
5.076 sec,0,-1
5.077 sec,0,-1
5.078 sec,0,-1
5.079 sec,0,-1
5.08 sec,0,-1
5.081 sec,0,-1
5.082 sec,0,-1
5.083 sec,0,-1
5.084 sec,0,-1
5.085 sec,0,-1
5.086 sec,0,-1
5.087 sec,0,-1
5.088 sec,0,-1
5.089 sec,0,-1
5.09 sec,0,-1
5.091 sec,0,-1
5.092 sec,0,-1
5.093 sec,0,-1
5.094 sec,0,-1
5.095 sec,0,-1
5.096 sec,0,-1
5.097 sec,0,-1
5.098 sec,0,-1
5.099 sec,0,-1
5.1 sec,0,-1
5.101 sec,0,-1
5.102 sec,0,-1
5.103 sec,0,-1
5.104 sec,0,-1
5.105 sec,0,-1
5.106 sec,0,-1
5.107 sec,0,-1
5.108 sec,0,-1
5.109 sec,0,-1
5.11 sec,0,-1
5.111 sec,0,-1
5.112 sec,0,-1
5.113 sec,0,-1
5.114 sec,0,-1
5.115 sec,0,-1
5.116 sec,0,-1
5.117 sec,0,-1
5.118 sec,0,-1
5.119 sec,0,-1
5.12 sec,0,-1
5.121 sec,0,-1
5.122 sec,0,-1
5.123 sec,0,-1
5.124 sec,0,-1
5.125 sec,0,-1
5.126 sec,0,-1
5.127 sec,0,-1
5.128 sec,0,-1
5.129 sec,0,-1
5.13 sec,0,-1
5.131 sec,0,-1
5.132 sec,0,-1
5.133 sec,0,-1
5.134 sec,0,-1
5.135 sec,0,-1
5.136 sec,0,-1
5.137 sec,0,-1
5.138 sec,0,-1
5.139 sec,0,-1
5.14 sec,0,-1
5.141 sec,0,-1
5.142 sec,0,-1
5.143 sec,0,-1
5.144 sec,0,-1
5.145 sec,0,-1
5.146 sec,0,-1
5.147 sec,0,-1
5.148 sec,0,-1
5.149 sec,0,-1
5.15 sec,0,-1
5.151 sec,0,-1
5.152 sec,0,-1
5.153 sec,0,-1
5.154 sec,0,-1
5.155 sec,0,-1
5.156 sec,0,-1
5.157 sec,0,-1
5.158 sec,0,-1
5.159 sec,0,-1
5.16 sec,0,-1
5.161 sec,0,-1
5.162 sec,0,-1
5.163 sec,0,-1
5.164 sec,0,-1
5.165 sec,0,-1
5.166 sec,0,-1
5.167 sec,0,-1
5.168 sec,0,-1
5.169 sec,0,-1
5.17 sec,0,-1
5.171 sec,0,-1
5.172 sec,0,-1
5.173 sec,0,-1
5.174 sec,0,-1
5.175 sec,0,-1
5.176 sec,0,-1
5.177 sec,0,-1
5.178 sec,0,-1
5.179 sec,0,-1
5.18 sec,0,-1
5.181 sec,0,-1
5.182 sec,0,-1
5.183 sec,0,-1
5.184 sec,0,-1
5.185 sec,0,-1
5.186 sec,0,-1
5.187 sec,0,-1
5.188 sec,0,-1
5.189 sec,0,-1
5.19 sec,0,-1
5.191 sec,0,-1
5.192 sec,0,-1
5.193 sec,0,-1
5.194 sec,0,-1
5.195 sec,0,-1
5.196 sec,0,-1
5.197 sec,0,-1
5.198 sec,0,-1
5.199 sec,0,-1
5.2 sec,0,-1
5.201 sec,0,-1
5.202 sec,0,-1
5.203 sec,0,-1
5.204 sec,0,-1
5.205 sec,0,-1
5.206 sec,0,-1
5.207 sec,0,-1
5.208 sec,0,-1
5.209 sec,0,-1
5.21 sec,0,-1
5.211 sec,0,-1
5.212 sec,0,-1
5.213 sec,0,-1
5.214 sec,0,-1
5.215 sec,0,-1
5.216 sec,0,-1
5.217 sec,0,-1
5.218 sec,0,-1
5.219 sec,0,-1
5.22 sec,0,-1
5.221 sec,0,-1
5.222 sec,0,-1
5.223 sec,0,-1
5.224 sec,0,-1
5.225 sec,0,-1
5.226 sec,0,-1
5.227 sec,0,-1
5.228 sec,0,-1
5.229 sec,0,-1
5.23 sec,0,-1
5.231 sec,0,-1
5.232 sec,0,-1
5.233 sec,0,-1
5.234 sec,0,-1
5.235 sec,0,-1
5.236 sec,0,-1
5.237 sec,0,-1
5.238 sec,0,-1
5.239 sec,0,-1
5.24 sec,0,-1
5.241 sec,0,-1
5.242 sec,0,-1
5.243 sec,0,-1
5.244 sec,0,-1
5.245 sec,0,-1
5.246 sec,0,-1
5.247 sec,0,-1
5.248 sec,0,-1
5.249 sec,0,-1
5.25 sec,0,-1
5.251 sec,0,-1
5.252 sec,0,-1
5.253 sec,0,-1
5.254 sec,0,-1
5.255 sec,0,-1
5.256 sec,0,-1
5.257 sec,0,-1
5.258 sec,0,-1
5.259 sec,0,-1
5.26 sec,0,-1
5.261 sec,0,-1
5.262 sec,0,-1
5.263 sec,0,-1
5.264 sec,0,-1
5.265 sec,0,-1
5.266 sec,0,-1
5.267 sec,0,-1
5.268 sec,0,-1
5.269 sec,0,-1
5.27 sec,0,-1
5.271 sec,0,-1
5.272 sec,0,-1
5.273 sec,0,-1
5.274 sec,0,-1
5.275 sec,0,-1
5.276 sec,0,-1
5.277 sec,0,-1
5.278 sec,0,-1
5.279 sec,0,-1
5.28 sec,0,-1
5.281 sec,0,-1
5.282 sec,0,-1
5.283 sec,0,-1
5.284 sec,0,-1
5.285 sec,0,-1
5.286 sec,0,-1
5.287 sec,0,-1
5.288 sec,0,-1
5.289 sec,0,-1
5.29 sec,0,-1
5.291 sec,0,-1
5.292 sec,0,-1
5.293 sec,0,-1
5.294 sec,0,-1
5.295 sec,0,-1
5.296 sec,0,-1
5.297 sec,0,-1
5.298 sec,0,-1
5.299 sec,0,-1
5.3 sec,0,-1
5.301 sec,0,-1
5.302 sec,0,-1
5.303 sec,0,-1
5.304 sec,0,-1
5.305 sec,0,-1
5.306 sec,0,-1
5.307 sec,0,-1
5.308 sec,0,-1
5.309 sec,0,-1
5.31 sec,0,-1
5.311 sec,0,-1
5.312 sec,0,-1
5.313 sec,0,-1
5.314 sec,0,-1
5.315 sec,0,-1
5.316 sec,0,-1
5.317 sec,0,-1
5.318 sec,0,-1
5.319 sec,0,-1
5.32 sec,0,-1
5.321 sec,0,-1
5.322 sec,0,-1
5.323 sec,0,-1
5.324 sec,0,-1
5.325 sec,0,-1
5.326 sec,0,-1
5.327 sec,0,-1
5.328 sec,0,-1
5.329 sec,0,-1
5.33 sec,0,-1
5.331 sec,0,-1
5.332 sec,0,-1
5.333 sec,0,-1
5.334 sec,0,-1
5.335 sec,0,-1
5.336 sec,0,-1
5.337 sec,0,-1
5.338 sec,0,-1
5.339 sec,0,-1
5.34 sec,0,-1
5.341 sec,0,-1
5.342 sec,0,-1
5.343 sec,0,-1
5.344 sec,0,-1
5.345 sec,0,-1
5.346 sec,0,-1
5.347 sec,0,-1
5.348 sec,0,-1
5.349 sec,0,-1
5.35 sec,0,-1
5.351 sec,0,-1
5.352 sec,0,-1
5.353 sec,0,-1
5.354 sec,0,-1
5.355 sec,0,-1
5.356 sec,0,-1
5.357 sec,0,-1
5.358 sec,0,-1
5.359 sec,0,-1
5.36 sec,0,-1
5.361 sec,0,-1
5.362 sec,0,-1
5.363 sec,0,-1
5.364 sec,0,-1
5.365 sec,0,-1
5.366 sec,0,-1
5.367 sec,0,-1
5.368 sec,0,-1
5.369 sec,0,-1
5.37 sec,0,-1
5.371 sec,0,-1
5.372 sec,0,-1
5.373 sec,0,-1
5.374 sec,0,-1
5.375 sec,0,-1
5.376 sec,0,-1
5.377 sec,0,-1
5.378 sec,0,-1
5.379 sec,0,-1
5.38 sec,0,-1
5.381 sec,0,-1
5.382 sec,0,-1
5.383 sec,0,-1
5.384 sec,0,-1
5.385 sec,0,-1
5.386 sec,0,-1
5.387 sec,0,-1
5.388 sec,0,-1
5.389 sec,0,-1
5.39 sec,0,-1
5.391 sec,0,-1
5.392 sec,0,-1
5.393 sec,0,-1
5.394 sec,0,-1
5.395 sec,0,-1
5.396 sec,0,-1
5.397 sec,0,-1
5.398 sec,0,-1
5.399 sec,0,-1
5.4 sec,0,-1
5.401 sec,0,-1
5.402 sec,0,-1
5.403 sec,0,-1
5.404 sec,0,-1
5.405 sec,0,-1
5.406 sec,0,-1
5.407 sec,0,-1
5.408 sec,0,-1
5.409 sec,0,-1
5.41 sec,0,-1
5.411 sec,0,-1
5.412 sec,0,-1
5.413 sec,0,-1
5.414 sec,0,-1
5.415 sec,0,-1
5.416 sec,0,-1
5.417 sec,0,-1
5.418 sec,0,-1
5.419 sec,0,-1
5.42 sec,0,-1
5.421 sec,0,-1
5.422 sec,0,-1
5.423 sec,0,-1
5.424 sec,0,-1
5.425 sec,0,-1
5.426 sec,0,-1
5.427 sec,0,-1
5.428 sec,0,-1
5.429 sec,0,-1
5.43 sec,0,-1
5.431 sec,0,-1
5.432 sec,0,-1
5.433 sec,0,-1
5.434 sec,0,-1
5.435 sec,0,-1
5.436 sec,0,-1
5.437 sec,0,-1
5.438 sec,0,-1
5.439 sec,0,-1
5.44 sec,0,-1
5.441 sec,0,-1
5.442 sec,0,-1
5.443 sec,0,-1
5.444 sec,0,-1
5.445 sec,0,-1
5.446 sec,0,-1
5.447 sec,0,-1
5.448 sec,0,-1
5.449 sec,0,-1
5.45 sec,0,-1
5.451 sec,0,-1
5.452 sec,0,-1
5.453 sec,0,-1
5.454 sec,0,-1
5.455 sec,0,-1
5.456 sec,0,-1
5.457 sec,0,-1
5.458 sec,0,-1
5.459 sec,0,-1
5.46 sec,0,-1
5.461 sec,0,-1
5.462 sec,0,-1
5.463 sec,0,-1
5.464 sec,0,-1
5.465 sec,0,-1
5.466 sec,0,-1
5.467 sec,0,-1
5.468 sec,0,-1
5.469 sec,0,-1
5.47 sec,0,-1
5.471 sec,0,-1
5.472 sec,0,-1
5.473 sec,0,-1
5.474 sec,0,-1
5.475 sec,0,-1
5.476 sec,0,-1
5.477 sec,0,-1
5.478 sec,0,-1
5.479 sec,0,-1
5.48 sec,0,-1
5.481 sec,0,-1
5.482 sec,0,-1
5.483 sec,0,-1
5.484 sec,0,-1
5.485 sec,0,-1
5.486 sec,0,-1
5.487 sec,0,-1
5.488 sec,0,-1
5.489 sec,0,-1
5.49 sec,0,-1
5.491 sec,0,-1
5.492 sec,0,-1
5.493 sec,0,-1
5.494 sec,0,-1
5.495 sec,0,-1
5.496 sec,0,-1
5.497 sec,0,-1
5.498 sec,0,-1
5.499 sec,0,-1
5.5 sec,0,-1
5.501 sec,0,-1
5.502 sec,0,-1
5.503 sec,0,-1
5.504 sec,0,-1
5.505 sec,0,-1
5.506 sec,0,-1
5.507 sec,0,-1
5.508 sec,0,-1
5.509 sec,0,-1
5.51 sec,0,-1
5.511 sec,0,-1
5.512 sec,0,-1
5.513 sec,0,-1
5.514 sec,0,-1
5.515 sec,0,-1
5.516 sec,0,-1
5.517 sec,0,-1
5.518 sec,0,-1
5.519 sec,0,-1
5.52 sec,0,-1
5.521 sec,0,-1
5.522 sec,0,-1
5.523 sec,0,-1
5.524 sec,0,-1
5.525 sec,0,-1
5.526 sec,0,-1
5.527 sec,0,-1
5.528 sec,0,-1
5.529 sec,0,-1
5.53 sec,0,-1
5.531 sec,0,-1
5.532 sec,0,-1
5.533 sec,0,-1
5.534 sec,0,-1
5.535 sec,0,-1
5.536 sec,0,-1
5.537 sec,0,-1
5.538 sec,0,-1
5.539 sec,0,-1
5.54 sec,0,-1
5.541 sec,0,-1
5.542 sec,0,-1
5.543 sec,0,-1
5.544 sec,0,-1
5.545 sec,0,-1
5.546 sec,0,-1
5.547 sec,0,-1
5.548 sec,0,-1
5.549 sec,0,-1
5.55 sec,0,-1
5.551 sec,0,-1
5.552 sec,0,-1
5.553 sec,0,-1
5.554 sec,0,-1
5.555 sec,0,-1
5.556 sec,0,-1
5.557 sec,0,-1
5.558 sec,0,-1
5.559 sec,0,-1
5.56 sec,0,-1
5.561 sec,0,-1
5.562 sec,0,-1
5.563 sec,0,-1
5.564 sec,0,-1
5.565 sec,0,-1
5.566 sec,0,-1
5.567 sec,0,-1
5.568 sec,0,-1
5.569 sec,0,-1
5.57 sec,0,-1
5.571 sec,0,-1
5.572 sec,0,-1
5.573 sec,0,-1
5.574 sec,0,-1
5.575 sec,0,-1
5.576 sec,0,-1
5.577 sec,0,-1
5.578 sec,0,-1
5.579 sec,0,-1
5.58 sec,0,-1
5.581 sec,0,-1
5.582 sec,0,-1
5.583 sec,0,-1
5.584 sec,0,-1
5.585 sec,0,-1
5.586 sec,0,-1
5.587 sec,0,-1
5.588 sec,0,-1
5.589 sec,0,-1
5.59 sec,0,-1
5.591 sec,0,-1
5.592 sec,0,-1
5.593 sec,0,-1
5.594 sec,0,-1
5.595 sec,0,-1
5.596 sec,0,-1
5.597 sec,0,-1
5.598 sec,0,-1
5.599 sec,0,-1
5.6 sec,0,-1
5.601 sec,0,-1
5.602 sec,0,-1
5.603 sec,0,-1
5.604 sec,0,-1
5.605 sec,0,-1
5.606 sec,0,-1
5.607 sec,0,-1
5.608 sec,0,-1
5.609 sec,0,-1
5.61 sec,0,-1
5.611 sec,0,-1
5.612 sec,0,-1
5.613 sec,0,-1
5.614 sec,0,-1
5.615 sec,0,-1
5.616 sec,0,-1
5.617 sec,0,-1
5.618 sec,0,-1
5.619 sec,0,-1
5.62 sec,0,-1
5.621 sec,0,-1
5.622 sec,0,-1
5.623 sec,0,-1
5.624 sec,0,-1
5.625 sec,0,-1
5.626 sec,0,-1
5.627 sec,0,-1
5.628 sec,0,-1
5.629 sec,0,-1
5.63 sec,0,-1
5.631 sec,0,-1
5.632 sec,0,-1
5.633 sec,0,-1
5.634 sec,0,-1
5.635 sec,0,-1
5.636 sec,0,-1
5.637 sec,0,-1
5.638 sec,0,-1
5.639 sec,0,-1
5.64 sec,0,-1
5.641 sec,0,-1
5.642 sec,0,-1
5.643 sec,0,-1
5.644 sec,0,-1
5.645 sec,0,-1
5.646 sec,0,-1
5.647 sec,0,-1
5.648 sec,0,-1
5.649 sec,0,-1
5.65 sec,0,-1
5.651 sec,0,-1
5.652 sec,0,-1
5.653 sec,0,-1
5.654 sec,0,-1
5.655 sec,0,-1
5.656 sec,0,-1
5.657 sec,0,-1
5.658 sec,0,-1
5.659 sec,0,-1
5.66 sec,0,-1
5.661 sec,0,-1
5.662 sec,0,-1
5.663 sec,0,-1
5.664 sec,0,-1
5.665 sec,0,-1
5.666 sec,0,-1
5.667 sec,0,-1
5.668 sec,0,-1
5.669 sec,0,-1
5.67 sec,0,-1
5.671 sec,0,-1
5.672 sec,0,-1
5.673 sec,0,-1
5.674 sec,0,-1
5.675 sec,0,-1
5.676 sec,0,-1
5.677 sec,0,-1
5.678 sec,0,-1
5.679 sec,0,-1
5.68 sec,0,-1
5.681 sec,0,-1
5.682 sec,0,-1
5.683 sec,0,-1
5.684 sec,0,-1
5.685 sec,0,-1
5.686 sec,0,-1
5.687 sec,0,-1
5.688 sec,0,-1
5.689 sec,0,-1
5.69 sec,0,-1
5.691 sec,0,-1
5.692 sec,0,-1
5.693 sec,0,-1
5.694 sec,0,-1
5.695 sec,0,-1
5.696 sec,0,-1
5.697 sec,0,-1
5.698 sec,0,-1
5.699 sec,0,-1
5.7 sec,0,-1
5.701 sec,0,-1
5.702 sec,0,-1
5.703 sec,0,-1
5.704 sec,0,-1
5.705 sec,0,-1
5.706 sec,0,-1
5.707 sec,0,-1
5.708 sec,0,-1
5.709 sec,0,-1
5.71 sec,0,-1
5.711 sec,0,-1
5.712 sec,0,-1
5.713 sec,0,-1
5.714 sec,0,-1
5.715 sec,0,-1
5.716 sec,0,-1
5.717 sec,0,-1
5.718 sec,0,-1
5.719 sec,0,-1
5.72 sec,0,-1
5.721 sec,0,-1
5.722 sec,0,-1
5.723 sec,0,-1
5.724 sec,0,-1
5.725 sec,0,-1
5.726 sec,0,-1
5.727 sec,0,-1
5.728 sec,0,-1
5.729 sec,0,-1
5.73 sec,0,-1
5.731 sec,0,-1
5.732 sec,0,-1
5.733 sec,0,-1
5.734 sec,0,-1
5.735 sec,0,-1
5.736 sec,0,-1
5.737 sec,0,-1
5.738 sec,0,-1
5.739 sec,0,-1
5.74 sec,0,-1
5.741 sec,0,-1
5.742 sec,0,-1
5.743 sec,0,-1
5.744 sec,0,-1
5.745 sec,0,-1
5.746 sec,0,-1
5.747 sec,0,-1
5.748 sec,0,-1
5.749 sec,0,-1
5.75 sec,0,-1
5.751 sec,0,-1
5.752 sec,0,-1
5.753 sec,0,-1
5.754 sec,0,-1
5.755 sec,0,-1
5.756 sec,0,-1
5.757 sec,0,-1
5.758 sec,0,-1
5.759 sec,0,-1
5.76 sec,0,-1
5.761 sec,0,-1
5.762 sec,0,-1
5.763 sec,0,-1
5.764 sec,0,-1
5.765 sec,0,-1
5.766 sec,0,-1
5.767 sec,0,-1
5.768 sec,0,-1
5.769 sec,0,-1
5.77 sec,0,-1
5.771 sec,0,-1
5.772 sec,0,-1
5.773 sec,0,-1
5.774 sec,0,-1
5.775 sec,0,-1
5.776 sec,0,-1
5.777 sec,0,-1
5.778 sec,0,-1
5.779 sec,0,-1
5.78 sec,0,-1
5.781 sec,0,-1
5.782 sec,0,-1
5.783 sec,0,-1
5.784 sec,0,-1
5.785 sec,0,-1
5.786 sec,0,-1
5.787 sec,0,-1
5.788 sec,0,-1
5.789 sec,0,-1
5.79 sec,0,-1
5.791 sec,0,-1
5.792 sec,0,-1
5.793 sec,0,-1
5.794 sec,0,-1
5.795 sec,0,-1
5.796 sec,0,-1
5.797 sec,0,-1
5.798 sec,0,-1
5.799 sec,0,-1
5.8 sec,0,-1
5.801 sec,0,-1
5.802 sec,0,-1
5.803 sec,0,-1
5.804 sec,0,-1
5.805 sec,0,-1
5.806 sec,0,-1
5.807 sec,0,-1
5.808 sec,0,-1
5.809 sec,0,-1
5.81 sec,0,-1
5.811 sec,0,-1
5.812 sec,0,-1
5.813 sec,0,-1
5.814 sec,0,-1
5.815 sec,0,-1
5.816 sec,0,-1
5.817 sec,0,-1
5.818 sec,0,-1
5.819 sec,0,-1
5.82 sec,0,-1
5.821 sec,0,-1
5.822 sec,0,-1
5.823 sec,0,-1
5.824 sec,0,-1
5.825 sec,0,-1
5.826 sec,0,-1
5.827 sec,0,-1
5.828 sec,0,-1
5.829 sec,0,-1
5.83 sec,0,-1
5.831 sec,0,-1
5.832 sec,0,-1
5.833 sec,0,-1
5.834 sec,0,-1
5.835 sec,0,-1
5.836 sec,0,-1
5.837 sec,0,-1
5.838 sec,0,-1
5.839 sec,0,-1
5.84 sec,0,-1
5.841 sec,0,-1
5.842 sec,0,-1
5.843 sec,0,-1
5.844 sec,0,-1
5.845 sec,0,-1
5.846 sec,0,-1
5.847 sec,0,-1
5.848 sec,0,-1
5.849 sec,0,-1
5.85 sec,0,-1
5.851 sec,0,-1
5.852 sec,0,-1
5.853 sec,0,-1
5.854 sec,0,-1
5.855 sec,0,-1
5.856 sec,0,-1
5.857 sec,0,-1
5.858 sec,0,-1
5.859 sec,0,-1
5.86 sec,0,-1
5.861 sec,0,-1
5.862 sec,0,-1
5.863 sec,0,-1
5.864 sec,0,-1
5.865 sec,0,-1
5.866 sec,0,-1
5.867 sec,0,-1
5.868 sec,0,-1
5.869 sec,0,-1
5.87 sec,0,-1
5.871 sec,0,-1
5.872 sec,0,-1
5.873 sec,0,-1
5.874 sec,0,-1
5.875 sec,0,-1
5.876 sec,0,-1
5.877 sec,0,-1
5.878 sec,0,-1
5.879 sec,0,-1
5.88 sec,0,-1
5.881 sec,0,-1
5.882 sec,0,-1
5.883 sec,0,-1
5.884 sec,0,-1
5.885 sec,0,-1
5.886 sec,0,-1
5.887 sec,0,-1
5.888 sec,0,-1
5.889 sec,0,-1
5.89 sec,0,-1
5.891 sec,0,-1
5.892 sec,0,-1
5.893 sec,0,-1
5.894 sec,0,-1
5.895 sec,0,-1
5.896 sec,0,-1
5.897 sec,0,-1
5.898 sec,0,-1
5.899 sec,0,-1
5.9 sec,0,-1
5.901 sec,0,-1
5.902 sec,0,-1
5.903 sec,0,-1
5.904 sec,0,-1
5.905 sec,0,-1
5.906 sec,0,-1
5.907 sec,0,-1
5.908 sec,0,-1
5.909 sec,0,-1
5.91 sec,0,-1
5.911 sec,0,-1
5.912 sec,0,-1
5.913 sec,0,-1
5.914 sec,0,-1
5.915 sec,0,-1
5.916 sec,0,-1
5.917 sec,0,-1
5.918 sec,0,-1
5.919 sec,0,-1
5.92 sec,0,-1
5.921 sec,0,-1
5.922 sec,0,-1
5.923 sec,0,-1
5.924 sec,0,-1
5.925 sec,0,-1
5.926 sec,0,-1
5.927 sec,0,-1
5.928 sec,0,-1
5.929 sec,0,-1
5.93 sec,0,-1
5.931 sec,0,-1
5.932 sec,0,-1
5.933 sec,0,-1
5.934 sec,0,-1
5.935 sec,0,-1
5.936 sec,0,-1
5.937 sec,0,-1
5.938 sec,0,-1
5.939 sec,0,-1
5.94 sec,0,-1
5.941 sec,0,-1
5.942 sec,0,-1
5.943 sec,0,-1
5.944 sec,0,-1
5.945 sec,0,-1
5.946 sec,0,-1
5.947 sec,0,-1
5.948 sec,0,-1
5.949 sec,0,-1
5.95 sec,0,-1
5.951 sec,0,-1
5.952 sec,0,-1
5.953 sec,0,-1
5.954 sec,0,-1
5.955 sec,0,-1
5.956 sec,0,-1
5.957 sec,0,-1
5.958 sec,0,-1
5.959 sec,0,-1
5.96 sec,0,-1
5.961 sec,0,-1
5.962 sec,0,-1
5.963 sec,0,-1
5.964 sec,0,-1
5.965 sec,0,-1
5.966 sec,0,-1
5.967 sec,0,-1
5.968 sec,0,-1
5.969 sec,0,-1
5.97 sec,0,-1
5.971 sec,0,-1
5.972 sec,0,-1
5.973 sec,0,-1
5.974 sec,0,-1
5.975 sec,0,-1
5.976 sec,0,-1
5.977 sec,0,-1
5.978 sec,0,-1
5.979 sec,0,-1
5.98 sec,0,-1
5.981 sec,0,-1
5.982 sec,0,-1
5.983 sec,0,-1
5.984 sec,0,-1
5.985 sec,0,-1
5.986 sec,0,-1
5.987 sec,0,-1
5.988 sec,0,-1
5.989 sec,0,-1
5.99 sec,0,-1
5.991 sec,0,-1
5.992 sec,0,-1
5.993 sec,0,-1
5.994 sec,0,-1
5.995 sec,0,-1
5.996 sec,0,-1
5.997 sec,0,-1
5.998 sec,0,-1
5.999 sec,0,-1
6 sec,0,-1
6.001 sec,0,-1
6.002 sec,0,-1
6.003 sec,0,-1
6.004 sec,0,-1
6.005 sec,0,-1
6.006 sec,0,-1
6.007 sec,0,-1
6.008 sec,0,-1
6.009 sec,0,-1
6.01 sec,0,-1
6.011 sec,0,-1
6.012 sec,0,-1
6.013 sec,0,-1
6.014 sec,0,-1
6.015 sec,0,-1
6.016 sec,0,-1
6.017 sec,0,-1
6.018 sec,0,-1
6.019 sec,0,-1
6.02 sec,0,-1
6.021 sec,0,-1
6.022 sec,0,-1
6.023 sec,0,-1
6.024 sec,0,-1
6.025 sec,0,-1
6.026 sec,0,-1
6.027 sec,0,-1
6.028 sec,0,-1
6.029 sec,0,-1
6.03 sec,0,-1
6.031 sec,0,-1
6.032 sec,0,-1
6.033 sec,0,-1
6.034 sec,0,-1
6.035 sec,0,-1
6.036 sec,0,-1
6.037 sec,0,-1
6.038 sec,0,-1
6.039 sec,0,-1
6.04 sec,0,-1
6.041 sec,0,-1
6.042 sec,0,-1
6.043 sec,0,-1
6.044 sec,0,-1
6.045 sec,0,-1
6.046 sec,0,-1
6.047 sec,0,-1
6.048 sec,0,-1
6.049 sec,0,-1
6.05 sec,0,-1
6.051 sec,0,-1
6.052 sec,0,-1
6.053 sec,0,-1
6.054 sec,0,-1
6.055 sec,0,-1
6.056 sec,0,-1
6.057 sec,0,-1
6.058 sec,0,-1
6.059 sec,0,-1
6.06 sec,0,-1
6.061 sec,0,-1
6.062 sec,0,-1
6.063 sec,0,-1
6.064 sec,0,-1
6.065 sec,0,-1
6.066 sec,0,-1
6.067 sec,0,-1
6.068 sec,0,-1
6.069 sec,0,-1
6.07 sec,0,-1
6.071 sec,0,-1
6.072 sec,0,-1
6.073 sec,0,-1
6.074 sec,0,-1
6.075 sec,0,-1
6.076 sec,0,-1
6.077 sec,0,-1
6.078 sec,0,-1
6.079 sec,0,-1
6.08 sec,0,-1
6.081 sec,0,-1
6.082 sec,0,-1
6.083 sec,0,-1
6.084 sec,0,-1
6.085 sec,0,-1
6.086 sec,0,-1
6.087 sec,0,-1
6.088 sec,0,-1
6.089 sec,0,-1
6.09 sec,0,-1
6.091 sec,0,-1
6.092 sec,0,-1
6.093 sec,0,-1
6.094 sec,0,-1
6.095 sec,0,-1
6.096 sec,0,-1
6.097 sec,0,-1
6.098 sec,0,-1
6.099 sec,0,-1
6.1 sec,0,-1
6.101 sec,0,-1
6.102 sec,0,-1
6.103 sec,0,-1
6.104 sec,0,-1
6.105 sec,0,-1
6.106 sec,0,-1
6.107 sec,0,-1
6.108 sec,0,-1
6.109 sec,0,-1
6.11 sec,0,-1
6.111 sec,0,-1
6.112 sec,0,-1
6.113 sec,0,-1
6.114 sec,0,-1
6.115 sec,0,-1
6.116 sec,0,-1
6.117 sec,0,-1
6.118 sec,0,-1
6.119 sec,0,-1
6.12 sec,0,-1
6.121 sec,0,-1
6.122 sec,0,-1
6.123 sec,0,-1
6.124 sec,0,-1
6.125 sec,0,-1
6.126 sec,0,-1
6.127 sec,0,-1
6.128 sec,0,-1
6.129 sec,0,-1
6.13 sec,0,-1
6.131 sec,0,-1
6.132 sec,0,-1
6.133 sec,0,-1
6.134 sec,0,-1
6.135 sec,0,-1
6.136 sec,0,-1
6.137 sec,0,-1
6.138 sec,0,-1
6.139 sec,0,-1
6.14 sec,0,-1
6.141 sec,0,-1
6.142 sec,0,-1
6.143 sec,0,-1
6.144 sec,0,-1
6.145 sec,0,-1
6.146 sec,0,-1
6.147 sec,0,-1
6.148 sec,0,-1
6.149 sec,0,-1
6.15 sec,0,-1
6.151 sec,0,-1
6.152 sec,0,-1
6.153 sec,0,-1
6.154 sec,0,-1
6.155 sec,0,-1
6.156 sec,0,-1
6.157 sec,0,-1
6.158 sec,0,-1
6.159 sec,0,-1
6.16 sec,0,-1
6.161 sec,0,-1
6.162 sec,0,-1
6.163 sec,0,-1
6.164 sec,0,-1
6.165 sec,0,-1
6.166 sec,0,-1
6.167 sec,0,-1
6.168 sec,0,-1
6.169 sec,0,-1
6.17 sec,0,-1
6.171 sec,0,-1
6.172 sec,0,-1
6.173 sec,0,-1
6.174 sec,0,-1
6.175 sec,0,-1
6.176 sec,0,-1
6.177 sec,0,-1
6.178 sec,0,-1
6.179 sec,0,-1
6.18 sec,0,-1
6.181 sec,0,-1
6.182 sec,0,-1
6.183 sec,0,-1
6.184 sec,0,-1
6.185 sec,0,-1
6.186 sec,0,-1
6.187 sec,0,-1
6.188 sec,0,-1
6.189 sec,0,-1
6.19 sec,0,-1
6.191 sec,0,-1
6.192 sec,0,-1
6.193 sec,0,-1
6.194 sec,0,-1
6.195 sec,0,-1
6.196 sec,0,-1
6.197 sec,0,-1
6.198 sec,0,-1
6.199 sec,0,-1
6.2 sec,0,-1
6.201 sec,0,-1
6.202 sec,0,-1
6.203 sec,0,-1
6.204 sec,0,-1
6.205 sec,0,-1
6.206 sec,0,-1
6.207 sec,0,-1
6.208 sec,0,-1
6.209 sec,0,-1
6.21 sec,0,-1
6.211 sec,0,-1
6.212 sec,0,-1
6.213 sec,0,-1
6.214 sec,0,-1
6.215 sec,0,-1
6.216 sec,0,-1
6.217 sec,0,-1
6.218 sec,0,-1
6.219 sec,0,-1
6.22 sec,0,-1
6.221 sec,0,-1
6.222 sec,0,-1
6.223 sec,0,-1
6.224 sec,0,-1
6.225 sec,0,-1
6.226 sec,0,-1
6.227 sec,0,-1
6.228 sec,0,-1
6.229 sec,0,-1
6.23 sec,0,-1
6.231 sec,0,-1
6.232 sec,0,-1
6.233 sec,0,-1
6.234 sec,0,-1
6.235 sec,0,-1
6.236 sec,0,-1
6.237 sec,0,-1
6.238 sec,0,-1
6.239 sec,0,-1
6.24 sec,0,-1
6.241 sec,0,-1
6.242 sec,0,-1
6.243 sec,0,-1
6.244 sec,0,-1
6.245 sec,0,-1
6.246 sec,0,-1
6.247 sec,0,-1
6.248 sec,0,-1
6.249 sec,0,-1
6.25 sec,0,-1
6.251 sec,0,-1
6.252 sec,0,-1
6.253 sec,0,-1
6.254 sec,0,-1
6.255 sec,0,-1
6.256 sec,0,-1
6.257 sec,0,-1
6.258 sec,0,-1
6.259 sec,0,-1
6.26 sec,0,-1
6.261 sec,0,-1
6.262 sec,0,-1
6.263 sec,0,-1
6.264 sec,0,-1
6.265 sec,0,-1
6.266 sec,0,-1
6.267 sec,0,-1
6.268 sec,0,-1
6.269 sec,0,-1
6.27 sec,0,-1
6.271 sec,0,-1
6.272 sec,0,-1
6.273 sec,0,-1
6.274 sec,0,-1
6.275 sec,0,-1
6.276 sec,0,-1
6.277 sec,0,-1
6.278 sec,0,-1
6.279 sec,0,-1
6.28 sec,0,-1
6.281 sec,0,-1
6.282 sec,0,-1
6.283 sec,0,-1
6.284 sec,0,-1
6.285 sec,0,-1
6.286 sec,0,-1
6.287 sec,0,-1
6.288 sec,0,-1
6.289 sec,0,-1
6.29 sec,0,-1
6.291 sec,0,-1
6.292 sec,0,-1
6.293 sec,0,-1
6.294 sec,0,-1
6.295 sec,0,-1
6.296 sec,0,-1
6.297 sec,0,-1
6.298 sec,0,-1
6.299 sec,0,-1
6.3 sec,0,-1
6.301 sec,0,-1
6.302 sec,0,-1
6.303 sec,0,-1
6.304 sec,0,-1
6.305 sec,0,-1
6.306 sec,0,-1
6.307 sec,0,-1
6.308 sec,0,-1
6.309 sec,0,-1
6.31 sec,0,-1
6.311 sec,0,-1
6.312 sec,0,-1
6.313 sec,0,-1
6.314 sec,0,-1
6.315 sec,0,-1
6.316 sec,0,-1
6.317 sec,0,-1
6.318 sec,0,-1
6.319 sec,0,-1
6.32 sec,0,-1
6.321 sec,0,-1
6.322 sec,0,-1
6.323 sec,0,-1
6.324 sec,0,-1
6.325 sec,0,-1
6.326 sec,0,-1
6.327 sec,0,-1
6.328 sec,0,-1
6.329 sec,0,-1
6.33 sec,0,-1
6.331 sec,0,-1
6.332 sec,0,-1
6.333 sec,0,-1
6.334 sec,0,-1
6.335 sec,0,-1
6.336 sec,0,-1
6.337 sec,0,-1
6.338 sec,0,-1
6.339 sec,0,-1
6.34 sec,0,-1
6.341 sec,0,-1
6.342 sec,0,-1
6.343 sec,0,-1
6.344 sec,0,-1
6.345 sec,0,-1
6.346 sec,0,-1
6.347 sec,0,-1
6.348 sec,0,-1
6.349 sec,0,-1
6.35 sec,0,-1
6.351 sec,0,-1
6.352 sec,0,-1
6.353 sec,0,-1
6.354 sec,0,-1
6.355 sec,0,-1
6.356 sec,0,-1
6.357 sec,0,-1
6.358 sec,0,-1
6.359 sec,0,-1
6.36 sec,0,-1
6.361 sec,0,-1
6.362 sec,0,-1
6.363 sec,0,-1
6.364 sec,0,-1
6.365 sec,0,-1
6.366 sec,0,-1
6.367 sec,0,-1
6.368 sec,0,-1
6.369 sec,0,-1
6.37 sec,0,-1
6.371 sec,0,-1
6.372 sec,0,-1
6.373 sec,0,-1
6.374 sec,0,-1
6.375 sec,0,-1
6.376 sec,0,-1
6.377 sec,0,-1
6.378 sec,0,-1
6.379 sec,0,-1
6.38 sec,0,-1
6.381 sec,0,-1
6.382 sec,0,-1
6.383 sec,0,-1
6.384 sec,0,-1
6.385 sec,0,-1
6.386 sec,0,-1
6.387 sec,0,-1
6.388 sec,0,-1
6.389 sec,0,-1
6.39 sec,0,-1
6.391 sec,0,-1
6.392 sec,0,-1
6.393 sec,0,-1
6.394 sec,0,-1
6.395 sec,0,-1
6.396 sec,0,-1
6.397 sec,0,-1
6.398 sec,0,-1
6.399 sec,0,-1
6.4 sec,0,-1
6.401 sec,0,-1
6.402 sec,0,-1
6.403 sec,0,-1
6.404 sec,0,-1
6.405 sec,0,-1
6.406 sec,0,-1
6.407 sec,0,-1
6.408 sec,0,-1
6.409 sec,0,-1
6.41 sec,0,-1
6.411 sec,0,-1
6.412 sec,0,-1
6.413 sec,0,-1
6.414 sec,0,-1
6.415 sec,0,-1
6.416 sec,0,-1
6.417 sec,0,-1
6.418 sec,0,-1
6.419 sec,0,-1
6.42 sec,0,-1
6.421 sec,0,-1
6.422 sec,0,-1
6.423 sec,0,-1
6.424 sec,0,-1
6.425 sec,0,-1
6.426 sec,0,-1
6.427 sec,0,-1
6.428 sec,0,-1
6.429 sec,0,-1
6.43 sec,0,-1
6.431 sec,0,-1
6.432 sec,0,-1
6.433 sec,0,-1
6.434 sec,0,-1
6.435 sec,0,-1
6.436 sec,0,-1
6.437 sec,0,-1
6.438 sec,0,-1
6.439 sec,0,-1
6.44 sec,0,-1
6.441 sec,0,-1
6.442 sec,0,-1
6.443 sec,0,-1
6.444 sec,0,-1
6.445 sec,0,-1
6.446 sec,0,-1
6.447 sec,0,-1
6.448 sec,0,-1
6.449 sec,0,-1
6.45 sec,0,-1
6.451 sec,0,-1
6.452 sec,0,-1
6.453 sec,0,-1
6.454 sec,0,-1
6.455 sec,0,-1
6.456 sec,0,-1
6.457 sec,0,-1
6.458 sec,0,-1
6.459 sec,0,-1
6.46 sec,0,-1
6.461 sec,0,-1
6.462 sec,0,-1
6.463 sec,0,-1
6.464 sec,0,-1
6.465 sec,0,-1
6.466 sec,0,-1
6.467 sec,0,-1
6.468 sec,0,-1
6.469 sec,0,-1
6.47 sec,0,-1
6.471 sec,0,-1
6.472 sec,0,-1
6.473 sec,0,-1
6.474 sec,0,-1
6.475 sec,0,-1
6.476 sec,0,-1
6.477 sec,0,-1
6.478 sec,0,-1
6.479 sec,0,-1
6.48 sec,0,-1
6.481 sec,0,-1
6.482 sec,0,-1
6.483 sec,0,-1
6.484 sec,0,-1
6.485 sec,0,-1
6.486 sec,0,-1
6.487 sec,0,-1
6.488 sec,0,-1
6.489 sec,0,-1
6.49 sec,0,-1
6.491 sec,0,-1
6.492 sec,0,-1
6.493 sec,0,-1
6.494 sec,0,-1
6.495 sec,0,-1
6.496 sec,0,-1
6.497 sec,0,-1
6.498 sec,0,-1
6.499 sec,0,-1
6.5 sec,0,-1
6.501 sec,0,-1
6.502 sec,0,-1
6.503 sec,0,-1
6.504 sec,0,-1
6.505 sec,0,-1
6.506 sec,0,-1
6.507 sec,0,-1
6.508 sec,0,-1
6.509 sec,0,-1
6.51 sec,0,-1
6.511 sec,0,-1
6.512 sec,0,-1
6.513 sec,0,-1
6.514 sec,0,-1
6.515 sec,0,-1
6.516 sec,0,-1
6.517 sec,0,-1
6.518 sec,0,-1
6.519 sec,0,-1
6.52 sec,0,-1
6.521 sec,0,-1
6.522 sec,0,-1
6.523 sec,0,-1
6.524 sec,0,-1
6.525 sec,0,-1
6.526 sec,0,-1
6.527 sec,0,-1
6.528 sec,0,-1
6.529 sec,0,-1
6.53 sec,0,-1
6.531 sec,0,-1
6.532 sec,0,-1
6.533 sec,0,-1
6.534 sec,0,-1
6.535 sec,0,-1
6.536 sec,0,-1
6.537 sec,0,-1
6.538 sec,0,-1
6.539 sec,0,-1
6.54 sec,0,-1
6.541 sec,0,-1
6.542 sec,0,-1
6.543 sec,0,-1
6.544 sec,0,-1
6.545 sec,0,-1
6.546 sec,0,-1
6.547 sec,0,-1
6.548 sec,0,-1
6.549 sec,0,-1
6.55 sec,0,-1
6.551 sec,0,-1
6.552 sec,0,-1
6.553 sec,0,-1
6.554 sec,0,-1
6.555 sec,0,-1
6.556 sec,0,-1
6.557 sec,0,-1
6.558 sec,0,-1
6.559 sec,0,-1
6.56 sec,0,-1
6.561 sec,0,-1
6.562 sec,0,-1
6.563 sec,0,-1
6.564 sec,0,-1
6.565 sec,0,-1
6.566 sec,0,-1
6.567 sec,0,-1
6.568 sec,0,-1
6.569 sec,0,-1
6.57 sec,0,-1
6.571 sec,0,-1
6.572 sec,0,-1
6.573 sec,0,-1
6.574 sec,0,-1
6.575 sec,0,-1
6.576 sec,0,-1
6.577 sec,0,-1
6.578 sec,0,-1
6.579 sec,0,-1
6.58 sec,0,-1
6.581 sec,0,-1
6.582 sec,0,-1
6.583 sec,0,-1
6.584 sec,0,-1
6.585 sec,0,-1
6.586 sec,0,-1
6.587 sec,0,-1
6.588 sec,0,-1
6.589 sec,0,-1
6.59 sec,0,-1
6.591 sec,0,-1
6.592 sec,0,-1
6.593 sec,0,-1
6.594 sec,0,-1
6.595 sec,0,-1
6.596 sec,0,-1
6.597 sec,0,-1
6.598 sec,0,-1
6.599 sec,0,-1
6.6 sec,0,-1
6.601 sec,0,-1
6.602 sec,0,-1
6.603 sec,0,-1
6.604 sec,0,-1
6.605 sec,0,-1
6.606 sec,0,-1
6.607 sec,0,-1
6.608 sec,0,-1
6.609 sec,0,-1
6.61 sec,0,-1
6.611 sec,0,-1
6.612 sec,0,-1
6.613 sec,0,-1
6.614 sec,0,-1
6.615 sec,0,-1
6.616 sec,0,-1
6.617 sec,0,-1
6.618 sec,0,-1
6.619 sec,0,-1
6.62 sec,0,-1
6.621 sec,0,-1
6.622 sec,0,-1
6.623 sec,0,-1
6.624 sec,0,-1
6.625 sec,0,-1
6.626 sec,0,-1
6.627 sec,0,-1
6.628 sec,0,-1
6.629 sec,0,-1
6.63 sec,0,-1
6.631 sec,0,-1
6.632 sec,0,-1
6.633 sec,0,-1
6.634 sec,0,-1
6.635 sec,0,-1
6.636 sec,0,-1
6.637 sec,0,-1
6.638 sec,0,-1
6.639 sec,0,-1
6.64 sec,0,-1
6.641 sec,0,-1
6.642 sec,0,-1
6.643 sec,0,-1
6.644 sec,0,-1
6.645 sec,0,-1
6.646 sec,0,-1
6.647 sec,0,-1
6.648 sec,0,-1
6.649 sec,0,-1
6.65 sec,0,-1
6.651 sec,0,-1
6.652 sec,0,-1
6.653 sec,0,-1
6.654 sec,0,-1
6.655 sec,0,-1
6.656 sec,0,-1
6.657 sec,0,-1
6.658 sec,0,-1
6.659 sec,0,-1
6.66 sec,0,-1
6.661 sec,0,-1
6.662 sec,0,-1
6.663 sec,0,-1
6.664 sec,0,-1
6.665 sec,0,-1
6.666 sec,0,-1
6.667 sec,0,-1
6.668 sec,0,-1
6.669 sec,0,-1
6.67 sec,0,-1
6.671 sec,0,-1
6.672 sec,0,-1
6.673 sec,0,-1
6.674 sec,0,-1
6.675 sec,0,-1
6.676 sec,0,-1
6.677 sec,0,-1
6.678 sec,0,-1
6.679 sec,0,-1
6.68 sec,0,-1
6.681 sec,0,-1
6.682 sec,0,-1
6.683 sec,0,-1
6.684 sec,0,-1
6.685 sec,0,-1
6.686 sec,0,-1
6.687 sec,0,-1
6.688 sec,0,-1
6.689 sec,0,-1
6.69 sec,0,-1
6.691 sec,0,-1
6.692 sec,0,-1
6.693 sec,0,-1
6.694 sec,0,-1
6.695 sec,0,-1
6.696 sec,0,-1
6.697 sec,0,-1
6.698 sec,0,-1
6.699 sec,0,-1
6.7 sec,0,-1
6.701 sec,0,-1
6.702 sec,0,-1
6.703 sec,0,-1
6.704 sec,0,-1
6.705 sec,0,-1
6.706 sec,0,-1
6.707 sec,0,-1
6.708 sec,0,-1
6.709 sec,0,-1
6.71 sec,0,-1
6.711 sec,0,-1
6.712 sec,0,-1
6.713 sec,0,-1
6.714 sec,0,-1
6.715 sec,0,-1
6.716 sec,0,-1
6.717 sec,0,-1
6.718 sec,0,-1
6.719 sec,0,-1
6.72 sec,0,-1
6.721 sec,0,-1
6.722 sec,0,-1
6.723 sec,0,-1
6.724 sec,0,-1
6.725 sec,0,-1
6.726 sec,0,-1
6.727 sec,0,-1
6.728 sec,0,-1
6.729 sec,0,-1
6.73 sec,0,-1
6.731 sec,0,-1
6.732 sec,0,-1
6.733 sec,0,-1
6.734 sec,0,-1
6.735 sec,0,-1
6.736 sec,0,-1
6.737 sec,0,-1
6.738 sec,0,-1
6.739 sec,0,-1
6.74 sec,0,-1
6.741 sec,0,-1
6.742 sec,0,-1
6.743 sec,0,-1
6.744 sec,0,-1
6.745 sec,0,-1
6.746 sec,0,-1
6.747 sec,0,-1
6.748 sec,0,-1
6.749 sec,0,-1
6.75 sec,0,-1
6.751 sec,0,-1
6.752 sec,0,-1
6.753 sec,0,-1
6.754 sec,0,-1
6.755 sec,0,-1
6.756 sec,0,-1
6.757 sec,0,-1
6.758 sec,0,-1
6.759 sec,0,-1
6.76 sec,0,-1
6.761 sec,0,-1
6.762 sec,0,-1
6.763 sec,0,-1
6.764 sec,0,-1
6.765 sec,0,-1
6.766 sec,0,-1
6.767 sec,0,-1
6.768 sec,0,-1
6.769 sec,0,-1
6.77 sec,0,-1
6.771 sec,0,-1
6.772 sec,0,-1
6.773 sec,0,-1
6.774 sec,0,-1
6.775 sec,0,-1
6.776 sec,0,-1
6.777 sec,0,-1
6.778 sec,0,-1
6.779 sec,0,-1
6.78 sec,0,-1
6.781 sec,0,-1
6.782 sec,0,-1
6.783 sec,0,-1
6.784 sec,0,-1
6.785 sec,0,-1
6.786 sec,0,-1
6.787 sec,0,-1
6.788 sec,0,-1
6.789 sec,0,-1
6.79 sec,0,-1
6.791 sec,0,-1
6.792 sec,0,-1
6.793 sec,0,-1
6.794 sec,0,-1
6.795 sec,0,-1
6.796 sec,0,-1
6.797 sec,0,-1
6.798 sec,0,-1
6.799 sec,0,-1
6.8 sec,0,-1
6.801 sec,0,-1
6.802 sec,0,-1
6.803 sec,0,-1
6.804 sec,0,-1
6.805 sec,0,-1
6.806 sec,0,-1
6.807 sec,0,-1
6.808 sec,0,-1
6.809 sec,0,-1
6.81 sec,0,-1
6.811 sec,0,-1
6.812 sec,0,-1
6.813 sec,0,-1
6.814 sec,0,-1
6.815 sec,0,-1
6.816 sec,0,-1
6.817 sec,0,-1
6.818 sec,0,-1
6.819 sec,0,-1
6.82 sec,0,-1
6.821 sec,0,-1
6.822 sec,0,-1
6.823 sec,0,-1
6.824 sec,0,-1
6.825 sec,0,-1
6.826 sec,0,-1
6.827 sec,0,-1
6.828 sec,0,-1
6.829 sec,0,-1
6.83 sec,0,-1
6.831 sec,0,-1
6.832 sec,0,-1
6.833 sec,0,-1
6.834 sec,0,-1
6.835 sec,0,-1
6.836 sec,0,-1
6.837 sec,0,-1
6.838 sec,0,-1
6.839 sec,0,-1
6.84 sec,0,-1
6.841 sec,0,-1
6.842 sec,0,-1
6.843 sec,0,-1
6.844 sec,0,-1
6.845 sec,0,-1
6.846 sec,0,-1
6.847 sec,0,-1
6.848 sec,0,-1
6.849 sec,0,-1
6.85 sec,0,-1
6.851 sec,0,-1
6.852 sec,0,-1
6.853 sec,0,-1
6.854 sec,0,-1
6.855 sec,0,-1
6.856 sec,0,-1
6.857 sec,0,-1
6.858 sec,0,-1
6.859 sec,0,-1
6.86 sec,0,-1
6.861 sec,0,-1
6.862 sec,0,-1
6.863 sec,0,-1
6.864 sec,0,-1
6.865 sec,0,-1
6.866 sec,0,-1
6.867 sec,0,-1
6.868 sec,0,-1
6.869 sec,0,-1
6.87 sec,0,-1
6.871 sec,0,-1
6.872 sec,0,-1
6.873 sec,0,-1
6.874 sec,0,-1
6.875 sec,0,-1
6.876 sec,0,-1
6.877 sec,0,-1
6.878 sec,0,-1
6.879 sec,0,-1
6.88 sec,0,-1
6.881 sec,0,-1
6.882 sec,0,-1
6.883 sec,0,-1
6.884 sec,0,-1
6.885 sec,0,-1
6.886 sec,0,-1
6.887 sec,0,-1
6.888 sec,0,-1
6.889 sec,0,-1
6.89 sec,0,-1
6.891 sec,0,-1
6.892 sec,0,-1
6.893 sec,0,-1
6.894 sec,0,-1
6.895 sec,0,-1
6.896 sec,0,-1
6.897 sec,0,-1
6.898 sec,0,-1
6.899 sec,0,-1
6.9 sec,0,-1
6.901 sec,0,-1
6.902 sec,0,-1
6.903 sec,0,-1
6.904 sec,0,-1
6.905 sec,0,-1
6.906 sec,0,-1
6.907 sec,0,-1
6.908 sec,0,-1
6.909 sec,0,-1
6.91 sec,0,-1
6.911 sec,0,-1
6.912 sec,0,-1
6.913 sec,0,-1
6.914 sec,0,-1
6.915 sec,0,-1
6.916 sec,0,-1
6.917 sec,0,-1
6.918 sec,0,-1
6.919 sec,0,-1
6.92 sec,0,-1
6.921 sec,0,-1
6.922 sec,0,-1
6.923 sec,0,-1
6.924 sec,0,-1
6.925 sec,0,-1
6.926 sec,0,-1
6.927 sec,0,-1
6.928 sec,0,-1
6.929 sec,0,-1
6.93 sec,0,-1
6.931 sec,0,-1
6.932 sec,0,-1
6.933 sec,0,-1
6.934 sec,0,-1
6.935 sec,0,-1
6.936 sec,0,-1
6.937 sec,0,-1
6.938 sec,0,-1
6.939 sec,0,-1
6.94 sec,0,-1
6.941 sec,0,-1
6.942 sec,0,-1
6.943 sec,0,-1
6.944 sec,0,-1
6.945 sec,0,-1
6.946 sec,0,-1
6.947 sec,0,-1
6.948 sec,0,-1
6.949 sec,0,-1
6.95 sec,0,-1
6.951 sec,0,-1
6.952 sec,0,-1
6.953 sec,0,-1
6.954 sec,0,-1
6.955 sec,0,-1
6.956 sec,0,-1
6.957 sec,0,-1
6.958 sec,0,-1
6.959 sec,0,-1
6.96 sec,0,-1
6.961 sec,0,-1
6.962 sec,0,-1
6.963 sec,0,-1
6.964 sec,0,-1
6.965 sec,0,-1
6.966 sec,0,-1
6.967 sec,0,-1
6.968 sec,0,-1
6.969 sec,0,-1
6.97 sec,0,-1
6.971 sec,0,-1
6.972 sec,0,-1
6.973 sec,0,-1
6.974 sec,0,-1
6.975 sec,0,-1
6.976 sec,0,-1
6.977 sec,0,-1
6.978 sec,0,-1
6.979 sec,0,-1
6.98 sec,0,-1
6.981 sec,0,-1
6.982 sec,0,-1
6.983 sec,0,-1
6.984 sec,0,-1
6.985 sec,0,-1
6.986 sec,0,-1
6.987 sec,0,-1
6.988 sec,0,-1
6.989 sec,0,-1
6.99 sec,0,-1
6.991 sec,0,-1
6.992 sec,0,-1
6.993 sec,0,-1
6.994 sec,0,-1
6.995 sec,0,-1
6.996 sec,0,-1
6.997 sec,0,-1
6.998 sec,0,-1
6.999 sec,0,-1
7 sec,0,-1
7.001 sec,0,-1
7.002 sec,0,-1
7.003 sec,0,-1
7.004 sec,0,-1
7.005 sec,0,-1
7.006 sec,0,-1
7.007 sec,0,-1
7.008 sec,0,-1
7.009 sec,0,-1
7.01 sec,0,-1
7.011 sec,0,-1
7.012 sec,0,-1
7.013 sec,0,-1
7.014 sec,0,-1
7.015 sec,0,-1
7.016 sec,0,-1
7.017 sec,0,-1
7.018 sec,0,-1
7.019 sec,0,-1
7.02 sec,0,-1
7.021 sec,0,-1
7.022 sec,0,-1
7.023 sec,0,-1
7.024 sec,0,-1
7.025 sec,0,-1
7.026 sec,0,-1
7.027 sec,0,-1
7.028 sec,0,-1
7.029 sec,0,-1
7.03 sec,0,-1
7.031 sec,0,-1
7.032 sec,0,-1
7.033 sec,0,-1
7.034 sec,0,-1
7.035 sec,0,-1
7.036 sec,0,-1
7.037 sec,0,-1
7.038 sec,0,-1
7.039 sec,0,-1
7.04 sec,0,-1
7.041 sec,0,-1
7.042 sec,0,-1
7.043 sec,0,-1
7.044 sec,0,-1
7.045 sec,0,-1
7.046 sec,0,-1
7.047 sec,0,-1
7.048 sec,0,-1
7.049 sec,0,-1
7.05 sec,0,-1
7.051 sec,0,-1
7.052 sec,0,-1
7.053 sec,0,-1
7.054 sec,0,-1
7.055 sec,0,-1
7.056 sec,0,-1
7.057 sec,0,-1
7.058 sec,0,-1
7.059 sec,0,-1
7.06 sec,0,-1
7.061 sec,0,-1
7.062 sec,0,-1
7.063 sec,0,-1
7.064 sec,0,-1
7.065 sec,0,-1
7.066 sec,0,-1
7.067 sec,0,-1
7.068 sec,0,-1
7.069 sec,0,-1
7.07 sec,0,-1
7.071 sec,0,-1
7.072 sec,0,-1
7.073 sec,0,-1
7.074 sec,0,-1
7.075 sec,0,-1
7.076 sec,0,-1
7.077 sec,0,-1
7.078 sec,0,-1
7.079 sec,0,-1
7.08 sec,0,-1
7.081 sec,0,-1
7.082 sec,0,-1
7.083 sec,0,-1
7.084 sec,0,-1
7.085 sec,0,-1
7.086 sec,0,-1
7.087 sec,0,-1
7.088 sec,0,-1
7.089 sec,0,-1
7.09 sec,0,-1
7.091 sec,0,-1
7.092 sec,0,-1
7.093 sec,0,-1
7.094 sec,0,-1
7.095 sec,0,-1
7.096 sec,0,-1
7.097 sec,0,-1
7.098 sec,0,-1
7.099 sec,0,-1
7.1 sec,0,-1
7.101 sec,0,-1
7.102 sec,0,-1
7.103 sec,0,-1
7.104 sec,0,-1
7.105 sec,0,-1
7.106 sec,0,-1
7.107 sec,0,-1
7.108 sec,0,-1
7.109 sec,0,-1
7.11 sec,0,-1
7.111 sec,0,-1
7.112 sec,0,-1
7.113 sec,0,-1
7.114 sec,0,-1
7.115 sec,0,-1
7.116 sec,0,-1
7.117 sec,0,-1
7.118 sec,0,-1
7.119 sec,0,-1
7.12 sec,0,-1
7.121 sec,0,-1
7.122 sec,0,-1
7.123 sec,0,-1
7.124 sec,0,-1
7.125 sec,0,-1
7.126 sec,0,-1
7.127 sec,0,-1
7.128 sec,0,-1
7.129 sec,0,-1
7.13 sec,0,-1
7.131 sec,0,-1
7.132 sec,0,-1
7.133 sec,0,-1
7.134 sec,0,-1
7.135 sec,0,-1
7.136 sec,0,-1
7.137 sec,0,-1
7.138 sec,0,-1
7.139 sec,0,-1
7.14 sec,0,-1
7.141 sec,0,-1
7.142 sec,0,-1
7.143 sec,0,-1
7.144 sec,0,-1
7.145 sec,0,-1
7.146 sec,0,-1
7.147 sec,0,-1
7.148 sec,0,-1
7.149 sec,0,-1
7.15 sec,0,-1
7.151 sec,0,-1
7.152 sec,0,-1
7.153 sec,0,-1
7.154 sec,0,-1
7.155 sec,0,-1
7.156 sec,0,-1
7.157 sec,0,-1
7.158 sec,0,-1
7.159 sec,0,-1
7.16 sec,0,-1
7.161 sec,0,-1
7.162 sec,0,-1
7.163 sec,0,-1
7.164 sec,0,-1
7.165 sec,0,-1
7.166 sec,0,-1
7.167 sec,0,-1
7.168 sec,0,-1
7.169 sec,0,-1
7.17 sec,0,-1
7.171 sec,0,-1
7.172 sec,0,-1
7.173 sec,0,-1
7.174 sec,0,-1
7.175 sec,0,-1
7.176 sec,0,-1
7.177 sec,0,-1
7.178 sec,0,-1
7.179 sec,0,-1
7.18 sec,0,-1
7.181 sec,0,-1
7.182 sec,0,-1
7.183 sec,0,-1
7.184 sec,0,-1
7.185 sec,0,-1
7.186 sec,0,-1
7.187 sec,0,-1
7.188 sec,0,-1
7.189 sec,0,-1
7.19 sec,0,-1
7.191 sec,0,-1
7.192 sec,0,-1
7.193 sec,0,-1
7.194 sec,0,-1
7.195 sec,0,-1
7.196 sec,0,-1
7.197 sec,0,-1
7.198 sec,0,-1
7.199 sec,0,-1
7.2 sec,0,-1
7.201 sec,0,-1
7.202 sec,0,-1
7.203 sec,0,-1
7.204 sec,0,-1
7.205 sec,0,-1
7.206 sec,0,-1
7.207 sec,0,-1
7.208 sec,0,-1
7.209 sec,0,-1
7.21 sec,0,-1
7.211 sec,0,-1
7.212 sec,0,-1
7.213 sec,0,-1
7.214 sec,0,-1
7.215 sec,0,-1
7.216 sec,0,-1
7.217 sec,0,-1
7.218 sec,0,-1
7.219 sec,0,-1
7.22 sec,0,-1
7.221 sec,0,-1
7.222 sec,0,-1
7.223 sec,0,-1
7.224 sec,0,-1
7.225 sec,0,-1
7.226 sec,0,-1
7.227 sec,0,-1
7.228 sec,0,-1
7.229 sec,0,-1
7.23 sec,0,-1
7.231 sec,0,-1
7.232 sec,0,-1
7.233 sec,0,-1
7.234 sec,0,-1
7.235 sec,0,-1
7.236 sec,0,-1
7.237 sec,0,-1
7.238 sec,0,-1
7.239 sec,0,-1
7.24 sec,0,-1
7.241 sec,0,-1
7.242 sec,0,-1
7.243 sec,0,-1
7.244 sec,0,-1
7.245 sec,0,-1
7.246 sec,0,-1
7.247 sec,0,-1
7.248 sec,0,-1
7.249 sec,0,-1
7.25 sec,0,-1
7.251 sec,0,-1
7.252 sec,0,-1
7.253 sec,0,-1
7.254 sec,0,-1
7.255 sec,0,-1
7.256 sec,0,-1
7.257 sec,0,-1
7.258 sec,0,-1
7.259 sec,0,-1
7.26 sec,0,-1
7.261 sec,0,-1
7.262 sec,0,-1
7.263 sec,0,-1
7.264 sec,0,-1
7.265 sec,0,-1
7.266 sec,0,-1
7.267 sec,0,-1
7.268 sec,0,-1
7.269 sec,0,-1
7.27 sec,0,-1
7.271 sec,0,-1
7.272 sec,0,-1
7.273 sec,0,-1
7.274 sec,0,-1
7.275 sec,0,-1
7.276 sec,0,-1
7.277 sec,0,-1
7.278 sec,0,-1
7.279 sec,0,-1
7.28 sec,0,-1
7.281 sec,0,-1
7.282 sec,0,-1
7.283 sec,0,-1
7.284 sec,0,-1
7.285 sec,0,-1
7.286 sec,0,-1
7.287 sec,0,-1
7.288 sec,0,-1
7.289 sec,0,-1
7.29 sec,0,-1
7.291 sec,0,-1
7.292 sec,0,-1
7.293 sec,0,-1
7.294 sec,0,-1
7.295 sec,0,-1
7.296 sec,0,-1
7.297 sec,0,-1
7.298 sec,0,-1
7.299 sec,0,-1
7.3 sec,0,-1
7.301 sec,0,-1
7.302 sec,0,-1
7.303 sec,0,-1
7.304 sec,0,-1
7.305 sec,0,-1
7.306 sec,0,-1
7.307 sec,0,-1
7.308 sec,0,-1
7.309 sec,0,-1
7.31 sec,0,-1
7.311 sec,0,-1
7.312 sec,0,-1
7.313 sec,0,-1
7.314 sec,0,-1
7.315 sec,0,-1
7.316 sec,0,-1
7.317 sec,0,-1
7.318 sec,0,-1
7.319 sec,0,-1
7.32 sec,0,-1
7.321 sec,0,-1
7.322 sec,0,-1
7.323 sec,0,-1
7.324 sec,0,-1
7.325 sec,0,-1
7.326 sec,0,-1
7.327 sec,0,-1
7.328 sec,0,-1
7.329 sec,0,-1
7.33 sec,0,-1
7.331 sec,0,-1
7.332 sec,0,-1
7.333 sec,0,-1
7.334 sec,0,-1
7.335 sec,0,-1
7.336 sec,0,-1
7.337 sec,0,-1
7.338 sec,0,-1
7.339 sec,0,-1
7.34 sec,0,-1
7.341 sec,0,-1
7.342 sec,0,-1
7.343 sec,0,-1
7.344 sec,0,-1
7.345 sec,0,-1
7.346 sec,0,-1
7.347 sec,0,-1
7.348 sec,0,-1
7.349 sec,0,-1
7.35 sec,0,-1
7.351 sec,0,-1
7.352 sec,0,-1
7.353 sec,0,-1
7.354 sec,0,-1
7.355 sec,0,-1
7.356 sec,0,-1
7.357 sec,0,-1
7.358 sec,0,-1
7.359 sec,0,-1
7.36 sec,0,-1
7.361 sec,0,-1
7.362 sec,0,-1
7.363 sec,0,-1
7.364 sec,0,-1
7.365 sec,0,-1
7.366 sec,0,-1
7.367 sec,0,-1
7.368 sec,0,-1
7.369 sec,0,-1
7.37 sec,0,-1
7.371 sec,0,-1
7.372 sec,0,-1
7.373 sec,0,-1
7.374 sec,0,-1
7.375 sec,0,-1
7.376 sec,0,-1
7.377 sec,0,-1
7.378 sec,0,-1
7.379 sec,0,-1
7.38 sec,0,-1
7.381 sec,0,-1
7.382 sec,0,-1
7.383 sec,0,-1
7.384 sec,0,-1
7.385 sec,0,-1
7.386 sec,0,-1
7.387 sec,0,-1
7.388 sec,0,-1
7.389 sec,0,-1
7.39 sec,0,-1
7.391 sec,0,-1
7.392 sec,0,-1
7.393 sec,0,-1
7.394 sec,0,-1
7.395 sec,0,-1
7.396 sec,0,-1
7.397 sec,0,-1
7.398 sec,0,-1
7.399 sec,0,-1
7.4 sec,0,-1
7.401 sec,0,-1
7.402 sec,0,-1
7.403 sec,0,-1
7.404 sec,0,-1
7.405 sec,0,-1
7.406 sec,0,-1
7.407 sec,0,-1
7.408 sec,0,-1
7.409 sec,0,-1
7.41 sec,0,-1
7.411 sec,0,-1
7.412 sec,0,-1
7.413 sec,0,-1
7.414 sec,0,-1
7.415 sec,0,-1
7.416 sec,0,-1
7.417 sec,0,-1
7.418 sec,0,-1
7.419 sec,0,-1
7.42 sec,0,-1
7.421 sec,0,-1
7.422 sec,0,-1
7.423 sec,0,-1
7.424 sec,0,-1
7.425 sec,0,-1
7.426 sec,0,-1
7.427 sec,0,-1
7.428 sec,0,-1
7.429 sec,0,-1
7.43 sec,0,-1
7.431 sec,0,-1
7.432 sec,0,-1
7.433 sec,0,-1
7.434 sec,0,-1
7.435 sec,0,-1
7.436 sec,0,-1
7.437 sec,0,-1
7.438 sec,0,-1
7.439 sec,0,-1
7.44 sec,0,-1
7.441 sec,0,-1
7.442 sec,0,-1
7.443 sec,0,-1
7.444 sec,0,-1
7.445 sec,0,-1
7.446 sec,0,-1
7.447 sec,0,-1
7.448 sec,0,-1
7.449 sec,0,-1
7.45 sec,0,-1
7.451 sec,0,-1
7.452 sec,0,-1
7.453 sec,0,-1
7.454 sec,0,-1
7.455 sec,0,-1
7.456 sec,0,-1
7.457 sec,0,-1
7.458 sec,0,-1
7.459 sec,0,-1
7.46 sec,0,-1
7.461 sec,0,-1
7.462 sec,0,-1
7.463 sec,0,-1
7.464 sec,0,-1
7.465 sec,0,-1
7.466 sec,0,-1
7.467 sec,0,-1
7.468 sec,0,-1
7.469 sec,0,-1
7.47 sec,0,-1
7.471 sec,0,-1
7.472 sec,0,-1
7.473 sec,0,-1
7.474 sec,0,-1
7.475 sec,0,-1
7.476 sec,0,-1
7.477 sec,0,-1
7.478 sec,0,-1
7.479 sec,0,-1
7.48 sec,0,-1
7.481 sec,0,-1
7.482 sec,0,-1
7.483 sec,0,-1
7.484 sec,0,-1
7.485 sec,0,-1
7.486 sec,0,-1
7.487 sec,0,-1
7.488 sec,0,-1
7.489 sec,0,-1
7.49 sec,0,-1
7.491 sec,0,-1
7.492 sec,0,-1
7.493 sec,0,-1
7.494 sec,0,-1
7.495 sec,0,-1
7.496 sec,0,-1
7.497 sec,0,-1
7.498 sec,0,-1
7.499 sec,0,-1
7.5 sec,0,-1
7.501 sec,0,-1
7.502 sec,0,-1
7.503 sec,0,-1
7.504 sec,0,-1
7.505 sec,0,-1
7.506 sec,0,-1
7.507 sec,0,-1
7.508 sec,0,-1
7.509 sec,0,-1
7.51 sec,0,-1
7.511 sec,0,-1
7.512 sec,0,-1
7.513 sec,0,-1
7.514 sec,0,-1
7.515 sec,0,-1
7.516 sec,0,-1
7.517 sec,0,-1
7.518 sec,0,-1
7.519 sec,0,-1
7.52 sec,0,-1
7.521 sec,0,-1
7.522 sec,0,-1
7.523 sec,0,-1
7.524 sec,0,-1
7.525 sec,0,-1
7.526 sec,0,-1
7.527 sec,0,-1
7.528 sec,0,-1
7.529 sec,0,-1
7.53 sec,0,-1
7.531 sec,0,-1
7.532 sec,0,-1
7.533 sec,0,-1
7.534 sec,0,-1
7.535 sec,0,-1
7.536 sec,0,-1
7.537 sec,0,-1
7.538 sec,0,-1
7.539 sec,0,-1
7.54 sec,0,-1
7.541 sec,0,-1
7.542 sec,0,-1
7.543 sec,0,-1
7.544 sec,0,-1
7.545 sec,0,-1
7.546 sec,0,-1
7.547 sec,0,-1
7.548 sec,0,-1
7.549 sec,0,-1
7.55 sec,0,-1
7.551 sec,0,-1
7.552 sec,0,-1
7.553 sec,0,-1
7.554 sec,0,-1
7.555 sec,0,-1
7.556 sec,0,-1
7.557 sec,0,-1
7.558 sec,0,-1
7.559 sec,0,-1
7.56 sec,0,-1
7.561 sec,0,-1
7.562 sec,0,-1
7.563 sec,0,-1
7.564 sec,0,-1
7.565 sec,0,-1
7.566 sec,0,-1
7.567 sec,0,-1
7.568 sec,0,-1
7.569 sec,0,-1
7.57 sec,0,-1
7.571 sec,0,-1
7.572 sec,0,-1
7.573 sec,0,-1
7.574 sec,0,-1
7.575 sec,0,-1
7.576 sec,0,-1
7.577 sec,0,-1
7.578 sec,0,-1
7.579 sec,0,-1
7.58 sec,0,-1
7.581 sec,0,-1
7.582 sec,0,-1
7.583 sec,0,-1
7.584 sec,0,-1
7.585 sec,0,-1
7.586 sec,0,-1
7.587 sec,0,-1
7.588 sec,0,-1
7.589 sec,0,-1
7.59 sec,0,-1
7.591 sec,0,-1
7.592 sec,0,-1
7.593 sec,0,-1
7.594 sec,0,-1
7.595 sec,0,-1
7.596 sec,0,-1
7.597 sec,0,-1
7.598 sec,0,-1
7.599 sec,0,-1
7.6 sec,0,-1
7.601 sec,0,-1
7.602 sec,0,-1
7.603 sec,0,-1
7.604 sec,0,-1
7.605 sec,0,-1
7.606 sec,0,-1
7.607 sec,0,-1
7.608 sec,0,-1
7.609 sec,0,-1
7.61 sec,0,-1
7.611 sec,0,-1
7.612 sec,0,-1
7.613 sec,0,-1
7.614 sec,0,-1
7.615 sec,0,-1
7.616 sec,0,-1
7.617 sec,0,-1
7.618 sec,0,-1
7.619 sec,0,-1
7.62 sec,0,-1
7.621 sec,0,-1
7.622 sec,0,-1
7.623 sec,0,-1
7.624 sec,0,-1
7.625 sec,0,-1
7.626 sec,0,-1
7.627 sec,0,-1
7.628 sec,0,-1
7.629 sec,0,-1
7.63 sec,0,-1
7.631 sec,0,-1
7.632 sec,0,-1
7.633 sec,0,-1
7.634 sec,0,-1
7.635 sec,0,-1
7.636 sec,0,-1
7.637 sec,0,-1
7.638 sec,0,-1
7.639 sec,0,-1
7.64 sec,0,-1
7.641 sec,0,-1
7.642 sec,0,-1
7.643 sec,0,-1
7.644 sec,0,-1
7.645 sec,0,-1
7.646 sec,0,-1
7.647 sec,0,-1
7.648 sec,0,-1
7.649 sec,0,-1
7.65 sec,0,-1
7.651 sec,0,-1
7.652 sec,0,-1
7.653 sec,0,-1
7.654 sec,0,-1
7.655 sec,0,-1
7.656 sec,0,-1
7.657 sec,0,-1
7.658 sec,0,-1
7.659 sec,0,-1
7.66 sec,0,-1
7.661 sec,0,-1
7.662 sec,0,-1
7.663 sec,0,-1
7.664 sec,0,-1
7.665 sec,0,-1
7.666 sec,0,-1
7.667 sec,0,-1
7.668 sec,0,-1
7.669 sec,0,-1
7.67 sec,0,-1
7.671 sec,0,-1
7.672 sec,0,-1
7.673 sec,0,-1
7.674 sec,0,-1
7.675 sec,0,-1
7.676 sec,0,-1
7.677 sec,0,-1
7.678 sec,0,-1
7.679 sec,0,-1
7.68 sec,0,-1
7.681 sec,0,-1
7.682 sec,0,-1
7.683 sec,0,-1
7.684 sec,0,-1
7.685 sec,0,-1
7.686 sec,0,-1
7.687 sec,0,-1
7.688 sec,0,-1
7.689 sec,0,-1
7.69 sec,0,-1
7.691 sec,0,-1
7.692 sec,0,-1
7.693 sec,0,-1
7.694 sec,0,-1
7.695 sec,0,-1
7.696 sec,0,-1
7.697 sec,0,-1
7.698 sec,0,-1
7.699 sec,0,-1
7.7 sec,0,-1
7.701 sec,0,-1
7.702 sec,0,-1
7.703 sec,0,-1
7.704 sec,0,-1
7.705 sec,0,-1
7.706 sec,0,-1
7.707 sec,0,-1
7.708 sec,0,-1
7.709 sec,0,-1
7.71 sec,0,-1
7.711 sec,0,-1
7.712 sec,0,-1
7.713 sec,0,-1
7.714 sec,0,-1
7.715 sec,0,-1
7.716 sec,0,-1
7.717 sec,0,-1
7.718 sec,0,-1
7.719 sec,0,-1
7.72 sec,0,-1
7.721 sec,0,-1
7.722 sec,0,-1
7.723 sec,0,-1
7.724 sec,0,-1
7.725 sec,0,-1
7.726 sec,0,-1
7.727 sec,0,-1
7.728 sec,0,-1
7.729 sec,0,-1
7.73 sec,0,-1
7.731 sec,0,-1
7.732 sec,0,-1
7.733 sec,0,-1
7.734 sec,0,-1
7.735 sec,0,-1
7.736 sec,0,-1
7.737 sec,0,-1
7.738 sec,0,-1
7.739 sec,0,-1
7.74 sec,0,-1
7.741 sec,0,-1
7.742 sec,0,-1
7.743 sec,0,-1
7.744 sec,0,-1
7.745 sec,0,-1
7.746 sec,0,-1
7.747 sec,0,-1
7.748 sec,0,-1
7.749 sec,0,-1
7.75 sec,0,-1
7.751 sec,0,-1
7.752 sec,0,-1
7.753 sec,0,-1
7.754 sec,0,-1
7.755 sec,0,-1
7.756 sec,0,-1
7.757 sec,0,-1
7.758 sec,0,-1
7.759 sec,0,-1
7.76 sec,0,-1
7.761 sec,0,-1
7.762 sec,0,-1
7.763 sec,0,-1
7.764 sec,0,-1
7.765 sec,0,-1
7.766 sec,0,-1
7.767 sec,0,-1
7.768 sec,0,-1
7.769 sec,0,-1
7.77 sec,0,-1
7.771 sec,0,-1
7.772 sec,0,-1
7.773 sec,0,-1
7.774 sec,0,-1
7.775 sec,0,-1
7.776 sec,0,-1
7.777 sec,0,-1
7.778 sec,0,-1
7.779 sec,0,-1
7.78 sec,0,-1
7.781 sec,0,-1
7.782 sec,0,-1
7.783 sec,0,-1
7.784 sec,0,-1
7.785 sec,0,-1
7.786 sec,0,-1
7.787 sec,0,-1
7.788 sec,0,-1
7.789 sec,0,-1
7.79 sec,0,-1
7.791 sec,0,-1
7.792 sec,0,-1
7.793 sec,0,-1
7.794 sec,0,-1
7.795 sec,0,-1
7.796 sec,0,-1
7.797 sec,0,-1
7.798 sec,0,-1
7.799 sec,0,-1
7.8 sec,0,-1
7.801 sec,0,-1
7.802 sec,0,-1
7.803 sec,0,-1
7.804 sec,0,-1
7.805 sec,0,-1
7.806 sec,0,-1
7.807 sec,0,-1
7.808 sec,0,-1
7.809 sec,0,-1
7.81 sec,0,-1
7.811 sec,0,-1
7.812 sec,0,-1
7.813 sec,0,-1
7.814 sec,0,-1
7.815 sec,0,-1
7.816 sec,0,-1
7.817 sec,0,-1
7.818 sec,0,-1
7.819 sec,0,-1
7.82 sec,0,-1
7.821 sec,0,-1
7.822 sec,0,-1
7.823 sec,0,-1
7.824 sec,0,-1
7.825 sec,0,-1
7.826 sec,0,-1
7.827 sec,0,-1
7.828 sec,0,-1
7.829 sec,0,-1
7.83 sec,0,-1
7.831 sec,0,-1
7.832 sec,0,-1
7.833 sec,0,-1
7.834 sec,0,-1
7.835 sec,0,-1
7.836 sec,0,-1
7.837 sec,0,-1
7.838 sec,0,-1
7.839 sec,0,-1
7.84 sec,0,-1
7.841 sec,0,-1
7.842 sec,0,-1
7.843 sec,0,-1
7.844 sec,0,-1
7.845 sec,0,-1
7.846 sec,0,-1
7.847 sec,0,-1
7.848 sec,0,-1
7.849 sec,0,-1
7.85 sec,0,-1
7.851 sec,0,-1
7.852 sec,0,-1
7.853 sec,0,-1
7.854 sec,0,-1
7.855 sec,0,-1
7.856 sec,0,-1
7.857 sec,0,-1
7.858 sec,0,-1
7.859 sec,0,-1
7.86 sec,0,-1
7.861 sec,0,-1
7.862 sec,0,-1
7.863 sec,0,-1
7.864 sec,0,-1
7.865 sec,0,-1
7.866 sec,0,-1
7.867 sec,0,-1
7.868 sec,0,-1
7.869 sec,0,-1
7.87 sec,0,-1
7.871 sec,0,-1
7.872 sec,0,-1
7.873 sec,0,-1
7.874 sec,0,-1
7.875 sec,0,-1
7.876 sec,0,-1
7.877 sec,0,-1
7.878 sec,0,-1
7.879 sec,0,-1
7.88 sec,0,-1
7.881 sec,0,-1
7.882 sec,0,-1
7.883 sec,0,-1
7.884 sec,0,-1
7.885 sec,0,-1
7.886 sec,0,-1
7.887 sec,0,-1
7.888 sec,0,-1
7.889 sec,0,-1
7.89 sec,0,-1
7.891 sec,0,-1
7.892 sec,0,-1
7.893 sec,0,-1
7.894 sec,0,-1
7.895 sec,0,-1
7.896 sec,0,-1
7.897 sec,0,-1
7.898 sec,0,-1
7.899 sec,0,-1
7.9 sec,0,-1
7.901 sec,0,-1
7.902 sec,0,-1
7.903 sec,0,-1
7.904 sec,0,-1
7.905 sec,0,-1
7.906 sec,0,-1
7.907 sec,0,-1
7.908 sec,0,-1
7.909 sec,0,-1
7.91 sec,0,-1
7.911 sec,0,-1
7.912 sec,0,-1
7.913 sec,0,-1
7.914 sec,0,-1
7.915 sec,0,-1
7.916 sec,0,-1
7.917 sec,0,-1
7.918 sec,0,-1
7.919 sec,0,-1
7.92 sec,0,-1
7.921 sec,0,-1
7.922 sec,0,-1
7.923 sec,0,-1
7.924 sec,0,-1
7.925 sec,0,-1
7.926 sec,0,-1
7.927 sec,0,-1
7.928 sec,0,-1
7.929 sec,0,-1
7.93 sec,0,-1
7.931 sec,0,-1
7.932 sec,0,-1
7.933 sec,0,-1
7.934 sec,0,-1
7.935 sec,0,-1
7.936 sec,0,-1
7.937 sec,0,-1
7.938 sec,0,-1
7.939 sec,0,-1
7.94 sec,0,-1
7.941 sec,0,-1
7.942 sec,0,-1
7.943 sec,0,-1
7.944 sec,0,-1
7.945 sec,0,-1
7.946 sec,0,-1
7.947 sec,0,-1
7.948 sec,0,-1
7.949 sec,0,-1
7.95 sec,0,-1
7.951 sec,0,-1
7.952 sec,0,-1
7.953 sec,0,-1
7.954 sec,0,-1
7.955 sec,0,-1
7.956 sec,0,-1
7.957 sec,0,-1
7.958 sec,0,-1
7.959 sec,0,-1
7.96 sec,0,-1
7.961 sec,0,-1
7.962 sec,0,-1
7.963 sec,0,-1
7.964 sec,0,-1
7.965 sec,0,-1
7.966 sec,0,-1
7.967 sec,0,-1
7.968 sec,0,-1
7.969 sec,0,-1
7.97 sec,0,-1
7.971 sec,0,-1
7.972 sec,0,-1
7.973 sec,0,-1
7.974 sec,0,-1
7.975 sec,0,-1
7.976 sec,0,-1
7.977 sec,0,-1
7.978 sec,0,-1
7.979 sec,0,-1
7.98 sec,0,-1
7.981 sec,0,-1
7.982 sec,0,-1
7.983 sec,0,-1
7.984 sec,0,-1
7.985 sec,0,-1
7.986 sec,0,-1
7.987 sec,0,-1
7.988 sec,0,-1
7.989 sec,0,-1
7.99 sec,0,-1
7.991 sec,0,-1
7.992 sec,0,-1
7.993 sec,0,-1
7.994 sec,0,-1
7.995 sec,0,-1
7.996 sec,0,-1
7.997 sec,0,-1
7.998 sec,0,-1
7.999 sec,0,-1
8 sec,0,-1
8.001 sec,0,-1
8.002 sec,0,-1
8.003 sec,0,-1
8.004 sec,0,-1
8.005 sec,0,-1
8.006 sec,0,-1
8.007 sec,0,-1
8.008 sec,0,-1
8.009 sec,0,-1
8.01 sec,0,-1
8.011 sec,0,-1
8.012 sec,0,-1
8.013 sec,0,-1
8.014 sec,0,-1
8.015 sec,0,-1
8.016 sec,0,-1
8.017 sec,0,-1
8.018 sec,0,-1
8.019 sec,0,-1
8.02 sec,0,-1
8.021 sec,0,-1
8.022 sec,0,-1
8.023 sec,0,-1
8.024 sec,0,-1
8.025 sec,0,-1
8.026 sec,0,-1
8.027 sec,0,-1
8.028 sec,0,-1
8.029 sec,0,-1
8.03 sec,0,-1
8.031 sec,0,-1
8.032 sec,0,-1
8.033 sec,0,-1
8.034 sec,0,-1
8.035 sec,0,-1
8.036 sec,0,-1
8.037 sec,0,-1
8.038 sec,0,-1
8.039 sec,0,-1
8.04 sec,0,-1
8.041 sec,0,-1
8.042 sec,0,-1
8.043 sec,0,-1
8.044 sec,0,-1
8.045 sec,0,-1
8.046 sec,0,-1
8.047 sec,0,-1
8.048 sec,0,-1
8.049 sec,0,-1
8.05 sec,0,-1
8.051 sec,0,-1
8.052 sec,0,-1
8.053 sec,0,-1
8.054 sec,0,-1
8.055 sec,0,-1
8.056 sec,0,-1
8.057 sec,0,-1
8.058 sec,0,-1
8.059 sec,0,-1
8.06 sec,0,-1
8.061 sec,0,-1
8.062 sec,0,-1
8.063 sec,0,-1
8.064 sec,0,-1
8.065 sec,0,-1
8.066 sec,0,-1
8.067 sec,0,-1
8.068 sec,0,-1
8.069 sec,0,-1
8.07 sec,0,-1
8.071 sec,0,-1
8.072 sec,0,-1
8.073 sec,0,-1
8.074 sec,0,-1
8.075 sec,0,-1
8.076 sec,0,-1
8.077 sec,0,-1
8.078 sec,0,-1
8.079 sec,0,-1
8.08 sec,0,-1
8.081 sec,0,-1
8.082 sec,0,-1
8.083 sec,0,-1
8.084 sec,0,-1
8.085 sec,0,-1
8.086 sec,0,-1
8.087 sec,0,-1
8.088 sec,0,-1
8.089 sec,0,-1
8.09 sec,0,-1
8.091 sec,0,-1
8.092 sec,0,-1
8.093 sec,0,-1
8.094 sec,0,-1
8.095 sec,0,-1
8.096 sec,0,-1
8.097 sec,0,-1
8.098 sec,0,-1
8.099 sec,0,-1
8.1 sec,0,-1
8.101 sec,0,-1
8.102 sec,0,-1
8.103 sec,0,-1
8.104 sec,0,-1
8.105 sec,0,-1
8.106 sec,0,-1
8.107 sec,0,-1
8.108 sec,0,-1
8.109 sec,0,-1
8.11 sec,0,-1
8.111 sec,0,-1
8.112 sec,0,-1
8.113 sec,0,-1
8.114 sec,0,-1
8.115 sec,0,-1
8.116 sec,0,-1
8.117 sec,0,-1
8.118 sec,0,-1
8.119 sec,0,-1
8.12 sec,0,-1
8.121 sec,0,-1
8.122 sec,0,-1
8.123 sec,0,-1
8.124 sec,0,-1
8.125 sec,0,-1
8.126 sec,0,-1
8.127 sec,0,-1
8.128 sec,0,-1
8.129 sec,0,-1
8.13 sec,0,-1
8.131 sec,0,-1
8.132 sec,0,-1
8.133 sec,0,-1
8.134 sec,0,-1
8.135 sec,0,-1
8.136 sec,0,-1
8.137 sec,0,-1
8.138 sec,0,-1
8.139 sec,0,-1
8.14 sec,0,-1
8.141 sec,0,-1
8.142 sec,0,-1
8.143 sec,0,-1
8.144 sec,0,-1
8.145 sec,0,-1
8.146 sec,0,-1
8.147 sec,0,-1
8.148 sec,0,-1
8.149 sec,0,-1
8.15 sec,0,-1
8.151 sec,0,-1
8.152 sec,0,-1
8.153 sec,0,-1
8.154 sec,0,-1
8.155 sec,0,-1
8.156 sec,0,-1
8.157 sec,0,-1
8.158 sec,0,-1
8.159 sec,0,-1
8.16 sec,0,-1
8.161 sec,0,-1
8.162 sec,0,-1
8.163 sec,0,-1
8.164 sec,0,-1
8.165 sec,0,-1
8.166 sec,0,-1
8.167 sec,0,-1
8.168 sec,0,-1
8.169 sec,0,-1
8.17 sec,0,-1
8.171 sec,0,-1
8.172 sec,0,-1
8.173 sec,0,-1
8.174 sec,0,-1
8.175 sec,0,-1
8.176 sec,0,-1
8.177 sec,0,-1
8.178 sec,0,-1
8.179 sec,0,-1
8.18 sec,0,-1
8.181 sec,0,-1
8.182 sec,0,-1
8.183 sec,0,-1
8.184 sec,0,-1
8.185 sec,0,-1
8.186 sec,0,-1
8.187 sec,0,-1
8.188 sec,0,-1
8.189 sec,0,-1
8.19 sec,0,-1
8.191 sec,0,-1
8.192 sec,0,-1
8.193 sec,0,-1
8.194 sec,0,-1
8.195 sec,0,-1
8.196 sec,0,-1
8.197 sec,0,-1
8.198 sec,0,-1
8.199 sec,0,-1
8.2 sec,0,-1
8.201 sec,0,-1
8.202 sec,0,-1
8.203 sec,0,-1
8.204 sec,0,-1
8.205 sec,0,-1
8.206 sec,0,-1
8.207 sec,0,-1
8.208 sec,0,-1
8.209 sec,0,-1
8.21 sec,0,-1
8.211 sec,0,-1
8.212 sec,0,-1
8.213 sec,0,-1
8.214 sec,0,-1
8.215 sec,0,-1
8.216 sec,0,-1
8.217 sec,0,-1
8.218 sec,0,-1
8.219 sec,0,-1
8.22 sec,0,-1
8.221 sec,0,-1
8.222 sec,0,-1
8.223 sec,0,-1
8.224 sec,0,-1
8.225 sec,0,-1
8.226 sec,0,-1
8.227 sec,0,-1
8.228 sec,0,-1
8.229 sec,0,-1
8.23 sec,0,-1
8.231 sec,0,-1
8.232 sec,0,-1
8.233 sec,0,-1
8.234 sec,0,-1
8.235 sec,0,-1
8.236 sec,0,-1
8.237 sec,0,-1
8.238 sec,0,-1
8.239 sec,0,-1
8.24 sec,0,-1
8.241 sec,0,-1
8.242 sec,0,-1
8.243 sec,0,-1
8.244 sec,0,-1
8.245 sec,0,-1
8.246 sec,0,-1
8.247 sec,0,-1
8.248 sec,0,-1
8.249 sec,0,-1
8.25 sec,0,-1
8.251 sec,0,-1
8.252 sec,0,-1
8.253 sec,0,-1
8.254 sec,0,-1
8.255 sec,0,-1
8.256 sec,0,-1
8.257 sec,0,-1
8.258 sec,0,-1
8.259 sec,0,-1
8.26 sec,0,-1
8.261 sec,0,-1
8.262 sec,0,-1
8.263 sec,0,-1
8.264 sec,0,-1
8.265 sec,0,-1
8.266 sec,0,-1
8.267 sec,0,-1
8.268 sec,0,-1
8.269 sec,0,-1
8.27 sec,0,-1
8.271 sec,0,-1
8.272 sec,0,-1
8.273 sec,0,-1
8.274 sec,0,-1
8.275 sec,0,-1
8.276 sec,0,-1
8.277 sec,0,-1
8.278 sec,0,-1
8.279 sec,0,-1
8.28 sec,0,-1
8.281 sec,0,-1
8.282 sec,0,-1
8.283 sec,0,-1
8.284 sec,0,-1
8.285 sec,0,-1
8.286 sec,0,-1
8.287 sec,0,-1
8.288 sec,0,-1
8.289 sec,0,-1
8.29 sec,0,-1
8.291 sec,0,-1
8.292 sec,0,-1
8.293 sec,0,-1
8.294 sec,0,-1
8.295 sec,0,-1
8.296 sec,0,-1
8.297 sec,0,-1
8.298 sec,0,-1
8.299 sec,0,-1
8.3 sec,0,-1
8.301 sec,0,-1
8.302 sec,0,-1
8.303 sec,0,-1
8.304 sec,0,-1
8.305 sec,0,-1
8.306 sec,0,-1
8.307 sec,0,-1
8.308 sec,0,-1
8.309 sec,0,-1
8.31 sec,0,-1
8.311 sec,0,-1
8.312 sec,0,-1
8.313 sec,0,-1
8.314 sec,0,-1
8.315 sec,0,-1
8.316 sec,0,-1
8.317 sec,0,-1
8.318 sec,0,-1
8.319 sec,0,-1
8.32 sec,0,-1
8.321 sec,0,-1
8.322 sec,0,-1
8.323 sec,0,-1
8.324 sec,0,-1
8.325 sec,0,-1
8.326 sec,0,-1
8.327 sec,0,-1
8.328 sec,0,-1
8.329 sec,0,-1
8.33 sec,0,-1
8.331 sec,0,-1
8.332 sec,0,-1
8.333 sec,0,-1
8.334 sec,0,-1
8.335 sec,0,-1
8.336 sec,0,-1
8.337 sec,0,-1
8.338 sec,0,-1
8.339 sec,0,-1
8.34 sec,0,-1
8.341 sec,0,-1
8.342 sec,0,-1
8.343 sec,0,-1
8.344 sec,0,-1
8.345 sec,0,-1
8.346 sec,0,-1
8.347 sec,0,-1
8.348 sec,0,-1
8.349 sec,0,-1
8.35 sec,0,-1
8.351 sec,0,-1
8.352 sec,0,-1
8.353 sec,0,-1
8.354 sec,0,-1
8.355 sec,0,-1
8.356 sec,0,-1
8.357 sec,0,-1
8.358 sec,0,-1
8.359 sec,0,-1
8.36 sec,0,-1
8.361 sec,0,-1
8.362 sec,0,-1
8.363 sec,0,-1
8.364 sec,0,-1
8.365 sec,0,-1
8.366 sec,0,-1
8.367 sec,0,-1
8.368 sec,0,-1
8.369 sec,0,-1
8.37 sec,0,-1
8.371 sec,0,-1
8.372 sec,0,-1
8.373 sec,0,-1
8.374 sec,0,-1
8.375 sec,0,-1
8.376 sec,0,-1
8.377 sec,0,-1
8.378 sec,0,-1
8.379 sec,0,-1
8.38 sec,0,-1
8.381 sec,0,-1
8.382 sec,0,-1
8.383 sec,0,-1
8.384 sec,0,-1
8.385 sec,0,-1
8.386 sec,0,-1
8.387 sec,0,-1
8.388 sec,0,-1
8.389 sec,0,-1
8.39 sec,0,-1
8.391 sec,0,-1
8.392 sec,0,-1
8.393 sec,0,-1
8.394 sec,0,-1
8.395 sec,0,-1
8.396 sec,0,-1
8.397 sec,0,-1
8.398 sec,0,-1
8.399 sec,0,-1
8.4 sec,0,-1
8.401 sec,0,-1
8.402 sec,0,-1
8.403 sec,0,-1
8.404 sec,0,-1
8.405 sec,0,-1
8.406 sec,0,-1
8.407 sec,0,-1
8.408 sec,0,-1
8.409 sec,0,-1
8.41 sec,0,-1
8.411 sec,0,-1
8.412 sec,0,-1
8.413 sec,0,-1
8.414 sec,0,-1
8.415 sec,0,-1
8.416 sec,0,-1
8.417 sec,0,-1
8.418 sec,0,-1
8.419 sec,0,-1
8.42 sec,0,-1
8.421 sec,0,-1
8.422 sec,0,-1
8.423 sec,0,-1
8.424 sec,0,-1
8.425 sec,0,-1
8.426 sec,0,-1
8.427 sec,0,-1
8.428 sec,0,-1
8.429 sec,0,-1
8.43 sec,0,-1
8.431 sec,0,-1
8.432 sec,0,-1
8.433 sec,0,-1
8.434 sec,0,-1
8.435 sec,0,-1
8.436 sec,0,-1
8.437 sec,0,-1
8.438 sec,0,-1
8.439 sec,0,-1
8.44 sec,0,-1
8.441 sec,0,-1
8.442 sec,0,-1
8.443 sec,0,-1
8.444 sec,0,-1
8.445 sec,0,-1
8.446 sec,0,-1
8.447 sec,0,-1
8.448 sec,0,-1
8.449 sec,0,-1
8.45 sec,0,-1
8.451 sec,0,-1
8.452 sec,0,-1
8.453 sec,0,-1
8.454 sec,0,-1
8.455 sec,0,-1
8.456 sec,0,-1
8.457 sec,0,-1
8.458 sec,0,-1
8.459 sec,0,-1
8.46 sec,0,-1
8.461 sec,0,-1
8.462 sec,0,-1
8.463 sec,0,-1
8.464 sec,0,-1
8.465 sec,0,-1
8.466 sec,0,-1
8.467 sec,0,-1
8.468 sec,0,-1
8.469 sec,0,-1
8.47 sec,0,-1
8.471 sec,0,-1
8.472 sec,0,-1
8.473 sec,0,-1
8.474 sec,0,-1
8.475 sec,0,-1
8.476 sec,0,-1
8.477 sec,0,-1
8.478 sec,0,-1
8.479 sec,0,-1
8.48 sec,0,-1
8.481 sec,0,-1
8.482 sec,0,-1
8.483 sec,0,-1
8.484 sec,0,-1
8.485 sec,0,-1
8.486 sec,0,-1
8.487 sec,0,-1
8.488 sec,0,-1
8.489 sec,0,-1
8.49 sec,0,-1
8.491 sec,0,-1
8.492 sec,0,-1
8.493 sec,0,-1
8.494 sec,0,-1
8.495 sec,0,-1
8.496 sec,0,-1
8.497 sec,0,-1
8.498 sec,0,-1
8.499 sec,0,-1
8.5 sec,0,-1
8.501 sec,0,-1
8.502 sec,0,-1
8.503 sec,0,-1
8.504 sec,0,-1
8.505 sec,0,-1
8.506 sec,0,-1
8.507 sec,0,-1
8.508 sec,0,-1
8.509 sec,0,-1
8.51 sec,0,-1
8.511 sec,0,-1
8.512 sec,0,-1
8.513 sec,0,-1
8.514 sec,0,-1
8.515 sec,0,-1
8.516 sec,0,-1
8.517 sec,0,-1
8.518 sec,0,-1
8.519 sec,0,-1
8.52 sec,0,-1
8.521 sec,0,-1
8.522 sec,0,-1
8.523 sec,0,-1
8.524 sec,0,-1
8.525 sec,0,-1
8.526 sec,0,-1
8.527 sec,0,-1
8.528 sec,0,-1
8.529 sec,0,-1
8.53 sec,0,-1
8.531 sec,0,-1
8.532 sec,0,-1
8.533 sec,0,-1
8.534 sec,0,-1
8.535 sec,0,-1
8.536 sec,0,-1
8.537 sec,0,-1
8.538 sec,0,-1
8.539 sec,0,-1
8.54 sec,0,-1
8.541 sec,0,-1
8.542 sec,0,-1
8.543 sec,0,-1
8.544 sec,0,-1
8.545 sec,0,-1
8.546 sec,0,-1
8.547 sec,0,-1
8.548 sec,0,-1
8.549 sec,0,-1
8.55 sec,0,-1
8.551 sec,0,-1
8.552 sec,0,-1
8.553 sec,0,-1
8.554 sec,0,-1
8.555 sec,0,-1
8.556 sec,0,-1
8.557 sec,0,-1
8.558 sec,0,-1
8.559 sec,0,-1
8.56 sec,0,-1
8.561 sec,0,-1
8.562 sec,0,-1
8.563 sec,0,-1
8.564 sec,0,-1
8.565 sec,0,-1
8.566 sec,0,-1
8.567 sec,0,-1
8.568 sec,0,-1
8.569 sec,0,-1
8.57 sec,0,-1
8.571 sec,0,-1
8.572 sec,0,-1
8.573 sec,0,-1
8.574 sec,0,-1
8.575 sec,0,-1
8.576 sec,0,-1
8.577 sec,0,-1
8.578 sec,0,-1
8.579 sec,0,-1
8.58 sec,0,-1
8.581 sec,0,-1
8.582 sec,0,-1
8.583 sec,0,-1
8.584 sec,0,-1
8.585 sec,0,-1
8.586 sec,0,-1
8.587 sec,0,-1
8.588 sec,0,-1
8.589 sec,0,-1
8.59 sec,0,-1
8.591 sec,0,-1
8.592 sec,0,-1
8.593 sec,0,-1
8.594 sec,0,-1
8.595 sec,0,-1
8.596 sec,0,-1
8.597 sec,0,-1
8.598 sec,0,-1
8.599 sec,0,-1
8.6 sec,0,-1
8.601 sec,0,-1
8.602 sec,0,-1
8.603 sec,0,-1
8.604 sec,0,-1
8.605 sec,0,-1
8.606 sec,0,-1
8.607 sec,0,-1
8.608 sec,0,-1
8.609 sec,0,-1
8.61 sec,0,-1
8.611 sec,0,-1
8.612 sec,0,-1
8.613 sec,0,-1
8.614 sec,0,-1
8.615 sec,0,-1
8.616 sec,0,-1
8.617 sec,0,-1
8.618 sec,0,-1
8.619 sec,0,-1
8.62 sec,0,-1
8.621 sec,0,-1
8.622 sec,0,-1
8.623 sec,0,-1
8.624 sec,0,-1
8.625 sec,0,-1
8.626 sec,0,-1
8.627 sec,0,-1
8.628 sec,0,-1
8.629 sec,0,-1
8.63 sec,0,-1
8.631 sec,0,-1
8.632 sec,0,-1
8.633 sec,0,-1
8.634 sec,0,-1
8.635 sec,0,-1
8.636 sec,0,-1
8.637 sec,0,-1
8.638 sec,0,-1
8.639 sec,0,-1
8.64 sec,0,-1
8.641 sec,0,-1
8.642 sec,0,-1
8.643 sec,0,-1
8.644 sec,0,-1
8.645 sec,0,-1
8.646 sec,0,-1
8.647 sec,0,-1
8.648 sec,0,-1
8.649 sec,0,-1
8.65 sec,0,-1
8.651 sec,0,-1
8.652 sec,0,-1
8.653 sec,0,-1
8.654 sec,0,-1
8.655 sec,0,-1
8.656 sec,0,-1
8.657 sec,0,-1
8.658 sec,0,-1
8.659 sec,0,-1
8.66 sec,0,-1
8.661 sec,0,-1
8.662 sec,0,-1
8.663 sec,0,-1
8.664 sec,0,-1
8.665 sec,0,-1
8.666 sec,0,-1
8.667 sec,0,-1
8.668 sec,0,-1
8.669 sec,0,-1
8.67 sec,0,-1
8.671 sec,0,-1
8.672 sec,0,-1
8.673 sec,0,-1
8.674 sec,0,-1
8.675 sec,0,-1
8.676 sec,0,-1
8.677 sec,0,-1
8.678 sec,0,-1
8.679 sec,0,-1
8.68 sec,0,-1
8.681 sec,0,-1
8.682 sec,0,-1
8.683 sec,0,-1
8.684 sec,0,-1
8.685 sec,0,-1
8.686 sec,0,-1
8.687 sec,0,-1
8.688 sec,0,-1
8.689 sec,0,-1
8.69 sec,0,-1
8.691 sec,0,-1
8.692 sec,0,-1
8.693 sec,0,-1
8.694 sec,0,-1
8.695 sec,0,-1
8.696 sec,0,-1
8.697 sec,0,-1
8.698 sec,0,-1
8.699 sec,0,-1
8.7 sec,0,-1
8.701 sec,0,-1
8.702 sec,0,-1
8.703 sec,0,-1
8.704 sec,0,-1
8.705 sec,0,-1
8.706 sec,0,-1
8.707 sec,0,-1
8.708 sec,0,-1
8.709 sec,0,-1
8.71 sec,0,-1
8.711 sec,0,-1
8.712 sec,0,-1
8.713 sec,0,-1
8.714 sec,0,-1
8.715 sec,0,-1
8.716 sec,0,-1
8.717 sec,0,-1
8.718 sec,0,-1
8.719 sec,0,-1
8.72 sec,0,-1
8.721 sec,0,-1
8.722 sec,0,-1
8.723 sec,0,-1
8.724 sec,0,-1
8.725 sec,0,-1
8.726 sec,0,-1
8.727 sec,0,-1
8.728 sec,0,-1
8.729 sec,0,-1
8.73 sec,0,-1
8.731 sec,0,-1
8.732 sec,0,-1
8.733 sec,0,-1
8.734 sec,0,-1
8.735 sec,0,-1
8.736 sec,0,-1
8.737 sec,0,-1
8.738 sec,0,-1
8.739 sec,0,-1
8.74 sec,0,-1
8.741 sec,0,-1
8.742 sec,0,-1
8.743 sec,0,-1
8.744 sec,0,-1
8.745 sec,0,-1
8.746 sec,0,-1
8.747 sec,0,-1
8.748 sec,0,-1
8.749 sec,0,-1
8.75 sec,0,-1
8.751 sec,0,-1
8.752 sec,0,-1
8.753 sec,0,-1
8.754 sec,0,-1
8.755 sec,0,-1
8.756 sec,0,-1
8.757 sec,0,-1
8.758 sec,0,-1
8.759 sec,0,-1
8.76 sec,0,-1
8.761 sec,0,-1
8.762 sec,0,-1
8.763 sec,0,-1
8.764 sec,0,-1
8.765 sec,0,-1
8.766 sec,0,-1
8.767 sec,0,-1
8.768 sec,0,-1
8.769 sec,0,-1
8.77 sec,0,-1
8.771 sec,0,-1
8.772 sec,0,-1
8.773 sec,0,-1
8.774 sec,0,-1
8.775 sec,0,-1
8.776 sec,0,-1
8.777 sec,0,-1
8.778 sec,0,-1
8.779 sec,0,-1
8.78 sec,0,-1
8.781 sec,0,-1
8.782 sec,0,-1
8.783 sec,0,-1
8.784 sec,0,-1
8.785 sec,0,-1
8.786 sec,0,-1
8.787 sec,0,-1
8.788 sec,0,-1
8.789 sec,0,-1
8.79 sec,0,-1
8.791 sec,0,-1
8.792 sec,0,-1
8.793 sec,0,-1
8.794 sec,0,-1
8.795 sec,0,-1
8.796 sec,0,-1
8.797 sec,0,-1
8.798 sec,0,-1
8.799 sec,0,-1
8.8 sec,0,-1
8.801 sec,0,-1
8.802 sec,0,-1
8.803 sec,0,-1
8.804 sec,0,-1
8.805 sec,0,-1
8.806 sec,0,-1
8.807 sec,0,-1
8.808 sec,0,-1
8.809 sec,0,-1
8.81 sec,0,-1
8.811 sec,0,-1
8.812 sec,0,-1
8.813 sec,0,-1
8.814 sec,0,-1
8.815 sec,0,-1
8.816 sec,0,-1
8.817 sec,0,-1
8.818 sec,0,-1
8.819 sec,0,-1
8.82 sec,0,-1
8.821 sec,0,-1
8.822 sec,0,-1
8.823 sec,0,-1
8.824 sec,0,-1
8.825 sec,0,-1
8.826 sec,0,-1
8.827 sec,0,-1
8.828 sec,0,-1
8.829 sec,0,-1
8.83 sec,0,-1
8.831 sec,0,-1
8.832 sec,0,-1
8.833 sec,0,-1
8.834 sec,0,-1
8.835 sec,0,-1
8.836 sec,0,-1
8.837 sec,0,-1
8.838 sec,0,-1
8.839 sec,0,-1
8.84 sec,0,-1
8.841 sec,0,-1
8.842 sec,0,-1
8.843 sec,0,-1
8.844 sec,0,-1
8.845 sec,0,-1
8.846 sec,0,-1
8.847 sec,0,-1
8.848 sec,0,-1
8.849 sec,0,-1
8.85 sec,0,-1
8.851 sec,0,-1
8.852 sec,0,-1
8.853 sec,0,-1
8.854 sec,0,-1
8.855 sec,0,-1
8.856 sec,0,-1
8.857 sec,0,-1
8.858 sec,0,-1
8.859 sec,0,-1
8.86 sec,0,-1
8.861 sec,0,-1
8.862 sec,0,-1
8.863 sec,0,-1
8.864 sec,0,-1
8.865 sec,0,-1
8.866 sec,0,-1
8.867 sec,0,-1
8.868 sec,0,-1
8.869 sec,0,-1
8.87 sec,0,-1
8.871 sec,0,-1
8.872 sec,0,-1
8.873 sec,0,-1
8.874 sec,0,-1
8.875 sec,0,-1
8.876 sec,0,-1
8.877 sec,0,-1
8.878 sec,0,-1
8.879 sec,0,-1
8.88 sec,0,-1
8.881 sec,0,-1
8.882 sec,0,-1
8.883 sec,0,-1
8.884 sec,0,-1
8.885 sec,0,-1
8.886 sec,0,-1
8.887 sec,0,-1
8.888 sec,0,-1
8.889 sec,0,-1
8.89 sec,0,-1
8.891 sec,0,-1
8.892 sec,0,-1
8.893 sec,0,-1
8.894 sec,0,-1
8.895 sec,0,-1
8.896 sec,0,-1
8.897 sec,0,-1
8.898 sec,0,-1
8.899 sec,0,-1
8.9 sec,0,-1
8.901 sec,0,-1
8.902 sec,0,-1
8.903 sec,0,-1
8.904 sec,0,-1
8.905 sec,0,-1
8.906 sec,0,-1
8.907 sec,0,-1
8.908 sec,0,-1
8.909 sec,0,-1
8.91 sec,0,-1
8.911 sec,0,-1
8.912 sec,0,-1
8.913 sec,0,-1
8.914 sec,0,-1
8.915 sec,0,-1
8.916 sec,0,-1
8.917 sec,0,-1
8.918 sec,0,-1
8.919 sec,0,-1
8.92 sec,0,-1
8.921 sec,0,-1
8.922 sec,0,-1
8.923 sec,0,-1
8.924 sec,0,-1
8.925 sec,0,-1
8.926 sec,0,-1
8.927 sec,0,-1
8.928 sec,0,-1
8.929 sec,0,-1
8.93 sec,0,-1
8.931 sec,0,-1
8.932 sec,0,-1
8.933 sec,0,-1
8.934 sec,0,-1
8.935 sec,0,-1
8.936 sec,0,-1
8.937 sec,0,-1
8.938 sec,0,-1
8.939 sec,0,-1
8.94 sec,0,-1
8.941 sec,0,-1
8.942 sec,0,-1
8.943 sec,0,-1
8.944 sec,0,-1
8.945 sec,0,-1
8.946 sec,0,-1
8.947 sec,0,-1
8.948 sec,0,-1
8.949 sec,0,-1
8.95 sec,0,-1
8.951 sec,0,-1
8.952 sec,0,-1
8.953 sec,0,-1
8.954 sec,0,-1
8.955 sec,0,-1
8.956 sec,0,-1
8.957 sec,0,-1
8.958 sec,0,-1
8.959 sec,0,-1
8.96 sec,0,-1
8.961 sec,0,-1
8.962 sec,0,-1
8.963 sec,0,-1
8.964 sec,0,-1
8.965 sec,0,-1
8.966 sec,0,-1
8.967 sec,0,-1
8.968 sec,0,-1
8.969 sec,0,-1
8.97 sec,0,-1
8.971 sec,0,-1
8.972 sec,0,-1
8.973 sec,0,-1
8.974 sec,0,-1
8.975 sec,0,-1
8.976 sec,0,-1
8.977 sec,0,-1
8.978 sec,0,-1
8.979 sec,0,-1
8.98 sec,0,-1
8.981 sec,0,-1
8.982 sec,0,-1
8.983 sec,0,-1
8.984 sec,0,-1
8.985 sec,0,-1
8.986 sec,0,-1
8.987 sec,0,-1
8.988 sec,0,-1
8.989 sec,0,-1
8.99 sec,0,-1
8.991 sec,0,-1
8.992 sec,0,-1
8.993 sec,0,-1
8.994 sec,0,-1
8.995 sec,0,-1
8.996 sec,0,-1
8.997 sec,0,-1
8.998 sec,0,-1
8.999 sec,0,-1
9 sec,0,-1
9.001 sec,0,-1
9.002 sec,0,-1
9.003 sec,0,-1
9.004 sec,0,-1
9.005 sec,0,-1
9.006 sec,0,-1
9.007 sec,0,-1
9.008 sec,0,-1
9.009 sec,0,-1
9.01 sec,0,-1
9.011 sec,0,-1
9.012 sec,0,-1
9.013 sec,0,-1
9.014 sec,0,-1
9.015 sec,0,-1
9.016 sec,0,-1
9.017 sec,0,-1
9.018 sec,0,-1
9.019 sec,0,-1
9.02 sec,0,-1
9.021 sec,0,-1
9.022 sec,0,-1
9.023 sec,0,-1
9.024 sec,0,-1
9.025 sec,0,-1
9.026 sec,0,-1
9.027 sec,0,-1
9.028 sec,0,-1
9.029 sec,0,-1
9.03 sec,0,-1
9.031 sec,0,-1
9.032 sec,0,-1
9.033 sec,0,-1
9.034 sec,0,-1
9.035 sec,0,-1
9.036 sec,0,-1
9.037 sec,0,-1
9.038 sec,0,-1
9.039 sec,0,-1
9.04 sec,0,-1
9.041 sec,0,-1
9.042 sec,0,-1
9.043 sec,0,-1
9.044 sec,0,-1
9.045 sec,0,-1
9.046 sec,0,-1
9.047 sec,0,-1
9.048 sec,0,-1
9.049 sec,0,-1
9.05 sec,0,-1
9.051 sec,0,-1
9.052 sec,0,-1
9.053 sec,0,-1
9.054 sec,0,-1
9.055 sec,0,-1
9.056 sec,0,-1
9.057 sec,0,-1
9.058 sec,0,-1
9.059 sec,0,-1
9.06 sec,0,-1
9.061 sec,0,-1
9.062 sec,0,-1
9.063 sec,0,-1
9.064 sec,0,-1
9.065 sec,0,-1
9.066 sec,0,-1
9.067 sec,0,-1
9.068 sec,0,-1
9.069 sec,0,-1
9.07 sec,0,-1
9.071 sec,0,-1
9.072 sec,0,-1
9.073 sec,0,-1
9.074 sec,0,-1
9.075 sec,0,-1
9.076 sec,0,-1
9.077 sec,0,-1
9.078 sec,0,-1
9.079 sec,0,-1
9.08 sec,0,-1
9.081 sec,0,-1
9.082 sec,0,-1
9.083 sec,0,-1
9.084 sec,0,-1
9.085 sec,0,-1
9.086 sec,0,-1
9.087 sec,0,-1
9.088 sec,0,-1
9.089 sec,0,-1
9.09 sec,0,-1
9.091 sec,0,-1
9.092 sec,0,-1
9.093 sec,0,-1
9.094 sec,0,-1
9.095 sec,0,-1
9.096 sec,0,-1
9.097 sec,0,-1
9.098 sec,0,-1
9.099 sec,0,-1
9.1 sec,0,-1
9.101 sec,0,-1
9.102 sec,0,-1
9.103 sec,0,-1
9.104 sec,0,-1
9.105 sec,0,-1
9.106 sec,0,-1
9.107 sec,0,-1
9.108 sec,0,-1
9.109 sec,0,-1
9.11 sec,0,-1
9.111 sec,0,-1
9.112 sec,0,-1
9.113 sec,0,-1
9.114 sec,0,-1
9.115 sec,0,-1
9.116 sec,0,-1
9.117 sec,0,-1
9.118 sec,0,-1
9.119 sec,0,-1
9.12 sec,0,-1
9.121 sec,0,-1
9.122 sec,0,-1
9.123 sec,0,-1
9.124 sec,0,-1
9.125 sec,0,-1
9.126 sec,0,-1
9.127 sec,0,-1
9.128 sec,0,-1
9.129 sec,0,-1
9.13 sec,0,-1
9.131 sec,0,-1
9.132 sec,0,-1
9.133 sec,0,-1
9.134 sec,0,-1
9.135 sec,0,-1
9.136 sec,0,-1
9.137 sec,0,-1
9.138 sec,0,-1
9.139 sec,0,-1
9.14 sec,0,-1
9.141 sec,0,-1
9.142 sec,0,-1
9.143 sec,0,-1
9.144 sec,0,-1
9.145 sec,0,-1
9.146 sec,0,-1
9.147 sec,0,-1
9.148 sec,0,-1
9.149 sec,0,-1
9.15 sec,0,-1
9.151 sec,0,-1
9.152 sec,0,-1
9.153 sec,0,-1
9.154 sec,0,-1
9.155 sec,0,-1
9.156 sec,0,-1
9.157 sec,0,-1
9.158 sec,0,-1
9.159 sec,0,-1
9.16 sec,0,-1
9.161 sec,0,-1
9.162 sec,0,-1
9.163 sec,0,-1
9.164 sec,0,-1
9.165 sec,0,-1
9.166 sec,0,-1
9.167 sec,0,-1
9.168 sec,0,-1
9.169 sec,0,-1
9.17 sec,0,-1
9.171 sec,0,-1
9.172 sec,0,-1
9.173 sec,0,-1
9.174 sec,0,-1
9.175 sec,0,-1
9.176 sec,0,-1
9.177 sec,0,-1
9.178 sec,0,-1
9.179 sec,0,-1
9.18 sec,0,-1
9.181 sec,0,-1
9.182 sec,0,-1
9.183 sec,0,-1
9.184 sec,0,-1
9.185 sec,0,-1
9.186 sec,0,-1
9.187 sec,0,-1
9.188 sec,0,-1
9.189 sec,0,-1
9.19 sec,0,-1
9.191 sec,0,-1
9.192 sec,0,-1
9.193 sec,0,-1
9.194 sec,0,-1
9.195 sec,0,-1
9.196 sec,0,-1
9.197 sec,0,-1
9.198 sec,0,-1
9.199 sec,0,-1
9.2 sec,0,-1
9.201 sec,0,-1
9.202 sec,0,-1
9.203 sec,0,-1
9.204 sec,0,-1
9.205 sec,0,-1
9.206 sec,0,-1
9.207 sec,0,-1
9.208 sec,0,-1
9.209 sec,0,-1
9.21 sec,0,-1
9.211 sec,0,-1
9.212 sec,0,-1
9.213 sec,0,-1
9.214 sec,0,-1
9.215 sec,0,-1
9.216 sec,0,-1
9.217 sec,0,-1
9.218 sec,0,-1
9.219 sec,0,-1
9.22 sec,0,-1
9.221 sec,0,-1
9.222 sec,0,-1
9.223 sec,0,-1
9.224 sec,0,-1
9.225 sec,0,-1
9.226 sec,0,-1
9.227 sec,0,-1
9.228 sec,0,-1
9.229 sec,0,-1
9.23 sec,0,-1
9.231 sec,0,-1
9.232 sec,0,-1
9.233 sec,0,-1
9.234 sec,0,-1
9.235 sec,0,-1
9.236 sec,0,-1
9.237 sec,0,-1
9.238 sec,0,-1
9.239 sec,0,-1
9.24 sec,0,-1
9.241 sec,0,-1
9.242 sec,0,-1
9.243 sec,0,-1
9.244 sec,0,-1
9.245 sec,0,-1
9.246 sec,0,-1
9.247 sec,0,-1
9.248 sec,0,-1
9.249 sec,0,-1
9.25 sec,0,-1
9.251 sec,0,-1
9.252 sec,0,-1
9.253 sec,0,-1
9.254 sec,0,-1
9.255 sec,0,-1
9.256 sec,0,-1
9.257 sec,0,-1
9.258 sec,0,-1
9.259 sec,0,-1
9.26 sec,0,-1
9.261 sec,0,-1
9.262 sec,0,-1
9.263 sec,0,-1
9.264 sec,0,-1
9.265 sec,0,-1
9.266 sec,0,-1
9.267 sec,0,-1
9.268 sec,0,-1
9.269 sec,0,-1
9.27 sec,0,-1
9.271 sec,0,-1
9.272 sec,0,-1
9.273 sec,0,-1
9.274 sec,0,-1
9.275 sec,0,-1
9.276 sec,0,-1
9.277 sec,0,-1
9.278 sec,0,-1
9.279 sec,0,-1
9.28 sec,0,-1
9.281 sec,0,-1
9.282 sec,0,-1
9.283 sec,0,-1
9.284 sec,0,-1
9.285 sec,0,-1
9.286 sec,0,-1
9.287 sec,0,-1
9.288 sec,0,-1
9.289 sec,0,-1
9.29 sec,0,-1
9.291 sec,0,-1
9.292 sec,0,-1
9.293 sec,0,-1
9.294 sec,0,-1
9.295 sec,0,-1
9.296 sec,0,-1
9.297 sec,0,-1
9.298 sec,0,-1
9.299 sec,0,-1
9.3 sec,0,-1
9.301 sec,0,-1
9.302 sec,0,-1
9.303 sec,0,-1
9.304 sec,0,-1
9.305 sec,0,-1
9.306 sec,0,-1
9.307 sec,0,-1
9.308 sec,0,-1
9.309 sec,0,-1
9.31 sec,0,-1
9.311 sec,0,-1
9.312 sec,0,-1
9.313 sec,0,-1
9.314 sec,0,-1
9.315 sec,0,-1
9.316 sec,0,-1
9.317 sec,0,-1
9.318 sec,0,-1
9.319 sec,0,-1
9.32 sec,0,-1
9.321 sec,0,-1
9.322 sec,0,-1
9.323 sec,0,-1
9.324 sec,0,-1
9.325 sec,0,-1
9.326 sec,0,-1
9.327 sec,0,-1
9.328 sec,0,-1
9.329 sec,0,-1
9.33 sec,0,-1
9.331 sec,0,-1
9.332 sec,0,-1
9.333 sec,0,-1
9.334 sec,0,-1
9.335 sec,0,-1
9.336 sec,0,-1
9.337 sec,0,-1
9.338 sec,0,-1
9.339 sec,0,-1
9.34 sec,0,-1
9.341 sec,0,-1
9.342 sec,0,-1
9.343 sec,0,-1
9.344 sec,0,-1
9.345 sec,0,-1
9.346 sec,0,-1
9.347 sec,0,-1
9.348 sec,0,-1
9.349 sec,0,-1
9.35 sec,0,-1
9.351 sec,0,-1
9.352 sec,0,-1
9.353 sec,0,-1
9.354 sec,0,-1
9.355 sec,0,-1
9.356 sec,0,-1
9.357 sec,0,-1
9.358 sec,0,-1
9.359 sec,0,-1
9.36 sec,0,-1
9.361 sec,0,-1
9.362 sec,0,-1
9.363 sec,0,-1
9.364 sec,0,-1
9.365 sec,0,-1
9.366 sec,0,-1
9.367 sec,0,-1
9.368 sec,0,-1
9.369 sec,0,-1
9.37 sec,0,-1
9.371 sec,0,-1
9.372 sec,0,-1
9.373 sec,0,-1
9.374 sec,0,-1
9.375 sec,0,-1
9.376 sec,0,-1
9.377 sec,0,-1
9.378 sec,0,-1
9.379 sec,0,-1
9.38 sec,0,-1
9.381 sec,0,-1
9.382 sec,0,-1
9.383 sec,0,-1
9.384 sec,0,-1
9.385 sec,0,-1
9.386 sec,0,-1
9.387 sec,0,-1
9.388 sec,0,-1
9.389 sec,0,-1
9.39 sec,0,-1
9.391 sec,0,-1
9.392 sec,0,-1
9.393 sec,0,-1
9.394 sec,0,-1
9.395 sec,0,-1
9.396 sec,0,-1
9.397 sec,0,-1
9.398 sec,0,-1
9.399 sec,0,-1
9.4 sec,0,-1
9.401 sec,0,-1
9.402 sec,0,-1
9.403 sec,0,-1
9.404 sec,0,-1
9.405 sec,0,-1
9.406 sec,0,-1
9.407 sec,0,-1
9.408 sec,0,-1
9.409 sec,0,-1
9.41 sec,0,-1
9.411 sec,0,-1
9.412 sec,0,-1
9.413 sec,0,-1
9.414 sec,0,-1
9.415 sec,0,-1
9.416 sec,0,-1
9.417 sec,0,-1
9.418 sec,0,-1
9.419 sec,0,-1
9.42 sec,0,-1
9.421 sec,0,-1
9.422 sec,0,-1
9.423 sec,0,-1
9.424 sec,0,-1
9.425 sec,0,-1
9.426 sec,0,-1
9.427 sec,0,-1
9.428 sec,0,-1
9.429 sec,0,-1
9.43 sec,0,-1
9.431 sec,0,-1
9.432 sec,0,-1
9.433 sec,0,-1
9.434 sec,0,-1
9.435 sec,0,-1
9.436 sec,0,-1
9.437 sec,0,-1
9.438 sec,0,-1
9.439 sec,0,-1
9.44 sec,0,-1
9.441 sec,0,-1
9.442 sec,0,-1
9.443 sec,0,-1
9.444 sec,0,-1
9.445 sec,0,-1
9.446 sec,0,-1
9.447 sec,0,-1
9.448 sec,0,-1
9.449 sec,0,-1
9.45 sec,0,-1
9.451 sec,0,-1
9.452 sec,0,-1
9.453 sec,0,-1
9.454 sec,0,-1
9.455 sec,0,-1
9.456 sec,0,-1
9.457 sec,0,-1
9.458 sec,0,-1
9.459 sec,0,-1
9.46 sec,0,-1
9.461 sec,0,-1
9.462 sec,0,-1
9.463 sec,0,-1
9.464 sec,0,-1
9.465 sec,0,-1
9.466 sec,0,-1
9.467 sec,0,-1
9.468 sec,0,-1
9.469 sec,0,-1
9.47 sec,0,-1
9.471 sec,0,-1
9.472 sec,0,-1
9.473 sec,0,-1
9.474 sec,0,-1
9.475 sec,0,-1
9.476 sec,0,-1
9.477 sec,0,-1
9.478 sec,0,-1
9.479 sec,0,-1
9.48 sec,0,-1
9.481 sec,0,-1
9.482 sec,0,-1
9.483 sec,0,-1
9.484 sec,0,-1
9.485 sec,0,-1
9.486 sec,0,-1
9.487 sec,0,-1
9.488 sec,0,-1
9.489 sec,0,-1
9.49 sec,0,-1
9.491 sec,0,-1
9.492 sec,0,-1
9.493 sec,0,-1
9.494 sec,0,-1
9.495 sec,0,-1
9.496 sec,0,-1
9.497 sec,0,-1
9.498 sec,0,-1
9.499 sec,0,-1
9.5 sec,0,-1
9.501 sec,0,-1
9.502 sec,0,-1
9.503 sec,0,-1
9.504 sec,0,-1
9.505 sec,0,-1
9.506 sec,0,-1
9.507 sec,0,-1
9.508 sec,0,-1
9.509 sec,0,-1
9.51 sec,0,-1
9.511 sec,0,-1
9.512 sec,0,-1
9.513 sec,0,-1
9.514 sec,0,-1
9.515 sec,0,-1
9.516 sec,0,-1
9.517 sec,0,-1
9.518 sec,0,-1
9.519 sec,0,-1
9.52 sec,0,-1
9.521 sec,0,-1
9.522 sec,0,-1
9.523 sec,0,-1
9.524 sec,0,-1
9.525 sec,0,-1
9.526 sec,0,-1
9.527 sec,0,-1
9.528 sec,0,-1
9.529 sec,0,-1
9.53 sec,0,-1
9.531 sec,0,-1
9.532 sec,0,-1
9.533 sec,0,-1
9.534 sec,0,-1
9.535 sec,0,-1
9.536 sec,0,-1
9.537 sec,0,-1
9.538 sec,0,-1
9.539 sec,0,-1
9.54 sec,0,-1
9.541 sec,0,-1
9.542 sec,0,-1
9.543 sec,0,-1
9.544 sec,0,-1
9.545 sec,0,-1
9.546 sec,0,-1
9.547 sec,0,-1
9.548 sec,0,-1
9.549 sec,0,-1
9.55 sec,0,-1
9.551 sec,0,-1
9.552 sec,0,-1
9.553 sec,0,-1
9.554 sec,0,-1
9.555 sec,0,-1
9.556 sec,0,-1
9.557 sec,0,-1
9.558 sec,0,-1
9.559 sec,0,-1
9.56 sec,0,-1
9.561 sec,0,-1
9.562 sec,0,-1
9.563 sec,0,-1
9.564 sec,0,-1
9.565 sec,0,-1
9.566 sec,0,-1
9.567 sec,0,-1
9.568 sec,0,-1
9.569 sec,0,-1
9.57 sec,0,-1
9.571 sec,0,-1
9.572 sec,0,-1
9.573 sec,0,-1
9.574 sec,0,-1
9.575 sec,0,-1
9.576 sec,0,-1
9.577 sec,0,-1
9.578 sec,0,-1
9.579 sec,0,-1
9.58 sec,0,-1
9.581 sec,0,-1
9.582 sec,0,-1
9.583 sec,0,-1
9.584 sec,0,-1
9.585 sec,0,-1
9.586 sec,0,-1
9.587 sec,0,-1
9.588 sec,0,-1
9.589 sec,0,-1
9.59 sec,0,-1
9.591 sec,0,-1
9.592 sec,0,-1
9.593 sec,0,-1
9.594 sec,0,-1
9.595 sec,0,-1
9.596 sec,0,-1
9.597 sec,0,-1
9.598 sec,0,-1
9.599 sec,0,-1
9.6 sec,0,-1
9.601 sec,0,-1
9.602 sec,0,-1
9.603 sec,0,-1
9.604 sec,0,-1
9.605 sec,0,-1
9.606 sec,0,-1
9.607 sec,0,-1
9.608 sec,0,-1
9.609 sec,0,-1
9.61 sec,0,-1
9.611 sec,0,-1
9.612 sec,0,-1
9.613 sec,0,-1
9.614 sec,0,-1
9.615 sec,0,-1
9.616 sec,0,-1
9.617 sec,0,-1
9.618 sec,0,-1
9.619 sec,0,-1
9.62 sec,0,-1
9.621 sec,0,-1
9.622 sec,0,-1
9.623 sec,0,-1
9.624 sec,0,-1
9.625 sec,0,-1
9.626 sec,0,-1
9.627 sec,0,-1
9.628 sec,0,-1
9.629 sec,0,-1
9.63 sec,0,-1
9.631 sec,0,-1
9.632 sec,0,-1
9.633 sec,0,-1
9.634 sec,0,-1
9.635 sec,0,-1
9.636 sec,0,-1
9.637 sec,0,-1
9.638 sec,0,-1
9.639 sec,0,-1
9.64 sec,0,-1
9.641 sec,0,-1
9.642 sec,0,-1
9.643 sec,0,-1
9.644 sec,0,-1
9.645 sec,0,-1
9.646 sec,0,-1
9.647 sec,0,-1
9.648 sec,0,-1
9.649 sec,0,-1
9.65 sec,0,-1
9.651 sec,0,-1
9.652 sec,0,-1
9.653 sec,0,-1
9.654 sec,0,-1
9.655 sec,0,-1
9.656 sec,0,-1
9.657 sec,0,-1
9.658 sec,0,-1
9.659 sec,0,-1
9.66 sec,0,-1
9.661 sec,0,-1
9.662 sec,0,-1
9.663 sec,0,-1
9.664 sec,0,-1
9.665 sec,0,-1
9.666 sec,0,-1
9.667 sec,0,-1
9.668 sec,0,-1
9.669 sec,0,-1
9.67 sec,0,-1
9.671 sec,0,-1
9.672 sec,0,-1
9.673 sec,0,-1
9.674 sec,0,-1
9.675 sec,0,-1
9.676 sec,0,-1
9.677 sec,0,-1
9.678 sec,0,-1
9.679 sec,0,-1
9.68 sec,0,-1
9.681 sec,0,-1
9.682 sec,0,-1
9.683 sec,0,-1
9.684 sec,0,-1
9.685 sec,0,-1
9.686 sec,0,-1
9.687 sec,0,-1
9.688 sec,0,-1
9.689 sec,0,-1
9.69 sec,0,-1
9.691 sec,0,-1
9.692 sec,0,-1
9.693 sec,0,-1
9.694 sec,0,-1
9.695 sec,0,-1
9.696 sec,0,-1
9.697 sec,0,-1
9.698 sec,0,-1
9.699 sec,0,-1
9.7 sec,0,-1
9.701 sec,0,-1
9.702 sec,0,-1
9.703 sec,0,-1
9.704 sec,0,-1
9.705 sec,0,-1
9.706 sec,0,-1
9.707 sec,0,-1
9.708 sec,0,-1
9.709 sec,0,-1
9.71 sec,0,-1
9.711 sec,0,-1
9.712 sec,0,-1
9.713 sec,0,-1
9.714 sec,0,-1
9.715 sec,0,-1
9.716 sec,0,-1
9.717 sec,0,-1
9.718 sec,0,-1
9.719 sec,0,-1
9.72 sec,0,-1
9.721 sec,0,-1
9.722 sec,0,-1
9.723 sec,0,-1
9.724 sec,0,-1
9.725 sec,0,-1
9.726 sec,0,-1
9.727 sec,0,-1
9.728 sec,0,-1
9.729 sec,0,-1
9.73 sec,0,-1
9.731 sec,0,-1
9.732 sec,0,-1
9.733 sec,0,-1
9.734 sec,0,-1
9.735 sec,0,-1
9.736 sec,0,-1
9.737 sec,0,-1
9.738 sec,0,-1
9.739 sec,0,-1
9.74 sec,0,-1
9.741 sec,0,-1
9.742 sec,0,-1
9.743 sec,0,-1
9.744 sec,0,-1
9.745 sec,0,-1
9.746 sec,0,-1
9.747 sec,0,-1
9.748 sec,0,-1
9.749 sec,0,-1
9.75 sec,0,-1
9.751 sec,0,-1
9.752 sec,0,-1
9.753 sec,0,-1
9.754 sec,0,-1
9.755 sec,0,-1
9.756 sec,0,-1
9.757 sec,0,-1
9.758 sec,0,-1
9.759 sec,0,-1
9.76 sec,0,-1
9.761 sec,0,-1
9.762 sec,0,-1
9.763 sec,0,-1
9.764 sec,0,-1
9.765 sec,0,-1
9.766 sec,0,-1
9.767 sec,0,-1
9.768 sec,0,-1
9.769 sec,0,-1
9.77 sec,0,-1
9.771 sec,0,-1
9.772 sec,0,-1
9.773 sec,0,-1
9.774 sec,0,-1
9.775 sec,0,-1
9.776 sec,0,-1
9.777 sec,0,-1
9.778 sec,0,-1
9.779 sec,0,-1
9.78 sec,0,-1
9.781 sec,0,-1
9.782 sec,0,-1
9.783 sec,0,-1
9.784 sec,0,-1
9.785 sec,0,-1
9.786 sec,0,-1
9.787 sec,0,-1
9.788 sec,0,-1
9.789 sec,0,-1
9.79 sec,0,-1
9.791 sec,0,-1
9.792 sec,0,-1
9.793 sec,0,-1
9.794 sec,0,-1
9.795 sec,0,-1
9.796 sec,0,-1
9.797 sec,0,-1
9.798 sec,0,-1
9.799 sec,0,-1
9.8 sec,0,-1
9.801 sec,0,-1
9.802 sec,0,-1
9.803 sec,0,-1
9.804 sec,0,-1
9.805 sec,0,-1
9.806 sec,0,-1
9.807 sec,0,-1
9.808 sec,0,-1
9.809 sec,0,-1
9.81 sec,0,-1
9.811 sec,0,-1
9.812 sec,0,-1
9.813 sec,0,-1
9.814 sec,0,-1
9.815 sec,0,-1
9.816 sec,0,-1
9.817 sec,0,-1
9.818 sec,0,-1
9.819 sec,0,-1
9.82 sec,0,-1
9.821 sec,0,-1
9.822 sec,0,-1
9.823 sec,0,-1
9.824 sec,0,-1
9.825 sec,0,-1
9.826 sec,0,-1
9.827 sec,0,-1
9.828 sec,0,-1
9.829 sec,0,-1
9.83 sec,0,-1
9.831 sec,0,-1
9.832 sec,0,-1
9.833 sec,0,-1
9.834 sec,0,-1
9.835 sec,0,-1
9.836 sec,0,-1
9.837 sec,0,-1
9.838 sec,0,-1
9.839 sec,0,-1
9.84 sec,0,-1
9.841 sec,0,-1
9.842 sec,0,-1
9.843 sec,0,-1
9.844 sec,0,-1
9.845 sec,0,-1
9.846 sec,0,-1
9.847 sec,0,-1
9.848 sec,0,-1
9.849 sec,0,-1
9.85 sec,0,-1
9.851 sec,0,-1
9.852 sec,0,-1
9.853 sec,0,-1
9.854 sec,0,-1
9.855 sec,0,-1
9.856 sec,0,-1
9.857 sec,0,-1
9.858 sec,0,-1
9.859 sec,0,-1
9.86 sec,0,-1
9.861 sec,0,-1
9.862 sec,0,-1
9.863 sec,0,-1
9.864 sec,0,-1
9.865 sec,0,-1
9.866 sec,0,-1
9.867 sec,0,-1
9.868 sec,0,-1
9.869 sec,0,-1
9.87 sec,0,-1
9.871 sec,0,-1
9.872 sec,0,-1
9.873 sec,0,-1
9.874 sec,0,-1
9.875 sec,0,-1
9.876 sec,0,-1
9.877 sec,0,-1
9.878 sec,0,-1
9.879 sec,0,-1
9.88 sec,0,-1
9.881 sec,0,-1
9.882 sec,0,-1
9.883 sec,0,-1
9.884 sec,0,-1
9.885 sec,0,-1
9.886 sec,0,-1
9.887 sec,0,-1
9.888 sec,0,-1
9.889 sec,0,-1
9.89 sec,0,-1
9.891 sec,0,-1
9.892 sec,0,-1
9.893 sec,0,-1
9.894 sec,0,-1
9.895 sec,0,-1
9.896 sec,0,-1
9.897 sec,0,-1
9.898 sec,0,-1
9.899 sec,0,-1
9.9 sec,0,-1
9.901 sec,0,-1
9.902 sec,0,-1
9.903 sec,0,-1
9.904 sec,0,-1
9.905 sec,0,-1
9.906 sec,0,-1
9.907 sec,0,-1
9.908 sec,0,-1
9.909 sec,0,-1
9.91 sec,0,-1
9.911 sec,0,-1
9.912 sec,0,-1
9.913 sec,0,-1
9.914 sec,0,-1
9.915 sec,0,-1
9.916 sec,0,-1
9.917 sec,0,-1
9.918 sec,0,-1
9.919 sec,0,-1
9.92 sec,0,-1
9.921 sec,0,-1
9.922 sec,0,-1
9.923 sec,0,-1
9.924 sec,0,-1
9.925 sec,0,-1
9.926 sec,0,-1
9.927 sec,0,-1
9.928 sec,0,-1
9.929 sec,0,-1
9.93 sec,0,-1
9.931 sec,0,-1
9.932 sec,0,-1
9.933 sec,0,-1
9.934 sec,0,-1
9.935 sec,0,-1
9.936 sec,0,-1
9.937 sec,0,-1
9.938 sec,0,-1
9.939 sec,0,-1
9.94 sec,0,-1
9.941 sec,0,-1
9.942 sec,0,-1
9.943 sec,0,-1
9.944 sec,0,-1
9.945 sec,0,-1
9.946 sec,0,-1
9.947 sec,0,-1
9.948 sec,0,-1
9.949 sec,0,-1
9.95 sec,0,-1
9.951 sec,0,-1
9.952 sec,0,-1
9.953 sec,0,-1
9.954 sec,0,-1
9.955 sec,0,-1
9.956 sec,0,-1
9.957 sec,0,-1
9.958 sec,0,-1
9.959 sec,0,-1
9.96 sec,0,-1
9.961 sec,0,-1
9.962 sec,0,-1
9.963 sec,0,-1
9.964 sec,0,-1
9.965 sec,0,-1
9.966 sec,0,-1
9.967 sec,0,-1
9.968 sec,0,-1
9.969 sec,0,-1
9.97 sec,0,-1
9.971 sec,0,-1
9.972 sec,0,-1
9.973 sec,0,-1
9.974 sec,0,-1
9.975 sec,0,-1
9.976 sec,0,-1
9.977 sec,0,-1
9.978 sec,0,-1
9.979 sec,0,-1
9.98 sec,0,-1
9.981 sec,0,-1
9.982 sec,0,-1
9.983 sec,0,-1
9.984 sec,0,-1
9.985 sec,0,-1
9.986 sec,0,-1
9.987 sec,0,-1
9.988 sec,0,-1
9.989 sec,0,-1
9.99 sec,0,-1
9.991 sec,0,-1
9.992 sec,0,-1
9.993 sec,0,-1
9.994 sec,0,-1
9.995 sec,0,-1
9.996 sec,0,-1
9.997 sec,0,-1
9.998 sec,0,-1
9.999 sec,0,-1
10 sec,0,-1
10.001 sec,0,-1
10.002 sec,0,-1
10.003 sec,0,-1
10.004 sec,0,-1
10.005 sec,0,-1
10.006 sec,0,-1
10.007 sec,0,-1
10.008 sec,0,-1
10.009 sec,0,-1
10.01 sec,0,-1
10.011 sec,0,-1
10.012 sec,0,-1
10.013 sec,0,-1
10.014 sec,0,-1
10.015 sec,0,-1
10.016 sec,0,-1
10.017 sec,0,-1
10.018 sec,0,-1
10.019 sec,0,-1
10.02 sec,0,-1
10.021 sec,0,-1
10.022 sec,0,-1
10.023 sec,0,-1
10.024 sec,0,-1
10.025 sec,0,-1
10.026 sec,0,-1
10.027 sec,0,-1
10.028 sec,0,-1
10.029 sec,0,-1
10.03 sec,0,-1
10.031 sec,0,-1
10.032 sec,0,-1
10.033 sec,0,-1
10.034 sec,0,-1
10.035 sec,0,-1
10.036 sec,0,-1
10.037 sec,0,-1
10.038 sec,0,-1
10.039 sec,0,-1
10.04 sec,0,-1
10.041 sec,0,-1
10.042 sec,0,-1
10.043 sec,0,-1
10.044 sec,0,-1
10.045 sec,0,-1
10.046 sec,0,-1
10.047 sec,0,-1
10.048 sec,0,-1
10.049 sec,0,-1
10.05 sec,0,-1
10.051 sec,0,-1
10.052 sec,0,-1
10.053 sec,0,-1
10.054 sec,0,-1
10.055 sec,0,-1
10.056 sec,0,-1
10.057 sec,0,-1
10.058 sec,0,-1
10.059 sec,0,-1
10.06 sec,0,-1
10.061 sec,0,-1
10.062 sec,0,-1
10.063 sec,0,-1
10.064 sec,0,-1
10.065 sec,0,-1
10.066 sec,0,-1
10.067 sec,0,-1
10.068 sec,0,-1
10.069 sec,0,-1
10.07 sec,0,-1
10.071 sec,0,-1
10.072 sec,0,-1
10.073 sec,0,-1
10.074 sec,0,-1
10.075 sec,0,-1
10.076 sec,0,-1
10.077 sec,0,-1
10.078 sec,0,-1
10.079 sec,0,-1
10.08 sec,0,-1
10.081 sec,0,-1
10.082 sec,0,-1
10.083 sec,0,-1
10.084 sec,0,-1
10.085 sec,0,-1
10.086 sec,0,-1
10.087 sec,0,-1
10.088 sec,0,-1
10.089 sec,0,-1
10.09 sec,0,-1
10.091 sec,0,-1
10.092 sec,0,-1
10.093 sec,0,-1
10.094 sec,0,-1
10.095 sec,0,-1
10.096 sec,0,-1
10.097 sec,0,-1
10.098 sec,0,-1
10.099 sec,0,-1
10.1 sec,0,-1
10.101 sec,0,-1
10.102 sec,0,-1
10.103 sec,0,-1
10.104 sec,0,-1
10.105 sec,0,-1
10.106 sec,0,-1
10.107 sec,0,-1
10.108 sec,0,-1
10.109 sec,0,-1
10.11 sec,0,-1
10.111 sec,0,-1
10.112 sec,0,-1
10.113 sec,0,-1
10.114 sec,0,-1
10.115 sec,0,-1
10.116 sec,0,-1
10.117 sec,0,-1
10.118 sec,0,-1
10.119 sec,0,-1
10.12 sec,0,-1
10.121 sec,0,-1
10.122 sec,0,-1
10.123 sec,0,-1
10.124 sec,0,-1
10.125 sec,0,-1
10.126 sec,0,-1
10.127 sec,0,-1
10.128 sec,0,-1
10.129 sec,0,-1
10.13 sec,0,-1
10.131 sec,0,-1
10.132 sec,0,-1
10.133 sec,0,-1
10.134 sec,0,-1
10.135 sec,0,-1
10.136 sec,0,-1
10.137 sec,0,-1
10.138 sec,0,-1
10.139 sec,0,-1
10.14 sec,0,-1
10.141 sec,0,-1
10.142 sec,0,-1
10.143 sec,0,-1
10.144 sec,0,-1
10.145 sec,0,-1
10.146 sec,0,-1
10.147 sec,0,-1
10.148 sec,0,-1
10.149 sec,0,-1
10.15 sec,0,-1
10.151 sec,0,-1
10.152 sec,0,-1
10.153 sec,0,-1
10.154 sec,0,-1
10.155 sec,0,-1
10.156 sec,0,-1
10.157 sec,0,-1
10.158 sec,0,-1
10.159 sec,0,-1
10.16 sec,0,-1
10.161 sec,0,-1
10.162 sec,0,-1
10.163 sec,0,-1
10.164 sec,0,-1
10.165 sec,0,-1
10.166 sec,0,-1
10.167 sec,0,-1
10.168 sec,0,-1
10.169 sec,0,-1
10.17 sec,0,-1
10.171 sec,0,-1
10.172 sec,0,-1
10.173 sec,0,-1
10.174 sec,0,-1
10.175 sec,0,-1
10.176 sec,0,-1
10.177 sec,0,-1
10.178 sec,0,-1
10.179 sec,0,-1
10.18 sec,0,-1
10.181 sec,0,-1
10.182 sec,0,-1
10.183 sec,0,-1
10.184 sec,0,-1
10.185 sec,0,-1
10.186 sec,0,-1
10.187 sec,0,-1
10.188 sec,0,-1
10.189 sec,0,-1
10.19 sec,0,-1
10.191 sec,0,-1
10.192 sec,0,-1
10.193 sec,0,-1
10.194 sec,0,-1
10.195 sec,0,-1
10.196 sec,0,-1
10.197 sec,0,-1
10.198 sec,0,-1
10.199 sec,0,-1
10.2 sec,0,-1
10.201 sec,0,-1
10.202 sec,0,-1
10.203 sec,0,-1
10.204 sec,0,-1
10.205 sec,0,-1
10.206 sec,0,-1
10.207 sec,0,-1
10.208 sec,0,-1
10.209 sec,0,-1
10.21 sec,0,-1
10.211 sec,0,-1
10.212 sec,0,-1
10.213 sec,0,-1
10.214 sec,0,-1
10.215 sec,0,-1
10.216 sec,0,-1
10.217 sec,0,-1
10.218 sec,0,-1
10.219 sec,0,-1
10.22 sec,0,-1
10.221 sec,0,-1
10.222 sec,0,-1
10.223 sec,0,-1
10.224 sec,0,-1
10.225 sec,0,-1
10.226 sec,0,-1
10.227 sec,0,-1
10.228 sec,0,-1
10.229 sec,0,-1
10.23 sec,0,-1
10.231 sec,0,-1
10.232 sec,0,-1
10.233 sec,0,-1
10.234 sec,0,-1
10.235 sec,0,-1
10.236 sec,0,-1
10.237 sec,0,-1
10.238 sec,0,-1
10.239 sec,0,-1
10.24 sec,0,-1
10.241 sec,0,-1
10.242 sec,0,-1
10.243 sec,0,-1
10.244 sec,0,-1
10.245 sec,0,-1
10.246 sec,0,-1
10.247 sec,0,-1
10.248 sec,0,-1
10.249 sec,0,-1
10.25 sec,0,-1
10.251 sec,0,-1
10.252 sec,0,-1
10.253 sec,0,-1
10.254 sec,0,-1
10.255 sec,0,-1
10.256 sec,0,-1
10.257 sec,0,-1
10.258 sec,0,-1
10.259 sec,0,-1
10.26 sec,0,-1
10.261 sec,0,-1
10.262 sec,0,-1
10.263 sec,0,-1
10.264 sec,0,-1
10.265 sec,0,-1
10.266 sec,0,-1
10.267 sec,0,-1
10.268 sec,0,-1
10.269 sec,0,-1
10.27 sec,0,-1
10.271 sec,0,-1
10.272 sec,0,-1
10.273 sec,0,-1
10.274 sec,0,-1
10.275 sec,0,-1
10.276 sec,0,-1
10.277 sec,0,-1
10.278 sec,0,-1
10.279 sec,0,-1
10.28 sec,0,-1
10.281 sec,0,-1
10.282 sec,0,-1
10.283 sec,0,-1
10.284 sec,0,-1
10.285 sec,0,-1
10.286 sec,0,-1
10.287 sec,0,-1
10.288 sec,0,-1
10.289 sec,0,-1
10.29 sec,0,-1
10.291 sec,0,-1
10.292 sec,0,-1
10.293 sec,0,-1
10.294 sec,0,-1
10.295 sec,0,-1
10.296 sec,0,-1
10.297 sec,0,-1
10.298 sec,0,-1
10.299 sec,0,-1
10.3 sec,0,-1
10.301 sec,0,-1
10.302 sec,0,-1
10.303 sec,0,-1
10.304 sec,0,-1
10.305 sec,0,-1
10.306 sec,0,-1
10.307 sec,0,-1
10.308 sec,0,-1
10.309 sec,0,-1
10.31 sec,0,-1
10.311 sec,0,-1
10.312 sec,0,-1
10.313 sec,0,-1
10.314 sec,0,-1
10.315 sec,0,-1
10.316 sec,0,-1
10.317 sec,0,-1
10.318 sec,0,-1
10.319 sec,0,-1
10.32 sec,0,-1
10.321 sec,0,-1
10.322 sec,0,-1
10.323 sec,0,-1
10.324 sec,0,-1
10.325 sec,0,-1
10.326 sec,0,-1
10.327 sec,0,-1
10.328 sec,0,-1
10.329 sec,0,-1
10.33 sec,0,-1
10.331 sec,0,-1
10.332 sec,0,-1
10.333 sec,0,-1
10.334 sec,0,-1
10.335 sec,0,-1
10.336 sec,0,-1
10.337 sec,0,-1
10.338 sec,0,-1
10.339 sec,0,-1
10.34 sec,0,-1
10.341 sec,0,-1
10.342 sec,0,-1
10.343 sec,0,-1
10.344 sec,0,-1
10.345 sec,0,-1
10.346 sec,0,-1
10.347 sec,0,-1
10.348 sec,0,-1
10.349 sec,0,-1
10.35 sec,0,-1
10.351 sec,0,-1
10.352 sec,0,-1
10.353 sec,0,-1
10.354 sec,0,-1
10.355 sec,0,-1
10.356 sec,0,-1
10.357 sec,0,-1
10.358 sec,0,-1
10.359 sec,0,-1
10.36 sec,0,-1
10.361 sec,0,-1
10.362 sec,0,-1
10.363 sec,0,-1
10.364 sec,0,-1
10.365 sec,0,-1
10.366 sec,0,-1
10.367 sec,0,-1
10.368 sec,0,-1
10.369 sec,0,-1
10.37 sec,0,-1
10.371 sec,0,-1
10.372 sec,0,-1
10.373 sec,0,-1
10.374 sec,0,-1
10.375 sec,0,-1
10.376 sec,0,-1
10.377 sec,0,-1
10.378 sec,0,-1
10.379 sec,0,-1
10.38 sec,0,-1
10.381 sec,0,-1
10.382 sec,0,-1
10.383 sec,0,-1
10.384 sec,0,-1
10.385 sec,0,-1
10.386 sec,0,-1
10.387 sec,0,-1
10.388 sec,0,-1
10.389 sec,0,-1
10.39 sec,0,-1
10.391 sec,0,-1
10.392 sec,0,-1
10.393 sec,0,-1
10.394 sec,0,-1
10.395 sec,0,-1
10.396 sec,0,-1
10.397 sec,0,-1
10.398 sec,0,-1
10.399 sec,0,-1
10.4 sec,0,-1
10.401 sec,0,-1
10.402 sec,0,-1
10.403 sec,0,-1
10.404 sec,0,-1
10.405 sec,0,-1
10.406 sec,0,-1
10.407 sec,0,-1
10.408 sec,0,-1
10.409 sec,0,-1
10.41 sec,0,-1
10.411 sec,0,-1
10.412 sec,0,-1
10.413 sec,0,-1
10.414 sec,0,-1
10.415 sec,0,-1
10.416 sec,0,-1
10.417 sec,0,-1
10.418 sec,0,-1
10.419 sec,0,-1
10.42 sec,0,-1
10.421 sec,0,-1
10.422 sec,0,-1
10.423 sec,0,-1
10.424 sec,0,-1
10.425 sec,0,-1
10.426 sec,0,-1
10.427 sec,0,-1
10.428 sec,0,-1
10.429 sec,0,-1
10.43 sec,0,-1
10.431 sec,0,-1
10.432 sec,0,-1
10.433 sec,0,-1
10.434 sec,0,-1
10.435 sec,0,-1
10.436 sec,0,-1
10.437 sec,0,-1
10.438 sec,0,-1
10.439 sec,0,-1
10.44 sec,0,-1
10.441 sec,0,-1
10.442 sec,0,-1
10.443 sec,0,-1
10.444 sec,0,-1
10.445 sec,0,-1
10.446 sec,0,-1
10.447 sec,0,-1
10.448 sec,0,-1
10.449 sec,0,-1
10.45 sec,0,-1
10.451 sec,0,-1
10.452 sec,0,-1
10.453 sec,0,-1
10.454 sec,0,-1
10.455 sec,0,-1
10.456 sec,0,-1
10.457 sec,0,-1
10.458 sec,0,-1
10.459 sec,0,-1
10.46 sec,0,-1
10.461 sec,0,-1
10.462 sec,0,-1
10.463 sec,0,-1
10.464 sec,0,-1
10.465 sec,0,-1
10.466 sec,0,-1
10.467 sec,0,-1
10.468 sec,0,-1
10.469 sec,0,-1
10.47 sec,0,-1
10.471 sec,0,-1
10.472 sec,0,-1
10.473 sec,0,-1
10.474 sec,0,-1
10.475 sec,0,-1
10.476 sec,0,-1
10.477 sec,0,-1
10.478 sec,0,-1
10.479 sec,0,-1
10.48 sec,0,-1
10.481 sec,0,-1
10.482 sec,0,-1
10.483 sec,0,-1
10.484 sec,0,-1
10.485 sec,0,-1
10.486 sec,0,-1
10.487 sec,0,-1
10.488 sec,0,-1
10.489 sec,0,-1
10.49 sec,0,-1
10.491 sec,0,-1
10.492 sec,0,-1
10.493 sec,0,-1
10.494 sec,0,-1
10.495 sec,0,-1
10.496 sec,0,-1
10.497 sec,0,-1
10.498 sec,0,-1
10.499 sec,0,-1
10.5 sec,0,-1
10.501 sec,0,-1
10.502 sec,0,-1
10.503 sec,0,-1
10.504 sec,0,-1
10.505 sec,0,-1
10.506 sec,0,-1
10.507 sec,0,-1
10.508 sec,0,-1
10.509 sec,0,-1
10.51 sec,0,-1
10.511 sec,0,-1
10.512 sec,0,-1
10.513 sec,0,-1
10.514 sec,0,-1
10.515 sec,0,-1
10.516 sec,0,-1
10.517 sec,0,-1
10.518 sec,0,-1
10.519 sec,0,-1
10.52 sec,0,-1
10.521 sec,0,-1
10.522 sec,0,-1
10.523 sec,0,-1
10.524 sec,0,-1
10.525 sec,0,-1
10.526 sec,0,-1
10.527 sec,0,-1
10.528 sec,0,-1
10.529 sec,0,-1
10.53 sec,0,-1
10.531 sec,0,-1
10.532 sec,0,-1
10.533 sec,0,-1
10.534 sec,0,-1
10.535 sec,0,-1
10.536 sec,0,-1
10.537 sec,0,-1
10.538 sec,0,-1
10.539 sec,0,-1
10.54 sec,0,-1
10.541 sec,0,-1
10.542 sec,0,-1
10.543 sec,0,-1
10.544 sec,0,-1
10.545 sec,0,-1
10.546 sec,0,-1
10.547 sec,0,-1
10.548 sec,0,-1
10.549 sec,0,-1
10.55 sec,0,-1
10.551 sec,0,-1
10.552 sec,0,-1
10.553 sec,0,-1
10.554 sec,0,-1
10.555 sec,0,-1
10.556 sec,0,-1
10.557 sec,0,-1
10.558 sec,0,-1
10.559 sec,0,-1
10.56 sec,0,-1
10.561 sec,0,-1
10.562 sec,0,-1
10.563 sec,0,-1
10.564 sec,0,-1
10.565 sec,0,-1
10.566 sec,0,-1
10.567 sec,0,-1
10.568 sec,0,-1
10.569 sec,0,-1
10.57 sec,0,-1
10.571 sec,0,-1
10.572 sec,0,-1
10.573 sec,0,-1
10.574 sec,0,-1
10.575 sec,0,-1
10.576 sec,0,-1
10.577 sec,0,-1
10.578 sec,0,-1
10.579 sec,0,-1
10.58 sec,0,-1
10.581 sec,0,-1
10.582 sec,0,-1
10.583 sec,0,-1
10.584 sec,0,-1
10.585 sec,0,-1
10.586 sec,0,-1
10.587 sec,0,-1
10.588 sec,0,-1
10.589 sec,0,-1
10.59 sec,0,-1
10.591 sec,0,-1
10.592 sec,0,-1
10.593 sec,0,-1
10.594 sec,0,-1
10.595 sec,0,-1
10.596 sec,0,-1
10.597 sec,0,-1
10.598 sec,0,-1
10.599 sec,0,-1
10.6 sec,0,-1
10.601 sec,0,-1
10.602 sec,0,-1
10.603 sec,0,-1
10.604 sec,0,-1
10.605 sec,0,-1
10.606 sec,0,-1
10.607 sec,0,-1
10.608 sec,0,-1
10.609 sec,0,-1
10.61 sec,0,-1
10.611 sec,0,-1
10.612 sec,0,-1
10.613 sec,0,-1
10.614 sec,0,-1
10.615 sec,0,-1
10.616 sec,0,-1
10.617 sec,0,-1
10.618 sec,0,-1
10.619 sec,0,-1
10.62 sec,0,-1
10.621 sec,0,-1
10.622 sec,0,-1
10.623 sec,0,-1
10.624 sec,0,-1
10.625 sec,0,-1
10.626 sec,0,-1
10.627 sec,0,-1
10.628 sec,0,-1
10.629 sec,0,-1
10.63 sec,0,-1
10.631 sec,0,-1
10.632 sec,0,-1
10.633 sec,0,-1
10.634 sec,0,-1
10.635 sec,0,-1
10.636 sec,0,-1
10.637 sec,0,-1
10.638 sec,0,-1
10.639 sec,0,-1
10.64 sec,0,-1
10.641 sec,0,-1
10.642 sec,0,-1
10.643 sec,0,-1
10.644 sec,0,-1
10.645 sec,0,-1
10.646 sec,0,-1
10.647 sec,0,-1
10.648 sec,0,-1
10.649 sec,0,-1
10.65 sec,0,-1
10.651 sec,0,-1
10.652 sec,0,-1
10.653 sec,0,-1
10.654 sec,0,-1
10.655 sec,0,-1
10.656 sec,0,-1
10.657 sec,0,-1
10.658 sec,0,-1
10.659 sec,0,-1
10.66 sec,0,-1
10.661 sec,0,-1
10.662 sec,0,-1
10.663 sec,0,-1
10.664 sec,0,-1
10.665 sec,0,-1
10.666 sec,0,-1
10.667 sec,0,-1
10.668 sec,0,-1
10.669 sec,0,-1
10.67 sec,0,-1
10.671 sec,0,-1
10.672 sec,0,-1
10.673 sec,0,-1
10.674 sec,0,-1
10.675 sec,0,-1
10.676 sec,0,-1
10.677 sec,0,-1
10.678 sec,0,-1
10.679 sec,0,-1
10.68 sec,0,-1
10.681 sec,0,-1
10.682 sec,0,-1
10.683 sec,0,-1
10.684 sec,0,-1
10.685 sec,0,-1
10.686 sec,0,-1
10.687 sec,0,-1
10.688 sec,0,-1
10.689 sec,0,-1
10.69 sec,0,-1
10.691 sec,0,-1
10.692 sec,0,-1
10.693 sec,0,-1
10.694 sec,0,-1
10.695 sec,0,-1
10.696 sec,0,-1
10.697 sec,0,-1
10.698 sec,0,-1
10.699 sec,0,-1
10.7 sec,0,-1
10.701 sec,0,-1
10.702 sec,0,-1
10.703 sec,0,-1
10.704 sec,0,-1
10.705 sec,0,-1
10.706 sec,0,-1
10.707 sec,0,-1
10.708 sec,0,-1
10.709 sec,0,-1
10.71 sec,0,-1
10.711 sec,0,-1
10.712 sec,0,-1
10.713 sec,0,-1
10.714 sec,0,-1
10.715 sec,0,-1
10.716 sec,0,-1
10.717 sec,0,-1
10.718 sec,0,-1
10.719 sec,0,-1
10.72 sec,0,-1
10.721 sec,0,-1
10.722 sec,0,-1
10.723 sec,0,-1
10.724 sec,0,-1
10.725 sec,0,-1
10.726 sec,0,-1
10.727 sec,0,-1
10.728 sec,0,-1
10.729 sec,0,-1
10.73 sec,0,-1
10.731 sec,0,-1
10.732 sec,0,-1
10.733 sec,0,-1
10.734 sec,0,-1
10.735 sec,0,-1
10.736 sec,0,-1
10.737 sec,0,-1
10.738 sec,0,-1
10.739 sec,0,-1
10.74 sec,0,-1
10.741 sec,0,-1
10.742 sec,0,-1
10.743 sec,0,-1
10.744 sec,0,-1
10.745 sec,0,-1
10.746 sec,0,-1
10.747 sec,0,-1
10.748 sec,0,-1
10.749 sec,0,-1
10.75 sec,0,-1
10.751 sec,0,-1
10.752 sec,0,-1
10.753 sec,0,-1
10.754 sec,0,-1
10.755 sec,0,-1
10.756 sec,0,-1
10.757 sec,0,-1
10.758 sec,0,-1
10.759 sec,0,-1
10.76 sec,0,-1
10.761 sec,0,-1
10.762 sec,0,-1
10.763 sec,0,-1
10.764 sec,0,-1
10.765 sec,0,-1
10.766 sec,0,-1
10.767 sec,0,-1
10.768 sec,0,-1
10.769 sec,0,-1
10.77 sec,0,-1
10.771 sec,0,-1
10.772 sec,0,-1
10.773 sec,0,-1
10.774 sec,0,-1
10.775 sec,0,-1
10.776 sec,0,-1
10.777 sec,0,-1
10.778 sec,0,-1
10.779 sec,0,-1
10.78 sec,0,-1
10.781 sec,0,-1
10.782 sec,0,-1
10.783 sec,0,-1
10.784 sec,0,-1
10.785 sec,0,-1
10.786 sec,0,-1
10.787 sec,0,-1
10.788 sec,0,-1
10.789 sec,0,-1
10.79 sec,0,-1
10.791 sec,0,-1
10.792 sec,0,-1
10.793 sec,0,-1
10.794 sec,0,-1
10.795 sec,0,-1
10.796 sec,0,-1
10.797 sec,0,-1
10.798 sec,0,-1
10.799 sec,0,-1
10.8 sec,0,-1
10.801 sec,0,-1
10.802 sec,0,-1
10.803 sec,0,-1
10.804 sec,0,-1
10.805 sec,0,-1
10.806 sec,0,-1
10.807 sec,0,-1
10.808 sec,0,-1
10.809 sec,0,-1
10.81 sec,0,-1
10.811 sec,0,-1
10.812 sec,0,-1
10.813 sec,0,-1
10.814 sec,0,-1
10.815 sec,0,-1
10.816 sec,0,-1
10.817 sec,0,-1
10.818 sec,0,-1
10.819 sec,0,-1
10.82 sec,0,-1
10.821 sec,0,-1
10.822 sec,0,-1
10.823 sec,0,-1
10.824 sec,0,-1
10.825 sec,0,-1
10.826 sec,0,-1
10.827 sec,0,-1
10.828 sec,0,-1
10.829 sec,0,-1
10.83 sec,0,-1
10.831 sec,0,-1
10.832 sec,0,-1
10.833 sec,0,-1
10.834 sec,0,-1
10.835 sec,0,-1
10.836 sec,0,-1
10.837 sec,0,-1
10.838 sec,0,-1
10.839 sec,0,-1
10.84 sec,0,-1
10.841 sec,0,-1
10.842 sec,0,-1
10.843 sec,0,-1
10.844 sec,0,-1
10.845 sec,0,-1
10.846 sec,0,-1
10.847 sec,0,-1
10.848 sec,0,-1
10.849 sec,0,-1
10.85 sec,0,-1
10.851 sec,0,-1
10.852 sec,0,-1
10.853 sec,0,-1
10.854 sec,0,-1
10.855 sec,0,-1
10.856 sec,0,-1
10.857 sec,0,-1
10.858 sec,0,-1
10.859 sec,0,-1
10.86 sec,0,-1
10.861 sec,0,-1
10.862 sec,0,-1
10.863 sec,0,-1
10.864 sec,0,-1
10.865 sec,0,-1
10.866 sec,0,-1
10.867 sec,0,-1
10.868 sec,0,-1
10.869 sec,0,-1
10.87 sec,0,-1
10.871 sec,0,-1
10.872 sec,0,-1
10.873 sec,0,-1
10.874 sec,0,-1
10.875 sec,0,-1
10.876 sec,0,-1
10.877 sec,0,-1
10.878 sec,0,-1
10.879 sec,0,-1
10.88 sec,0,-1
10.881 sec,0,-1
10.882 sec,0,-1
10.883 sec,0,-1
10.884 sec,0,-1
10.885 sec,0,-1
10.886 sec,0,-1
10.887 sec,0,-1
10.888 sec,0,-1
10.889 sec,0,-1
10.89 sec,0,-1
10.891 sec,0,-1
10.892 sec,0,-1
10.893 sec,0,-1
10.894 sec,0,-1
10.895 sec,0,-1
10.896 sec,0,-1
10.897 sec,0,-1
10.898 sec,0,-1
10.899 sec,0,-1
10.9 sec,0,-1
10.901 sec,0,-1
10.902 sec,0,-1
10.903 sec,0,-1
10.904 sec,0,-1
10.905 sec,0,-1
10.906 sec,0,-1
10.907 sec,0,-1
10.908 sec,0,-1
10.909 sec,0,-1
10.91 sec,0,-1
10.911 sec,0,-1
10.912 sec,0,-1
10.913 sec,0,-1
10.914 sec,0,-1
10.915 sec,0,-1
10.916 sec,0,-1
10.917 sec,0,-1
10.918 sec,0,-1
10.919 sec,0,-1
10.92 sec,0,-1
10.921 sec,0,-1
10.922 sec,0,-1
10.923 sec,0,-1
10.924 sec,0,-1
10.925 sec,0,-1
10.926 sec,0,-1
10.927 sec,0,-1
10.928 sec,0,-1
10.929 sec,0,-1
10.93 sec,0,-1
10.931 sec,0,-1
10.932 sec,0,-1
10.933 sec,0,-1
10.934 sec,0,-1
10.935 sec,0,-1
10.936 sec,0,-1
10.937 sec,0,-1
10.938 sec,0,-1
10.939 sec,0,-1
10.94 sec,0,-1
10.941 sec,0,-1
10.942 sec,0,-1
10.943 sec,0,-1
10.944 sec,0,-1
10.945 sec,0,-1
10.946 sec,0,-1
10.947 sec,0,-1
10.948 sec,0,-1
10.949 sec,0,-1
10.95 sec,0,-1
10.951 sec,0,-1
10.952 sec,0,-1
10.953 sec,0,-1
10.954 sec,0,-1
10.955 sec,0,-1
10.956 sec,0,-1
10.957 sec,0,-1
10.958 sec,0,-1
10.959 sec,0,-1
10.96 sec,0,-1
10.961 sec,0,-1
10.962 sec,0,-1
10.963 sec,0,-1
10.964 sec,0,-1
10.965 sec,0,-1
10.966 sec,0,-1
10.967 sec,0,-1
10.968 sec,0,-1
10.969 sec,0,-1
10.97 sec,0,-1
10.971 sec,0,-1
10.972 sec,0,-1
10.973 sec,0,-1
10.974 sec,0,-1
10.975 sec,0,-1
10.976 sec,0,-1
10.977 sec,0,-1
10.978 sec,0,-1
10.979 sec,0,-1
10.98 sec,0,-1
10.981 sec,0,-1
10.982 sec,0,-1
10.983 sec,0,-1
10.984 sec,0,-1
10.985 sec,0,-1
10.986 sec,0,-1
10.987 sec,0,-1
10.988 sec,0,-1
10.989 sec,0,-1
10.99 sec,0,-1
10.991 sec,0,-1
10.992 sec,0,-1
10.993 sec,0,-1
10.994 sec,0,-1
10.995 sec,0,-1
10.996 sec,0,-1
10.997 sec,0,-1
10.998 sec,0,-1
10.999 sec,0,-1
11 sec,0,-1
11.001 sec,0,-1
11.002 sec,0,-1
11.003 sec,0,-1
11.004 sec,0,-1
11.005 sec,0,-1
11.006 sec,0,-1
11.007 sec,0,-1
11.008 sec,0,-1
11.009 sec,0,-1
11.01 sec,0,-1
11.011 sec,0,-1
11.012 sec,0,-1
11.013 sec,0,-1
11.014 sec,0,-1
11.015 sec,0,-1
11.016 sec,0,-1
11.017 sec,0,-1
11.018 sec,0,-1
11.019 sec,0,-1
11.02 sec,0,-1
11.021 sec,0,-1
11.022 sec,0,-1
11.023 sec,0,-1
11.024 sec,0,-1
11.025 sec,0,-1
11.026 sec,0,-1
11.027 sec,0,-1
11.028 sec,0,-1
11.029 sec,0,-1
11.03 sec,0,-1
11.031 sec,0,-1
11.032 sec,0,-1
11.033 sec,0,-1
11.034 sec,0,-1
11.035 sec,0,-1
11.036 sec,0,-1
11.037 sec,0,-1
11.038 sec,0,-1
11.039 sec,0,-1
11.04 sec,0,-1
11.041 sec,0,-1
11.042 sec,0,-1
11.043 sec,0,-1
11.044 sec,0,-1
11.045 sec,0,-1
11.046 sec,0,-1
11.047 sec,0,-1
11.048 sec,0,-1
11.049 sec,0,-1
11.05 sec,0,-1
11.051 sec,0,-1
11.052 sec,0,-1
11.053 sec,0,-1
11.054 sec,0,-1
11.055 sec,0,-1
11.056 sec,0,-1
11.057 sec,0,-1
11.058 sec,0,-1
11.059 sec,0,-1
11.06 sec,0,-1
11.061 sec,0,-1
11.062 sec,0,-1
11.063 sec,0,-1
11.064 sec,0,-1
11.065 sec,0,-1
11.066 sec,0,-1
11.067 sec,0,-1
11.068 sec,0,-1
11.069 sec,0,-1
11.07 sec,0,-1
11.071 sec,0,-0.620448179271709
11.072 sec,0,-0.00840336134453781
11.073 sec,0,0
11.074 sec,0,0
11.075 sec,0,0
11.076 sec,0,0
11.077 sec,0,0
11.078 sec,0,0
11.079 sec,0,0
11.08 sec,0,0
11.081 sec,0,0
11.082 sec,0,0
11.083 sec,0,0
11.084 sec,0,0
11.085 sec,0,0
11.086 sec,0,0
11.087 sec,0,0
11.088 sec,0,0
11.089 sec,0,0
11.09 sec,0,0
11.091 sec,0,0
11.092 sec,0,0
11.093 sec,0,0
11.094 sec,0,0
11.095 sec,0,0
11.096 sec,0,0
11.097 sec,0,0
11.098 sec,0,0
11.099 sec,0,0
11.1 sec,0,0
11.101 sec,0,0
11.102 sec,0,0
11.103 sec,0,0
11.104 sec,0,0
11.105 sec,0,0
11.106 sec,0,0
11.107 sec,0,0
11.108 sec,0,0
11.109 sec,0,0
11.11 sec,0,0
11.111 sec,0,0
11.112 sec,0,0
11.113 sec,0,0
11.114 sec,0,0
11.115 sec,0,0
11.116 sec,0,0
11.117 sec,0,0
11.118 sec,0,0
11.119 sec,0,0
11.12 sec,0,0
11.121 sec,0,0
11.122 sec,0,0
11.123 sec,0,0
11.124 sec,0,0
11.125 sec,0,0
11.126 sec,0,0
11.127 sec,0,0
11.128 sec,0,0
11.129 sec,0,0
11.13 sec,0,0
11.131 sec,0,0
11.132 sec,0,0
11.133 sec,0,0
11.134 sec,0,0
11.135 sec,0,0
11.136 sec,0,0
11.137 sec,0,0
11.138 sec,0,0
11.139 sec,0,0
11.14 sec,0,0
11.141 sec,0,0
11.142 sec,0,0
11.143 sec,0,0
11.144 sec,0,0
11.145 sec,0,0
11.146 sec,0,0
11.147 sec,0,0
11.148 sec,0,0
11.149 sec,0,0
11.15 sec,0,0
11.151 sec,0,0
11.152 sec,0,0
11.153 sec,0,0
11.154 sec,0,0
11.155 sec,0,0
11.156 sec,0,0
11.157 sec,0,0
11.158 sec,0,0
11.159 sec,0,0
11.16 sec,0,0
11.161 sec,0,0
11.162 sec,0,0
11.163 sec,0,0
11.164 sec,0,0
11.165 sec,0,0
11.166 sec,0,0
11.167 sec,0,0
11.168 sec,0,0
11.169 sec,0,0
11.17 sec,0,0
11.171 sec,0,0
11.172 sec,0,0
11.173 sec,0,0
11.174 sec,0,0
11.175 sec,0,0
11.176 sec,0,0
11.177 sec,0,0
11.178 sec,0,0
11.179 sec,0,0
11.18 sec,0,0
11.181 sec,0,0
11.182 sec,0,0
11.183 sec,0,0
11.184 sec,0,0
11.185 sec,0,0
11.186 sec,0,0
11.187 sec,0,0
11.188 sec,0,0
11.189 sec,0,0
11.19 sec,0,0
11.191 sec,0,0
11.192 sec,0,0
11.193 sec,0,0
11.194 sec,0,0
11.195 sec,0,0
11.196 sec,0,0
11.197 sec,0,0
11.198 sec,0,0
11.199 sec,0,0
11.2 sec,0,0
11.201 sec,0,0
11.202 sec,0,0
11.203 sec,0,0
11.204 sec,0,0
11.205 sec,0,0
11.206 sec,0,0
11.207 sec,0,0
11.208 sec,0,0
11.209 sec,0,0
11.21 sec,0,0
11.211 sec,0,0
11.212 sec,0,0
11.213 sec,0,0
11.214 sec,0,0
11.215 sec,0,0
11.216 sec,0,0
11.217 sec,0,0
11.218 sec,0,0
11.219 sec,0,0
11.22 sec,0,0
11.221 sec,0,0
11.222 sec,0,0
11.223 sec,0,0
11.224 sec,0,0
11.225 sec,0,0
11.226 sec,0,0
11.227 sec,0,0
11.228 sec,0,0
11.229 sec,0,0
11.23 sec,0,0
11.231 sec,0,0
11.232 sec,0,0
11.233 sec,0,0
11.234 sec,0,0
11.235 sec,0,0
11.236 sec,0,0
11.237 sec,0,0
11.238 sec,0,0
11.239 sec,0,0
11.24 sec,0,0
11.241 sec,0,0
11.242 sec,0,0
11.243 sec,0,0
11.244 sec,0,0
11.245 sec,0,0
11.246 sec,0,0
11.247 sec,0,0
11.248 sec,0,0
11.249 sec,0,0
11.25 sec,0,0
11.251 sec,0,0
11.252 sec,0,0
11.253 sec,0,0
11.254 sec,0,0
11.255 sec,0,0
11.256 sec,0,0
11.257 sec,0,0
11.258 sec,0,0
11.259 sec,0,0
11.26 sec,0,0
11.261 sec,0,0
11.262 sec,0,0
11.263 sec,0,0
11.264 sec,0,0
11.265 sec,0,0
11.266 sec,0,0
11.267 sec,0,0
11.268 sec,0,0
11.269 sec,0,0
11.27 sec,0,0
11.271 sec,0,0
11.272 sec,0,0
11.273 sec,0,0
11.274 sec,0,0
11.275 sec,0,0
11.276 sec,0,0
11.277 sec,0,0
11.278 sec,0,0
11.279 sec,0,0
11.28 sec,0,0
11.281 sec,0,0
11.282 sec,0,0
11.283 sec,0,0
11.284 sec,0,0
11.285 sec,0,0
11.286 sec,0,0
11.287 sec,0,0
11.288 sec,0,0
11.289 sec,0,0
11.29 sec,0,0
11.291 sec,0,0
11.292 sec,0,0
11.293 sec,0,0
11.294 sec,0,0
11.295 sec,0,0
11.296 sec,0,0
11.297 sec,0,0
11.298 sec,0,0
11.299 sec,0,0
11.3 sec,0,0
11.301 sec,0,0
11.302 sec,0,0
11.303 sec,0,0
11.304 sec,0,0
11.305 sec,0,0
11.306 sec,0,0
11.307 sec,0,0
11.308 sec,0,0
11.309 sec,0,0
11.31 sec,0,0
11.311 sec,0,0
11.312 sec,0,0
11.313 sec,0,0
11.314 sec,0,0
11.315 sec,0,0
11.316 sec,0,0
11.317 sec,0,0
11.318 sec,0,0
11.319 sec,0,0
11.32 sec,0,0
11.321 sec,0,0
11.322 sec,0,0
11.323 sec,0,0
11.324 sec,0,0
11.325 sec,0,0
11.326 sec,0,0
11.327 sec,0,0
11.328 sec,0,0
11.329 sec,0,0
11.33 sec,0,0
11.331 sec,0,0
11.332 sec,0,0
11.333 sec,0,0
11.334 sec,0,0
11.335 sec,0,0
11.336 sec,0,0
11.337 sec,0,0
11.338 sec,0,0
11.339 sec,0,0
11.34 sec,0,0
11.341 sec,0,0
11.342 sec,0,0
11.343 sec,0,0
11.344 sec,0,0
11.345 sec,0,0
11.346 sec,0,0
11.347 sec,0,0
11.348 sec,0,0
11.349 sec,0,0
11.35 sec,0,0
11.351 sec,0,0
11.352 sec,0,0
11.353 sec,0,0
11.354 sec,0,0
11.355 sec,0,0
11.356 sec,0,0
11.357 sec,0,0
11.358 sec,0,0
11.359 sec,0,0
11.36 sec,0,0
11.361 sec,0,0
11.362 sec,0,0
11.363 sec,0,0
11.364 sec,0,0
11.365 sec,0,0
11.366 sec,0,0
11.367 sec,0,0
11.368 sec,0,0
11.369 sec,0,0
11.37 sec,0,0
11.371 sec,0,0
11.372 sec,0,0
11.373 sec,0,0
11.374 sec,0,0
11.375 sec,0,0
11.376 sec,0,0
11.377 sec,0,0
11.378 sec,0,0
11.379 sec,0,0
11.38 sec,0,0
11.381 sec,0,0
11.382 sec,0,0
11.383 sec,0,0
11.384 sec,0,0
11.385 sec,0,0
11.386 sec,0,0
11.387 sec,0,0
11.388 sec,0,0
11.389 sec,0,0
11.39 sec,0,0
11.391 sec,0,0
11.392 sec,0,0
11.393 sec,0,0
11.394 sec,0,0
11.395 sec,0,0
11.396 sec,0,0
11.397 sec,0,0
11.398 sec,0,0
11.399 sec,0,0
11.4 sec,0,0
11.401 sec,0,0
11.402 sec,0,0
11.403 sec,0,0
11.404 sec,0,0
11.405 sec,0,0
11.406 sec,0,0
11.407 sec,0,0
11.408 sec,0,0
11.409 sec,0,0
11.41 sec,0,0
11.411 sec,0,0
11.412 sec,0,0
11.413 sec,0,0
11.414 sec,0,0
11.415 sec,0,0
11.416 sec,0,0
11.417 sec,0,0
11.418 sec,0,0
11.419 sec,0,0
11.42 sec,0,0
11.421 sec,0,0
11.422 sec,0,0
11.423 sec,0,0
11.424 sec,0,0
11.425 sec,0,0
11.426 sec,0,0
11.427 sec,0,0
11.428 sec,0,0
11.429 sec,0,0
11.43 sec,0,0
11.431 sec,0,0
11.432 sec,0,0
11.433 sec,0,0
11.434 sec,0,0
11.435 sec,0,0
11.436 sec,0,0
11.437 sec,0,0
11.438 sec,0,0
11.439 sec,0,0
11.44 sec,0,0
11.441 sec,0,0
11.442 sec,0,0
11.443 sec,0,0
11.444 sec,0,0
11.445 sec,0,0
11.446 sec,0,0
11.447 sec,0,0
11.448 sec,0,0
11.449 sec,0,0
11.45 sec,0,0
11.451 sec,0,0
11.452 sec,0,0
11.453 sec,0,0
11.454 sec,0,0
11.455 sec,0,0
11.456 sec,0,0
11.457 sec,0,0
11.458 sec,0,0
11.459 sec,0,0
11.46 sec,0,0
11.461 sec,0,0
11.462 sec,0,0
11.463 sec,0,0
11.464 sec,0,0
11.465 sec,0,0
11.466 sec,0,0
11.467 sec,0,0
11.468 sec,0,0
11.469 sec,0,0
11.47 sec,0,0
11.471 sec,0,0
11.472 sec,0,0
11.473 sec,0,0
11.474 sec,0,0
11.475 sec,0,0
11.476 sec,0,0
11.477 sec,0,0
11.478 sec,0,0
11.479 sec,0,0
11.48 sec,0,0
11.481 sec,0,0
11.482 sec,0,0
11.483 sec,0,0
11.484 sec,0,0
11.485 sec,0,0
11.486 sec,0,0
11.487 sec,0,0
11.488 sec,0,0
11.489 sec,0,0
11.49 sec,0,0
11.491 sec,0,0
11.492 sec,0,0
11.493 sec,0,0
11.494 sec,0,0
11.495 sec,0,0
11.496 sec,0,0
11.497 sec,0,0
11.498 sec,0,0
11.499 sec,0,0
11.5 sec,0,0
11.501 sec,0,0
11.502 sec,0,0
11.503 sec,0,0
11.504 sec,0,0
11.505 sec,0,0
11.506 sec,0,0
11.507 sec,0,0
11.508 sec,0,0
11.509 sec,0,0
11.51 sec,0,0
11.511 sec,0,0
11.512 sec,0,0
11.513 sec,0,0
11.514 sec,0,0
11.515 sec,0,0
11.516 sec,0,0
11.517 sec,0,0
11.518 sec,0,0
11.519 sec,0,0
11.52 sec,0,0
11.521 sec,0,0
11.522 sec,0,0
11.523 sec,0,0
11.524 sec,0,0
11.525 sec,0,0
11.526 sec,0,0
11.527 sec,0,0
11.528 sec,0,0
11.529 sec,0,0
11.53 sec,0,0
11.531 sec,0,0
11.532 sec,0,0
11.533 sec,0,0
11.534 sec,0,0
11.535 sec,0,0
11.536 sec,0,0
11.537 sec,0,0
11.538 sec,0,0
11.539 sec,0,0
11.54 sec,0,0
11.541 sec,0,0
11.542 sec,0,0
11.543 sec,0,0
11.544 sec,0,0
11.545 sec,0,0
11.546 sec,0,0
11.547 sec,0,0
11.548 sec,0,0
11.549 sec,0,0
11.55 sec,0,0
11.551 sec,0,0
11.552 sec,0,0
11.553 sec,0,0
11.554 sec,0,0
11.555 sec,0,0
11.556 sec,0,0
11.557 sec,0,0
11.558 sec,0,0
11.559 sec,0,0
11.56 sec,0,0
11.561 sec,0,0
11.562 sec,0,0
11.563 sec,0,0
11.564 sec,0,0
11.565 sec,0,0
11.566 sec,0,0
11.567 sec,0,0
11.568 sec,0,0
11.569 sec,0,0
11.57 sec,0,0
11.571 sec,0,0
11.572 sec,0,0
11.573 sec,0,0
11.574 sec,0,0
11.575 sec,0,0
11.576 sec,0,0
11.577 sec,0,0
11.578 sec,0,0
11.579 sec,0,0
11.58 sec,0,0
11.581 sec,0,0
11.582 sec,0,0
11.583 sec,0,0
11.584 sec,0,0
11.585 sec,0,0
11.586 sec,0,0
11.587 sec,0,0
11.588 sec,0,0
11.589 sec,0,0
11.59 sec,0,0
11.591 sec,0,0
11.592 sec,0,0
11.593 sec,0,0
11.594 sec,0,0
11.595 sec,0,0
11.596 sec,0,0
11.597 sec,0,0
11.598 sec,0,0
11.599 sec,0,0
11.6 sec,0,0
11.601 sec,0,0
11.602 sec,0,0
11.603 sec,0,0
11.604 sec,0,0
11.605 sec,0,0
11.606 sec,0,0
11.607 sec,0,0
11.608 sec,0,0
11.609 sec,0,0
11.61 sec,0,0
11.611 sec,0,0
11.612 sec,0,0
11.613 sec,0,0
11.614 sec,0,0
11.615 sec,0,0
11.616 sec,0,0
11.617 sec,0,0
11.618 sec,0,0
11.619 sec,0,0
11.62 sec,0,0
11.621 sec,0,0
11.622 sec,0,0
11.623 sec,0,0
11.624 sec,0,0
11.625 sec,0,0
11.626 sec,0,0
11.627 sec,0,0
11.628 sec,0,0
11.629 sec,0,0
11.63 sec,0,0
11.631 sec,0,0
11.632 sec,0,0
11.633 sec,0,0
11.634 sec,0,0
11.635 sec,0,0
11.636 sec,0,0
11.637 sec,0,0
11.638 sec,0,0
11.639 sec,0,0
11.64 sec,0,0
11.641 sec,0,0
11.642 sec,0,0
11.643 sec,0,0
11.644 sec,0,0
11.645 sec,0,0
11.646 sec,0,0
11.647 sec,0,0
11.648 sec,0,0
11.649 sec,0,0
11.65 sec,0,0
11.651 sec,0,0
11.652 sec,0,0
11.653 sec,0,0
11.654 sec,0,0
11.655 sec,0,0
11.656 sec,0,0
11.657 sec,0,0
11.658 sec,0,0
11.659 sec,0,0
11.66 sec,0,0
11.661 sec,0,0
11.662 sec,0,0
11.663 sec,0,0
11.664 sec,0,0
11.665 sec,0,0
11.666 sec,0,0
11.667 sec,0,0
11.668 sec,0,0
11.669 sec,0,0
11.67 sec,0,0
11.671 sec,0,0
11.672 sec,0,0
11.673 sec,0,0
11.674 sec,0,0
11.675 sec,0,0
11.676 sec,0,0
11.677 sec,0,0
11.678 sec,0,0
11.679 sec,0,0
11.68 sec,0,0
11.681 sec,0,0
11.682 sec,0,0
11.683 sec,0,0
11.684 sec,0,0
11.685 sec,0,0
11.686 sec,0,0
11.687 sec,0,0
11.688 sec,0,0
11.689 sec,0,0
11.69 sec,0,0
11.691 sec,0,0
11.692 sec,0,0
11.693 sec,0,0
11.694 sec,0,0
11.695 sec,0,0
11.696 sec,0,0
11.697 sec,0,0
11.698 sec,0,0
11.699 sec,0,0
11.7 sec,0,0
11.701 sec,0,0
11.702 sec,0,0
11.703 sec,0,0
11.704 sec,0,0
11.705 sec,0,0
11.706 sec,0,0
11.707 sec,0,0
11.708 sec,0,0
11.709 sec,0,0
11.71 sec,0,0
11.711 sec,0,0
11.712 sec,0,0
11.713 sec,0,0
11.714 sec,0,0
11.715 sec,0,0
11.716 sec,0,0
11.717 sec,0,0
11.718 sec,0,0
11.719 sec,0,0
11.72 sec,0,0
11.721 sec,0,0
11.722 sec,0,0
11.723 sec,0,0
11.724 sec,0,0
11.725 sec,0,0
11.726 sec,0,0
11.727 sec,0,0
11.728 sec,0,0
11.729 sec,0,0
11.73 sec,0,0
11.731 sec,0,0
11.732 sec,0,0
11.733 sec,0,0
11.734 sec,0,0
11.735 sec,0,0
11.736 sec,0,0
11.737 sec,0,0
11.738 sec,0,0
11.739 sec,0,0
11.74 sec,0,0
11.741 sec,0,0
11.742 sec,0,0
11.743 sec,0,0
11.744 sec,0,0
11.745 sec,0,0
11.746 sec,0,0
11.747 sec,0,0
11.748 sec,0,0
11.749 sec,0,0
11.75 sec,0,0
11.751 sec,0,0
11.752 sec,0,0
11.753 sec,0,0
11.754 sec,0,0
11.755 sec,0,0
11.756 sec,0,0
11.757 sec,0,0
11.758 sec,0,0
11.759 sec,0,0
11.76 sec,0,0
11.761 sec,0,0
11.762 sec,0,0
11.763 sec,0,0
11.764 sec,0,0
11.765 sec,0,0
11.766 sec,0,0
11.767 sec,0,0
11.768 sec,0,0
11.769 sec,0,0
11.77 sec,0,0
11.771 sec,0,0
11.772 sec,0,0
11.773 sec,0,0
11.774 sec,0,0
11.775 sec,0,0
11.776 sec,0,0
11.777 sec,0,0
11.778 sec,0,0
11.779 sec,0,0
11.78 sec,0,0
11.781 sec,0,0
11.782 sec,0,0
11.783 sec,0,0
11.784 sec,0,0
11.785 sec,0,0
11.786 sec,0,0
11.787 sec,0,0
11.788 sec,0,0
11.789 sec,0,0
11.79 sec,0,0
11.791 sec,0,0
11.792 sec,0,0
11.793 sec,0,0
11.794 sec,0,0
11.795 sec,0,0
11.796 sec,0,0
11.797 sec,0,0
11.798 sec,0,0
11.799 sec,0,0
11.8 sec,0,0
11.801 sec,0,0
11.802 sec,0,0
11.803 sec,0,0
11.804 sec,0,0
11.805 sec,0,0
11.806 sec,0,0
11.807 sec,0,0
11.808 sec,0,0
11.809 sec,0,0
11.81 sec,0,0
11.811 sec,0,0
11.812 sec,0,0
11.813 sec,0,0
11.814 sec,0,0
11.815 sec,0,0
11.816 sec,0,0
11.817 sec,0,0
11.818 sec,0,0
11.819 sec,0,0
11.82 sec,0,0
11.821 sec,0,0
11.822 sec,0,0
11.823 sec,0,0
11.824 sec,0,0
11.825 sec,0,0
11.826 sec,0,0
11.827 sec,0,0
11.828 sec,0,0
11.829 sec,0,0
11.83 sec,0,0
11.831 sec,0,0
11.832 sec,0,0
11.833 sec,0,0
11.834 sec,0,0
11.835 sec,0,0
11.836 sec,0,0
11.837 sec,0,0
11.838 sec,0,0
11.839 sec,0,0
11.84 sec,0,0
11.841 sec,0,0
11.842 sec,0,0
11.843 sec,0,0
11.844 sec,0,0
11.845 sec,0,0
11.846 sec,0,0
11.847 sec,0,0
11.848 sec,0,0
11.849 sec,0,0
11.85 sec,0,0
11.851 sec,0,0
11.852 sec,0,0
11.853 sec,0,0
11.854 sec,0,0
11.855 sec,0,0
11.856 sec,0,0
11.857 sec,0,0
11.858 sec,0,0
11.859 sec,0,0
11.86 sec,0,0
11.861 sec,0,0
11.862 sec,0,0
11.863 sec,0,0
11.864 sec,0,0
11.865 sec,0,0
11.866 sec,0,0
11.867 sec,0,0
11.868 sec,0,0
11.869 sec,0,0
11.87 sec,0,0
11.871 sec,0,0
11.872 sec,0,0
11.873 sec,0,0
11.874 sec,0,0
11.875 sec,0,0
11.876 sec,0,0
11.877 sec,0,0
11.878 sec,0,0
11.879 sec,0,0
11.88 sec,0,0
11.881 sec,0,0
11.882 sec,0,0
11.883 sec,0,0
11.884 sec,0,0
11.885 sec,0,0
11.886 sec,0,0
11.887 sec,0,0
11.888 sec,0,0
11.889 sec,0,0
11.89 sec,0,0
11.891 sec,0,0
11.892 sec,0,0
11.893 sec,0,0
11.894 sec,0,0
11.895 sec,0,0
11.896 sec,0,0
11.897 sec,0,0
11.898 sec,0,0
11.899 sec,0,0
11.9 sec,0,0
11.901 sec,0,0
11.902 sec,0,0
11.903 sec,0,0
11.904 sec,0,0
11.905 sec,0,0
11.906 sec,0,0
11.907 sec,0,0
11.908 sec,0,0
11.909 sec,0,0
11.91 sec,0,0
11.911 sec,0,0
11.912 sec,0,0
11.913 sec,0,0
11.914 sec,0,0
11.915 sec,0,0
11.916 sec,0,0
11.917 sec,0,0
11.918 sec,0,0
11.919 sec,0,0
11.92 sec,0,0
11.921 sec,0,0
11.922 sec,0,0
11.923 sec,0,0
11.924 sec,0,0
11.925 sec,0,0
11.926 sec,0,0
11.927 sec,0,0
11.928 sec,0,0
11.929 sec,0,0
11.93 sec,0,0
11.931 sec,0,0
11.932 sec,0,0
11.933 sec,0,0
11.934 sec,0,0
11.935 sec,0,0
11.936 sec,0,0
11.937 sec,0,0
11.938 sec,0,0
11.939 sec,0,0
11.94 sec,0,0
11.941 sec,0,0
11.942 sec,0,0
11.943 sec,0,0
11.944 sec,0,0
11.945 sec,0,0
11.946 sec,0,0
11.947 sec,0,0
11.948 sec,0,0
11.949 sec,0,0
11.95 sec,0,0
11.951 sec,0,0
11.952 sec,0,0
11.953 sec,0,0
11.954 sec,0,0
11.955 sec,0,0
11.956 sec,0,0
11.957 sec,0,0
11.958 sec,0,0
11.959 sec,0,0
11.96 sec,0,0
11.961 sec,0,0
11.962 sec,0,0
11.963 sec,0,0
11.964 sec,0,0
11.965 sec,0,0
11.966 sec,0,0
11.967 sec,0,0
11.968 sec,0,0
11.969 sec,0,0
11.97 sec,0,0
11.971 sec,0,0
11.972 sec,0,0
11.973 sec,0,0
11.974 sec,0,0
11.975 sec,0,0
11.976 sec,0,0
11.977 sec,0,0
11.978 sec,0,0
11.979 sec,0,0
11.98 sec,0,0
11.981 sec,0,0
11.982 sec,0,0
11.983 sec,0,0
11.984 sec,0,0
11.985 sec,0,0
11.986 sec,0,0
11.987 sec,0,0
11.988 sec,0,0
11.989 sec,0,0
11.99 sec,0,0
11.991 sec,0,0
11.992 sec,0,0
11.993 sec,0,0
11.994 sec,0,0
11.995 sec,0,0
11.996 sec,0,0
11.997 sec,0,0
11.998 sec,0,0
11.999 sec,0,0
12 sec,0,0
12.001 sec,0,0
12.002 sec,0,0
12.003 sec,0,0
12.004 sec,0,0
12.005 sec,0,0
12.006 sec,0,0
12.007 sec,0,0
12.008 sec,0,0
12.009 sec,0,0
12.01 sec,0,0
12.011 sec,0,0
12.012 sec,0,0
12.013 sec,0,0
12.014 sec,0,0
12.015 sec,0,0
12.016 sec,0,0
12.017 sec,0,0
12.018 sec,0,0
12.019 sec,0,0
12.02 sec,0,0
12.021 sec,0,0
12.022 sec,0,0
12.023 sec,0,0
12.024 sec,0,0
12.025 sec,0,0
12.026 sec,0,0
12.027 sec,0,0
12.028 sec,0,0
12.029 sec,0,0
12.03 sec,0,0
12.031 sec,0,0
12.032 sec,0,0
12.033 sec,0,0
12.034 sec,0,0
12.035 sec,0,0
12.036 sec,0,0
12.037 sec,0,0
12.038 sec,0,0
12.039 sec,0,0
12.04 sec,0,0
12.041 sec,0,0
12.042 sec,0,0
12.043 sec,0,0
12.044 sec,0,0
12.045 sec,0,0
12.046 sec,0,0
12.047 sec,0,0
12.048 sec,0,0
12.049 sec,0,0
12.05 sec,0,0
12.051 sec,0,0
12.052 sec,0,0
12.053 sec,0,0
12.054 sec,0,0
12.055 sec,0,0
12.056 sec,0,0
12.057 sec,0,0
12.058 sec,0,0
12.059 sec,0,0
12.06 sec,0,0
12.061 sec,0,0
12.062 sec,0,0
12.063 sec,0,0
12.064 sec,0,0
12.065 sec,0,0
12.066 sec,0,0
12.067 sec,0,0
12.068 sec,0,0
12.069 sec,0,0
12.07 sec,0,0
12.071 sec,0,0
12.072 sec,0,0
12.073 sec,0,0
12.074 sec,0,0
12.075 sec,0,0
12.076 sec,0,0
12.077 sec,0,0
12.078 sec,0,0
12.079 sec,0,0
12.08 sec,0,0
12.081 sec,0,0
12.082 sec,0,0
12.083 sec,0,0
12.084 sec,0,0
12.085 sec,0,0
12.086 sec,0,0
12.087 sec,0,0
12.088 sec,0,0
12.089 sec,0,0
12.09 sec,0,0
12.091 sec,0,0
12.092 sec,0,0
12.093 sec,0,0
12.094 sec,0,0
12.095 sec,0,0
12.096 sec,0,0
12.097 sec,0,0
12.098 sec,0,0
12.099 sec,0,0
12.1 sec,0,0
12.101 sec,0,0
12.102 sec,0,0
12.103 sec,0,0
12.104 sec,0,0
12.105 sec,0,0
12.106 sec,0,0
12.107 sec,0,0
12.108 sec,0,0
12.109 sec,0,0
12.11 sec,0,0
12.111 sec,0,0
12.112 sec,0,0
12.113 sec,0,0
12.114 sec,0,0
12.115 sec,0,0
12.116 sec,0,0
12.117 sec,0,0
12.118 sec,0,0
12.119 sec,0,0
12.12 sec,0,0
12.121 sec,0,0
12.122 sec,0,0
12.123 sec,0,0
12.124 sec,0,0
12.125 sec,0,0
12.126 sec,0,0
12.127 sec,0,0
12.128 sec,0,0
12.129 sec,0,0
12.13 sec,0,0
12.131 sec,0,0
12.132 sec,0,0
12.133 sec,0,0
12.134 sec,0,0
12.135 sec,0,0
12.136 sec,0,0
12.137 sec,0,0
12.138 sec,0,0
12.139 sec,0,0
12.14 sec,0,0
12.141 sec,0,0
12.142 sec,0,0
12.143 sec,0,0
12.144 sec,0,0
12.145 sec,0,0
12.146 sec,0,0
12.147 sec,0,0
12.148 sec,0,0
12.149 sec,0,0
12.15 sec,0,0
12.151 sec,0,0
12.152 sec,0,0
12.153 sec,0,0
12.154 sec,0,0
12.155 sec,0,0
12.156 sec,0,0
12.157 sec,0,0
12.158 sec,0,0
12.159 sec,0,0
12.16 sec,0,0
12.161 sec,0,0
12.162 sec,0,0
12.163 sec,0,0
12.164 sec,0,0
12.165 sec,0,0
12.166 sec,0,0
12.167 sec,0,0
12.168 sec,0,0
12.169 sec,0,0
12.17 sec,0,0
12.171 sec,0,0
12.172 sec,0,0
12.173 sec,0,0
12.174 sec,0,0
12.175 sec,0,0
12.176 sec,0,0
12.177 sec,0,0
12.178 sec,0,0
12.179 sec,0,0
12.18 sec,0,0
12.181 sec,0,0
12.182 sec,0,0
12.183 sec,0,0
12.184 sec,0,0
12.185 sec,0,0
12.186 sec,0,0
12.187 sec,0,0
12.188 sec,0,0
12.189 sec,0,0
12.19 sec,0,0
12.191 sec,0,0
12.192 sec,0,0
12.193 sec,0,0
12.194 sec,0,0
12.195 sec,0,0
12.196 sec,0,0
12.197 sec,0,0
12.198 sec,0,0
12.199 sec,0,0
12.2 sec,0,0
12.201 sec,0,0
12.202 sec,0,0
12.203 sec,0,0
12.204 sec,0,0
12.205 sec,0,0
12.206 sec,0,0
12.207 sec,0,0
12.208 sec,0,0
12.209 sec,0,0
12.21 sec,0,0
12.211 sec,0,0
12.212 sec,0,0
12.213 sec,0,0
12.214 sec,0,0
12.215 sec,0,0
12.216 sec,0,0
12.217 sec,0,0
12.218 sec,0,0
12.219 sec,0,0
12.22 sec,0,0
12.221 sec,0,0
12.222 sec,0,0
12.223 sec,0,0
12.224 sec,0,0
12.225 sec,0,0
12.226 sec,0,0
12.227 sec,0,0
12.228 sec,0,0
12.229 sec,0,0
12.23 sec,0,0
12.231 sec,0,0
12.232 sec,0,0
12.233 sec,0,0
12.234 sec,0,0
12.235 sec,0,0
12.236 sec,0,0
12.237 sec,0,0
12.238 sec,0,0
12.239 sec,0,0
12.24 sec,0,0
12.241 sec,0,0
12.242 sec,0,0
12.243 sec,0,0
12.244 sec,0,0
12.245 sec,0,0
12.246 sec,0,0
12.247 sec,0,0
12.248 sec,0,0
12.249 sec,0,0
12.25 sec,0,0
12.251 sec,0,0
12.252 sec,0,0
12.253 sec,0,0
12.254 sec,0,0
12.255 sec,0,0
12.256 sec,0,0
12.257 sec,0,0
12.258 sec,0,0
12.259 sec,0,0
12.26 sec,0,0
12.261 sec,0,0
12.262 sec,0,0
12.263 sec,0,0
12.264 sec,0,0
12.265 sec,0,0
12.266 sec,0,0
12.267 sec,0,0
12.268 sec,0,0
12.269 sec,0,0
12.27 sec,0,0
12.271 sec,0,0
12.272 sec,0,0
12.273 sec,0,0
12.274 sec,0,0
12.275 sec,0,0
12.276 sec,0,0
12.277 sec,0,0
12.278 sec,0,0
12.279 sec,0,0
12.28 sec,0,0
12.281 sec,0,0
12.282 sec,0,0
12.283 sec,0,0
12.284 sec,0,0
12.285 sec,0,0
12.286 sec,0,0
12.287 sec,0,0
12.288 sec,0,0
12.289 sec,0,0
12.29 sec,0,0
12.291 sec,0,0
12.292 sec,0,0
12.293 sec,0,0
12.294 sec,0,0
12.295 sec,0,0
12.296 sec,0,0
12.297 sec,0,0
12.298 sec,0,0
12.299 sec,0,0
12.3 sec,0,0
12.301 sec,0,0
12.302 sec,0,0
12.303 sec,0,0
12.304 sec,0,0
12.305 sec,0,0
12.306 sec,0,0
12.307 sec,0,0
12.308 sec,0,0
12.309 sec,0,0
12.31 sec,0,0
12.311 sec,0,0
12.312 sec,0,0
12.313 sec,0,0
12.314 sec,0,0
12.315 sec,0,0
12.316 sec,0,0
12.317 sec,0,0
12.318 sec,0,0
12.319 sec,0,0
12.32 sec,0,0
12.321 sec,0,0
12.322 sec,0,0
12.323 sec,0,0
12.324 sec,0,0
12.325 sec,0,0
12.326 sec,0,0
12.327 sec,0,0
12.328 sec,0,0
12.329 sec,0,0
12.33 sec,0,0
12.331 sec,0,0
12.332 sec,0,0
12.333 sec,0,0
12.334 sec,0,0
12.335 sec,0,0
12.336 sec,0,0
12.337 sec,0,0
12.338 sec,0,0
12.339 sec,0,0
12.34 sec,0,0
12.341 sec,0,0
12.342 sec,0,0
12.343 sec,0,0
12.344 sec,0,0
12.345 sec,0,0
12.346 sec,0,0
12.347 sec,0,0
12.348 sec,0,0
12.349 sec,0,0
12.35 sec,0,0
12.351 sec,0,0
12.352 sec,0,0
12.353 sec,0,0
12.354 sec,0,0
12.355 sec,0,0
12.356 sec,0,0
12.357 sec,0,0
12.358 sec,0,0
12.359 sec,0,0
12.36 sec,0,0
12.361 sec,0,0
12.362 sec,0,0
12.363 sec,0,0
12.364 sec,0,0
12.365 sec,0,0
12.366 sec,0,0
12.367 sec,0,0
12.368 sec,0,0
12.369 sec,0,0
12.37 sec,0,0
12.371 sec,0,0
12.372 sec,0,0
12.373 sec,0,0
12.374 sec,0,0
12.375 sec,0,0
12.376 sec,0,0
12.377 sec,0,0
12.378 sec,0,0
12.379 sec,0,0
12.38 sec,0,0
12.381 sec,0,0
12.382 sec,0,0
12.383 sec,0,0
12.384 sec,0,0
12.385 sec,0,0
12.386 sec,0,0
12.387 sec,0,0
12.388 sec,0,0
12.389 sec,0,0
12.39 sec,0,0
12.391 sec,0,0
12.392 sec,0,0
12.393 sec,0,0
12.394 sec,0,0
12.395 sec,0,0
12.396 sec,0,0
12.397 sec,0,0
12.398 sec,0,0
12.399 sec,0,0
12.4 sec,0,0
12.401 sec,0,0
12.402 sec,0,0
12.403 sec,0,0
12.404 sec,0,0
12.405 sec,0,0
12.406 sec,0,0
12.407 sec,0,0
12.408 sec,0,0
12.409 sec,0,0
12.41 sec,0,0
12.411 sec,0,0
12.412 sec,0,0
12.413 sec,0,0
12.414 sec,0,0
12.415 sec,0,0
12.416 sec,0,0
12.417 sec,0,0
12.418 sec,0,0
12.419 sec,0,0
12.42 sec,0,0
12.421 sec,0,0
12.422 sec,0,0
12.423 sec,0,0
12.424 sec,0,0
12.425 sec,0,0
12.426 sec,0,0
12.427 sec,0,0
12.428 sec,0,0
12.429 sec,0,0
12.43 sec,0,0
12.431 sec,0,0
12.432 sec,0,0
12.433 sec,0,0
12.434 sec,0,0
12.435 sec,0,0
12.436 sec,0,0
12.437 sec,0,0
12.438 sec,0,0
12.439 sec,0,0
12.44 sec,0,0
12.441 sec,0,0
12.442 sec,0,0
12.443 sec,0,0
12.444 sec,0,0
12.445 sec,0,0
12.446 sec,0,0
12.447 sec,0,0
12.448 sec,0,0
12.449 sec,0,0
12.45 sec,0,0
12.451 sec,0,0
12.452 sec,0,0
12.453 sec,0,0
12.454 sec,0,0
12.455 sec,0,0
12.456 sec,0,0
12.457 sec,0,0
12.458 sec,0,0
12.459 sec,0,0
12.46 sec,0,0
12.461 sec,0,0
12.462 sec,0,0
12.463 sec,0,0
12.464 sec,0,0
12.465 sec,0,0
12.466 sec,0,0
12.467 sec,0,0
12.468 sec,0,0
12.469 sec,0,0
12.47 sec,0,0
12.471 sec,0,0
12.472 sec,0,0
12.473 sec,0,0
12.474 sec,0,0
12.475 sec,0,0
12.476 sec,0,0
12.477 sec,0,0
12.478 sec,0,0
12.479 sec,0,0
12.48 sec,0,0
12.481 sec,0,0
12.482 sec,0,0
12.483 sec,0,0
12.484 sec,0,0
12.485 sec,0,0
12.486 sec,0,0
12.487 sec,0,0
12.488 sec,0,0
12.489 sec,0,0
12.49 sec,0,0
12.491 sec,0,0
12.492 sec,0,0
12.493 sec,0,0
12.494 sec,0,0
12.495 sec,0,0
12.496 sec,0,0
12.497 sec,0,0
12.498 sec,0,0
12.499 sec,0,0
12.5 sec,0,0
12.501 sec,0,0
12.502 sec,0,0
12.503 sec,0,0
12.504 sec,0,0
12.505 sec,0,0
12.506 sec,0,0
12.507 sec,0,0
12.508 sec,0,0
12.509 sec,0,0
12.51 sec,0,0
12.511 sec,0,0
12.512 sec,0,0
12.513 sec,0,0
12.514 sec,0,0
12.515 sec,0,0
12.516 sec,0,0
12.517 sec,0,0
12.518 sec,0,0
12.519 sec,0,0
12.52 sec,0,0
12.521 sec,0,0
12.522 sec,0,0
12.523 sec,0,0
12.524 sec,0,0
12.525 sec,0,0
12.526 sec,0,0
12.527 sec,0,0
12.528 sec,0,0
12.529 sec,0,0
12.53 sec,0,0
12.531 sec,0,0
12.532 sec,0,0
12.533 sec,0,0
12.534 sec,0,0
12.535 sec,0,0
12.536 sec,0,0
12.537 sec,0,0
12.538 sec,0,0
12.539 sec,0,0
12.54 sec,0,0
12.541 sec,0,0
12.542 sec,0,0
12.543 sec,0,0
12.544 sec,0,0
12.545 sec,0,0
12.546 sec,0,0
12.547 sec,0,0
12.548 sec,0,0
12.549 sec,0,0
12.55 sec,0,0
12.551 sec,0,0
12.552 sec,0,0
12.553 sec,0,0
12.554 sec,0,0
12.555 sec,0,0
12.556 sec,0,0
12.557 sec,0,0
12.558 sec,0,0
12.559 sec,0,0
12.56 sec,0,0
12.561 sec,0,0
12.562 sec,0,0
12.563 sec,0,0
12.564 sec,0,0
12.565 sec,0,0
12.566 sec,0,0
12.567 sec,0,0
12.568 sec,0,0
12.569 sec,0,0
12.57 sec,0,0
12.571 sec,0,0
12.572 sec,0,0
12.573 sec,0,0
12.574 sec,0,0
12.575 sec,0,0
12.576 sec,0,0
12.577 sec,0,0
12.578 sec,0,0
12.579 sec,0,0
12.58 sec,0,0
12.581 sec,0,0
12.582 sec,0,0
12.583 sec,0,0
12.584 sec,0,0
12.585 sec,0,0
12.586 sec,0,0
12.587 sec,0,0
12.588 sec,0,0
12.589 sec,0,0
12.59 sec,0,0
12.591 sec,0,0
12.592 sec,0,0
12.593 sec,0,0
12.594 sec,0,0
12.595 sec,0,0
12.596 sec,0,0
12.597 sec,0,0
12.598 sec,0,0
12.599 sec,0,0
12.6 sec,0,0
12.601 sec,0,0
12.602 sec,0,0
12.603 sec,0,0
12.604 sec,0,0
12.605 sec,0,0
12.606 sec,0,0
12.607 sec,0,0
12.608 sec,0,0
12.609 sec,0,0
12.61 sec,0,0
12.611 sec,0,0
12.612 sec,0,0
12.613 sec,0,0
12.614 sec,0,0
12.615 sec,0,0
12.616 sec,0,0
12.617 sec,0,0
12.618 sec,0,0
12.619 sec,0,0
12.62 sec,0,0
12.621 sec,0,0
12.622 sec,0,0
12.623 sec,0,0
12.624 sec,0,0
12.625 sec,0,0
12.626 sec,0,0
12.627 sec,0,0
12.628 sec,0,0
12.629 sec,0,0
12.63 sec,0,0
12.631 sec,0,0
12.632 sec,0,0
12.633 sec,0,0
12.634 sec,0,0
12.635 sec,0,0
12.636 sec,0,0
12.637 sec,0,0
12.638 sec,0,0
12.639 sec,0,0
12.64 sec,0,0
12.641 sec,0,0
12.642 sec,0,0
12.643 sec,0,0
12.644 sec,0,0
12.645 sec,0,0
12.646 sec,0,0
12.647 sec,0,0
12.648 sec,0,0
12.649 sec,0,0
12.65 sec,0,0
12.651 sec,0,0
12.652 sec,0,0
12.653 sec,0,0
12.654 sec,0,0
12.655 sec,0,0
12.656 sec,0,0
12.657 sec,0,0
12.658 sec,0,0
12.659 sec,0,0
12.66 sec,0,0
12.661 sec,0,0
12.662 sec,0,0
12.663 sec,0,0
12.664 sec,0,0
12.665 sec,0,0
12.666 sec,0,0
12.667 sec,0,0
12.668 sec,0,0
12.669 sec,0,0
12.67 sec,0,0
12.671 sec,0,0
12.672 sec,0,0
12.673 sec,0,0
12.674 sec,0,0
12.675 sec,0,0
12.676 sec,0,0
12.677 sec,0,0
12.678 sec,0,0
12.679 sec,0,0
12.68 sec,0,0
12.681 sec,0,0
12.682 sec,0,0
12.683 sec,0,0
12.684 sec,0,0
12.685 sec,0,0
12.686 sec,0,0
12.687 sec,0,0
12.688 sec,0,0
12.689 sec,0,0
12.69 sec,0,0
12.691 sec,0,0
12.692 sec,0,0
12.693 sec,0,0
12.694 sec,0,0
12.695 sec,0,0
12.696 sec,0,0
12.697 sec,0,0
12.698 sec,0,0
12.699 sec,0,0
12.7 sec,0,0
12.701 sec,0,0
12.702 sec,0,0
12.703 sec,0,0
12.704 sec,0,0
12.705 sec,0,0
12.706 sec,0,0
12.707 sec,0,0
12.708 sec,0,0
12.709 sec,0,0
12.71 sec,0,0
12.711 sec,0,0
12.712 sec,0,0
12.713 sec,0,0
12.714 sec,0,0
12.715 sec,0,0
12.716 sec,0,0
12.717 sec,0,0
12.718 sec,0,0
12.719 sec,0,0
12.72 sec,0,0
12.721 sec,0,0
12.722 sec,0,0
12.723 sec,0,0
12.724 sec,0,0
12.725 sec,0,0
12.726 sec,0,0
12.727 sec,0,0
12.728 sec,0,0
12.729 sec,0,0
12.73 sec,0,0
12.731 sec,0,0
12.732 sec,0,0
12.733 sec,0,0
12.734 sec,0,0
12.735 sec,0,0
12.736 sec,0,0
12.737 sec,0,0
12.738 sec,0,0
12.739 sec,0,0
12.74 sec,0,0
12.741 sec,0,0
12.742 sec,0,0
12.743 sec,0,0
12.744 sec,0,0
12.745 sec,0,0
12.746 sec,0,0
12.747 sec,0,0
12.748 sec,0,0
12.749 sec,0,0
12.75 sec,0,0
12.751 sec,0,0
12.752 sec,0,0
12.753 sec,0,0
12.754 sec,0,0
12.755 sec,0,0
12.756 sec,0,0
12.757 sec,0,0
12.758 sec,0,0
12.759 sec,0,0
12.76 sec,0,0
12.761 sec,0,0
12.762 sec,0,0
12.763 sec,0,0
12.764 sec,0,0
12.765 sec,0,0
12.766 sec,0,0
12.767 sec,0,0
12.768 sec,0,0
12.769 sec,0,0
12.77 sec,0,0
12.771 sec,0,0
12.772 sec,0,0
12.773 sec,0,0
12.774 sec,0,0
12.775 sec,0,0
12.776 sec,0,0
12.777 sec,0,0
12.778 sec,0,0
12.779 sec,0,0
12.78 sec,0,0
12.781 sec,0,0
12.782 sec,0,0
12.783 sec,0,0
12.784 sec,0,0
12.785 sec,0,0
12.786 sec,0,0
12.787 sec,0,0
12.788 sec,0,0
12.789 sec,0,0
12.79 sec,0,0
12.791 sec,0,0
12.792 sec,0,0
12.793 sec,0,0
12.794 sec,0,0
12.795 sec,0,0
12.796 sec,0,0
12.797 sec,0,0
12.798 sec,0,0
12.799 sec,0,0
12.8 sec,0,0
12.801 sec,0,0
12.802 sec,0,0
12.803 sec,0,0
12.804 sec,0,0
12.805 sec,0,0
12.806 sec,0,0
12.807 sec,0,0
12.808 sec,0,0
12.809 sec,0,0
12.81 sec,0,0
12.811 sec,0,0
12.812 sec,0,0
12.813 sec,0,0
12.814 sec,0,0
12.815 sec,0,0
12.816 sec,0,0
12.817 sec,0,0
12.818 sec,0,0
12.819 sec,0,0
12.82 sec,0,0
12.821 sec,0,0
12.822 sec,0,0
12.823 sec,0,0
12.824 sec,0,0
12.825 sec,0,0
12.826 sec,0,0
12.827 sec,0,0
12.828 sec,0,0
12.829 sec,0,0
12.83 sec,0,0
12.831 sec,0,0
12.832 sec,0,0
12.833 sec,0,0
12.834 sec,0,0
12.835 sec,0,0
12.836 sec,0,0
12.837 sec,0,0
12.838 sec,0,0
12.839 sec,0,0
12.84 sec,0,0
12.841 sec,0,0
12.842 sec,0,0
12.843 sec,0,0
12.844 sec,0,0
12.845 sec,0,0
12.846 sec,0,0
12.847 sec,0,0
12.848 sec,0,0
12.849 sec,0,0
12.85 sec,0,0
12.851 sec,0,0
12.852 sec,0,0
12.853 sec,0,0
12.854 sec,0,0
12.855 sec,0,0
12.856 sec,0,0
12.857 sec,0,0
12.858 sec,0,0
12.859 sec,0,0
12.86 sec,0,0
12.861 sec,0,0
12.862 sec,0,0
12.863 sec,0,0
12.864 sec,0,0
12.865 sec,0,0
12.866 sec,0,0
12.867 sec,0,0
12.868 sec,0,0
12.869 sec,0,0
12.87 sec,0,0
12.871 sec,0,0
12.872 sec,0,0
12.873 sec,0,0
12.874 sec,0,0
12.875 sec,0,0
12.876 sec,0,0
12.877 sec,0,0
12.878 sec,0,0
12.879 sec,0,0
12.88 sec,0,0
12.881 sec,0,0
12.882 sec,0,0
12.883 sec,0,0
12.884 sec,0,0
12.885 sec,0,0
12.886 sec,0,0
12.887 sec,0,0
12.888 sec,0,0
12.889 sec,0,0
12.89 sec,0,0
12.891 sec,0,0
12.892 sec,0,0
12.893 sec,0,0
12.894 sec,0,0
12.895 sec,0,0
12.896 sec,0,0
12.897 sec,0,0
12.898 sec,0,0
12.899 sec,0,0
12.9 sec,0,0
12.901 sec,0,0
12.902 sec,0,0
12.903 sec,0,0
12.904 sec,0,0
12.905 sec,0,0
12.906 sec,0,0
12.907 sec,0,0
12.908 sec,0,0
12.909 sec,0,0
12.91 sec,0,0
12.911 sec,0,0
12.912 sec,0,0
12.913 sec,0,0
12.914 sec,0,0
12.915 sec,0,0
12.916 sec,0,0
12.917 sec,0,0
12.918 sec,0,0
12.919 sec,0,0
12.92 sec,0,0
12.921 sec,0,0
12.922 sec,0,0
12.923 sec,0,0
12.924 sec,0,0
12.925 sec,0,0
12.926 sec,0,0
12.927 sec,0,0
12.928 sec,0,0
12.929 sec,0,0
12.93 sec,0,0
12.931 sec,0,0
12.932 sec,0,0
12.933 sec,0,0
12.934 sec,0,0
12.935 sec,0,0
12.936 sec,0,0
12.937 sec,0,0
12.938 sec,0,0
12.939 sec,0,0
12.94 sec,0,0
12.941 sec,0,0
12.942 sec,0,0
12.943 sec,0,0
12.944 sec,0,0
12.945 sec,0,0
12.946 sec,0,0
12.947 sec,0,0
12.948 sec,0,0
12.949 sec,0,0
12.95 sec,0,0
12.951 sec,0,0
12.952 sec,0,0
12.953 sec,0,0
12.954 sec,0,0
12.955 sec,0,0
12.956 sec,0,0
12.957 sec,0,0
12.958 sec,0,0
12.959 sec,0,0
12.96 sec,0,0
12.961 sec,0,0
12.962 sec,0,0
12.963 sec,0,0
12.964 sec,0,0
12.965 sec,0,0
12.966 sec,0,0
12.967 sec,0,0
12.968 sec,0,0
12.969 sec,0,0
12.97 sec,0,0
12.971 sec,0,0
12.972 sec,0,0
12.973 sec,0,0
12.974 sec,0,0
12.975 sec,0,0
12.976 sec,0,0
12.977 sec,0,0
12.978 sec,0,0
12.979 sec,0,0
12.98 sec,0,0
12.981 sec,0,0
12.982 sec,0,0
12.983 sec,0,0
12.984 sec,0,0
12.985 sec,0,0
12.986 sec,0,0
12.987 sec,0,0
12.988 sec,0,0
12.989 sec,0,0
12.99 sec,0,0
12.991 sec,0,0
12.992 sec,0,0
12.993 sec,0,0
12.994 sec,0,0
12.995 sec,0,0
12.996 sec,0,0
12.997 sec,0,0
12.998 sec,0,0
12.999 sec,0,0
13 sec,0,0
13.001 sec,0,0
13.002 sec,0,0
13.003 sec,0,0
13.004 sec,0,0
13.005 sec,0,0
13.006 sec,0,0
13.007 sec,0,0
13.008 sec,0,0
13.009 sec,0,0
13.01 sec,0,0
13.011 sec,0,0
13.012 sec,0,0
13.013 sec,0,0
13.014 sec,0,0
13.015 sec,0,0
13.016 sec,0,0
13.017 sec,0,0
13.018 sec,0,0
13.019 sec,0,0
13.02 sec,0,0
13.021 sec,0,0
13.022 sec,0,0
13.023 sec,0,0
13.024 sec,0,0
13.025 sec,0,0
13.026 sec,0,0
13.027 sec,0,0
13.028 sec,0,0
13.029 sec,0,0
13.03 sec,0,0
13.031 sec,0,0
13.032 sec,0,0
13.033 sec,0,0
13.034 sec,0,0
13.035 sec,0,0
13.036 sec,0,0
13.037 sec,0,0
13.038 sec,0,0
13.039 sec,0,0
13.04 sec,0,0
13.041 sec,0,0
13.042 sec,0,0
13.043 sec,0,0
13.044 sec,0,0
13.045 sec,0,0
13.046 sec,0,0
13.047 sec,0,0
13.048 sec,0,0
13.049 sec,0,0
13.05 sec,0,0
13.051 sec,0,0
13.052 sec,0,0
13.053 sec,0,0
13.054 sec,0,0
13.055 sec,0,0
13.056 sec,0,0
13.057 sec,0,0
13.058 sec,0,0
13.059 sec,0,0
13.06 sec,0,0
13.061 sec,0,0
13.062 sec,0,0
13.063 sec,0,0
13.064 sec,0,0
13.065 sec,0,0
13.066 sec,0,0
13.067 sec,0,0
13.068 sec,0,0
13.069 sec,0,0
13.07 sec,0,0
13.071 sec,0,0
13.072 sec,0,0
13.073 sec,0,0
13.074 sec,0,0
13.075 sec,0,0
13.076 sec,0,0
13.077 sec,0,0
13.078 sec,0,0
13.079 sec,0,0
13.08 sec,0,0
13.081 sec,0,0
13.082 sec,0,0
13.083 sec,0,0
13.084 sec,0,0
13.085 sec,0,0
13.086 sec,0,0
13.087 sec,0,0
13.088 sec,0,0
13.089 sec,0,0
13.09 sec,0,0
13.091 sec,0,0
13.092 sec,0,0
13.093 sec,0,0
13.094 sec,0,0
13.095 sec,0,0
13.096 sec,0,0
13.097 sec,0,0
13.098 sec,0,0
13.099 sec,0,0
13.1 sec,0,0
13.101 sec,0,0
13.102 sec,0,0
13.103 sec,0,0
13.104 sec,0,0
13.105 sec,0,0
13.106 sec,0,0
13.107 sec,0,0
13.108 sec,0,0
13.109 sec,0,0
13.11 sec,0,0
13.111 sec,0,0
13.112 sec,0,0
13.113 sec,0,0
13.114 sec,0,0
13.115 sec,0,0
13.116 sec,0,0
13.117 sec,0,0
13.118 sec,0,0
13.119 sec,0,0
13.12 sec,0,0
13.121 sec,0,0
13.122 sec,0,0
13.123 sec,0,0
13.124 sec,0,0
13.125 sec,0,0
13.126 sec,0,0
13.127 sec,0,0
13.128 sec,0,0
13.129 sec,0,0
13.13 sec,0,0
13.131 sec,0,0
13.132 sec,0,0
13.133 sec,0,0
13.134 sec,0,0
13.135 sec,0,0
13.136 sec,0,0
13.137 sec,0,0
13.138 sec,0,0
13.139 sec,0,0
13.14 sec,0,0
13.141 sec,0,0
13.142 sec,0,0
13.143 sec,0,0
13.144 sec,0,0
13.145 sec,0,0
13.146 sec,0,0
13.147 sec,0,0
13.148 sec,0,0
13.149 sec,0,0
13.15 sec,0,0
13.151 sec,0,0
13.152 sec,0,0
13.153 sec,0,0
13.154 sec,0,0
13.155 sec,0,0
13.156 sec,0,0
13.157 sec,0,0
13.158 sec,0,0
13.159 sec,0,0
13.16 sec,0,0
13.161 sec,0,0
13.162 sec,0,0
13.163 sec,0,0
13.164 sec,0,0
13.165 sec,0,0
13.166 sec,0,0
13.167 sec,0,0
13.168 sec,0,0
13.169 sec,0,0
13.17 sec,0,0
13.171 sec,0,0
13.172 sec,0,0
13.173 sec,0,0
13.174 sec,0,0
13.175 sec,0,0
13.176 sec,0,0
13.177 sec,0,0
13.178 sec,0,0
13.179 sec,0,0
13.18 sec,0,0
13.181 sec,0,0
13.182 sec,0,0
13.183 sec,0,0
13.184 sec,0,0
13.185 sec,0,0
13.186 sec,0,0
13.187 sec,0,0
13.188 sec,0,0
13.189 sec,0,0
13.19 sec,0,0
13.191 sec,0,0
13.192 sec,0,0
13.193 sec,0,0
13.194 sec,0,0
13.195 sec,0,0
13.196 sec,0,0
13.197 sec,0,0
13.198 sec,0,0
13.199 sec,0,0
13.2 sec,0,0
13.201 sec,0,0
13.202 sec,0,0
13.203 sec,0,0
13.204 sec,0,0
13.205 sec,0,0
13.206 sec,0,0
13.207 sec,0,0
13.208 sec,0,0
13.209 sec,0,0
13.21 sec,0,0
13.211 sec,0,0
13.212 sec,0,0
13.213 sec,0,0
13.214 sec,0,0
13.215 sec,0,0
13.216 sec,0,0
13.217 sec,0,0
13.218 sec,0,0
13.219 sec,0,0
13.22 sec,0,0
13.221 sec,0,0
13.222 sec,0,0
13.223 sec,0,0
13.224 sec,0,0
13.225 sec,0,0
13.226 sec,0,0
13.227 sec,0,0
13.228 sec,0,0
13.229 sec,0,0
13.23 sec,0,0
13.231 sec,0,0
13.232 sec,0,0
13.233 sec,0,0
13.234 sec,0,0
13.235 sec,0,0
13.236 sec,0,0
13.237 sec,0,0
13.238 sec,0,0
13.239 sec,0,0
13.24 sec,0,0
13.241 sec,0,0
13.242 sec,0,0
13.243 sec,0,0
13.244 sec,0,0
13.245 sec,0,0
13.246 sec,0,0
13.247 sec,0,0
13.248 sec,0,0
13.249 sec,0,0
13.25 sec,0,0
13.251 sec,0,0
13.252 sec,0,0
13.253 sec,0,0
13.254 sec,0,0
13.255 sec,0,0
13.256 sec,0,0
13.257 sec,0,0
13.258 sec,0,0
13.259 sec,0,0
13.26 sec,0,0
13.261 sec,0,0
13.262 sec,0,0
13.263 sec,0,0
13.264 sec,0,0
13.265 sec,0,0
13.266 sec,0,0
13.267 sec,0,0
13.268 sec,0,0
13.269 sec,0,0
13.27 sec,0,0
13.271 sec,0,0
13.272 sec,0,0
13.273 sec,0,0
13.274 sec,0,0
13.275 sec,0,0
13.276 sec,0,0
13.277 sec,0,0
13.278 sec,0,0
13.279 sec,0,0
13.28 sec,0,0
13.281 sec,0,0
13.282 sec,0,0
13.283 sec,0,0
13.284 sec,0,0
13.285 sec,0,0
13.286 sec,0,0
13.287 sec,0,0
13.288 sec,0,0
13.289 sec,0,0
13.29 sec,0,0
13.291 sec,0,0
13.292 sec,0,0
13.293 sec,0,0
13.294 sec,0,0
13.295 sec,0,0
13.296 sec,0,0
13.297 sec,0,0
13.298 sec,0,0
13.299 sec,0,0
13.3 sec,0,0
13.301 sec,0,0
13.302 sec,0,0
13.303 sec,0,0
13.304 sec,0,0
13.305 sec,0,0
13.306 sec,0,0
13.307 sec,0,0
13.308 sec,0,0
13.309 sec,0,0
13.31 sec,0,0
13.311 sec,0,0
13.312 sec,0,0
13.313 sec,0,0
13.314 sec,0,0
13.315 sec,0,0
13.316 sec,0,0
13.317 sec,0,0
13.318 sec,0,0
13.319 sec,0,0
13.32 sec,0,0
13.321 sec,0,0
13.322 sec,0,0
13.323 sec,0,0
13.324 sec,0,0
13.325 sec,0,0
13.326 sec,0,0
13.327 sec,0,0
13.328 sec,0,0
13.329 sec,0,0
13.33 sec,0,0
13.331 sec,0,0
13.332 sec,0,0
13.333 sec,0,0
13.334 sec,0,0
13.335 sec,0,0
13.336 sec,0,0
13.337 sec,0,0
13.338 sec,0,0
13.339 sec,0,0
13.34 sec,0,0
13.341 sec,0,0
13.342 sec,0,0
13.343 sec,0,0
13.344 sec,0,0
13.345 sec,0,0
13.346 sec,0,0
13.347 sec,0,0
13.348 sec,0,0
13.349 sec,0,0
13.35 sec,0,0
13.351 sec,0,0
13.352 sec,0,0
13.353 sec,0,0
13.354 sec,0,0
13.355 sec,0,0
13.356 sec,0,0
13.357 sec,0,0
13.358 sec,0,0
13.359 sec,0,0
13.36 sec,0,0
13.361 sec,0,0
13.362 sec,0,0
13.363 sec,0,0
13.364 sec,0,0
13.365 sec,0,0
13.366 sec,0,0
13.367 sec,0,0
13.368 sec,0,0
13.369 sec,0,0
13.37 sec,0,0
13.371 sec,0,0
13.372 sec,0,0
13.373 sec,0,0
13.374 sec,0,0
13.375 sec,0,0
13.376 sec,0,0
13.377 sec,0,0
13.378 sec,0,0
13.379 sec,0,0
13.38 sec,0,0
13.381 sec,0,0
13.382 sec,0,0
13.383 sec,0,0
13.384 sec,0,0
13.385 sec,0,0
13.386 sec,0,0
13.387 sec,0,0
13.388 sec,0,0
13.389 sec,0,0
13.39 sec,0,0
13.391 sec,0,0
13.392 sec,0,0
13.393 sec,0,0
13.394 sec,0,0
13.395 sec,0,0
13.396 sec,0,0
13.397 sec,0,0
13.398 sec,0,0
13.399 sec,0,0
13.4 sec,0,0
13.401 sec,0,0
13.402 sec,0,0
13.403 sec,0,0
13.404 sec,0,0
13.405 sec,0,0
13.406 sec,0,0
13.407 sec,0,0
13.408 sec,0,0
13.409 sec,0,0
13.41 sec,0,0
13.411 sec,0,0
13.412 sec,0,0
13.413 sec,0,0
13.414 sec,0,0
13.415 sec,0,0
13.416 sec,0,0
13.417 sec,0,0
13.418 sec,0,0
13.419 sec,0,0
13.42 sec,0,0
13.421 sec,0,0
13.422 sec,0,0
13.423 sec,0,0
13.424 sec,0,0
13.425 sec,0,0
13.426 sec,0,0
13.427 sec,0,0
13.428 sec,0,0
13.429 sec,0,0
13.43 sec,0,0
13.431 sec,0,0
13.432 sec,0,0
13.433 sec,0,0
13.434 sec,0,0
13.435 sec,0,0
13.436 sec,0,0
13.437 sec,0,0
13.438 sec,0,0
13.439 sec,0,0
13.44 sec,0,0
13.441 sec,0,0
13.442 sec,0,0
13.443 sec,0,0
13.444 sec,0,0
13.445 sec,0,0
13.446 sec,0,0
13.447 sec,0,0
13.448 sec,0,0
13.449 sec,0,0
13.45 sec,0,0
13.451 sec,0,0
13.452 sec,0,0
13.453 sec,0,0
13.454 sec,0,0
13.455 sec,0,0
13.456 sec,0,0
13.457 sec,0,0
13.458 sec,0,0
13.459 sec,0,0
13.46 sec,0,0
13.461 sec,0,0
13.462 sec,0,0
13.463 sec,0,0
13.464 sec,0,0
13.465 sec,0,0
13.466 sec,0,0
13.467 sec,0,0
13.468 sec,0,0
13.469 sec,0,0
13.47 sec,0,0
13.471 sec,0,0
13.472 sec,0,0
13.473 sec,0,0
13.474 sec,0,0
13.475 sec,0,0
13.476 sec,0,0
13.477 sec,0,0
13.478 sec,0,0
13.479 sec,0,0
13.48 sec,0,0
13.481 sec,0,0
13.482 sec,0,0
13.483 sec,0,0
13.484 sec,0,0
13.485 sec,0,0
13.486 sec,0,0
13.487 sec,0,0
13.488 sec,0,0
13.489 sec,0,0
13.49 sec,0,0
13.491 sec,0,0
13.492 sec,0,0
13.493 sec,0,0
13.494 sec,0,0
13.495 sec,0,0
13.496 sec,0,0
13.497 sec,0,0
13.498 sec,0,0
13.499 sec,0,0
13.5 sec,0,0
13.501 sec,0,0
13.502 sec,0,0
13.503 sec,0,0
13.504 sec,0,0
13.505 sec,0,0
13.506 sec,0,0
13.507 sec,0,0
13.508 sec,0,0
13.509 sec,0,0
13.51 sec,0,0
13.511 sec,0,0
13.512 sec,0,0
13.513 sec,0,0
13.514 sec,0,0
13.515 sec,0,0
13.516 sec,0,0
13.517 sec,0,0
13.518 sec,0,0
13.519 sec,0,0
13.52 sec,0,0
13.521 sec,0,0
13.522 sec,0,0
13.523 sec,0,0
13.524 sec,0,0
13.525 sec,0,0
13.526 sec,0,0
13.527 sec,0,0
13.528 sec,0,0
13.529 sec,0,0
13.53 sec,0,0
13.531 sec,0,0
13.532 sec,0,0
13.533 sec,0,0
13.534 sec,0,0
13.535 sec,0,0
13.536 sec,0,0
13.537 sec,0,0
13.538 sec,0,0
13.539 sec,0,0
13.54 sec,0,0
13.541 sec,0,0
13.542 sec,0,0
13.543 sec,0,0
13.544 sec,0,0
13.545 sec,0,0
13.546 sec,0,0
13.547 sec,0,0
13.548 sec,0,0
13.549 sec,0,0
13.55 sec,0,0
13.551 sec,0,0
13.552 sec,0,0
13.553 sec,0,0
13.554 sec,0,0
13.555 sec,0,0
13.556 sec,0,0
13.557 sec,0,0
13.558 sec,0,0
13.559 sec,0,0
13.56 sec,0,0
13.561 sec,0,0
13.562 sec,0,0
13.563 sec,0,0
13.564 sec,0,0
13.565 sec,0,0
13.566 sec,0,0
13.567 sec,0,0
13.568 sec,0,0
13.569 sec,0,0
13.57 sec,0,0
13.571 sec,0,0
13.572 sec,0,0
13.573 sec,0,0
13.574 sec,0,0
13.575 sec,0,0
13.576 sec,0,0
13.577 sec,0,0
13.578 sec,0,0
13.579 sec,0,0
13.58 sec,0,0
13.581 sec,0,0
13.582 sec,0,0
13.583 sec,0,0
13.584 sec,0,0
13.585 sec,0,0
13.586 sec,0,0
13.587 sec,0,0
13.588 sec,0,0
13.589 sec,0,0
13.59 sec,0,0
13.591 sec,0,0
13.592 sec,0,0
13.593 sec,0,0
13.594 sec,0,0
13.595 sec,0,0
13.596 sec,0,0
13.597 sec,0,0
13.598 sec,0,0
13.599 sec,0,0
13.6 sec,0,0
13.601 sec,0,0
13.602 sec,0,0
13.603 sec,0,0
13.604 sec,0,0
13.605 sec,0,0
13.606 sec,0,0
13.607 sec,0,0
13.608 sec,0,0
13.609 sec,0,0
13.61 sec,0,0
13.611 sec,0,0
13.612 sec,0,0
13.613 sec,0,0
13.614 sec,0,0
13.615 sec,0,0
13.616 sec,0,0
13.617 sec,0,0
13.618 sec,0,0
13.619 sec,0,0
13.62 sec,0,0
13.621 sec,0,0
13.622 sec,0,0
13.623 sec,0,0
13.624 sec,0,0
13.625 sec,0,0
13.626 sec,0,0
13.627 sec,0,0
13.628 sec,0,0
13.629 sec,0,0
13.63 sec,0,0
13.631 sec,0,0
13.632 sec,0,0
13.633 sec,0,0
13.634 sec,0,0
13.635 sec,0,0
13.636 sec,0,0
13.637 sec,0,0
13.638 sec,0,0
13.639 sec,0,0
13.64 sec,0,0
13.641 sec,0,0
13.642 sec,0,0
13.643 sec,0,0
13.644 sec,0,0
13.645 sec,0,0
13.646 sec,0,0
13.647 sec,0,0
13.648 sec,0,0
13.649 sec,0,0
13.65 sec,0,0
13.651 sec,0,0
13.652 sec,0,0
13.653 sec,0,0
13.654 sec,0,0
13.655 sec,0,0
13.656 sec,0,0
13.657 sec,0,0
13.658 sec,0,0
13.659 sec,0,0
13.66 sec,0,0
13.661 sec,0,0
13.662 sec,0,0
13.663 sec,0,0
13.664 sec,0,0
13.665 sec,0,0
13.666 sec,0,0
13.667 sec,0,0
13.668 sec,0,0
13.669 sec,0,0
13.67 sec,0,0
13.671 sec,0,0
13.672 sec,0,0
13.673 sec,0,0
13.674 sec,0,0
13.675 sec,0,0
13.676 sec,0,0
13.677 sec,0,0
13.678 sec,0,0
13.679 sec,0,0
13.68 sec,0,0
13.681 sec,0,0
13.682 sec,0,0
13.683 sec,0,0
13.684 sec,0,0
13.685 sec,0,0
13.686 sec,0,0
13.687 sec,0,0
13.688 sec,0,0
13.689 sec,0,0
13.69 sec,0,0
13.691 sec,0,0
13.692 sec,0,0
13.693 sec,0,0
13.694 sec,0,0
13.695 sec,0,0
13.696 sec,0,0
13.697 sec,0,0
13.698 sec,0,0
13.699 sec,0,0
13.7 sec,0,0
13.701 sec,0,0
13.702 sec,0,0
13.703 sec,0,0
13.704 sec,0,0
13.705 sec,0,0
13.706 sec,0,0
13.707 sec,0,0
13.708 sec,0,0
13.709 sec,0,0
13.71 sec,0,0
13.711 sec,0,0
13.712 sec,0,0
13.713 sec,0,0
13.714 sec,0,0
13.715 sec,0,0
13.716 sec,0,0
13.717 sec,0,0
13.718 sec,0,0
13.719 sec,0,0
13.72 sec,0,0
13.721 sec,0,0
13.722 sec,0,0
13.723 sec,0,0
13.724 sec,0,0
13.725 sec,0,0
13.726 sec,0,0
13.727 sec,0,0
13.728 sec,0,0
13.729 sec,0,0
13.73 sec,0,0
13.731 sec,0,0
13.732 sec,0,0
13.733 sec,0,0
13.734 sec,0,0
13.735 sec,0,0
13.736 sec,0,0
13.737 sec,0,0
13.738 sec,0,0
13.739 sec,0,0
13.74 sec,0,0
13.741 sec,0,0
13.742 sec,0,0
13.743 sec,0,0
13.744 sec,0,0
13.745 sec,0,0
13.746 sec,0,0
13.747 sec,0,0
13.748 sec,0,0
13.749 sec,0,0
13.75 sec,0,0
13.751 sec,0,0
13.752 sec,0,0
13.753 sec,0,0
13.754 sec,0,0
13.755 sec,0,0
13.756 sec,0,0
13.757 sec,0,0
13.758 sec,0,0
13.759 sec,0,0
13.76 sec,0,0
13.761 sec,0,0
13.762 sec,0,0
13.763 sec,0,0
13.764 sec,0,0
13.765 sec,0,0
13.766 sec,0,0
13.767 sec,0,0
13.768 sec,0,0
13.769 sec,0,0
13.77 sec,0,0
13.771 sec,0,0
13.772 sec,0,0
13.773 sec,0,0
13.774 sec,0,0
13.775 sec,0,0
13.776 sec,0,0
13.777 sec,0,0
13.778 sec,0,0
13.779 sec,0,0
13.78 sec,0,0
13.781 sec,0,0
13.782 sec,0,0
13.783 sec,0,0
13.784 sec,0,0
13.785 sec,0,0
13.786 sec,0,0
13.787 sec,0,0
13.788 sec,0,0
13.789 sec,0,0
13.79 sec,0,0
13.791 sec,0,0
13.792 sec,0,0
13.793 sec,0,0
13.794 sec,0,0
13.795 sec,0,0
13.796 sec,0,0
13.797 sec,0,0
13.798 sec,0,0
13.799 sec,0,0
13.8 sec,0,0
13.801 sec,0,0
13.802 sec,0,0
13.803 sec,0,0
13.804 sec,0,0
13.805 sec,0,0
13.806 sec,0,0
13.807 sec,0,0
13.808 sec,0,0
13.809 sec,0,0
13.81 sec,0,0
13.811 sec,0,0
13.812 sec,0,0
13.813 sec,0,0
13.814 sec,0,0
13.815 sec,0,0
13.816 sec,0,0
13.817 sec,0,0
13.818 sec,0,0
13.819 sec,0,0
13.82 sec,0,0
13.821 sec,0,0
13.822 sec,0,0
13.823 sec,0,0
13.824 sec,0,0
13.825 sec,0,0
13.826 sec,0,0
13.827 sec,0,0
13.828 sec,0,0
13.829 sec,0,0
13.83 sec,0,0
13.831 sec,0,0
13.832 sec,0,0
13.833 sec,0,0
13.834 sec,0,0
13.835 sec,0,0
13.836 sec,0,0
13.837 sec,0,0
13.838 sec,0,0
13.839 sec,0,0
13.84 sec,0,0
13.841 sec,0,0
13.842 sec,0,0
13.843 sec,0,0
13.844 sec,0,0
13.845 sec,0,0
13.846 sec,0,0
13.847 sec,0,0
13.848 sec,0,0
13.849 sec,0,0
13.85 sec,0,0
13.851 sec,0,0
13.852 sec,0,0
13.853 sec,0,0
13.854 sec,0,0
13.855 sec,0,0
13.856 sec,0,0
13.857 sec,0,0
13.858 sec,0,0
13.859 sec,0,0
13.86 sec,0,0
13.861 sec,0,0
13.862 sec,0,0
13.863 sec,0,0
13.864 sec,0,0
13.865 sec,0,0
13.866 sec,0,0
13.867 sec,0,0
13.868 sec,0,0
13.869 sec,0,0
13.87 sec,0,0
13.871 sec,0,0
13.872 sec,0,0
13.873 sec,0,0
13.874 sec,0,0
13.875 sec,0,0
13.876 sec,0,0
13.877 sec,0,0
13.878 sec,0,0
13.879 sec,0,0
13.88 sec,0,0
13.881 sec,0,0
13.882 sec,0,0
13.883 sec,0,0
13.884 sec,0,0
13.885 sec,0,0
13.886 sec,0,0
13.887 sec,0,0
13.888 sec,0,0
13.889 sec,0,0
13.89 sec,0,0
13.891 sec,0,0
13.892 sec,0,0
13.893 sec,0,0
13.894 sec,0,0
13.895 sec,0,0
13.896 sec,0,0
13.897 sec,0,0
13.898 sec,0,0
13.899 sec,0,0
13.9 sec,0,0
13.901 sec,0,0
13.902 sec,0,0
13.903 sec,0,0
13.904 sec,0,0
13.905 sec,0,0
13.906 sec,0,0
13.907 sec,0,0
13.908 sec,0,0
13.909 sec,0,0
13.91 sec,0,0
13.911 sec,0,0
13.912 sec,0,0
13.913 sec,0,0
13.914 sec,0,0
13.915 sec,0,0
13.916 sec,0,-0.228524743230626
13.917 sec,0,-0.697945845004668
13.918 sec,0,-1
13.919 sec,0,-1
13.92 sec,0,-1
13.921 sec,0,-1
13.922 sec,0,-1
13.923 sec,0,-1
13.924 sec,0,-1
13.925 sec,0,-1
13.926 sec,0,-1
13.927 sec,0,-1
13.928 sec,0,-1
13.929 sec,0,-1
13.93 sec,0,-1
13.931 sec,0,-1
13.932 sec,0,-1
13.933 sec,0,-1
13.934 sec,0,-1
13.935 sec,0,-1
13.936 sec,0,-1
13.937 sec,0,-1
13.938 sec,0,-1
13.939 sec,0,-1
13.94 sec,0,-1
13.941 sec,0,-1
13.942 sec,0,-1
13.943 sec,0,-1
13.944 sec,0,-1
13.945 sec,0,-1
13.946 sec,0,-1
13.947 sec,0,-1
13.948 sec,0,-1
13.949 sec,0,-1
13.95 sec,0,-1
13.951 sec,0,-1
13.952 sec,0,-1
13.953 sec,0,-1
13.954 sec,0,-1
13.955 sec,0,-1
13.956 sec,0,-1
13.957 sec,0,-1
13.958 sec,0,-1
13.959 sec,0,-1
13.96 sec,0,-1
13.961 sec,0,-1
13.962 sec,0,-1
13.963 sec,0,-1
13.964 sec,0,-1
13.965 sec,0,-1
13.966 sec,0,-1
13.967 sec,0,-1
13.968 sec,0,-1
13.969 sec,0,-1
13.97 sec,0,-1
13.971 sec,0,-1
13.972 sec,0,-1
13.973 sec,0,-1
13.974 sec,0,-1
13.975 sec,0,-1
13.976 sec,0,-1
13.977 sec,0,-1
13.978 sec,0,-1
13.979 sec,0,-1
13.98 sec,0,-1
13.981 sec,0,-1
13.982 sec,0,-1
13.983 sec,0,-1
13.984 sec,0,-1
13.985 sec,0,-1
13.986 sec,0,-1
13.987 sec,0,-1
13.988 sec,0,-1
13.989 sec,0,-1
13.99 sec,0,-1
13.991 sec,0,-1
13.992 sec,0,-1
13.993 sec,0,-1
13.994 sec,0,-1
13.995 sec,0,-1
13.996 sec,0,-1
13.997 sec,0,-1
13.998 sec,0,-1
13.999 sec,0,-1
14 sec,0,-1
14.001 sec,0,-1
14.002 sec,0,-1
14.003 sec,0,-1
14.004 sec,0,-1
14.005 sec,0,-1
14.006 sec,0,-1
14.007 sec,0,-1
14.008 sec,0,-1
14.009 sec,0,-1
14.01 sec,0,-1
14.011 sec,0,-1
14.012 sec,0,-1
14.013 sec,0,-1
14.014 sec,0,-1
14.015 sec,0,-1
14.016 sec,0,-1
14.017 sec,0,-1
14.018 sec,0,-1
14.019 sec,0,-1
14.02 sec,0,-1
14.021 sec,0,-1
14.022 sec,0,-1
14.023 sec,0,-1
14.024 sec,0,-1
14.025 sec,0,-1
14.026 sec,0,-1
14.027 sec,0,-1
14.028 sec,0,-1
14.029 sec,0,-1
14.03 sec,0,-1
14.031 sec,0,-1
14.032 sec,0,-1
14.033 sec,0,-1
14.034 sec,0,-1
14.035 sec,0,-1
14.036 sec,0,-1
14.037 sec,0,-1
14.038 sec,0,-1
14.039 sec,0,-1
14.04 sec,0,-1
14.041 sec,0,-1
14.042 sec,0,-1
14.043 sec,0,-1
14.044 sec,0,-1
14.045 sec,0,-1
14.046 sec,0,-1
14.047 sec,0,-1
14.048 sec,0,-1
14.049 sec,0,-1
14.05 sec,0,-1
14.051 sec,0,-1
14.052 sec,0,-1
14.053 sec,0,-1
14.054 sec,0,-1
14.055 sec,0,-1
14.056 sec,0,-1
14.057 sec,0,-1
14.058 sec,0,-1
14.059 sec,0,-1
14.06 sec,0,-1
14.061 sec,0,-1
14.062 sec,0,-1
14.063 sec,0,-1
14.064 sec,0,-1
14.065 sec,0,-1
14.066 sec,0,-1
14.067 sec,0,-1
14.068 sec,0,-1
14.069 sec,0,-1
14.07 sec,0,-1
14.071 sec,0,-1
14.072 sec,0,-1
14.073 sec,0,-1
14.074 sec,0,-1
14.075 sec,0,-1
14.076 sec,0,-1
14.077 sec,0,-1
14.078 sec,0,-1
14.079 sec,0,-1
14.08 sec,0,-1
14.081 sec,0,-1
14.082 sec,0,-1
14.083 sec,0,-1
14.084 sec,0,-1
14.085 sec,0,-1
14.086 sec,0,-1
14.087 sec,0,-1
14.088 sec,0,-1
14.089 sec,0,-1
14.09 sec,0,-1
14.091 sec,0,-1
14.092 sec,0,-1
14.093 sec,0,-1
14.094 sec,0,-1
14.095 sec,0,-1
14.096 sec,0,-1
14.097 sec,0,-1
14.098 sec,0,-1
14.099 sec,0,-1
14.1 sec,0,-1
14.101 sec,0,-1
14.102 sec,0,-1
14.103 sec,0,-1
14.104 sec,0,-1
14.105 sec,0,-1
14.106 sec,0,-1
14.107 sec,0,-1
14.108 sec,0,-1
14.109 sec,0,-1
14.11 sec,0,-1
14.111 sec,0,-1
14.112 sec,0,-1
14.113 sec,0,-1
14.114 sec,0,-1
14.115 sec,0,-1
14.116 sec,0,-1
14.117 sec,0,-1
14.118 sec,0,-1
14.119 sec,0,-1
14.12 sec,0,-1
14.121 sec,0,-1
14.122 sec,0,-1
14.123 sec,0,-1
14.124 sec,0,-1
14.125 sec,0,-1
14.126 sec,0,-1
14.127 sec,0,-1
14.128 sec,0,-1
14.129 sec,0,-1
14.13 sec,0,-1
14.131 sec,0,-1
14.132 sec,0,-1
14.133 sec,0,-1
14.134 sec,0,-1
14.135 sec,0,-1
14.136 sec,0,-1
14.137 sec,0,-1
14.138 sec,0,-1
14.139 sec,0,-1
14.14 sec,0,-1
14.141 sec,0,-1
14.142 sec,0,-1
14.143 sec,0,-1
14.144 sec,0,-1
14.145 sec,0,-1
14.146 sec,0,-1
14.147 sec,0,-1
14.148 sec,0,-1
14.149 sec,0,-1
14.15 sec,0,-1
14.151 sec,0,-1
14.152 sec,0,-1
14.153 sec,0,-1
14.154 sec,0,-1
14.155 sec,0,-1
14.156 sec,0,-1
14.157 sec,0,-1
14.158 sec,0,-1
14.159 sec,0,-1
14.16 sec,0,-1
14.161 sec,0,-1
14.162 sec,0,-1
14.163 sec,0,-1
14.164 sec,0,-1
14.165 sec,0,-1
14.166 sec,0,-1
14.167 sec,0,-1
14.168 sec,0,-1
14.169 sec,0,-1
14.17 sec,0,-1
14.171 sec,0,-1
14.172 sec,0,-1
14.173 sec,0,-1
14.174 sec,0,-1
14.175 sec,0,-1
14.176 sec,0,-1
14.177 sec,0,-1
14.178 sec,0,-1
14.179 sec,0,-1
14.18 sec,0,-1
14.181 sec,0,-1
14.182 sec,0,-1
14.183 sec,0,-1
14.184 sec,0,-1
14.185 sec,0,-1
14.186 sec,0,-1
14.187 sec,0,-1
14.188 sec,0,-1
14.189 sec,0,-1
14.19 sec,0,-1
14.191 sec,0,-1
14.192 sec,0,-1
14.193 sec,0,-1
14.194 sec,0,-1
14.195 sec,0,-1
14.196 sec,0,-1
14.197 sec,0,-1
14.198 sec,0,-1
14.199 sec,0,-1
14.2 sec,0,-1
14.201 sec,0,-1
14.202 sec,0,-1
14.203 sec,0,-1
14.204 sec,0,-1
14.205 sec,0,-1
14.206 sec,0,-1
14.207 sec,0,-1
14.208 sec,0,-1
14.209 sec,0,-1
14.21 sec,0,-1
14.211 sec,0,-1
14.212 sec,0,-1
14.213 sec,0,-1
14.214 sec,0,-1
14.215 sec,0,-1
14.216 sec,0,-1
14.217 sec,0,-1
14.218 sec,0,-1
14.219 sec,0,-1
14.22 sec,0,-1
14.221 sec,0,-1
14.222 sec,0,-1
14.223 sec,0,-1
14.224 sec,0,-1
14.225 sec,0,-1
14.226 sec,0,-1
14.227 sec,0,-1
14.228 sec,0,-1
14.229 sec,0,-1
14.23 sec,0,-1
14.231 sec,0,-1
14.232 sec,0,-1
14.233 sec,0,-1
14.234 sec,0,-1
14.235 sec,0,-1
14.236 sec,0,-1
14.237 sec,0,-1
14.238 sec,0,-1
14.239 sec,0,-1
14.24 sec,0,-1
14.241 sec,0,-1
14.242 sec,0,-1
14.243 sec,0,-1
14.244 sec,0,-1
14.245 sec,0,-1
14.246 sec,0,-1
14.247 sec,0,-1
14.248 sec,0,-1
14.249 sec,0,-1
14.25 sec,0,-1
14.251 sec,0,-1
14.252 sec,0,-1
14.253 sec,0,-1
14.254 sec,0,-1
14.255 sec,0,-1
14.256 sec,0,-1
14.257 sec,0,-1
14.258 sec,0,-1
14.259 sec,0,-1
14.26 sec,0,-1
14.261 sec,0,-1
14.262 sec,0,-1
14.263 sec,0,-1
14.264 sec,0,-1
14.265 sec,0,-1
14.266 sec,0,-1
14.267 sec,0,-1
14.268 sec,0,-1
14.269 sec,0,-1
14.27 sec,0,-1
14.271 sec,0,-1
14.272 sec,0,-1
14.273 sec,0,-1
14.274 sec,0,-1
14.275 sec,0,-1
14.276 sec,0,-1
14.277 sec,0,-1
14.278 sec,0,-1
14.279 sec,0,-1
14.28 sec,0,-1
14.281 sec,0,-1
14.282 sec,0,-1
14.283 sec,0,-1
14.284 sec,0,-1
14.285 sec,0,-1
14.286 sec,0,-1
14.287 sec,0,-1
14.288 sec,0,-1
14.289 sec,0,-1
14.29 sec,0,-1
14.291 sec,0,-1
14.292 sec,0,-1
14.293 sec,0,-1
14.294 sec,0,-1
14.295 sec,0,-1
14.296 sec,0,-1
14.297 sec,0,-1
14.298 sec,0,-1
14.299 sec,0,-1
14.3 sec,0,-1
14.301 sec,0,-1
14.302 sec,0,-1
14.303 sec,0,-1
14.304 sec,0,-1
14.305 sec,0,-1
14.306 sec,0,-1
14.307 sec,0,-1
14.308 sec,0,-1
14.309 sec,0,-1
14.31 sec,0,-1
14.311 sec,0,-1
14.312 sec,0,-1
14.313 sec,0,-1
14.314 sec,0,-1
14.315 sec,0,-1
14.316 sec,0,-1
14.317 sec,0,-1
14.318 sec,0,-1
14.319 sec,0,-1
14.32 sec,0,-1
14.321 sec,0,-1
14.322 sec,0,-1
14.323 sec,0,-1
14.324 sec,0,-1
14.325 sec,0,-1
14.326 sec,0,-1
14.327 sec,0,-1
14.328 sec,0,-1
14.329 sec,0,-1
14.33 sec,0,-1
14.331 sec,0,-1
14.332 sec,0,-1
14.333 sec,0,-1
14.334 sec,0,-1
14.335 sec,0,-1
14.336 sec,0,-1
14.337 sec,0,-1
14.338 sec,0,-1
14.339 sec,0,-1
14.34 sec,0,-1
14.341 sec,0,-1
14.342 sec,0,-1
14.343 sec,0,-1
14.344 sec,0,-1
14.345 sec,0,-1
14.346 sec,0,-1
14.347 sec,0,-1
14.348 sec,0,-1
14.349 sec,0,-1
14.35 sec,0,-1
14.351 sec,0,-1
14.352 sec,0,-1
14.353 sec,0,-1
14.354 sec,0,-1
14.355 sec,0,-1
14.356 sec,0,-1
14.357 sec,0,-1
14.358 sec,0,-1
14.359 sec,0,-1
14.36 sec,0,-1
14.361 sec,0,-1
14.362 sec,0,-1
14.363 sec,0,-1
14.364 sec,0,-1
14.365 sec,0,-1
14.366 sec,0,-1
14.367 sec,0,-1
14.368 sec,0,-1
14.369 sec,0,-1
14.37 sec,0,-1
14.371 sec,0,-1
14.372 sec,0,-1
14.373 sec,0,-1
14.374 sec,0,-1
14.375 sec,0,-1
14.376 sec,0,-1
14.377 sec,0,-1
14.378 sec,0,-1
14.379 sec,0,-1
14.38 sec,0,-1
14.381 sec,0,-1
14.382 sec,0,-1
14.383 sec,0,-1
14.384 sec,0,-1
14.385 sec,0,-1
14.386 sec,0,-1
14.387 sec,0,-1
14.388 sec,0,-1
14.389 sec,0,-1
14.39 sec,0,-1
14.391 sec,0,-1
14.392 sec,0,-1
14.393 sec,0,-1
14.394 sec,0,-1
14.395 sec,0,-1
14.396 sec,0,-1
14.397 sec,0,-1
14.398 sec,0,-1
14.399 sec,0,-1
14.4 sec,0,-1
14.401 sec,0,-1
14.402 sec,0,-1
14.403 sec,0,-1
14.404 sec,0,-1
14.405 sec,0,-1
14.406 sec,0,-1
14.407 sec,0,-1
14.408 sec,0,-1
14.409 sec,0,-1
14.41 sec,0,-1
14.411 sec,0,-1
14.412 sec,0,-1
14.413 sec,0,-1
14.414 sec,0,-1
14.415 sec,0,-1
14.416 sec,0,-1
14.417 sec,0,-1
14.418 sec,0,-1
14.419 sec,0,-1
14.42 sec,0,-1
14.421 sec,0,-1
14.422 sec,0,-1
14.423 sec,0,-1
14.424 sec,0,-1
14.425 sec,0,-1
14.426 sec,0,-1
14.427 sec,0,-1
14.428 sec,0,-1
14.429 sec,0,-1
14.43 sec,0,-1
14.431 sec,0,-1
14.432 sec,0,-1
14.433 sec,0,-1
14.434 sec,0,-1
14.435 sec,0,-1
14.436 sec,0,-1
14.437 sec,0,-1
14.438 sec,0,-1
14.439 sec,0,-1
14.44 sec,0,-1
14.441 sec,0,-1
14.442 sec,0,-1
14.443 sec,0,-1
14.444 sec,0,-1
14.445 sec,0,-1
14.446 sec,0,-1
14.447 sec,0,-1
14.448 sec,0,-1
14.449 sec,0,-1
14.45 sec,0,-1
14.451 sec,0,-1
14.452 sec,0,-1
14.453 sec,0,-1
14.454 sec,0,-1
14.455 sec,0,-1
14.456 sec,0,-1
14.457 sec,0,-1
14.458 sec,0,-1
14.459 sec,0,-1
14.46 sec,0,-1
14.461 sec,0,-1
14.462 sec,0,-1
14.463 sec,0,-1
14.464 sec,0,-1
14.465 sec,0,-1
14.466 sec,0,-1
14.467 sec,0,-1
14.468 sec,0,-1
14.469 sec,0,-1
14.47 sec,0,-1
14.471 sec,0,-1
14.472 sec,0,-1
14.473 sec,0,-1
14.474 sec,0,-1
14.475 sec,0,-1
14.476 sec,0,-1
14.477 sec,0,-1
14.478 sec,0,-1
14.479 sec,0,-1
14.48 sec,0,-1
14.481 sec,0,-1
14.482 sec,0,-1
14.483 sec,0,-1
14.484 sec,0,-1
14.485 sec,0,-1
14.486 sec,0,-1
14.487 sec,0,-1
14.488 sec,0,-1
14.489 sec,0,-1
14.49 sec,0,-1
14.491 sec,0,-1
14.492 sec,0,-1
14.493 sec,0,-1
14.494 sec,0,-1
14.495 sec,0,-1
14.496 sec,0,-1
14.497 sec,0,-1
14.498 sec,0,-1
14.499 sec,0,-1
14.5 sec,0,-1
14.501 sec,0,-1
14.502 sec,0,-1
14.503 sec,0,-1
14.504 sec,0,-1
14.505 sec,0,-1
14.506 sec,0,-1
14.507 sec,0,-1
14.508 sec,0,-1
14.509 sec,0,-1
14.51 sec,0,-1
14.511 sec,0,-1
14.512 sec,0,-1
14.513 sec,0,-1
14.514 sec,0,-1
14.515 sec,0,-1
14.516 sec,0,-1
14.517 sec,0,-1
14.518 sec,0,-1
14.519 sec,0,-1
14.52 sec,0,-1
14.521 sec,0,-1
14.522 sec,0,-1
14.523 sec,0,-1
14.524 sec,0,-1
14.525 sec,0,-1
14.526 sec,0,-1
14.527 sec,0,-1
14.528 sec,0,-1
14.529 sec,0,-1
14.53 sec,0,-1
14.531 sec,0,-1
14.532 sec,0,-1
14.533 sec,0,-1
14.534 sec,0,-1
14.535 sec,0,-1
14.536 sec,0,-1
14.537 sec,0,-1
14.538 sec,0,-1
14.539 sec,0,-1
14.54 sec,0,-1
14.541 sec,0,-1
14.542 sec,0,-1
14.543 sec,0,-1
14.544 sec,0,-1
14.545 sec,0,-1
14.546 sec,0,-1
14.547 sec,0,-1
14.548 sec,0,-1
14.549 sec,0,-1
14.55 sec,0,-1
14.551 sec,0,-1
14.552 sec,0,-1
14.553 sec,0,-1
14.554 sec,0,-1
14.555 sec,0,-1
14.556 sec,0,-1
14.557 sec,0,-1
14.558 sec,0,-1
14.559 sec,0,-1
14.56 sec,0,-1
14.561 sec,0,-1
14.562 sec,0,-1
14.563 sec,0,-1
14.564 sec,0,-1
14.565 sec,0,-1
14.566 sec,0,-1
14.567 sec,0,-1
14.568 sec,0,-1
14.569 sec,0,-1
14.57 sec,0,-1
14.571 sec,0,-1
14.572 sec,0,-1
14.573 sec,0,-1
14.574 sec,0,-1
14.575 sec,0,-1
14.576 sec,0,-1
14.577 sec,0,-1
14.578 sec,0,-1
14.579 sec,0,-1
14.58 sec,0,-1
14.581 sec,0,-1
14.582 sec,0,-1
14.583 sec,0,-1
14.584 sec,0,-1
14.585 sec,0,-1
14.586 sec,0,-1
14.587 sec,0,-1
14.588 sec,0,-1
14.589 sec,0,-1
14.59 sec,0,-1
14.591 sec,0,-1
14.592 sec,0,-1
14.593 sec,0,-1
14.594 sec,0,-1
14.595 sec,0,-1
14.596 sec,0,-1
14.597 sec,0,-1
14.598 sec,0,-1
14.599 sec,0,-1
14.6 sec,0,-1
14.601 sec,0,-1
14.602 sec,0,-1
14.603 sec,0,-1
14.604 sec,0,-1
14.605 sec,0,-1
14.606 sec,0,-1
14.607 sec,0,-1
14.608 sec,0,-1
14.609 sec,0,-1
14.61 sec,0,-1
14.611 sec,0,-1
14.612 sec,0,-1
14.613 sec,0,-1
14.614 sec,0,-1
14.615 sec,0,-1
14.616 sec,0,-1
14.617 sec,0,-1
14.618 sec,0,-1
14.619 sec,0,-1
14.62 sec,0,-1
14.621 sec,0,-1
14.622 sec,0,-1
14.623 sec,0,-1
14.624 sec,0,-1
14.625 sec,0,-1
14.626 sec,0,-1
14.627 sec,0,-1
14.628 sec,0,-1
14.629 sec,0,-1
14.63 sec,0,-1
14.631 sec,0,-1
14.632 sec,0,-1
14.633 sec,0,-1
14.634 sec,0,-1
14.635 sec,0,-1
14.636 sec,0,-1
14.637 sec,0,-1
14.638 sec,0,-1
14.639 sec,0,-1
14.64 sec,0,-1
14.641 sec,0,-1
14.642 sec,0,-1
14.643 sec,0,-1
14.644 sec,0,-1
14.645 sec,0,-1
14.646 sec,0,-1
14.647 sec,0,-1
14.648 sec,0,-1
14.649 sec,0,-1
14.65 sec,0,-1
14.651 sec,0,-1
14.652 sec,0,-1
14.653 sec,0,-1
14.654 sec,0,-1
14.655 sec,0,-1
14.656 sec,0,-1
14.657 sec,0,-1
14.658 sec,0,-1
14.659 sec,0,-1
14.66 sec,0,-1
14.661 sec,0,-1
14.662 sec,0,-1
14.663 sec,0,-1
14.664 sec,0,-1
14.665 sec,0,-1
14.666 sec,0,-1
14.667 sec,0,-1
14.668 sec,0,-1
14.669 sec,0,-1
14.67 sec,0,-1
14.671 sec,0,-1
14.672 sec,0,-1
14.673 sec,0,-1
14.674 sec,0,-1
14.675 sec,0,-1
14.676 sec,0,-1
14.677 sec,0,-1
14.678 sec,0,-1
14.679 sec,0,-1
14.68 sec,0,-1
14.681 sec,0,-1
14.682 sec,0,-1
14.683 sec,0,-1
14.684 sec,0,-1
14.685 sec,0,-1
14.686 sec,0,-1
14.687 sec,0,-1
14.688 sec,0,-1
14.689 sec,0,-1
14.69 sec,0,-1
14.691 sec,0,-1
14.692 sec,0,-1
14.693 sec,0,-1
14.694 sec,0,-1
14.695 sec,0,-1
14.696 sec,0,-1
14.697 sec,0,-1
14.698 sec,0,-1
14.699 sec,0,-1
14.7 sec,0,-1
14.701 sec,0,-1
14.702 sec,0,-1
14.703 sec,0,-1
14.704 sec,0,-1
14.705 sec,0,-1
14.706 sec,0,-1
14.707 sec,0,-1
14.708 sec,0,-1
14.709 sec,0,-1
14.71 sec,0,-1
14.711 sec,0,-1
14.712 sec,0,-1
14.713 sec,0,-1
14.714 sec,0,-1
14.715 sec,0,-1
14.716 sec,0,-1
14.717 sec,0,-1
14.718 sec,0,-1
14.719 sec,0,-1
14.72 sec,0,-1
14.721 sec,0,-1
14.722 sec,0,-1
14.723 sec,0,-1
14.724 sec,0,-1
14.725 sec,0,-1
14.726 sec,0,-1
14.727 sec,0,-1
14.728 sec,0,-1
14.729 sec,0,-1
14.73 sec,0,-1
14.731 sec,0,-1
14.732 sec,0,-1
14.733 sec,0,-1
14.734 sec,0,-1
14.735 sec,0,-1
14.736 sec,0,-1
14.737 sec,0,-1
14.738 sec,0,-1
14.739 sec,0,-1
14.74 sec,0,-1
14.741 sec,0,-1
14.742 sec,0,-1
14.743 sec,0,-1
14.744 sec,0,-1
14.745 sec,0,-1
14.746 sec,0,-1
14.747 sec,0,-1
14.748 sec,0,-1
14.749 sec,0,-1
14.75 sec,0,-1
14.751 sec,0,-1
14.752 sec,0,-1
14.753 sec,0,-1
14.754 sec,0,-1
14.755 sec,0,-1
14.756 sec,0,-1
14.757 sec,0,-1
14.758 sec,0,-1
14.759 sec,0,-1
14.76 sec,0,-1
14.761 sec,0,-1
14.762 sec,0,-1
14.763 sec,0,-1
14.764 sec,0,-1
14.765 sec,0,-1
14.766 sec,0,-1
14.767 sec,0,-1
14.768 sec,0,-1
14.769 sec,0,-1
14.77 sec,0,-1
14.771 sec,0,-1
14.772 sec,0,-1
14.773 sec,0,-1
14.774 sec,0,-1
14.775 sec,0,-1
14.776 sec,0,-1
14.777 sec,0,-1
14.778 sec,0,-1
14.779 sec,0,-1
14.78 sec,0,-1
14.781 sec,0,-1
14.782 sec,0,-1
14.783 sec,0,-1
14.784 sec,0,-1
14.785 sec,0,-1
14.786 sec,0,-1
14.787 sec,0,-1
14.788 sec,0,-1
14.789 sec,0,-1
14.79 sec,0,-1
14.791 sec,0,-1
14.792 sec,0,-1
14.793 sec,0,-1
14.794 sec,0,-1
14.795 sec,0,-1
14.796 sec,0,-1
14.797 sec,0,-1
14.798 sec,0,-1
14.799 sec,0,-1
14.8 sec,0,-1
14.801 sec,0,-1
14.802 sec,0,-1
14.803 sec,0,-1
14.804 sec,0,-1
14.805 sec,0,-1
14.806 sec,0,-1
14.807 sec,0,-1
14.808 sec,0,-1
14.809 sec,0,-1
14.81 sec,0,-1
14.811 sec,0,-1
14.812 sec,0,-1
14.813 sec,0,-1
14.814 sec,0,-1
14.815 sec,0,-1
14.816 sec,0,-1
14.817 sec,0,-1
14.818 sec,0,-1
14.819 sec,0,-1
14.82 sec,0,-1
14.821 sec,0,-1
14.822 sec,0,-1
14.823 sec,0,-1
14.824 sec,0,-1
14.825 sec,0,-1
14.826 sec,0,-1
14.827 sec,0,-1
14.828 sec,0,-1
14.829 sec,0,-1
14.83 sec,0,-1
14.831 sec,0,-1
14.832 sec,0,-1
14.833 sec,0,-1
14.834 sec,0,-1
14.835 sec,0,-1
14.836 sec,0,-1
14.837 sec,0,-1
14.838 sec,0,-1
14.839 sec,0,-1
14.84 sec,0,-1
14.841 sec,0,-1
14.842 sec,0,-1
14.843 sec,0,-1
14.844 sec,0,-1
14.845 sec,0,-1
14.846 sec,0,-1
14.847 sec,0,-1
14.848 sec,0,-1
14.849 sec,0,-1
14.85 sec,0,-1
14.851 sec,0,-1
14.852 sec,0,-1
14.853 sec,0,-1
14.854 sec,0,-1
14.855 sec,0,-1
14.856 sec,0,-1
14.857 sec,0,-1
14.858 sec,0,-1
14.859 sec,0,-1
14.86 sec,0,-1
14.861 sec,0,-1
14.862 sec,0,-1
14.863 sec,0,-1
14.864 sec,0,-1
14.865 sec,0,-1
14.866 sec,0,-1
14.867 sec,0,-1
14.868 sec,0,-1
14.869 sec,0,-1
14.87 sec,0,-1
14.871 sec,0,-1
14.872 sec,0,-1
14.873 sec,0,-1
14.874 sec,0,-1
14.875 sec,0,-1
14.876 sec,0,-1
14.877 sec,0,-1
14.878 sec,0,-1
14.879 sec,0,-1
14.88 sec,0,-1
14.881 sec,0,-1
14.882 sec,0,-1
14.883 sec,0,-1
14.884 sec,0,-1
14.885 sec,0,-1
14.886 sec,0,-1
14.887 sec,0,-1
14.888 sec,0,-1
14.889 sec,0,-1
14.89 sec,0,-1
14.891 sec,0,-1
14.892 sec,0,-1
14.893 sec,0,-1
14.894 sec,0,-1
14.895 sec,0,-1
14.896 sec,0,-1
14.897 sec,0,-1
14.898 sec,0,-1
14.899 sec,0,-1
14.9 sec,0,-1
14.901 sec,0,-1
14.902 sec,0,-1
14.903 sec,0,-1
14.904 sec,0,-1
14.905 sec,0,-1
14.906 sec,0,-1
14.907 sec,0,-1
14.908 sec,0,-1
14.909 sec,0,-1
14.91 sec,0,-1
14.911 sec,0,-1
14.912 sec,0,-1
14.913 sec,0,-1
14.914 sec,0,-1
14.915 sec,0,-1
14.916 sec,0,-1
14.917 sec,0,-1
14.918 sec,0,-1
14.919 sec,0,-1
14.92 sec,0,-1
14.921 sec,0,-1
14.922 sec,0,-1
14.923 sec,0,-1
14.924 sec,0,-1
14.925 sec,0,-1
14.926 sec,0,-1
14.927 sec,0,-1
14.928 sec,0,-1
14.929 sec,0,-1
14.93 sec,0,-1
14.931 sec,0,-1
14.932 sec,0,-1
14.933 sec,0,-1
14.934 sec,0,-1
14.935 sec,0,-1
14.936 sec,0,-1
14.937 sec,0,-1
14.938 sec,0,-1
14.939 sec,0,-1
14.94 sec,0,-1
14.941 sec,0,-1
14.942 sec,0,-1
14.943 sec,0,-1
14.944 sec,0,-1
14.945 sec,0,-1
14.946 sec,0,-1
14.947 sec,0,-1
14.948 sec,0,-1
14.949 sec,0,-1
14.95 sec,0,-1
14.951 sec,0,-1
14.952 sec,0,-1
14.953 sec,0,-1
14.954 sec,0,-1
14.955 sec,0,-1
14.956 sec,0,-1
14.957 sec,0,-1
14.958 sec,0,-1
14.959 sec,0,-1
14.96 sec,0,-1
14.961 sec,0,-1
14.962 sec,0,-1
14.963 sec,0,-1
14.964 sec,0,-1
14.965 sec,0,-1
14.966 sec,0,-1
14.967 sec,0,-1
14.968 sec,0,-1
14.969 sec,0,-1
14.97 sec,0,-1
14.971 sec,0,-1
14.972 sec,0,-1
14.973 sec,0,-1
14.974 sec,0,-1
14.975 sec,0,-1
14.976 sec,0,-1
14.977 sec,0,-1
14.978 sec,0,-1
14.979 sec,0,-1
14.98 sec,0,-1
14.981 sec,0,-1
14.982 sec,0,-1
14.983 sec,0,-1
14.984 sec,0,-1
14.985 sec,0,-1
14.986 sec,0,-1
14.987 sec,0,-1
14.988 sec,0,-1
14.989 sec,0,-1
14.99 sec,0,-1
14.991 sec,0,-1
14.992 sec,0,-1
14.993 sec,0,-1
14.994 sec,0,-1
14.995 sec,0,-1
14.996 sec,0,-1
14.997 sec,0,-1
14.998 sec,0,-1
14.999 sec,0,-1
15 sec,0,-1
15.001 sec,0,-1
15.002 sec,0,-1
15.003 sec,0,-1
15.004 sec,0,-1
15.005 sec,0,-1
15.006 sec,0,-1
15.007 sec,0,-1
15.008 sec,0,-1
15.009 sec,0,-1
15.01 sec,0,-1
15.011 sec,0,-1
15.012 sec,0,-1
15.013 sec,0,-1
15.014 sec,0,-1
15.015 sec,0,-1
15.016 sec,0,-1
15.017 sec,0,-1
15.018 sec,0,-1
15.019 sec,0,-1
15.02 sec,0,-1
15.021 sec,0,-1
15.022 sec,0,-1
15.023 sec,0,-1
15.024 sec,0,-1
15.025 sec,0,-1
15.026 sec,0,-1
15.027 sec,0,-1
15.028 sec,0,-1
15.029 sec,0,-1
15.03 sec,0,-1
15.031 sec,0,-1
15.032 sec,0,-1
15.033 sec,0,-1
15.034 sec,0,-1
15.035 sec,0,-1
15.036 sec,0,-1
15.037 sec,0,-1
15.038 sec,0,-1
15.039 sec,0,-1
15.04 sec,0,-1
15.041 sec,0,-1
15.042 sec,0,-1
15.043 sec,0,-1
15.044 sec,0,-1
15.045 sec,0,-1
15.046 sec,0,-1
15.047 sec,0,-1
15.048 sec,0,-1
15.049 sec,0,-1
15.05 sec,0,-1
15.051 sec,0,-1
15.052 sec,0,-1
15.053 sec,0,-1
15.054 sec,0,-1
15.055 sec,0,-1
15.056 sec,0,-1
15.057 sec,0,-1
15.058 sec,0,-1
15.059 sec,0,-1
15.06 sec,0,-1
15.061 sec,0,-1
15.062 sec,0,-1
15.063 sec,0,-1
15.064 sec,0,-1
15.065 sec,0,-1
15.066 sec,0,-1
15.067 sec,0,-1
15.068 sec,0,-1
15.069 sec,0,-1
15.07 sec,0,-1
15.071 sec,0,-1
15.072 sec,0,-1
15.073 sec,0,-1
15.074 sec,0,-1
15.075 sec,0,-1
15.076 sec,0,-1
15.077 sec,0,-1
15.078 sec,0,-1
15.079 sec,0,-1
15.08 sec,0,-1
15.081 sec,0,-1
15.082 sec,0,-1
15.083 sec,0,-1
15.084 sec,0,-1
15.085 sec,0,-1
15.086 sec,0,-1
15.087 sec,0,-1
15.088 sec,0,-1
15.089 sec,0,-1
15.09 sec,0,-1
15.091 sec,0,-1
15.092 sec,0,-1
15.093 sec,0,-1
15.094 sec,0,-1
15.095 sec,0,-1
15.096 sec,0,-1
15.097 sec,0,-1
15.098 sec,0,-1
15.099 sec,0,-1
15.1 sec,0,-1
15.101 sec,0,-1
15.102 sec,0,-1
15.103 sec,0,-1
15.104 sec,0,-1
15.105 sec,0,-1
15.106 sec,0,-1
15.107 sec,0,-1
15.108 sec,0,-1
15.109 sec,0,-1
15.11 sec,0,-1
15.111 sec,0,-1
15.112 sec,0,-1
15.113 sec,0,-1
15.114 sec,0,-1
15.115 sec,0,-1
15.116 sec,0,-1
15.117 sec,0,-1
15.118 sec,0,-1
15.119 sec,0,-1
15.12 sec,0,-1
15.121 sec,0,-1
15.122 sec,0,-1
15.123 sec,0,-1
15.124 sec,0,-1
15.125 sec,0,-1
15.126 sec,0,-1
15.127 sec,0,-1
15.128 sec,0,-1
15.129 sec,0,-1
15.13 sec,0,-1
15.131 sec,0,-1
15.132 sec,0,-1
15.133 sec,0,-1
15.134 sec,0,-1
15.135 sec,0,-1
15.136 sec,0,-1
15.137 sec,0,-1
15.138 sec,0,-1
15.139 sec,0,-1
15.14 sec,0,-1
15.141 sec,0,-1
15.142 sec,0,-1
15.143 sec,0,-1
15.144 sec,0,-1
15.145 sec,0,-1
15.146 sec,0,-1
15.147 sec,0,-1
15.148 sec,0,-1
15.149 sec,0,-1
15.15 sec,0,-1
15.151 sec,0,-1
15.152 sec,0,-1
15.153 sec,0,-1
15.154 sec,0,-1
15.155 sec,0,-1
15.156 sec,0,-1
15.157 sec,0,-1
15.158 sec,0,-1
15.159 sec,0,-1
15.16 sec,0,-1
15.161 sec,0,-1
15.162 sec,0,-1
15.163 sec,0,-1
15.164 sec,0,-1
15.165 sec,0,-1
15.166 sec,0,-1
15.167 sec,0,-1
15.168 sec,0,-1
15.169 sec,0,-1
15.17 sec,0,-1
15.171 sec,0,-1
15.172 sec,0,-1
15.173 sec,0,-1
15.174 sec,0,-1
15.175 sec,0,-1
15.176 sec,0,-1
15.177 sec,0,-1
15.178 sec,0,-1
15.179 sec,0,-1
15.18 sec,0,-1
15.181 sec,0,-1
15.182 sec,0,-1
15.183 sec,0,-1
15.184 sec,0,-1
15.185 sec,0,-1
15.186 sec,0,-1
15.187 sec,0,-1
15.188 sec,0,-1
15.189 sec,0,-1
15.19 sec,0,-1
15.191 sec,0,-1
15.192 sec,0,-1
15.193 sec,0,-1
15.194 sec,0,-1
15.195 sec,0,-1
15.196 sec,0,-1
15.197 sec,0,-1
15.198 sec,0,-1
15.199 sec,0,-1
15.2 sec,0,-1
15.201 sec,0,-1
15.202 sec,0,-1
15.203 sec,0,-1
15.204 sec,0,-1
15.205 sec,0,-1
15.206 sec,0,-1
15.207 sec,0,-1
15.208 sec,0,-1
15.209 sec,0,-1
15.21 sec,0,-1
15.211 sec,0,-1
15.212 sec,0,-1
15.213 sec,0,-1
15.214 sec,0,-1
15.215 sec,0,-1
15.216 sec,0,-1
15.217 sec,0,-1
15.218 sec,0,-1
15.219 sec,0,-1
15.22 sec,0,-1
15.221 sec,0,-1
15.222 sec,0,-1
15.223 sec,0,-1
15.224 sec,0,-1
15.225 sec,0,-1
15.226 sec,0,-1
15.227 sec,0,-1
15.228 sec,0,-1
15.229 sec,0,-1
15.23 sec,0,-1
15.231 sec,0,-1
15.232 sec,0,-1
15.233 sec,0,-1
15.234 sec,0,-1
15.235 sec,0,-1
15.236 sec,0,-1
15.237 sec,0,-1
15.238 sec,0,-1
15.239 sec,0,-1
15.24 sec,0,-1
15.241 sec,0,-1
15.242 sec,0,-1
15.243 sec,0,-1
15.244 sec,0,-1
15.245 sec,0,-1
15.246 sec,0,-1
15.247 sec,0,-1
15.248 sec,0,-1
15.249 sec,0,-1
15.25 sec,0,-1
15.251 sec,0,-1
15.252 sec,0,-1
15.253 sec,0,-1
15.254 sec,0,-1
15.255 sec,0,-1
15.256 sec,0,-1
15.257 sec,0,-1
15.258 sec,0,-1
15.259 sec,0,-1
15.26 sec,0,-1
15.261 sec,0,-1
15.262 sec,0,-1
15.263 sec,0,-1
15.264 sec,0,-1
15.265 sec,0,-1
15.266 sec,0,-1
15.267 sec,0,-1
15.268 sec,0,-1
15.269 sec,0,-1
15.27 sec,0,-1
15.271 sec,0,-1
15.272 sec,0,-1
15.273 sec,0,-1
15.274 sec,0,-1
15.275 sec,0,-1
15.276 sec,0,-1
15.277 sec,0,-1
15.278 sec,0,-1
15.279 sec,0,-1
15.28 sec,0,-1
15.281 sec,0,-1
15.282 sec,0,-1
15.283 sec,0,-1
15.284 sec,0,-1
15.285 sec,0,-1
15.286 sec,0,-1
15.287 sec,0,-1
15.288 sec,0,-1
15.289 sec,0,-1
15.29 sec,0,-1
15.291 sec,0,-1
15.292 sec,0,-1
15.293 sec,0,-1
15.294 sec,0,-1
15.295 sec,0,-1
15.296 sec,0,-1
15.297 sec,0,-1
15.298 sec,0,-1
15.299 sec,0,-1
15.3 sec,0,-1
15.301 sec,0,-1
15.302 sec,0,-1
15.303 sec,0,-1
15.304 sec,0,-1
15.305 sec,0,-1
15.306 sec,0,-1
15.307 sec,0,-1
15.308 sec,0,-1
15.309 sec,0,-1
15.31 sec,0,-1
15.311 sec,0,-1
15.312 sec,0,-1
15.313 sec,0,-1
15.314 sec,0,-1
15.315 sec,0,-1
15.316 sec,0,-1
15.317 sec,0,-1
15.318 sec,0,-1
15.319 sec,0,-1
15.32 sec,0,-1
15.321 sec,0,-1
15.322 sec,0,-1
15.323 sec,0,-1
15.324 sec,0,-1
15.325 sec,0,-1
15.326 sec,0,-1
15.327 sec,0,-1
15.328 sec,0,-1
15.329 sec,0,-1
15.33 sec,0,-1
15.331 sec,0,-1
15.332 sec,0,-1
15.333 sec,0,-1
15.334 sec,0,-1
15.335 sec,0,-1
15.336 sec,0,-1
15.337 sec,0,-1
15.338 sec,0,-1
15.339 sec,0,-1
15.34 sec,0,-1
15.341 sec,0,-1
15.342 sec,0,-1
15.343 sec,0,-1
15.344 sec,0,-1
15.345 sec,0,-1
15.346 sec,0,-1
15.347 sec,0,-1
15.348 sec,0,-1
15.349 sec,0,-1
15.35 sec,0,-1
15.351 sec,0,-1
15.352 sec,0,-1
15.353 sec,0,-1
15.354 sec,0,-1
15.355 sec,0,-1
15.356 sec,0,-1
15.357 sec,0,-1
15.358 sec,0,-1
15.359 sec,0,-1
15.36 sec,0,-1
15.361 sec,0,-1
15.362 sec,0,-1
15.363 sec,0,-1
15.364 sec,0,-1
15.365 sec,0,-1
15.366 sec,0,-1
15.367 sec,0,-1
15.368 sec,0,-1
15.369 sec,0,-1
15.37 sec,0,-1
15.371 sec,0,-1
15.372 sec,0,-1
15.373 sec,0,-1
15.374 sec,0,-1
15.375 sec,0,-1
15.376 sec,0,-1
15.377 sec,0,-1
15.378 sec,0,-1
15.379 sec,0,-1
15.38 sec,0,-1
15.381 sec,0,-1
15.382 sec,0,-1
15.383 sec,0,-1
15.384 sec,0,-1
15.385 sec,0,-1
15.386 sec,0,-1
15.387 sec,0,-1
15.388 sec,0,-1
15.389 sec,0,-1
15.39 sec,0,-1
15.391 sec,0,-1
15.392 sec,0,-1
15.393 sec,0,-1
15.394 sec,0,-1
15.395 sec,0,-1
15.396 sec,0,-1
15.397 sec,0,-1
15.398 sec,0,-1
15.399 sec,0,-1
15.4 sec,0,-1
15.401 sec,0,-1
15.402 sec,0,-1
15.403 sec,0,-1
15.404 sec,0,-1
15.405 sec,0,-1
15.406 sec,0,-1
15.407 sec,0,-1
15.408 sec,0,-1
15.409 sec,0,-1
15.41 sec,0,-1
15.411 sec,0,-1
15.412 sec,0,-1
15.413 sec,0,-1
15.414 sec,0,-1
15.415 sec,0,-1
15.416 sec,0,-1
15.417 sec,0,-1
15.418 sec,0,-1
15.419 sec,0,-1
15.42 sec,0,-1
15.421 sec,0,-1
15.422 sec,0,-1
15.423 sec,0,-1
15.424 sec,0,-1
15.425 sec,0,-1
15.426 sec,0,-1
15.427 sec,0,-1
15.428 sec,0,-1
15.429 sec,0,-1
15.43 sec,0,-1
15.431 sec,0,-1
15.432 sec,0,-1
15.433 sec,0,-1
15.434 sec,0,-1
15.435 sec,0,-1
15.436 sec,0,-1
15.437 sec,0,-1
15.438 sec,0,-1
15.439 sec,0,-1
15.44 sec,0,-1
15.441 sec,0,-1
15.442 sec,0,-1
15.443 sec,0,-1
15.444 sec,0,-1
15.445 sec,0,-1
15.446 sec,0,-1
15.447 sec,0,-1
15.448 sec,0,-1
15.449 sec,0,-1
15.45 sec,0,-1
15.451 sec,0,-1
15.452 sec,0,-1
15.453 sec,0,-1
15.454 sec,0,-1
15.455 sec,0,-1
15.456 sec,0,-1
15.457 sec,0,-1
15.458 sec,0,-1
15.459 sec,0,-1
15.46 sec,0,-1
15.461 sec,0,-1
15.462 sec,0,-1
15.463 sec,0,-1
15.464 sec,0,-1
15.465 sec,0,-1
15.466 sec,0,-1
15.467 sec,0,-1
15.468 sec,0,-1
15.469 sec,0,-1
15.47 sec,0,-1
15.471 sec,0,-1
15.472 sec,0,-1
15.473 sec,0,-1
15.474 sec,0,-1
15.475 sec,0,-1
15.476 sec,0,-1
15.477 sec,0,-1
15.478 sec,0,-1
15.479 sec,0,-1
15.48 sec,0,-1
15.481 sec,0,-1
15.482 sec,0,-1
15.483 sec,0,-1
15.484 sec,0,-1
15.485 sec,0,-1
15.486 sec,0,-1
15.487 sec,0,-1
15.488 sec,0,-1
15.489 sec,0,-1
15.49 sec,0,-1
15.491 sec,0,-1
15.492 sec,0,-1
15.493 sec,0,-1
15.494 sec,0,-1
15.495 sec,0,-1
15.496 sec,0,-1
15.497 sec,0,-1
15.498 sec,0,-1
15.499 sec,0,-1
15.5 sec,0,-1
15.501 sec,0,-1
15.502 sec,0,-1
15.503 sec,0,-1
15.504 sec,0,-1
15.505 sec,0,-1
15.506 sec,0,-1
15.507 sec,0,-1
15.508 sec,0,-1
15.509 sec,0,-1
15.51 sec,0,-1
15.511 sec,0,-1
15.512 sec,0,-1
15.513 sec,0,-1
15.514 sec,0,-1
15.515 sec,0,-1
15.516 sec,0,-1
15.517 sec,0,-1
15.518 sec,0,-1
15.519 sec,0,-1
15.52 sec,0,-1
15.521 sec,0,-1
15.522 sec,0,-1
15.523 sec,0,-1
15.524 sec,0,-1
15.525 sec,0,-1
15.526 sec,0,-1
15.527 sec,0,-1
15.528 sec,0,-1
15.529 sec,0,-1
15.53 sec,0,-1
15.531 sec,0,-1
15.532 sec,0,-1
15.533 sec,0,-1
15.534 sec,0,-1
15.535 sec,0,-1
15.536 sec,0,-1
15.537 sec,0,-1
15.538 sec,0,-1
15.539 sec,0,-1
15.54 sec,0,-1
15.541 sec,0,-1
15.542 sec,0,-1
15.543 sec,0,-1
15.544 sec,0,-1
15.545 sec,0,-1
15.546 sec,0,-1
15.547 sec,0,-1
15.548 sec,0,-1
15.549 sec,0,-1
15.55 sec,0,-1
15.551 sec,0,-1
15.552 sec,0,-1
15.553 sec,0,-1
15.554 sec,0,-1
15.555 sec,0,-1
15.556 sec,0,-1
15.557 sec,0,-1
15.558 sec,0,-1
15.559 sec,0,-1
15.56 sec,0,-1
15.561 sec,0,-1
15.562 sec,0,-1
15.563 sec,0,-1
15.564 sec,0,-1
15.565 sec,0,-1
15.566 sec,0,-1
15.567 sec,0,-1
15.568 sec,0,-1
15.569 sec,0,-1
15.57 sec,0,-1
15.571 sec,0,-1
15.572 sec,0,-1
15.573 sec,0,-1
15.574 sec,0,-1
15.575 sec,0,-1
15.576 sec,0,-1
15.577 sec,0,-1
15.578 sec,0,-1
15.579 sec,0,-1
15.58 sec,0,-1
15.581 sec,0,-1
15.582 sec,0,-1
15.583 sec,0,-1
15.584 sec,0,-1
15.585 sec,0,-1
15.586 sec,0,-1
15.587 sec,0,-1
15.588 sec,0,-1
15.589 sec,0,-1
15.59 sec,0,-1
15.591 sec,0,-1
15.592 sec,0,-1
15.593 sec,0,-1
15.594 sec,0,-1
15.595 sec,0,-1
15.596 sec,0,-1
15.597 sec,0,-1
15.598 sec,0,-1
15.599 sec,0,-1
15.6 sec,0,-1
15.601 sec,0,-1
15.602 sec,0,-1
15.603 sec,0,-1
15.604 sec,0,-1
15.605 sec,0,-1
15.606 sec,0,-1
15.607 sec,0,-1
15.608 sec,0,-1
15.609 sec,0,-1
15.61 sec,0,-1
15.611 sec,0,-1
15.612 sec,0,-1
15.613 sec,0,-1
15.614 sec,0,-1
15.615 sec,0,-1
15.616 sec,0,-1
15.617 sec,0,-1
15.618 sec,0,-1
15.619 sec,0,-1
15.62 sec,0,-1
15.621 sec,0,-1
15.622 sec,0,-1
15.623 sec,0,-1
15.624 sec,0,-1
15.625 sec,0,-1
15.626 sec,0,-1
15.627 sec,0,-1
15.628 sec,0,-1
15.629 sec,0,-1
15.63 sec,0,-1
15.631 sec,0,-1
15.632 sec,0,-1
15.633 sec,0,-1
15.634 sec,0,-1
15.635 sec,0,-1
15.636 sec,0,-1
15.637 sec,0,-1
15.638 sec,0,-1
15.639 sec,0,-1
15.64 sec,0,-1
15.641 sec,0,-1
15.642 sec,0,-1
15.643 sec,0,-1
15.644 sec,0,-1
15.645 sec,0,-1
15.646 sec,0,-1
15.647 sec,0,-1
15.648 sec,0,-1
15.649 sec,0,-1
15.65 sec,0,-1
15.651 sec,0,-1
15.652 sec,0,-1
15.653 sec,0,-1
15.654 sec,0,-1
15.655 sec,0,-1
15.656 sec,0,-1
15.657 sec,0,-1
15.658 sec,0,-1
15.659 sec,0,-1
15.66 sec,0,-1
15.661 sec,0,-1
15.662 sec,0,-1
15.663 sec,0,-1
15.664 sec,0,-1
15.665 sec,0,-1
15.666 sec,0,-1
15.667 sec,0,-1
15.668 sec,0,-1
15.669 sec,0,-1
15.67 sec,0,-1
15.671 sec,0,-1
15.672 sec,0,-1
15.673 sec,0,-1
15.674 sec,0,-1
15.675 sec,0,-1
15.676 sec,0,-1
15.677 sec,0,-1
15.678 sec,0,-1
15.679 sec,0,-1
15.68 sec,0,-1
15.681 sec,0,-1
15.682 sec,0,-1
15.683 sec,0,-1
15.684 sec,0,-1
15.685 sec,0,-1
15.686 sec,0,-1
15.687 sec,0,-1
15.688 sec,0,-1
15.689 sec,0,-1
15.69 sec,0,-1
15.691 sec,0,-1
15.692 sec,0,-1
15.693 sec,0,-1
15.694 sec,0,-1
15.695 sec,0,-1
15.696 sec,0,-1
15.697 sec,0,-1
15.698 sec,0,-1
15.699 sec,0,-1
15.7 sec,0,-1
15.701 sec,0,-1
15.702 sec,0,-1
15.703 sec,0,-1
15.704 sec,0,-1
15.705 sec,0,-1
15.706 sec,0,-1
15.707 sec,0,-1
15.708 sec,0,-1
15.709 sec,0,-1
15.71 sec,0,-1
15.711 sec,0,-1
15.712 sec,0,-1
15.713 sec,0,-1
15.714 sec,0,-1
15.715 sec,0,-1
15.716 sec,0,-1
15.717 sec,0,-1
15.718 sec,0,-1
15.719 sec,0,-1
15.72 sec,0,-1
15.721 sec,0,-1
15.722 sec,0,-1
15.723 sec,0,-1
15.724 sec,0,-1
15.725 sec,0,-1
15.726 sec,0,-1
15.727 sec,0,-1
15.728 sec,0,-1
15.729 sec,0,-1
15.73 sec,0,-1
15.731 sec,0,-1
15.732 sec,0,-1
15.733 sec,0,-1
15.734 sec,0,-1
15.735 sec,0,-1
15.736 sec,0,-1
15.737 sec,0,-1
15.738 sec,0,-1
15.739 sec,0,-1
15.74 sec,0,-1
15.741 sec,0,-1
15.742 sec,0,-1
15.743 sec,0,-1
15.744 sec,0,-1
15.745 sec,0,-1
15.746 sec,0,-1
15.747 sec,0,-1
15.748 sec,0,-1
15.749 sec,0,-1
15.75 sec,0,-1
15.751 sec,0,-1
15.752 sec,0,-1
15.753 sec,0,-1
15.754 sec,0,-1
15.755 sec,0,-1
15.756 sec,0,-1
15.757 sec,0,-1
15.758 sec,0,-1
15.759 sec,0,-1
15.76 sec,0,-1
15.761 sec,0,-1
15.762 sec,0,-1
15.763 sec,0,-1
15.764 sec,0,-1
15.765 sec,0,-1
15.766 sec,0,-1
15.767 sec,0,-1
15.768 sec,0,-1
15.769 sec,0,-1
15.77 sec,0,-1
15.771 sec,0,-1
15.772 sec,0,-1
15.773 sec,0,-1
15.774 sec,0,-1
15.775 sec,0,-1
15.776 sec,0,-1
15.777 sec,0,-1
15.778 sec,0,-1
15.779 sec,0,-1
15.78 sec,0,-1
15.781 sec,0,-1
15.782 sec,0,-1
15.783 sec,0,-1
15.784 sec,0,-1
15.785 sec,0,-1
15.786 sec,0,-1
15.787 sec,0,-1
15.788 sec,0,-1
15.789 sec,0,-1
15.79 sec,0,-1
15.791 sec,0,-1
15.792 sec,0,-1
15.793 sec,0,-1
15.794 sec,0,-1
15.795 sec,0,-1
15.796 sec,0,-1
15.797 sec,0,-1
15.798 sec,0,-1
15.799 sec,0,-1
15.8 sec,0,-1
15.801 sec,0,-1
15.802 sec,0,-1
15.803 sec,0,-1
15.804 sec,0,-1
15.805 sec,0,-1
15.806 sec,0,-1
15.807 sec,0,-1
15.808 sec,0,-1
15.809 sec,0,-1
15.81 sec,0,-1
15.811 sec,0,-1
15.812 sec,0,-1
15.813 sec,0,-1
15.814 sec,0,-1
15.815 sec,0,-1
15.816 sec,0,-1
15.817 sec,0,-1
15.818 sec,0,-1
15.819 sec,0,-1
15.82 sec,0,-1
15.821 sec,0,-1
15.822 sec,0,-1
15.823 sec,0,-1
15.824 sec,0,-1
15.825 sec,0,-1
15.826 sec,0,-1
15.827 sec,0,-1
15.828 sec,0,-1
15.829 sec,0,-1
15.83 sec,0,-1
15.831 sec,0,-1
15.832 sec,0,-1
15.833 sec,0,-1
15.834 sec,0,-1
15.835 sec,0,-1
15.836 sec,0,-1
15.837 sec,0,-1
15.838 sec,0,-1
15.839 sec,0,-1
15.84 sec,0,-1
15.841 sec,0,-1
15.842 sec,0,-1
15.843 sec,0,-1
15.844 sec,0,-1
15.845 sec,0,-1
15.846 sec,0,-1
15.847 sec,0,-1
15.848 sec,0,-1
15.849 sec,0,-1
15.85 sec,0,-1
15.851 sec,0,-1
15.852 sec,0,-1
15.853 sec,0,-1
15.854 sec,0,-1
15.855 sec,0,-1
15.856 sec,0,-1
15.857 sec,0,-1
15.858 sec,0,-1
15.859 sec,0,-1
15.86 sec,0,-1
15.861 sec,0,-1
15.862 sec,0,-1
15.863 sec,0,-1
15.864 sec,0,-1
15.865 sec,0,-1
15.866 sec,0,-1
15.867 sec,0,-1
15.868 sec,0,-1
15.869 sec,0,-1
15.87 sec,0,-1
15.871 sec,0,-1
15.872 sec,0,-1
15.873 sec,0,-1
15.874 sec,0,-1
15.875 sec,0,-1
15.876 sec,0,-1
15.877 sec,0,-1
15.878 sec,0,-1
15.879 sec,0,-1
15.88 sec,0,-1
15.881 sec,0,-1
15.882 sec,0,-1
15.883 sec,0,-1
15.884 sec,0,-1
15.885 sec,0,-1
15.886 sec,0,-1
15.887 sec,0,-1
15.888 sec,0,-1
15.889 sec,0,-1
15.89 sec,0,-1
15.891 sec,0,-1
15.892 sec,0,-1
15.893 sec,0,-1
15.894 sec,0,-1
15.895 sec,0,-1
15.896 sec,0,-1
15.897 sec,0,-1
15.898 sec,0,-1
15.899 sec,0,-1
15.9 sec,0,-1
15.901 sec,0,-1
15.902 sec,0,-1
15.903 sec,0,-1
15.904 sec,0,-1
15.905 sec,0,-1
15.906 sec,0,-1
15.907 sec,0,-1
15.908 sec,0,-1
15.909 sec,0,-1
15.91 sec,0,-1
15.911 sec,0,-1
15.912 sec,0,-1
15.913 sec,0,-1
15.914 sec,0,-1
15.915 sec,0,-1
15.916 sec,0,-1
15.917 sec,0,-1
15.918 sec,0,-1
15.919 sec,0,-1
15.92 sec,0,-1
15.921 sec,0,-1
15.922 sec,0,-1
15.923 sec,0,-1
15.924 sec,0,-1
15.925 sec,0,-1
15.926 sec,0,-1
15.927 sec,0,-1
15.928 sec,0,-1
15.929 sec,0,-1
15.93 sec,0,-1
15.931 sec,0,-1
15.932 sec,0,-1
15.933 sec,0,-1
15.934 sec,0,-1
15.935 sec,0,-1
15.936 sec,0,-1
15.937 sec,0,-1
15.938 sec,0,-1
15.939 sec,0,-1
15.94 sec,0,-1
15.941 sec,0,-1
15.942 sec,0,-1
15.943 sec,0,-1
15.944 sec,0,-1
15.945 sec,0,-1
15.946 sec,0,-1
15.947 sec,0,-1
15.948 sec,0,-1
15.949 sec,0,-1
15.95 sec,0,-1
15.951 sec,0,-1
15.952 sec,0,-1
15.953 sec,0,-1
15.954 sec,0,-1
15.955 sec,0,-1
15.956 sec,0,-1
15.957 sec,0,-1
15.958 sec,0,-1
15.959 sec,0,-1
15.96 sec,0,-1
15.961 sec,0,-1
15.962 sec,0,-1
15.963 sec,0,-1
15.964 sec,0,-1
15.965 sec,0,-1
15.966 sec,0,-1
15.967 sec,0,-1
15.968 sec,0,-1
15.969 sec,0,-1
15.97 sec,0,-1
15.971 sec,0,-1
15.972 sec,0,-1
15.973 sec,0,-1
15.974 sec,0,-1
15.975 sec,0,-1
15.976 sec,0,-1
15.977 sec,0,-1
15.978 sec,0,-1
15.979 sec,0,-1
15.98 sec,0,-1
15.981 sec,0,-1
15.982 sec,0,-1
15.983 sec,0,-1
15.984 sec,0,-1
15.985 sec,0,-1
15.986 sec,0,-1
15.987 sec,0,-1
15.988 sec,0,-1
15.989 sec,0,-1
15.99 sec,0,-1
15.991 sec,0,-1
15.992 sec,0,-1
15.993 sec,0,-1
15.994 sec,0,-1
15.995 sec,0,-1
15.996 sec,0,-1
15.997 sec,0,-1
15.998 sec,0,-1
15.999 sec,0,-1
16 sec,0,-1
16.001 sec,0,-1
16.002 sec,0,-1
16.003 sec,0,-1
16.004 sec,0,-1
16.005 sec,0,-1
16.006 sec,0,-1
16.007 sec,0,-1
16.008 sec,0,-1
16.009 sec,0,-1
16.01 sec,0,-1
16.011 sec,0,-1
16.012 sec,0,-1
16.013 sec,0,-1
16.014 sec,0,-1
16.015 sec,0,-1
16.016 sec,0,-1
16.017 sec,0,-1
16.018 sec,0,-1
16.019 sec,0,-1
16.02 sec,0,-1
16.021 sec,0,-1
16.022 sec,0,-1
16.023 sec,0,-1
16.024 sec,0,-1
16.025 sec,0,-1
16.026 sec,0,-1
16.027 sec,0,-1
16.028 sec,0,-1
16.029 sec,0,-1
16.03 sec,0,-1
16.031 sec,0,-1
16.032 sec,0,-1
16.033 sec,0,-1
16.034 sec,0,-1
16.035 sec,0,-1
16.036 sec,0,-1
16.037 sec,0,-1
16.038 sec,0,-1
16.039 sec,0,-1
16.04 sec,0,-1
16.041 sec,0,-1
16.042 sec,0,-1
16.043 sec,0,-1
16.044 sec,0,-1
16.045 sec,0,-1
16.046 sec,0,-1
16.047 sec,0,-1
16.048 sec,0,-1
16.049 sec,0,-1
16.05 sec,0,-1
16.051 sec,0,-1
16.052 sec,0,-1
16.053 sec,0,-1
16.054 sec,0,-1
16.055 sec,0,-1
16.056 sec,0,-1
16.057 sec,0,-1
16.058 sec,0,-1
16.059 sec,0,-1
16.06 sec,0,-1
16.061 sec,0,-1
16.062 sec,0,-1
16.063 sec,0,-1
16.064 sec,0,-1
16.065 sec,0,-1
16.066 sec,0,-1
16.067 sec,0,-1
16.068 sec,0,-1
16.069 sec,0,-1
16.07 sec,0,-1
16.071 sec,0,-1
16.072 sec,0,-1
16.073 sec,0,-1
16.074 sec,0,-1
16.075 sec,0,-1
16.076 sec,0,-1
16.077 sec,0,-1
16.078 sec,0,-1
16.079 sec,0,-1
16.08 sec,0,-1
16.081 sec,0,-1
16.082 sec,0,-1
16.083 sec,0,-1
16.084 sec,0,-1
16.085 sec,0,-1
16.086 sec,0,-1
16.087 sec,0,-1
16.088 sec,0,-1
16.089 sec,0,-1
16.09 sec,0,-1
16.091 sec,0,-1
16.092 sec,0,-1
16.093 sec,0,-1
16.094 sec,0,-1
16.095 sec,0,-1
16.096 sec,0,-1
16.097 sec,0,-1
16.098 sec,0,-1
16.099 sec,0,-1
16.1 sec,0,-1
16.101 sec,0,-1
16.102 sec,0,-1
16.103 sec,0,-1
16.104 sec,0,-1
16.105 sec,0,-1
16.106 sec,0,-1
16.107 sec,0,-1
16.108 sec,0,-1
16.109 sec,0,-1
16.11 sec,0,-1
16.111 sec,0,-1
16.112 sec,0,-1
16.113 sec,0,-1
16.114 sec,0,-1
16.115 sec,0,-1
16.116 sec,0,-1
16.117 sec,0,-1
16.118 sec,0,-1
16.119 sec,0,-1
16.12 sec,0,-1
16.121 sec,0,-1
16.122 sec,0,-1
16.123 sec,0,-1
16.124 sec,0,-1
16.125 sec,0,-1
16.126 sec,0,-1
16.127 sec,0,-1
16.128 sec,0,-1
16.129 sec,0,-1
16.13 sec,0,-1
16.131 sec,0,-1
16.132 sec,0,-1
16.133 sec,0,-1
16.134 sec,0,-1
16.135 sec,0,-1
16.136 sec,0,-1
16.137 sec,0,-1
16.138 sec,0,-1
16.139 sec,0,-1
16.14 sec,0,-1
16.141 sec,0,-1
16.142 sec,0,-1
16.143 sec,0,-1
16.144 sec,0,-1
16.145 sec,0,-1
16.146 sec,0,-1
16.147 sec,0,-1
16.148 sec,0,-1
16.149 sec,0,-1
16.15 sec,0,-1
16.151 sec,0,-1
16.152 sec,0,-1
16.153 sec,0,-1
16.154 sec,0,-1
16.155 sec,0,-1
16.156 sec,0,-1
16.157 sec,0,-1
16.158 sec,0,-1
16.159 sec,0,-1
16.16 sec,0,-1
16.161 sec,0,-1
16.162 sec,0,-1
16.163 sec,0,-1
16.164 sec,0,-1
16.165 sec,0,-1
16.166 sec,0,-1
16.167 sec,0,-1
16.168 sec,0,-1
16.169 sec,0,-1
16.17 sec,0,-1
16.171 sec,0,-1
16.172 sec,0,-1
16.173 sec,0,-1
16.174 sec,0,-1
16.175 sec,0,-1
16.176 sec,0,-1
16.177 sec,0,-1
16.178 sec,0,-1
16.179 sec,0,-1
16.18 sec,0,-1
16.181 sec,0,-1
16.182 sec,0,-1
16.183 sec,0,-1
16.184 sec,0,-1
16.185 sec,0,-1
16.186 sec,0,-1
16.187 sec,0,-1
16.188 sec,0,-1
16.189 sec,0,-1
16.19 sec,0,-1
16.191 sec,0,-1
16.192 sec,0,-1
16.193 sec,0,-1
16.194 sec,0,-1
16.195 sec,0,-1
16.196 sec,0,-1
16.197 sec,0,-1
16.198 sec,0,-1
16.199 sec,0,-1
16.2 sec,0,-1
16.201 sec,0,-1
16.202 sec,0,-1
16.203 sec,0,-1
16.204 sec,0,-1
16.205 sec,0,-1
16.206 sec,0,-1
16.207 sec,0,-1
16.208 sec,0,-1
16.209 sec,0,-1
16.21 sec,0,-1
16.211 sec,0,-1
16.212 sec,0,-1
16.213 sec,0,-1
16.214 sec,0,-1
16.215 sec,0,-1
16.216 sec,0,-1
16.217 sec,0,-1
16.218 sec,0,-1
16.219 sec,0,-1
16.22 sec,0,-1
16.221 sec,0,-1
16.222 sec,0,-1
16.223 sec,0,-1
16.224 sec,0,-1
16.225 sec,0,-1
16.226 sec,0,-1
16.227 sec,0,-1
16.228 sec,0,-1
16.229 sec,0,-1
16.23 sec,0,-1
16.231 sec,0,-1
16.232 sec,0,-1
16.233 sec,0,-1
16.234 sec,0,-1
16.235 sec,0,-1
16.236 sec,0,-1
16.237 sec,0,-1
16.238 sec,0,-1
16.239 sec,0,-1
16.24 sec,0,-1
16.241 sec,0,-1
16.242 sec,0,-1
16.243 sec,0,-1
16.244 sec,0,-1
16.245 sec,0,-1
16.246 sec,0,-1
16.247 sec,0,-1
16.248 sec,0,-1
16.249 sec,0,-1
16.25 sec,0,-1
16.251 sec,0,-1
16.252 sec,0,-1
16.253 sec,0,-1
16.254 sec,0,-1
16.255 sec,0,-1
16.256 sec,0,-1
16.257 sec,0,-1
16.258 sec,0,-1
16.259 sec,0,-1
16.26 sec,0,-1
16.261 sec,0,-1
16.262 sec,0,-1
16.263 sec,0,-1
16.264 sec,0,-1
16.265 sec,0,-1
16.266 sec,0,-1
16.267 sec,0,-1
16.268 sec,0,-1
16.269 sec,0,-1
16.27 sec,0,-1
16.271 sec,0,-1
16.272 sec,0,-1
16.273 sec,0,-1
16.274 sec,0,-1
16.275 sec,0,-1
16.276 sec,0,-1
16.277 sec,0,-1
16.278 sec,0,-1
16.279 sec,0,-1
16.28 sec,0,-1
16.281 sec,0,-1
16.282 sec,0,-1
16.283 sec,0,-1
16.284 sec,0,-1
16.285 sec,0,-1
16.286 sec,0,-1
16.287 sec,0,-1
16.288 sec,0,-1
16.289 sec,0,-1
16.29 sec,0,-1
16.291 sec,0,-1
16.292 sec,0,-1
16.293 sec,0,-1
16.294 sec,0,-1
16.295 sec,0,-1
16.296 sec,0,-1
16.297 sec,0,-1
16.298 sec,0,-1
16.299 sec,0,-1
16.3 sec,0,-1
16.301 sec,0,-1
16.302 sec,0,-1
16.303 sec,0,-1
16.304 sec,0,-1
16.305 sec,0,-1
16.306 sec,0,-1
16.307 sec,0,-1
16.308 sec,0,-1
16.309 sec,0,-1
16.31 sec,0,-1
16.311 sec,0,-1
16.312 sec,0,-1
16.313 sec,0,-1
16.314 sec,0,-1
16.315 sec,0,-1
16.316 sec,0,-1
16.317 sec,0,-1
16.318 sec,0,-1
16.319 sec,0,-1
16.32 sec,0,-1
16.321 sec,0,-1
16.322 sec,0,-1
16.323 sec,0,-1
16.324 sec,0,-1
16.325 sec,0,-1
16.326 sec,0,-1
16.327 sec,0,-1
16.328 sec,0,-1
16.329 sec,0,-1
16.33 sec,0,-1
16.331 sec,0,-1
16.332 sec,0,-1
16.333 sec,0,-1
16.334 sec,0,-1
16.335 sec,0,-1
16.336 sec,0,-1
16.337 sec,0,-1
16.338 sec,0,-1
16.339 sec,0,-1
16.34 sec,0,-1
16.341 sec,0,-1
16.342 sec,0,-1
16.343 sec,0,-1
16.344 sec,0,-1
16.345 sec,0,-1
16.346 sec,0,-1
16.347 sec,0,-1
16.348 sec,0,-1
16.349 sec,0,-1
16.35 sec,0,-1
16.351 sec,0,-1
16.352 sec,0,-1
16.353 sec,0,-1
16.354 sec,0,-1
16.355 sec,0,-1
16.356 sec,0,-1
16.357 sec,0,-1
16.358 sec,0,-1
16.359 sec,0,-1
16.36 sec,0,-1
16.361 sec,0,-1
16.362 sec,0,-1
16.363 sec,0,-1
16.364 sec,0,-1
16.365 sec,0,-1
16.366 sec,0,-1
16.367 sec,0,-1
16.368 sec,0,-1
16.369 sec,0,-1
16.37 sec,0,-1
16.371 sec,0,-1
16.372 sec,0,-1
16.373 sec,0,-1
16.374 sec,0,-1
16.375 sec,0,-1
16.376 sec,0,-1
16.377 sec,0,-1
16.378 sec,0,-1
16.379 sec,0,-1
16.38 sec,0,-1
16.381 sec,0,-1
16.382 sec,0,-1
16.383 sec,0,-1
16.384 sec,0,-1
16.385 sec,0,-1
16.386 sec,0,-1
16.387 sec,0,-1
16.388 sec,0,-1
16.389 sec,0,-1
16.39 sec,0,-1
16.391 sec,0,-1
16.392 sec,0,-1
16.393 sec,0,-1
16.394 sec,0,-1
16.395 sec,0,-1
16.396 sec,0,-1
16.397 sec,0,-1
16.398 sec,0,-1
16.399 sec,0,-1
16.4 sec,0,-1
16.401 sec,0,-1
16.402 sec,0,-1
16.403 sec,0,-1
16.404 sec,0,-1
16.405 sec,0,-1
16.406 sec,0,-1
16.407 sec,0,-1
16.408 sec,0,-1
16.409 sec,0,-1
16.41 sec,0,-1
16.411 sec,0,-1
16.412 sec,0,-1
16.413 sec,0,-1
16.414 sec,0,-1
16.415 sec,0,-1
16.416 sec,0,-1
16.417 sec,0,-1
16.418 sec,0,-1
16.419 sec,0,-1
16.42 sec,0,-1
16.421 sec,0,-1
16.422 sec,0,-1
16.423 sec,0,-1
16.424 sec,0,-1
16.425 sec,0,-1
16.426 sec,0,-1
16.427 sec,0,-1
16.428 sec,0,-1
16.429 sec,0,-1
16.43 sec,0,-1
16.431 sec,0,-1
16.432 sec,0,-1
16.433 sec,0,-1
16.434 sec,0,-1
16.435 sec,0,-1
16.436 sec,0,-1
16.437 sec,0,-1
16.438 sec,0,-1
16.439 sec,0,-1
16.44 sec,0,-1
16.441 sec,0,-1
16.442 sec,0,-1
16.443 sec,0,-1
16.444 sec,0,-1
16.445 sec,0,-1
16.446 sec,0,-1
16.447 sec,0,-1
16.448 sec,0,-1
16.449 sec,0,-1
16.45 sec,0,-1
16.451 sec,0,-1
16.452 sec,0,-1
16.453 sec,0,-1
16.454 sec,0,-1
16.455 sec,0,-1
16.456 sec,0,-1
16.457 sec,0,-1
16.458 sec,0,-1
16.459 sec,0,-1
16.46 sec,0,-1
16.461 sec,0,-1
16.462 sec,0,-1
16.463 sec,0,-1
16.464 sec,0,-1
16.465 sec,0,-1
16.466 sec,0,-1
16.467 sec,0,-1
16.468 sec,0,-1
16.469 sec,0,-1
16.47 sec,0,-1
16.471 sec,0,-1
16.472 sec,0,-1
16.473 sec,0,-1
16.474 sec,0,-1
16.475 sec,0,-1
16.476 sec,0,-1
16.477 sec,0,-1
16.478 sec,0,-1
16.479 sec,0,-1
16.48 sec,0,-1
16.481 sec,0,-1
16.482 sec,0,-1
16.483 sec,0,-1
16.484 sec,0,-1
16.485 sec,0,-1
16.486 sec,0,-1
16.487 sec,0,-1
16.488 sec,0,-1
16.489 sec,0,-1
16.49 sec,0,-1
16.491 sec,0,-1
16.492 sec,0,-1
16.493 sec,0,-1
16.494 sec,0,-1
16.495 sec,0,-1
16.496 sec,0,-1
16.497 sec,0,-1
16.498 sec,0,-1
16.499 sec,0,-1
16.5 sec,0,-1
16.501 sec,0,-1
16.502 sec,0,-1
16.503 sec,0,-1
16.504 sec,0,-1
16.505 sec,0,-1
16.506 sec,0,-1
16.507 sec,0,-1
16.508 sec,0,-1
16.509 sec,0,-1
16.51 sec,0,-1
16.511 sec,0,-1
16.512 sec,0,-1
16.513 sec,0,-1
16.514 sec,0,-1
16.515 sec,0,-1
16.516 sec,0,-1
16.517 sec,0,-1
16.518 sec,0,-1
16.519 sec,0,-1
16.52 sec,0,-1
16.521 sec,0,-1
16.522 sec,0,-1
16.523 sec,0,-1
16.524 sec,0,-1
16.525 sec,0,-1
16.526 sec,0,-1
16.527 sec,0,-1
16.528 sec,0,-1
16.529 sec,0,-1
16.53 sec,0,-1
16.531 sec,0,-1
16.532 sec,0,-1
16.533 sec,0,-1
16.534 sec,0,-1
16.535 sec,0,-1
16.536 sec,0,-1
16.537 sec,0,-1
16.538 sec,0,-1
16.539 sec,0,-1
16.54 sec,0,-1
16.541 sec,0,-1
16.542 sec,0,-1
16.543 sec,0,-1
16.544 sec,0,-1
16.545 sec,0,-1
16.546 sec,0,-1
16.547 sec,0,-1
16.548 sec,0,-1
16.549 sec,0,-1
16.55 sec,0,-1
16.551 sec,0,-1
16.552 sec,0,-1
16.553 sec,0,-1
16.554 sec,0,-1
16.555 sec,0,-1
16.556 sec,0,-1
16.557 sec,0,-1
16.558 sec,0,-1
16.559 sec,0,-1
16.56 sec,0,-1
16.561 sec,0,-1
16.562 sec,0,-1
16.563 sec,0,-1
16.564 sec,0,-1
16.565 sec,0,-1
16.566 sec,0,-1
16.567 sec,0,-1
16.568 sec,0,-1
16.569 sec,0,-1
16.57 sec,0,-1
16.571 sec,0,-1
16.572 sec,0,-1
16.573 sec,0,-1
16.574 sec,0,-1
16.575 sec,0,-1
16.576 sec,0,-1
16.577 sec,0,-1
16.578 sec,0,-1
16.579 sec,0,-1
16.58 sec,0,-1
16.581 sec,0,-1
16.582 sec,0,-1
16.583 sec,0,-1
16.584 sec,0,-1
16.585 sec,0,-1
16.586 sec,0,-1
16.587 sec,0,-1
16.588 sec,0,-1
16.589 sec,0,-1
16.59 sec,0,-1
16.591 sec,0,-1
16.592 sec,0,-1
16.593 sec,0,-1
16.594 sec,0,-1
16.595 sec,0,-1
16.596 sec,0,-1
16.597 sec,0,-1
16.598 sec,0,-1
16.599 sec,0,-1
16.6 sec,0,-1
16.601 sec,0,-1
16.602 sec,0,-1
16.603 sec,0,-1
16.604 sec,0,-1
16.605 sec,0,-1
16.606 sec,0,-1
16.607 sec,0,-1
16.608 sec,0,-1
16.609 sec,0,-1
16.61 sec,0,-1
16.611 sec,0,-1
16.612 sec,0,-1
16.613 sec,0,-1
16.614 sec,0,-1
16.615 sec,0,-1
16.616 sec,0,-1
16.617 sec,0,-1
16.618 sec,0,-1
16.619 sec,0,-1
16.62 sec,0,-1
16.621 sec,0,-1
16.622 sec,0,-1
16.623 sec,0,-1
16.624 sec,0,-1
16.625 sec,0,-1
16.626 sec,0,-1
16.627 sec,0,-1
16.628 sec,0,-1
16.629 sec,0,-1
16.63 sec,0,-1
16.631 sec,0,-1
16.632 sec,0,-1
16.633 sec,0,-1
16.634 sec,0,-1
16.635 sec,0,-1
16.636 sec,0,-1
16.637 sec,0,-1
16.638 sec,0,-1
16.639 sec,0,-1
16.64 sec,0,-1
16.641 sec,0,-1
16.642 sec,0,-1
16.643 sec,0,-1
16.644 sec,0,-1
16.645 sec,0,-1
16.646 sec,0,-1
16.647 sec,0,-1
16.648 sec,0,-1
16.649 sec,0,-1
16.65 sec,0,-1
16.651 sec,0,-1
16.652 sec,0,-1
16.653 sec,0,-1
16.654 sec,0,-1
16.655 sec,0,-1
16.656 sec,0,-1
16.657 sec,0,-1
16.658 sec,0,-1
16.659 sec,0,-1
16.66 sec,0,-1
16.661 sec,0,-1
16.662 sec,0,-1
16.663 sec,0,-1
16.664 sec,0,-1
16.665 sec,0,-1
16.666 sec,0,-1
16.667 sec,0,-1
16.668 sec,0,-1
16.669 sec,0,-1
16.67 sec,0,-1
16.671 sec,0,-1
16.672 sec,0,-1
16.673 sec,0,-1
16.674 sec,0,-1
16.675 sec,0,-1
16.676 sec,0,-1
16.677 sec,0,-1
16.678 sec,0,-1
16.679 sec,0,-1
16.68 sec,0,-1
16.681 sec,0,-1
16.682 sec,0,-1
16.683 sec,0,-1
16.684 sec,0,-1
16.685 sec,0,-1
16.686 sec,0,-1
16.687 sec,0,-1
16.688 sec,0,-1
16.689 sec,0,-1
16.69 sec,0,-1
16.691 sec,0,-1
16.692 sec,0,-1
16.693 sec,0,-1
16.694 sec,0,-1
16.695 sec,0,-1
16.696 sec,0,-1
16.697 sec,0,-1
16.698 sec,0,-1
16.699 sec,0,-1
16.7 sec,0,-1
16.701 sec,0,-1
16.702 sec,0,-1
16.703 sec,0,-1
16.704 sec,0,-1
16.705 sec,0,-1
16.706 sec,0,-1
16.707 sec,0,-1
16.708 sec,0,-1
16.709 sec,0,-1
16.71 sec,0,-1
16.711 sec,0,-1
16.712 sec,0,-1
16.713 sec,0,-1
16.714 sec,0,-1
16.715 sec,0,-1
16.716 sec,0,-1
16.717 sec,0,-1
16.718 sec,0,-1
16.719 sec,0,-1
16.72 sec,0,-1
16.721 sec,0,-1
16.722 sec,0,-1
16.723 sec,0,-1
16.724 sec,0,-1
16.725 sec,0,-1
16.726 sec,0,-1
16.727 sec,0,-1
16.728 sec,0,-1
16.729 sec,0,-1
16.73 sec,0,-1
16.731 sec,0,-1
16.732 sec,0,-1
16.733 sec,0,-1
16.734 sec,0,-1
16.735 sec,0,-1
16.736 sec,0,-1
16.737 sec,0,-1
16.738 sec,0,-1
16.739 sec,0,-1
16.74 sec,0,-1
16.741 sec,0,-1
16.742 sec,0,-1
16.743 sec,0,-1
16.744 sec,0,-1
16.745 sec,0,-1
16.746 sec,0,-1
16.747 sec,0,-1
16.748 sec,0,-1
16.749 sec,0,-1
16.75 sec,0,-1
16.751 sec,0,-1
16.752 sec,0,-1
16.753 sec,0,-1
16.754 sec,0,-1
16.755 sec,0,-1
16.756 sec,0,-1
16.757 sec,0,-1
16.758 sec,0,-1
16.759 sec,0,-1
16.76 sec,0,-1
16.761 sec,0,-1
16.762 sec,0,-1
16.763 sec,0,-1
16.764 sec,0,-1
16.765 sec,0,-1
16.766 sec,0,-1
16.767 sec,0,-1
16.768 sec,0,-1
16.769 sec,0,-1
16.77 sec,0,-1
16.771 sec,0,-1
16.772 sec,0,-1
16.773 sec,0,-1
16.774 sec,0,-1
16.775 sec,0,-1
16.776 sec,0,-1
16.777 sec,0,-1
16.778 sec,0,-1
16.779 sec,0,-1
16.78 sec,0,-1
16.781 sec,0,-1
16.782 sec,0,-1
16.783 sec,0,-1
16.784 sec,0,-1
16.785 sec,0,-1
16.786 sec,0,-1
16.787 sec,0,-1
16.788 sec,0,-1
16.789 sec,0,-1
16.79 sec,0,-1
16.791 sec,0,-1
16.792 sec,0,-1
16.793 sec,0,-1
16.794 sec,0,-1
16.795 sec,0,-1
16.796 sec,0,-1
16.797 sec,0,-1
16.798 sec,0,-1
16.799 sec,0,-1
16.8 sec,0,-1
16.801 sec,0,-1
16.802 sec,0,-1
16.803 sec,0,-1
16.804 sec,0,-1
16.805 sec,0,-1
16.806 sec,0,-1
16.807 sec,0,-1
16.808 sec,0,-1
16.809 sec,0,-1
16.81 sec,0,-1
16.811 sec,0,-1
16.812 sec,0,-1
16.813 sec,0,-1
16.814 sec,0,-1
16.815 sec,0,-1
16.816 sec,0,-1
16.817 sec,0,-1
16.818 sec,0,-1
16.819 sec,0,-1
16.82 sec,0,-1
16.821 sec,0,-1
16.822 sec,0,-1
16.823 sec,0,-1
16.824 sec,0,-1
16.825 sec,0,-1
16.826 sec,0,-1
16.827 sec,0,-1
16.828 sec,0,-1
16.829 sec,0,-1
16.83 sec,0,-1
16.831 sec,0,-1
16.832 sec,0,-1
16.833 sec,0,-1
16.834 sec,0,-1
16.835 sec,0,-1
16.836 sec,0,-1
16.837 sec,0,-1
16.838 sec,0,-1
16.839 sec,0,-1
16.84 sec,0,-1
16.841 sec,0,-1
16.842 sec,0,-1
16.843 sec,0,-1
16.844 sec,0,-1
16.845 sec,0,-1
16.846 sec,0,-1
16.847 sec,0,-1
16.848 sec,0,-1
16.849 sec,0,-1
16.85 sec,0,-1
16.851 sec,0,-1
16.852 sec,0,-1
16.853 sec,0,-1
16.854 sec,0,-1
16.855 sec,0,-1
16.856 sec,0,-1
16.857 sec,0,-1
16.858 sec,0,-1
16.859 sec,0,-1
16.86 sec,0,-1
16.861 sec,0,-1
16.862 sec,0,-1
16.863 sec,0,-1
16.864 sec,0,-1
16.865 sec,0,-1
16.866 sec,0,-1
16.867 sec,0,-1
16.868 sec,0,-1
16.869 sec,0,-1
16.87 sec,0,-1
16.871 sec,0,-1
16.872 sec,0,-1
16.873 sec,0,-1
16.874 sec,0,-1
16.875 sec,0,-1
16.876 sec,0,-1
16.877 sec,0,-1
16.878 sec,0,-1
16.879 sec,0,-1
16.88 sec,0,-1
16.881 sec,0,-1
16.882 sec,0,-1
16.883 sec,0,-1
16.884 sec,0,-1
16.885 sec,0,-1
16.886 sec,0,-1
16.887 sec,0,-1
16.888 sec,0,-1
16.889 sec,0,-1
16.89 sec,0,-1
16.891 sec,0,-1
16.892 sec,0,-1
16.893 sec,0,-1
16.894 sec,0,-1
16.895 sec,0,-1
16.896 sec,0,-1
16.897 sec,0,-1
16.898 sec,0,-1
16.899 sec,0,-1
16.9 sec,0,-1
16.901 sec,0,-1
16.902 sec,0,-1
16.903 sec,0,-1
16.904 sec,0,-1
16.905 sec,0,-1
16.906 sec,0,-1
16.907 sec,0,-1
16.908 sec,0,-1
16.909 sec,0,-1
16.91 sec,0,-1
16.911 sec,0,-1
16.912 sec,0,-1
16.913 sec,0,-1
16.914 sec,0,-1
16.915 sec,0,-1
16.916 sec,0,-1
16.917 sec,0,-1
16.918 sec,0,-1
16.919 sec,0,-1
16.92 sec,0,-1
16.921 sec,0,-1
16.922 sec,0,-1
16.923 sec,0,-1
16.924 sec,0,-1
16.925 sec,0,-1
16.926 sec,0,-1
16.927 sec,0,-1
16.928 sec,0,-1
16.929 sec,0,-1
16.93 sec,0,-1
16.931 sec,0,-1
16.932 sec,0,-1
16.933 sec,0,-1
16.934 sec,0,-1
16.935 sec,0,-1
16.936 sec,0,-1
16.937 sec,0,-1
16.938 sec,0,-1
16.939 sec,0,-1
16.94 sec,0,-1
16.941 sec,0,-1
16.942 sec,0,-1
16.943 sec,0,-1
16.944 sec,0,-1
16.945 sec,0,-1
16.946 sec,0,-1
16.947 sec,0,-1
16.948 sec,0,-1
16.949 sec,0,-1
16.95 sec,0,-1
16.951 sec,0,-1
16.952 sec,0,-1
16.953 sec,0,-1
16.954 sec,0,-1
16.955 sec,0,-1
16.956 sec,0,-1
16.957 sec,0,-1
16.958 sec,0,-1
16.959 sec,0,-1
16.96 sec,0,-1
16.961 sec,0,-1
16.962 sec,0,-1
16.963 sec,0,-1
16.964 sec,0,-1
16.965 sec,0,-1
16.966 sec,0,-1
16.967 sec,0,-1
16.968 sec,0,-1
16.969 sec,0,-1
16.97 sec,0,-1
16.971 sec,0,-1
16.972 sec,0,-1
16.973 sec,0,-1
16.974 sec,0,-1
16.975 sec,0,-1
16.976 sec,0,-1
16.977 sec,0,-1
16.978 sec,0,-1
16.979 sec,0,-1
16.98 sec,0,-1
16.981 sec,0,-1
16.982 sec,0,-1
16.983 sec,0,-1
16.984 sec,0,-1
16.985 sec,0,-1
16.986 sec,0,-1
16.987 sec,0,-1
16.988 sec,0,-1
16.989 sec,0,-1
16.99 sec,0,-1
16.991 sec,0,-1
16.992 sec,0,-1
16.993 sec,0,-1
16.994 sec,0,-1
16.995 sec,0,-1
16.996 sec,0,-1
16.997 sec,0,-1
16.998 sec,0,-1
16.999 sec,0,-1
17 sec,0,-1
17.001 sec,0,-1
17.002 sec,0,-1
17.003 sec,0,-1
17.004 sec,0,-1
17.005 sec,0,-1
17.006 sec,0,-1
17.007 sec,0,-1
17.008 sec,0,-1
17.009 sec,0,-1
17.01 sec,0,-1
17.011 sec,0,-1
17.012 sec,0,-1
17.013 sec,0,-1
17.014 sec,0,-1
17.015 sec,0,-1
17.016 sec,0,-1
17.017 sec,0,-1
17.018 sec,0,-1
17.019 sec,0,-1
17.02 sec,0,-1
17.021 sec,0,-1
17.022 sec,0,-1
17.023 sec,0,-1
17.024 sec,0,-1
17.025 sec,0,-1
17.026 sec,0,-1
17.027 sec,0,-1
17.028 sec,0,-1
17.029 sec,0,-1
17.03 sec,0,-1
17.031 sec,0,-1
17.032 sec,0,-1
17.033 sec,0,-1
17.034 sec,0,-1
17.035 sec,0,-1
17.036 sec,0,-1
17.037 sec,0,-1
17.038 sec,0,-1
17.039 sec,0,-1
17.04 sec,0,-1
17.041 sec,0,-1
17.042 sec,0,-1
17.043 sec,0,-1
17.044 sec,0,-1
17.045 sec,0,-1
17.046 sec,0,-1
17.047 sec,0,-1
17.048 sec,0,-1
17.049 sec,0,-1
17.05 sec,0,-1
17.051 sec,0,-1
17.052 sec,0,-1
17.053 sec,0,-1
17.054 sec,0,-1
17.055 sec,0,-1
17.056 sec,0,-1
17.057 sec,0,-1
17.058 sec,0,-1
17.059 sec,0,-1
17.06 sec,0,-1
17.061 sec,0,-1
17.062 sec,0,-1
17.063 sec,0,-1
17.064 sec,0,-1
17.065 sec,0,-1
17.066 sec,0,-1
17.067 sec,0,-1
17.068 sec,0,-1
17.069 sec,0,-1
17.07 sec,0,-1
17.071 sec,0,-1
17.072 sec,0,-1
17.073 sec,0,-1
17.074 sec,0,-1
17.075 sec,0,-1
17.076 sec,0,-1
17.077 sec,0,-1
17.078 sec,0,-1
17.079 sec,0,-1
17.08 sec,0,-1
17.081 sec,0,-1
17.082 sec,0,-1
17.083 sec,0,-1
17.084 sec,0,-1
17.085 sec,0,-1
17.086 sec,0,-1
17.087 sec,0,-1
17.088 sec,0,-1
17.089 sec,0,-1
17.09 sec,0,-1
17.091 sec,0,-1
17.092 sec,0,-1
17.093 sec,0,-1
17.094 sec,0,-1
17.095 sec,0,-1
17.096 sec,0,-1
17.097 sec,0,-1
17.098 sec,0,-1
17.099 sec,0,-1
17.1 sec,0,-1
17.101 sec,0,-1
17.102 sec,0,-1
17.103 sec,0,-1
17.104 sec,0,-1
17.105 sec,0,-1
17.106 sec,0,-1
17.107 sec,0,-1
17.108 sec,0,-1
17.109 sec,0,-1
17.11 sec,0,-1
17.111 sec,0,-1
17.112 sec,0,-1
17.113 sec,0,-1
17.114 sec,0,-1
17.115 sec,0,-1
17.116 sec,0,-1
17.117 sec,0,-1
17.118 sec,0,-1
17.119 sec,0,-1
17.12 sec,0,-1
17.121 sec,0,-1
17.122 sec,0,-1
17.123 sec,0,-1
17.124 sec,0,-1
17.125 sec,0,-1
17.126 sec,0,-1
17.127 sec,0,-1
17.128 sec,0,-1
17.129 sec,0,-1
17.13 sec,0,-1
17.131 sec,0,-1
17.132 sec,0,-1
17.133 sec,0,-1
17.134 sec,0,-1
17.135 sec,0,-1
17.136 sec,0,-1
17.137 sec,0,-1
17.138 sec,0,-1
17.139 sec,0,-1
17.14 sec,0,-1
17.141 sec,0,-1
17.142 sec,0,-1
17.143 sec,0,-1
17.144 sec,0,-1
17.145 sec,0,-1
17.146 sec,0,-1
17.147 sec,0,-1
17.148 sec,0,-1
17.149 sec,0,-1
17.15 sec,0,-1
17.151 sec,0,-1
17.152 sec,0,-1
17.153 sec,0,-1
17.154 sec,0,-1
17.155 sec,0,-1
17.156 sec,0,-1
17.157 sec,0,-1
17.158 sec,0,-1
17.159 sec,0,-1
17.16 sec,0,-1
17.161 sec,0,-1
17.162 sec,0,-1
17.163 sec,0,-1
17.164 sec,0,-1
17.165 sec,0,-1
17.166 sec,0,-1
17.167 sec,0,-1
17.168 sec,0,-1
17.169 sec,0,-1
17.17 sec,0,-1
17.171 sec,0,-1
17.172 sec,0,-1
17.173 sec,0,-1
17.174 sec,0,-1
17.175 sec,0,-1
17.176 sec,0,-1
17.177 sec,0,-1
17.178 sec,0,-1
17.179 sec,0,-1
17.18 sec,0,-1
17.181 sec,0,-1
17.182 sec,0,-1
17.183 sec,0,-1
17.184 sec,0,-1
17.185 sec,0,-1
17.186 sec,0,-1
17.187 sec,0,-1
17.188 sec,0,-1
17.189 sec,0,-1
17.19 sec,0,-1
17.191 sec,0,-1
17.192 sec,0,-1
17.193 sec,0,-1
17.194 sec,0,-1
17.195 sec,0,-1
17.196 sec,0,-1
17.197 sec,0,-1
17.198 sec,0,-1
17.199 sec,0,-1
17.2 sec,0,-1
17.201 sec,0,-1
17.202 sec,0,-1
17.203 sec,0,-1
17.204 sec,0,-1
17.205 sec,0,-1
17.206 sec,0,-1
17.207 sec,0,-1
17.208 sec,0,-1
17.209 sec,0,-1
17.21 sec,0,-1
17.211 sec,0,-1
17.212 sec,0,-1
17.213 sec,0,-1
17.214 sec,0,-1
17.215 sec,0,-1
17.216 sec,0,-1
17.217 sec,0,-1
17.218 sec,0,-1
17.219 sec,0,-1
17.22 sec,0,-1
17.221 sec,0,-1
17.222 sec,0,-1
17.223 sec,0,-1
17.224 sec,0,-1
17.225 sec,0,-1
17.226 sec,0,-1
17.227 sec,0,-1
17.228 sec,0,-1
17.229 sec,0,-1
17.23 sec,0,-1
17.231 sec,0,-1
17.232 sec,0,-1
17.233 sec,0,-1
17.234 sec,0,-1
17.235 sec,0,-1
17.236 sec,0,-1
17.237 sec,0,-1
17.238 sec,0,-1
17.239 sec,0,-1
17.24 sec,0,-1
17.241 sec,0,-1
17.242 sec,0,-1
17.243 sec,0,-1
17.244 sec,0,-1
17.245 sec,0,-1
17.246 sec,0,-1
17.247 sec,0,-1
17.248 sec,0,-1
17.249 sec,0,-1
17.25 sec,0,-1
17.251 sec,0,-1
17.252 sec,0,-1
17.253 sec,0,-1
17.254 sec,0,-1
17.255 sec,0,-1
17.256 sec,0,-1
17.257 sec,0,-1
17.258 sec,0,-1
17.259 sec,0,-1
17.26 sec,0,-1
17.261 sec,0,-1
17.262 sec,0,-1
17.263 sec,0,-1
17.264 sec,0,-1
17.265 sec,0,-1
17.266 sec,0,-1
17.267 sec,0,-1
17.268 sec,0,-1
17.269 sec,0,-1
17.27 sec,0,-1
17.271 sec,0,-1
17.272 sec,0,-1
17.273 sec,0,-1
17.274 sec,0,-1
17.275 sec,0,-1
17.276 sec,0,-1
17.277 sec,0,-1
17.278 sec,0,-1
17.279 sec,0,-1
17.28 sec,0,-1
17.281 sec,0,-1
17.282 sec,0,-1
17.283 sec,0,-1
17.284 sec,0,-1
17.285 sec,0,-1
17.286 sec,0,-1
17.287 sec,0,-1
17.288 sec,0,-1
17.289 sec,0,-1
17.29 sec,0,-1
17.291 sec,0,-1
17.292 sec,0,-1
17.293 sec,0,-1
17.294 sec,0,-1
17.295 sec,0,-1
17.296 sec,0,-1
17.297 sec,0,-1
17.298 sec,0,-1
17.299 sec,0,-1
17.3 sec,0,-1
17.301 sec,0,-1
17.302 sec,0,-1
17.303 sec,0,-1
17.304 sec,0,-1
17.305 sec,0,-1
17.306 sec,0,-1
17.307 sec,0,-1
17.308 sec,0,-1
17.309 sec,0,-1
17.31 sec,0,-1
17.311 sec,0,-1
17.312 sec,0,-1
17.313 sec,0,-1
17.314 sec,0,-1
17.315 sec,0,-1
17.316 sec,0,-1
17.317 sec,0,-1
17.318 sec,0,-1
17.319 sec,0,-1
17.32 sec,0,-1
17.321 sec,0,-1
17.322 sec,0,-1
17.323 sec,0,-1
17.324 sec,0,-1
17.325 sec,0,-1
17.326 sec,0,-1
17.327 sec,0,-1
17.328 sec,0,-1
17.329 sec,0,-1
17.33 sec,0,-1
17.331 sec,0,-1
17.332 sec,0,-1
17.333 sec,0,-1
17.334 sec,0,-1
17.335 sec,0,-1
17.336 sec,0,-1
17.337 sec,0,-1
17.338 sec,0,-1
17.339 sec,0,-1
17.34 sec,0,-1
17.341 sec,0,-1
17.342 sec,0,-1
17.343 sec,0,-1
17.344 sec,0,-1
17.345 sec,0,-1
17.346 sec,0,-1
17.347 sec,0,-1
17.348 sec,0,-1
17.349 sec,0,-1
17.35 sec,0,-1
17.351 sec,0,-1
17.352 sec,0,-1
17.353 sec,0,-1
17.354 sec,0,-1
17.355 sec,0,-1
17.356 sec,0,-1
17.357 sec,0,-1
17.358 sec,0,-1
17.359 sec,0,-1
17.36 sec,0,-1
17.361 sec,0,-1
17.362 sec,0,-1
17.363 sec,0,-1
17.364 sec,0,-1
17.365 sec,0,-1
17.366 sec,0,-1
17.367 sec,0,-1
17.368 sec,0,-1
17.369 sec,0,-1
17.37 sec,0,-1
17.371 sec,0,-1
17.372 sec,0,-1
17.373 sec,0,-1
17.374 sec,0,-1
17.375 sec,0,-1
17.376 sec,0,-1
17.377 sec,0,-1
17.378 sec,0,-1
17.379 sec,0,-1
17.38 sec,0,-1
17.381 sec,0,-1
17.382 sec,0,-1
17.383 sec,0,-1
17.384 sec,0,-1
17.385 sec,0,-1
17.386 sec,0,-1
17.387 sec,0,-1
17.388 sec,0,-1
17.389 sec,0,-1
17.39 sec,0,-1
17.391 sec,0,-1
17.392 sec,0,-1
17.393 sec,0,-1
17.394 sec,0,-1
17.395 sec,0,-1
17.396 sec,0,-1
17.397 sec,0,-1
17.398 sec,0,-1
17.399 sec,0,-1
17.4 sec,0,-1
17.401 sec,0,-1
17.402 sec,0,-1
17.403 sec,0,-1
17.404 sec,0,-1
17.405 sec,0,-1
17.406 sec,0,-1
17.407 sec,0,-1
17.408 sec,0,-1
17.409 sec,0,-1
17.41 sec,0,-1
17.411 sec,0,-1
17.412 sec,0,-1
17.413 sec,0,-1
17.414 sec,0,-1
17.415 sec,0,-1
17.416 sec,0,-1
17.417 sec,0,-1
17.418 sec,0,-1
17.419 sec,0,-1
17.42 sec,0,-1
17.421 sec,0,-1
17.422 sec,0,-1
17.423 sec,0,-1
17.424 sec,0,-1
17.425 sec,0,-1
17.426 sec,0,-1
17.427 sec,0,-1
17.428 sec,0,-1
17.429 sec,0,-1
17.43 sec,0,-1
17.431 sec,0,-1
17.432 sec,0,-1
17.433 sec,0,-1
17.434 sec,0,-1
17.435 sec,0,-1
17.436 sec,0,-1
17.437 sec,0,-1
17.438 sec,0,-1
17.439 sec,0,-1
17.44 sec,0,-1
17.441 sec,0,-1
17.442 sec,0,-1
17.443 sec,0,-1
17.444 sec,0,-1
17.445 sec,0,-1
17.446 sec,0,-1
17.447 sec,0,-1
17.448 sec,0,-1
17.449 sec,0,-1
17.45 sec,0,-1
17.451 sec,0,-1
17.452 sec,0,-1
17.453 sec,0,-1
17.454 sec,0,-1
17.455 sec,0,-1
17.456 sec,0,-1
17.457 sec,0,-1
17.458 sec,0,-1
17.459 sec,0,-1
17.46 sec,0,-1
17.461 sec,0,-1
17.462 sec,0,-1
17.463 sec,0,-1
17.464 sec,0,-1
17.465 sec,0,-1
17.466 sec,0,-1
17.467 sec,0,-1
17.468 sec,0,-1
17.469 sec,0,-1
17.47 sec,0,-1
17.471 sec,0,-1
17.472 sec,0,-1
17.473 sec,0,-1
17.474 sec,0,-1
17.475 sec,0,-1
17.476 sec,0,-1
17.477 sec,0,-1
17.478 sec,0,-1
17.479 sec,0,-1
17.48 sec,0,-1
17.481 sec,0,-1
17.482 sec,0,-1
17.483 sec,0,-1
17.484 sec,0,-1
17.485 sec,0,-1
17.486 sec,0,-1
17.487 sec,0,-1
17.488 sec,0,-1
17.489 sec,0,-1
17.49 sec,0,-1
17.491 sec,0,-1
17.492 sec,0,-1
17.493 sec,0,-1
17.494 sec,0,-1
17.495 sec,0,-1
17.496 sec,0,-1
17.497 sec,0,-1
17.498 sec,0,-1
17.499 sec,0,-1
17.5 sec,0,-1
17.501 sec,0,-1
17.502 sec,0,-1
17.503 sec,0,-1
17.504 sec,0,-1
17.505 sec,0,-1
17.506 sec,0,-1
17.507 sec,0,-1
17.508 sec,0,-1
17.509 sec,0,-1
17.51 sec,0,-1
17.511 sec,0,-1
17.512 sec,0,-1
17.513 sec,0,-1
17.514 sec,0,-1
17.515 sec,0,-1
17.516 sec,0,-1
17.517 sec,0,-1
17.518 sec,0,-1
17.519 sec,0,-1
17.52 sec,0,-1
17.521 sec,0,-1
17.522 sec,0,-1
17.523 sec,0,-1
17.524 sec,0,-1
17.525 sec,0,-1
17.526 sec,0,-1
17.527 sec,0,-1
17.528 sec,0,-1
17.529 sec,0,-1
17.53 sec,0,-1
17.531 sec,0,-1
17.532 sec,0,-1
17.533 sec,0,-1
17.534 sec,0,-1
17.535 sec,0,-1
17.536 sec,0,-1
17.537 sec,0,-1
17.538 sec,0,-1
17.539 sec,0,-1
17.54 sec,0,-1
17.541 sec,0,-1
17.542 sec,0,-1
17.543 sec,0,-1
17.544 sec,0,-1
17.545 sec,0,-1
17.546 sec,0,-1
17.547 sec,0,-1
17.548 sec,0,-1
17.549 sec,0,-1
17.55 sec,0,-1
17.551 sec,0,-1
17.552 sec,0,-1
17.553 sec,0,-1
17.554 sec,0,-1
17.555 sec,0,-1
17.556 sec,0,-1
17.557 sec,0,-1
17.558 sec,0,-1
17.559 sec,0,-1
17.56 sec,0,-1
17.561 sec,0,-1
17.562 sec,0,-1
17.563 sec,0,-1
17.564 sec,0,-1
17.565 sec,0,-1
17.566 sec,0,-1
17.567 sec,0,-1
17.568 sec,0,-1
17.569 sec,0,-1
17.57 sec,0,-1
17.571 sec,0,-1
17.572 sec,0,-1
17.573 sec,0,-1
17.574 sec,0,-1
17.575 sec,0,-1
17.576 sec,0,-1
17.577 sec,0,-1
17.578 sec,0,-1
17.579 sec,0,-1
17.58 sec,0,-1
17.581 sec,0,-1
17.582 sec,0,-1
17.583 sec,0,-1
17.584 sec,0,-1
17.585 sec,0,-1
17.586 sec,0,-1
17.587 sec,0,-1
17.588 sec,0,-1
17.589 sec,0,-1
17.59 sec,0,-1
17.591 sec,0,-1
17.592 sec,0,-1
17.593 sec,0,-1
17.594 sec,0,-1
17.595 sec,0,-1
17.596 sec,0,-1
17.597 sec,0,-1
17.598 sec,0,-1
17.599 sec,0,-1
17.6 sec,0,-1
17.601 sec,0,-1
17.602 sec,0,-1
17.603 sec,0,-1
17.604 sec,0,-1
17.605 sec,0,-1
17.606 sec,0,-1
17.607 sec,0,-1
17.608 sec,0,-1
17.609 sec,0,-1
17.61 sec,0,-1
17.611 sec,0,-1
17.612 sec,0,-1
17.613 sec,0,-1
17.614 sec,0,-1
17.615 sec,0,-1
17.616 sec,0,-1
17.617 sec,0,-1
17.618 sec,0,-1
17.619 sec,0,-1
17.62 sec,0,-1
17.621 sec,0,-1
17.622 sec,0,-1
17.623 sec,0,-1
17.624 sec,0,-1
17.625 sec,0,-1
17.626 sec,0,-1
17.627 sec,0,-1
17.628 sec,0,-1
17.629 sec,0,-1
17.63 sec,0,-1
17.631 sec,0,-1
17.632 sec,0,-1
17.633 sec,0,-1
17.634 sec,0,-1
17.635 sec,0,-1
17.636 sec,0,-1
17.637 sec,0,-1
17.638 sec,0,-1
17.639 sec,0,-1
17.64 sec,0,-1
17.641 sec,0,-1
17.642 sec,0,-1
17.643 sec,0,-1
17.644 sec,0,-1
17.645 sec,0,-1
17.646 sec,0,-1
17.647 sec,0,-1
17.648 sec,0,-1
17.649 sec,0,-1
17.65 sec,0,-1
17.651 sec,0,-1
17.652 sec,0,-1
17.653 sec,0,-1
17.654 sec,0,-1
17.655 sec,0,-1
17.656 sec,0,-1
17.657 sec,0,-1
17.658 sec,0,-1
17.659 sec,0,-1
17.66 sec,0,-1
17.661 sec,0,-1
17.662 sec,0,-1
17.663 sec,0,-1
17.664 sec,0,-1
17.665 sec,0,-1
17.666 sec,0,-1
17.667 sec,0,-1
17.668 sec,0,-1
17.669 sec,0,-1
17.67 sec,0,-1
17.671 sec,0,-1
17.672 sec,0,-1
17.673 sec,0,-1
17.674 sec,0,-1
17.675 sec,0,-1
17.676 sec,0,-1
17.677 sec,0,-1
17.678 sec,0,-1
17.679 sec,0,-1
17.68 sec,0,-1
17.681 sec,0,-1
17.682 sec,0,-1
17.683 sec,0,-1
17.684 sec,0,-1
17.685 sec,0,-1
17.686 sec,0,-1
17.687 sec,0,-1
17.688 sec,0,-1
17.689 sec,0,-1
17.69 sec,0,-1
17.691 sec,0,-1
17.692 sec,0,-1
17.693 sec,0,-1
17.694 sec,0,-1
17.695 sec,0,-1
17.696 sec,0,-1
17.697 sec,0,-1
17.698 sec,0,-1
17.699 sec,0,-1
17.7 sec,0,-1
17.701 sec,0,-1
17.702 sec,0,-1
17.703 sec,0,-1
17.704 sec,0,-1
17.705 sec,0,-1
17.706 sec,0,-1
17.707 sec,0,-1
17.708 sec,0,-1
17.709 sec,0,-1
17.71 sec,0,-1
17.711 sec,0,-1
17.712 sec,0,-1
17.713 sec,0,-1
17.714 sec,0,-1
17.715 sec,0,-1
17.716 sec,0,-1
17.717 sec,0,-1
17.718 sec,0,-1
17.719 sec,0,-1
17.72 sec,0,-1
17.721 sec,0,-1
17.722 sec,0,-1
17.723 sec,0,-1
17.724 sec,0,-1
17.725 sec,0,-1
17.726 sec,0,-1
17.727 sec,0,-1
17.728 sec,0,-1
17.729 sec,0,-1
17.73 sec,0,-1
17.731 sec,0,-1
17.732 sec,0,-1
17.733 sec,0,-1
17.734 sec,0,-1
17.735 sec,0,-1
17.736 sec,0,-1
17.737 sec,0,-1
17.738 sec,0,-1
17.739 sec,0,-1
17.74 sec,0,-1
17.741 sec,0,-1
17.742 sec,0,-1
17.743 sec,0,-1
17.744 sec,0,-1
17.745 sec,0,-1
17.746 sec,0,-1
17.747 sec,0,-1
17.748 sec,0,-1
17.749 sec,0,-1
17.75 sec,0,-1
17.751 sec,0,-1
17.752 sec,0,-1
17.753 sec,0,-1
17.754 sec,0,-1
17.755 sec,0,-1
17.756 sec,0,-1
17.757 sec,0,-1
17.758 sec,0,-1
17.759 sec,0,-1
17.76 sec,0,-1
17.761 sec,0,-1
17.762 sec,0,-1
17.763 sec,0,-1
17.764 sec,0,-1
17.765 sec,0,-1
17.766 sec,0,-1
17.767 sec,0,-1
17.768 sec,0,-1
17.769 sec,0,-1
17.77 sec,0,-1
17.771 sec,0,-1
17.772 sec,0,-1
17.773 sec,0,-1
17.774 sec,0,-1
17.775 sec,0,-1
17.776 sec,0,-1
17.777 sec,0,-1
17.778 sec,0,-1
17.779 sec,0,-1
17.78 sec,0,-1
17.781 sec,0,-1
17.782 sec,0,-1
17.783 sec,0,-1
17.784 sec,0,-1
17.785 sec,0,-1
17.786 sec,0,-1
17.787 sec,0,-1
17.788 sec,0,-1
17.789 sec,0,-1
17.79 sec,0,-1
17.791 sec,0,-1
17.792 sec,0,-1
17.793 sec,0,-1
17.794 sec,0,-1
17.795 sec,0,-1
17.796 sec,0,-1
17.797 sec,0,-1
17.798 sec,0,-1
17.799 sec,0,-1
17.8 sec,0,-1
17.801 sec,0,-1
17.802 sec,0,-1
17.803 sec,0,-1
17.804 sec,0,-1
17.805 sec,0,-1
17.806 sec,0,-1
17.807 sec,0,-1
17.808 sec,0,-1
17.809 sec,0,-1
17.81 sec,0,-1
17.811 sec,0,-1
17.812 sec,0,-1
17.813 sec,0,-1
17.814 sec,0,-1
17.815 sec,0,-1
17.816 sec,0,-1
17.817 sec,0,-1
17.818 sec,0,-1
17.819 sec,0,-1
17.82 sec,0,-1
17.821 sec,0,-1
17.822 sec,0,-1
17.823 sec,0,-1
17.824 sec,0,-1
17.825 sec,0,-1
17.826 sec,0,-1
17.827 sec,0,-1
17.828 sec,0,-1
17.829 sec,0,-1
17.83 sec,0,-1
17.831 sec,0,-1
17.832 sec,0,-1
17.833 sec,0,-1
17.834 sec,0,-1
17.835 sec,0,-1
17.836 sec,0,-1
17.837 sec,0,-1
17.838 sec,0,-1
17.839 sec,0,-1
17.84 sec,0,-1
17.841 sec,0,-1
17.842 sec,0,-1
17.843 sec,0,-1
17.844 sec,0,-1
17.845 sec,0,-1
17.846 sec,0,-1
17.847 sec,0,-1
17.848 sec,0,-1
17.849 sec,0,-1
17.85 sec,0,-1
17.851 sec,0,-1
17.852 sec,0,-1
17.853 sec,0,-1
17.854 sec,0,-1
17.855 sec,0,-1
17.856 sec,0,-1
17.857 sec,0,-1
17.858 sec,0,-1
17.859 sec,0,-1
17.86 sec,0,-1
17.861 sec,0,-1
17.862 sec,0,-1
17.863 sec,0,-1
17.864 sec,0,-1
17.865 sec,0,-1
17.866 sec,0,-1
17.867 sec,0,-1
17.868 sec,0,-1
17.869 sec,0,-1
17.87 sec,0,-1
17.871 sec,0,-1
17.872 sec,0,-1
17.873 sec,0,-1
17.874 sec,0,-1
17.875 sec,0,-1
17.876 sec,0,-1
17.877 sec,0,-1
17.878 sec,0,-1
17.879 sec,0,-1
17.88 sec,0,-1
17.881 sec,0,-1
17.882 sec,0,-1
17.883 sec,0,-1
17.884 sec,0,-1
17.885 sec,0,-1
17.886 sec,0,-1
17.887 sec,0,-1
17.888 sec,0,-1
17.889 sec,0,-1
17.89 sec,0,-1
17.891 sec,0,-1
17.892 sec,0,-1
17.893 sec,0,-1
17.894 sec,0,-1
17.895 sec,0,-1
17.896 sec,0,-1
17.897 sec,0,-1
17.898 sec,0,-1
17.899 sec,0,-1
17.9 sec,0,-1
17.901 sec,0,-1
17.902 sec,0,-1
17.903 sec,0,-1
17.904 sec,0,-1
17.905 sec,0,-1
17.906 sec,0,-1
17.907 sec,0,-1
17.908 sec,0,-1
17.909 sec,0,-1
17.91 sec,0,-1
17.911 sec,0,-1
17.912 sec,0,-1
17.913 sec,0,-1
17.914 sec,0,-1
17.915 sec,0,-1
17.916 sec,0,-1
17.917 sec,0,-1
17.918 sec,0,-1
17.919 sec,0,-1
17.92 sec,0,-1
17.921 sec,0,-1
17.922 sec,0,-1
17.923 sec,0,-1
17.924 sec,0,-1
17.925 sec,0,-1
17.926 sec,0,-1
17.927 sec,0,-1
17.928 sec,0,-1
17.929 sec,0,-1
17.93 sec,0,-1
17.931 sec,0,-1
17.932 sec,0,-1
17.933 sec,0,-1
17.934 sec,0,-1
17.935 sec,0,-1
17.936 sec,0,-1
17.937 sec,0,-1
17.938 sec,0,-1
17.939 sec,0,-1
17.94 sec,0,-1
17.941 sec,0,-1
17.942 sec,0,-1
17.943 sec,0,-1
17.944 sec,0,-1
17.945 sec,0,-1
17.946 sec,0,-1
17.947 sec,0,-1
17.948 sec,0,-1
17.949 sec,0,-1
17.95 sec,0,-1
17.951 sec,0,-1
17.952 sec,0,-1
17.953 sec,0,-1
17.954 sec,0,-1
17.955 sec,0,-1
17.956 sec,0,-1
17.957 sec,0,-1
17.958 sec,0,-1
17.959 sec,0,-1
17.96 sec,0,-1
17.961 sec,0,-1
17.962 sec,0,-1
17.963 sec,0,-1
17.964 sec,0,-1
17.965 sec,0,-1
17.966 sec,0,-1
17.967 sec,0,-1
17.968 sec,0,-1
17.969 sec,0,-1
17.97 sec,0,-1
17.971 sec,0,-1
17.972 sec,0,-1
17.973 sec,0,-1
17.974 sec,0,-1
17.975 sec,0,-1
17.976 sec,0,-1
17.977 sec,0,-1
17.978 sec,0,-1
17.979 sec,0,-1
17.98 sec,0,-1
17.981 sec,0,-1
17.982 sec,0,-1
17.983 sec,0,-1
17.984 sec,0,-1
17.985 sec,0,-1
17.986 sec,0,-1
17.987 sec,0,-1
17.988 sec,0,-1
17.989 sec,0,-1
17.99 sec,0,-1
17.991 sec,0,-1
17.992 sec,0,-1
17.993 sec,0,-1
17.994 sec,0,-1
17.995 sec,0,-1
17.996 sec,0,-1
17.997 sec,0,-1
17.998 sec,0,-1
17.999 sec,0,-1
18 sec,0,-1
18.001 sec,0,-1
18.002 sec,0,-1
18.003 sec,0,-1
18.004 sec,0,-1
18.005 sec,0,-1
18.006 sec,0,-1
18.007 sec,0,-1
18.008 sec,0,-1
18.009 sec,0,-1
18.01 sec,0,-1
18.011 sec,0,-1
18.012 sec,0,-1
18.013 sec,0,-1
18.014 sec,0,-1
18.015 sec,0,-1
18.016 sec,0,-1
18.017 sec,0,-1
18.018 sec,0,-1
18.019 sec,0,-1
18.02 sec,0,-1
18.021 sec,0,-1
18.022 sec,0,-1
18.023 sec,0,-1
18.024 sec,0,-1
18.025 sec,0,-1
18.026 sec,0,-1
18.027 sec,0,-1
18.028 sec,0,-1
18.029 sec,0,-1
18.03 sec,0,-1
18.031 sec,0,-1
18.032 sec,0,-1
18.033 sec,0,-1
18.034 sec,0,-1
18.035 sec,0,-1
18.036 sec,0,-1
18.037 sec,0,-1
18.038 sec,0,-1
18.039 sec,0,-1
18.04 sec,0,-1
18.041 sec,0,-1
18.042 sec,0,-1
18.043 sec,0,-1
18.044 sec,0,-1
18.045 sec,0,-1
18.046 sec,0,-1
18.047 sec,0,-1
18.048 sec,0,-1
18.049 sec,0,-1
18.05 sec,0,-1
18.051 sec,0,-1
18.052 sec,0,-1
18.053 sec,0,-1
18.054 sec,0,-1
18.055 sec,0,-1
18.056 sec,0,-1
18.057 sec,0,-1
18.058 sec,0,-1
18.059 sec,0,-1
18.06 sec,0,-1
18.061 sec,0,-1
18.062 sec,0,-1
18.063 sec,0,-1
18.064 sec,0,-1
18.065 sec,0,-1
18.066 sec,0,-1
18.067 sec,0,-1
18.068 sec,0,-1
18.069 sec,0,-1
18.07 sec,0,-1
18.071 sec,0,-1
18.072 sec,0,-1
18.073 sec,0,-1
18.074 sec,0,-1
18.075 sec,0,-1
18.076 sec,0,-1
18.077 sec,0,-1
18.078 sec,0,-1
18.079 sec,0,-1
18.08 sec,0,-1
18.081 sec,0,-1
18.082 sec,0,-1
18.083 sec,0,-1
18.084 sec,0,-1
18.085 sec,0,-1
18.086 sec,0,-1
18.087 sec,0,-1
18.088 sec,0,-1
18.089 sec,0,-1
18.09 sec,0,-1
18.091 sec,0,-1
18.092 sec,0,-1
18.093 sec,0,-1
18.094 sec,0,-1
18.095 sec,0,-1
18.096 sec,0,-1
18.097 sec,0,-1
18.098 sec,0,-1
18.099 sec,0,-1
18.1 sec,0,-1
18.101 sec,0,-1
18.102 sec,0,-1
18.103 sec,0,-1
18.104 sec,0,-1
18.105 sec,0,-1
18.106 sec,0,-1
18.107 sec,0,-1
18.108 sec,0,-1
18.109 sec,0,-1
18.11 sec,0,-1
18.111 sec,0,-1
18.112 sec,0,-1
18.113 sec,0,-1
18.114 sec,0,-1
18.115 sec,0,-1
18.116 sec,0,-1
18.117 sec,0,-1
18.118 sec,0,-1
18.119 sec,0,-1
18.12 sec,0,-1
18.121 sec,0,-1
18.122 sec,0,-1
18.123 sec,0,-1
18.124 sec,0,-1
18.125 sec,0,-1
18.126 sec,0,-1
18.127 sec,0,-1
18.128 sec,0,-1
18.129 sec,0,-1
18.13 sec,0,-1
18.131 sec,0,-1
18.132 sec,0,-1
18.133 sec,0,-1
18.134 sec,0,-1
18.135 sec,0,-1
18.136 sec,0,-1
18.137 sec,0,-1
18.138 sec,0,-1
18.139 sec,0,-1
18.14 sec,0,-1
18.141 sec,0,-1
18.142 sec,0,-1
18.143 sec,0,-1
18.144 sec,0,-1
18.145 sec,0,-1
18.146 sec,0,-1
18.147 sec,0,-1
18.148 sec,0,-1
18.149 sec,0,-1
18.15 sec,0,-1
18.151 sec,0,-1
18.152 sec,0,-1
18.153 sec,0,-1
18.154 sec,0,-1
18.155 sec,0,-1
18.156 sec,0,-1
18.157 sec,0,-1
18.158 sec,0,-1
18.159 sec,0,-1
18.16 sec,0,-1
18.161 sec,0,-1
18.162 sec,0,-1
18.163 sec,0,-1
18.164 sec,0,-1
18.165 sec,0,-1
18.166 sec,0,-1
18.167 sec,0,-1
18.168 sec,0,-1
18.169 sec,0,-1
18.17 sec,0,-1
18.171 sec,0,-1
18.172 sec,0,-1
18.173 sec,0,-1
18.174 sec,0,-1
18.175 sec,0,-1
18.176 sec,0,-1
18.177 sec,0,-1
18.178 sec,0,-1
18.179 sec,0,-1
18.18 sec,0,-1
18.181 sec,0,-1
18.182 sec,0,-1
18.183 sec,0,-1
18.184 sec,0,-1
18.185 sec,0,-1
18.186 sec,0,-1
18.187 sec,0,-1
18.188 sec,0,-1
18.189 sec,0,-1
18.19 sec,0,-1
18.191 sec,0,-1
18.192 sec,0,-1
18.193 sec,0,-1
18.194 sec,0,-1
18.195 sec,0,-1
18.196 sec,0,-1
18.197 sec,0,-1
18.198 sec,0,-1
18.199 sec,0,-1
18.2 sec,0,-1
18.201 sec,0,-1
18.202 sec,0,-1
18.203 sec,0,-1
18.204 sec,0,-1
18.205 sec,0,-1
18.206 sec,0,-1
18.207 sec,0,-1
18.208 sec,0,-1
18.209 sec,0,-1
18.21 sec,0,-1
18.211 sec,0,-1
18.212 sec,0,-1
18.213 sec,0,-1
18.214 sec,0,-1
18.215 sec,0,-1
18.216 sec,0,-1
18.217 sec,0,-1
18.218 sec,0,-1
18.219 sec,0,-1
18.22 sec,0,-1
18.221 sec,0,-1
18.222 sec,0,-1
18.223 sec,0,-1
18.224 sec,0,-1
18.225 sec,0,-1
18.226 sec,0,-1
18.227 sec,0,-1
18.228 sec,0,-1
18.229 sec,0,-1
18.23 sec,0,-1
18.231 sec,0,-1
18.232 sec,0,-1
18.233 sec,0,-1
18.234 sec,0,-1
18.235 sec,0,-1
18.236 sec,0,-1
18.237 sec,0,-1
18.238 sec,0,-1
18.239 sec,0,-1
18.24 sec,0,-1
18.241 sec,0,-1
18.242 sec,0,-1
18.243 sec,0,-1
18.244 sec,0,-1
18.245 sec,0,-1
18.246 sec,0,-1
18.247 sec,0,-1
18.248 sec,0,-1
18.249 sec,0,-1
18.25 sec,0,-1
18.251 sec,0,-1
18.252 sec,0,-1
18.253 sec,0,-1
18.254 sec,0,-1
18.255 sec,0,-1
18.256 sec,0,-1
18.257 sec,0,-1
18.258 sec,0,-1
18.259 sec,0,-1
18.26 sec,0,-1
18.261 sec,0,-1
18.262 sec,0,-1
18.263 sec,0,-1
18.264 sec,0,-1
18.265 sec,0,-1
18.266 sec,0,-1
18.267 sec,0,-1
18.268 sec,0,-1
18.269 sec,0,-1
18.27 sec,0,-1
18.271 sec,0,-1
18.272 sec,0,-1
18.273 sec,0,-1
18.274 sec,0,-1
18.275 sec,0,-1
18.276 sec,0,-1
18.277 sec,0,-1
18.278 sec,0,-1
18.279 sec,0,-1
18.28 sec,0,-1
18.281 sec,0,-1
18.282 sec,0,-1
18.283 sec,0,-1
18.284 sec,0,-1
18.285 sec,0,-1
18.286 sec,0,-1
18.287 sec,0,-1
18.288 sec,0,-1
18.289 sec,0,-1
18.29 sec,0,-1
18.291 sec,0,-1
18.292 sec,0,-1
18.293 sec,0,-1
18.294 sec,0,-1
18.295 sec,0,-1
18.296 sec,0,-1
18.297 sec,0,-1
18.298 sec,0,-1
18.299 sec,0,-1
18.3 sec,0,-1
18.301 sec,0,-1
18.302 sec,0,-1
18.303 sec,0,-1
18.304 sec,0,-1
18.305 sec,0,-1
18.306 sec,0,-1
18.307 sec,0,-1
18.308 sec,0,-1
18.309 sec,0,-1
18.31 sec,0,-1
18.311 sec,0,-1
18.312 sec,0,-1
18.313 sec,0,-1
18.314 sec,0,-1
18.315 sec,0,-1
18.316 sec,0,-1
18.317 sec,0,-1
18.318 sec,0,-1
18.319 sec,0,-1
18.32 sec,0,-1
18.321 sec,0,-1
18.322 sec,0,-1
18.323 sec,0,-1
18.324 sec,0,-1
18.325 sec,0,-1
18.326 sec,0,-1
18.327 sec,0,-1
18.328 sec,0,-1
18.329 sec,0,-1
18.33 sec,0,-1
18.331 sec,0,-1
18.332 sec,0,-1
18.333 sec,0,-1
18.334 sec,0,-1
18.335 sec,0,-1
18.336 sec,0,-1
18.337 sec,0,-1
18.338 sec,0,-1
18.339 sec,0,-1
18.34 sec,0,-1
18.341 sec,0,-1
18.342 sec,0,-1
18.343 sec,0,-1
18.344 sec,0,-1
18.345 sec,0,-1
18.346 sec,0,-1
18.347 sec,0,-1
18.348 sec,0,-1
18.349 sec,0,-1
18.35 sec,0,-1
18.351 sec,0,-1
18.352 sec,0,-1
18.353 sec,0,-1
18.354 sec,0,-1
18.355 sec,0,-1
18.356 sec,0,-1
18.357 sec,0,-1
18.358 sec,0,-1
18.359 sec,0,-1
18.36 sec,0,-1
18.361 sec,0,-1
18.362 sec,0,-1
18.363 sec,0,-1
18.364 sec,0,-1
18.365 sec,0,-1
18.366 sec,0,-1
18.367 sec,0,-1
18.368 sec,0,-1
18.369 sec,0,-1
18.37 sec,0,-1
18.371 sec,0,-1
18.372 sec,0,-1
18.373 sec,0,-1
18.374 sec,0,-1
18.375 sec,0,-1
18.376 sec,0,-1
18.377 sec,0,-1
18.378 sec,0,-1
18.379 sec,0,-1
18.38 sec,0,-1
18.381 sec,0,-1
18.382 sec,0,-1
18.383 sec,0,-1
18.384 sec,0,-1
18.385 sec,0,-1
18.386 sec,0,-1
18.387 sec,0,-1
18.388 sec,0,-1
18.389 sec,0,-1
18.39 sec,0,-1
18.391 sec,0,-1
18.392 sec,0,-1
18.393 sec,0,-1
18.394 sec,0,-1
18.395 sec,0,-1
18.396 sec,0,-1
18.397 sec,0,-1
18.398 sec,0,-1
18.399 sec,0,-1
18.4 sec,0,-1
18.401 sec,0,-1
18.402 sec,0,-1
18.403 sec,0,-1
18.404 sec,0,-1
18.405 sec,0,-1
18.406 sec,0,-1
18.407 sec,0,-1
18.408 sec,0,-1
18.409 sec,0,-1
18.41 sec,0,-1
18.411 sec,0,-1
18.412 sec,0,-1
18.413 sec,0,-1
18.414 sec,0,-1
18.415 sec,0,-1
18.416 sec,0,-1
18.417 sec,0,-1
18.418 sec,0,-1
18.419 sec,0,-1
18.42 sec,0,-1
18.421 sec,0,-1
18.422 sec,0,-1
18.423 sec,0,-1
18.424 sec,0,-1
18.425 sec,0,-1
18.426 sec,0,-1
18.427 sec,0,-1
18.428 sec,0,-1
18.429 sec,0,-1
18.43 sec,0,-1
18.431 sec,0,-1
18.432 sec,0,-1
18.433 sec,0,-1
18.434 sec,0,-1
18.435 sec,0,-1
18.436 sec,0,-1
18.437 sec,0,-1
18.438 sec,0,-1
18.439 sec,0,-1
18.44 sec,0,-1
18.441 sec,0,-1
18.442 sec,0,-1
18.443 sec,0,-1
18.444 sec,0,-1
18.445 sec,0,-1
18.446 sec,0,-1
18.447 sec,0,-1
18.448 sec,0,-1
18.449 sec,0,-1
18.45 sec,0,-1
18.451 sec,0,-1
18.452 sec,0,-1
18.453 sec,0,-1
18.454 sec,0,-1
18.455 sec,0,-1
18.456 sec,0,-1
18.457 sec,0,-1
18.458 sec,0,-1
18.459 sec,0,-1
18.46 sec,0,-1
18.461 sec,0,-1
18.462 sec,0,-1
18.463 sec,0,-1
18.464 sec,0,-1
18.465 sec,0,-1
18.466 sec,0,-1
18.467 sec,0,-1
18.468 sec,0,-1
18.469 sec,0,-1
18.47 sec,0,-1
18.471 sec,0,-1
18.472 sec,0,-1
18.473 sec,0,-1
18.474 sec,0,-1
18.475 sec,0,-1
18.476 sec,0,-1
18.477 sec,0,-1
18.478 sec,0,-1
18.479 sec,0,-1
18.48 sec,0,-1
18.481 sec,0,-1
18.482 sec,0,-1
18.483 sec,0,-1
18.484 sec,0,-1
18.485 sec,0,-1
18.486 sec,0,-1
18.487 sec,0,-1
18.488 sec,0,-1
18.489 sec,0,-1
18.49 sec,0,-1
18.491 sec,0,-1
18.492 sec,0,-1
18.493 sec,0,-1
18.494 sec,0,-1
18.495 sec,0,-1
18.496 sec,0,-1
18.497 sec,0,-1
18.498 sec,0,-1
18.499 sec,0,-1
18.5 sec,0,-1
18.501 sec,0,-1
18.502 sec,0,-1
18.503 sec,0,-1
18.504 sec,0,-1
18.505 sec,0,-1
18.506 sec,0,-1
18.507 sec,0,-1
18.508 sec,0,-1
18.509 sec,0,-1
18.51 sec,0,-1
18.511 sec,0,-1
18.512 sec,0,-1
18.513 sec,0,-1
18.514 sec,0,-1
18.515 sec,0,-1
18.516 sec,0,-1
18.517 sec,0,-1
18.518 sec,0,-1
18.519 sec,0,-1
18.52 sec,0,-1
18.521 sec,0,-1
18.522 sec,0,-1
18.523 sec,0,-1
18.524 sec,0,-1
18.525 sec,0,-1
18.526 sec,0,-1
18.527 sec,0,-1
18.528 sec,0,-1
18.529 sec,0,-1
18.53 sec,0,-1
18.531 sec,0,-1
18.532 sec,0,-1
18.533 sec,0,-1
18.534 sec,0,-1
18.535 sec,0,-1
18.536 sec,0,-1
18.537 sec,0,-1
18.538 sec,0,-1
18.539 sec,0,-1
18.54 sec,0,-1
18.541 sec,0,-1
18.542 sec,0,-1
18.543 sec,0,-1
18.544 sec,0,-1
18.545 sec,0,-1
18.546 sec,0,-1
18.547 sec,0,-1
18.548 sec,0,-1
18.549 sec,0,-1
18.55 sec,0,-1
18.551 sec,0,-1
18.552 sec,0,-1
18.553 sec,0,-1
18.554 sec,0,-1
18.555 sec,0,-1
18.556 sec,0,-1
18.557 sec,0,-1
18.558 sec,0,-1
18.559 sec,0,-1
18.56 sec,0,-1
18.561 sec,0,-1
18.562 sec,0,-1
18.563 sec,0,-1
18.564 sec,0,-1
18.565 sec,0,-1
18.566 sec,0,-1
18.567 sec,0,-1
18.568 sec,0,-1
18.569 sec,0,-1
18.57 sec,0,-1
18.571 sec,0,-1
18.572 sec,0,-1
18.573 sec,0,-1
18.574 sec,0,-1
18.575 sec,0,-1
18.576 sec,0,-1
18.577 sec,0,-1
18.578 sec,0,-1
18.579 sec,0,-1
18.58 sec,0,-1
18.581 sec,0,-1
18.582 sec,0,-1
18.583 sec,0,-1
18.584 sec,0,-1
18.585 sec,0,-1
18.586 sec,0,-1
18.587 sec,0,-1
18.588 sec,0,-1
18.589 sec,0,-1
18.59 sec,0,-1
18.591 sec,0,-1
18.592 sec,0,-1
18.593 sec,0,-1
18.594 sec,0,-1
18.595 sec,0,-1
18.596 sec,0,-1
18.597 sec,0,-1
18.598 sec,0,-1
18.599 sec,0,-1
18.6 sec,0,-1
18.601 sec,0,-1
18.602 sec,0,-1
18.603 sec,0,-1
18.604 sec,0,-1
18.605 sec,0,-1
18.606 sec,0,-1
18.607 sec,0,-1
18.608 sec,0,-1
18.609 sec,0,-1
18.61 sec,0,-1
18.611 sec,0,-1
18.612 sec,0,-1
18.613 sec,0,-1
18.614 sec,0,-1
18.615 sec,0,-1
18.616 sec,0,-1
18.617 sec,0,-1
18.618 sec,0,-1
18.619 sec,0,-1
18.62 sec,0,-1
18.621 sec,0,-1
18.622 sec,0,-1
18.623 sec,0,-1
18.624 sec,0,-1
18.625 sec,0,-1
18.626 sec,0,-1
18.627 sec,0,-1
18.628 sec,0,-1
18.629 sec,0,-1
18.63 sec,0,-1
18.631 sec,0,-1
18.632 sec,0,-1
18.633 sec,0,-1
18.634 sec,0,-1
18.635 sec,0,-1
18.636 sec,0,-1
18.637 sec,0,-1
18.638 sec,0,-1
18.639 sec,0,-1
18.64 sec,0,-1
18.641 sec,0,-1
18.642 sec,0,-1
18.643 sec,0,-1
18.644 sec,0,-1
18.645 sec,0,-1
18.646 sec,0,-1
18.647 sec,0,-1
18.648 sec,0,-1
18.649 sec,0,-1
18.65 sec,0,-1
18.651 sec,0,-1
18.652 sec,0,-1
18.653 sec,0,-1
18.654 sec,0,-1
18.655 sec,0,-1
18.656 sec,0,-1
18.657 sec,0,-1
18.658 sec,0,-1
18.659 sec,0,-1
18.66 sec,0,-1
18.661 sec,0,-1
18.662 sec,0,-1
18.663 sec,0,-1
18.664 sec,0,-1
18.665 sec,0,-1
18.666 sec,0,-1
18.667 sec,0,-1
18.668 sec,0,-1
18.669 sec,0,-1
18.67 sec,0,-1
18.671 sec,0,-1
18.672 sec,0,-1
18.673 sec,0,-1
18.674 sec,0,-1
18.675 sec,0,-1
18.676 sec,0,-1
18.677 sec,0,-1
18.678 sec,0,-1
18.679 sec,0,-1
18.68 sec,0,-1
18.681 sec,0,-1
18.682 sec,0,-1
18.683 sec,0,-1
18.684 sec,0,-1
18.685 sec,0,-1
18.686 sec,0,-1
18.687 sec,0,-1
18.688 sec,0,-1
18.689 sec,0,-1
18.69 sec,0,-1
18.691 sec,0,-1
18.692 sec,0,-1
18.693 sec,0,-1
18.694 sec,0,-1
18.695 sec,0,-1
18.696 sec,0,-1
18.697 sec,0,-1
18.698 sec,0,-1
18.699 sec,0,-1
18.7 sec,0,-1
18.701 sec,0,-1
18.702 sec,0,-1
18.703 sec,0,-1
18.704 sec,0,-1
18.705 sec,0,-1
18.706 sec,0,-1
18.707 sec,0,-1
18.708 sec,0,-1
18.709 sec,0,-1
18.71 sec,0,-1
18.711 sec,0,-1
18.712 sec,0,-1
18.713 sec,0,-1
18.714 sec,0,-1
18.715 sec,0,-1
18.716 sec,0,-1
18.717 sec,0,-1
18.718 sec,0,-1
18.719 sec,0,-1
18.72 sec,0,-1
18.721 sec,0,-1
18.722 sec,0,-1
18.723 sec,0,-1
18.724 sec,0,-1
18.725 sec,0,-1
18.726 sec,0,-1
18.727 sec,0,-1
18.728 sec,0,-1
18.729 sec,0,-1
18.73 sec,0,-1
18.731 sec,0,-1
18.732 sec,0,-1
18.733 sec,0,-1
18.734 sec,0,-1
18.735 sec,0,-1
18.736 sec,0,-1
18.737 sec,0,-1
18.738 sec,0,-1
18.739 sec,0,-1
18.74 sec,0,-1
18.741 sec,0,-1
18.742 sec,0,-1
18.743 sec,0,-1
18.744 sec,0,-1
18.745 sec,0,-1
18.746 sec,0,-1
18.747 sec,0,-1
18.748 sec,0,-1
18.749 sec,0,-1
18.75 sec,0,-1
18.751 sec,0,-1
18.752 sec,0,-1
18.753 sec,0,-1
18.754 sec,0,-1
18.755 sec,0,-1
18.756 sec,0,-1
18.757 sec,0,-1
18.758 sec,0,-1
18.759 sec,0,-1
18.76 sec,0,-1
18.761 sec,0,-1
18.762 sec,0,-1
18.763 sec,0,-1
18.764 sec,0,-1
18.765 sec,0,-1
18.766 sec,0,-1
18.767 sec,0,-1
18.768 sec,0,-1
18.769 sec,0,-1
18.77 sec,0,-1
18.771 sec,0,-1
18.772 sec,0,-1
18.773 sec,0,-1
18.774 sec,0,-1
18.775 sec,0,-1
18.776 sec,0,-1
18.777 sec,0,-1
18.778 sec,0,-1
18.779 sec,0,-1
18.78 sec,0,-1
18.781 sec,0,-1
18.782 sec,0,-1
18.783 sec,0,-1
18.784 sec,0,-1
18.785 sec,0,-1
18.786 sec,0,-1
18.787 sec,0,-1
18.788 sec,0,-1
18.789 sec,0,-1
18.79 sec,0,-1
18.791 sec,0,-1
18.792 sec,0,-1
18.793 sec,0,-1
18.794 sec,0,-1
18.795 sec,0,-1
18.796 sec,0,-1
18.797 sec,0,-1
18.798 sec,0,-1
18.799 sec,0,-1
18.8 sec,0,-1
18.801 sec,0,-1
18.802 sec,0,-1
18.803 sec,0,-1
18.804 sec,0,-1
18.805 sec,0,-1
18.806 sec,0,-1
18.807 sec,0,-1
18.808 sec,0,-1
18.809 sec,0,-1
18.81 sec,0,-1
18.811 sec,0,-1
18.812 sec,0,-1
18.813 sec,0,-1
18.814 sec,0,-1
18.815 sec,0,-1
18.816 sec,0,-1
18.817 sec,0,-1
18.818 sec,0,-1
18.819 sec,0,-1
18.82 sec,0,-1
18.821 sec,0,-1
18.822 sec,0,-1
18.823 sec,0,-1
18.824 sec,0,-1
18.825 sec,0,-1
18.826 sec,0,-1
18.827 sec,0,-1
18.828 sec,0,-1
18.829 sec,0,-1
18.83 sec,0,-1
18.831 sec,0,-1
18.832 sec,0,-1
18.833 sec,0,-1
18.834 sec,0,-1
18.835 sec,0,-1
18.836 sec,0,-1
18.837 sec,0,-1
18.838 sec,0,-1
18.839 sec,0,-1
18.84 sec,0,-1
18.841 sec,0,-1
18.842 sec,0,-1
18.843 sec,0,-1
18.844 sec,0,-1
18.845 sec,0,-1
18.846 sec,0,-1
18.847 sec,0,-1
18.848 sec,0,-1
18.849 sec,0,-1
18.85 sec,0,-1
18.851 sec,0,-1
18.852 sec,0,-1
18.853 sec,0,-1
18.854 sec,0,-1
18.855 sec,0,-1
18.856 sec,0,-1
18.857 sec,0,-1
18.858 sec,0,-1
18.859 sec,0,-1
18.86 sec,0,-1
18.861 sec,0,-1
18.862 sec,0,-1
18.863 sec,0,-1
18.864 sec,0,-1
18.865 sec,0,-1
18.866 sec,0,-1
18.867 sec,0,-1
18.868 sec,0,-1
18.869 sec,0,-1
18.87 sec,0,-1
18.871 sec,0,-1
18.872 sec,0,-1
18.873 sec,0,-1
18.874 sec,0,-1
18.875 sec,0,-1
18.876 sec,0,-1
18.877 sec,0,-1
18.878 sec,0,-1
18.879 sec,0,-1
18.88 sec,0,-1
18.881 sec,0,-1
18.882 sec,0,-1
18.883 sec,0,-1
18.884 sec,0,-1
18.885 sec,0,-1
18.886 sec,0,-1
18.887 sec,0,-1
18.888 sec,0,-1
18.889 sec,0,-1
18.89 sec,0,-1
18.891 sec,0,-1
18.892 sec,0,-1
18.893 sec,0,-1
18.894 sec,0,-1
18.895 sec,0,-1
18.896 sec,0,-1
18.897 sec,0,-1
18.898 sec,0,-1
18.899 sec,0,-1
18.9 sec,0,-1
18.901 sec,0,-1
18.902 sec,0,-1
18.903 sec,0,-1
18.904 sec,0,-1
18.905 sec,0,-1
18.906 sec,0,-1
18.907 sec,0,-1
18.908 sec,0,-1
18.909 sec,0,-1
18.91 sec,0,-1
18.911 sec,0,-1
18.912 sec,0,-1
18.913 sec,0,-1
18.914 sec,0,-1
18.915 sec,0,-1
18.916 sec,0,-1
18.917 sec,0,-1
18.918 sec,0,-1
18.919 sec,0,-1
18.92 sec,0,-1
18.921 sec,0,-1
18.922 sec,0,-1
18.923 sec,0,-1
18.924 sec,0,-1
18.925 sec,0,-1
18.926 sec,0,-1
18.927 sec,0,-1
18.928 sec,0,-1
18.929 sec,0,-1
18.93 sec,0,-1
18.931 sec,0,-1
18.932 sec,0,-1
18.933 sec,0,-1
18.934 sec,0,-1
18.935 sec,0,-1
18.936 sec,0,-1
18.937 sec,0,-1
18.938 sec,0,-1
18.939 sec,0,-1
18.94 sec,0,-1
18.941 sec,0,-1
18.942 sec,0,-1
18.943 sec,0,-1
18.944 sec,0,-1
18.945 sec,0,-1
18.946 sec,0,-1
18.947 sec,0,-1
18.948 sec,0,-1
18.949 sec,0,-1
18.95 sec,0,-1
18.951 sec,0,-1
18.952 sec,0,-1
18.953 sec,0,-1
18.954 sec,0,-1
18.955 sec,0,-1
18.956 sec,0,-1
18.957 sec,0,-1
18.958 sec,0,-1
18.959 sec,0,-1
18.96 sec,0,-1
18.961 sec,0,-1
18.962 sec,0,-1
18.963 sec,0,-1
18.964 sec,0,-1
18.965 sec,0,-1
18.966 sec,0,-1
18.967 sec,0,-1
18.968 sec,0,-1
18.969 sec,0,-1
18.97 sec,0,-1
18.971 sec,0,-1
18.972 sec,0,-1
18.973 sec,0,-1
18.974 sec,0,-1
18.975 sec,0,-1
18.976 sec,0,-1
18.977 sec,0,-1
18.978 sec,0,-1
18.979 sec,0,-1
18.98 sec,0,-1
18.981 sec,0,-1
18.982 sec,0,-1
18.983 sec,0,-1
18.984 sec,0,-1
18.985 sec,0,-1
18.986 sec,0,-1
18.987 sec,0,-1
18.988 sec,0,-1
18.989 sec,0,-1
18.99 sec,0,-1
18.991 sec,0,-1
18.992 sec,0,-1
18.993 sec,0,-1
18.994 sec,0,-1
18.995 sec,0,-1
18.996 sec,0,-1
18.997 sec,0,-1
18.998 sec,0,-1
18.999 sec,0,-1
19 sec,0,-1
19.001 sec,0,-1
19.002 sec,0,-1
19.003 sec,0,-1
19.004 sec,0,-1
19.005 sec,0,-1
19.006 sec,0,-1
19.007 sec,0,-1
19.008 sec,0,-1
19.009 sec,0,-1
19.01 sec,0,-1
19.011 sec,0,-1
19.012 sec,0,-1
19.013 sec,0,-1
19.014 sec,0,-1
19.015 sec,0,-1
19.016 sec,0,-1
19.017 sec,0,-1
19.018 sec,0,-1
19.019 sec,0,-1
19.02 sec,0,-1
19.021 sec,0,-1
19.022 sec,0,-1
19.023 sec,0,-1
19.024 sec,0,-1
19.025 sec,0,-1
19.026 sec,0,-1
19.027 sec,0,-1
19.028 sec,0,-1
19.029 sec,0,-1
19.03 sec,0,-1
19.031 sec,0,-1
19.032 sec,0,-1
19.033 sec,0,-1
19.034 sec,0,-1
19.035 sec,0,-1
19.036 sec,0,-1
19.037 sec,0,-1
19.038 sec,0,-1
19.039 sec,0,-1
19.04 sec,0,-1
19.041 sec,0,-1
19.042 sec,0,-1
19.043 sec,0,-1
19.044 sec,0,-1
19.045 sec,0,-1
19.046 sec,0,-1
19.047 sec,0,-1
19.048 sec,0,-1
19.049 sec,0,-1
19.05 sec,0,-1
19.051 sec,0,-1
19.052 sec,0,-1
19.053 sec,0,-1
19.054 sec,0,-1
19.055 sec,0,-1
19.056 sec,0,-1
19.057 sec,0,-1
19.058 sec,0,-1
19.059 sec,0,-1
19.06 sec,0,-1
19.061 sec,0,-1
19.062 sec,0,-1
19.063 sec,0,-1
19.064 sec,0,-1
19.065 sec,0,-1
19.066 sec,0,-1
19.067 sec,0,-1
19.068 sec,0,-1
19.069 sec,0,-1
19.07 sec,0,-1
19.071 sec,0,-1
19.072 sec,0,-1
19.073 sec,0,-1
19.074 sec,0,-1
19.075 sec,0,-1
19.076 sec,0,-1
19.077 sec,0,-1
19.078 sec,0,-1
19.079 sec,0,-1
19.08 sec,0,-1
19.081 sec,0,-1
19.082 sec,0,-1
19.083 sec,0,-1
19.084 sec,0,-1
19.085 sec,0,-1
19.086 sec,0,-1
19.087 sec,0,-1
19.088 sec,0,-1
19.089 sec,0,-1
19.09 sec,0,-1
19.091 sec,0,-1
19.092 sec,0,-1
19.093 sec,0,-1
19.094 sec,0,-1
19.095 sec,0,-1
19.096 sec,0,-1
19.097 sec,0,-1
19.098 sec,0,-1
19.099 sec,0,-1
19.1 sec,0,-1
19.101 sec,0,-1
19.102 sec,0,-1
19.103 sec,0,-1
19.104 sec,0,-1
19.105 sec,0,-1
19.106 sec,0,-1
19.107 sec,0,-1
19.108 sec,0,-1
19.109 sec,0,-1
19.11 sec,0,-1
19.111 sec,0,-1
19.112 sec,0,-1
19.113 sec,0,-1
19.114 sec,0,-1
19.115 sec,0,-1
19.116 sec,0,-1
19.117 sec,0,-1
19.118 sec,0,-1
19.119 sec,0,-1
19.12 sec,0,-1
19.121 sec,0,-1
19.122 sec,0,-1
19.123 sec,0,-1
19.124 sec,0,-1
19.125 sec,0,-1
19.126 sec,0,-1
19.127 sec,0,-1
19.128 sec,0,-1
19.129 sec,0,-1
19.13 sec,0,-1
19.131 sec,0,-1
19.132 sec,0,-1
19.133 sec,0,-1
19.134 sec,0,-1
19.135 sec,0,-1
19.136 sec,0,-1
19.137 sec,0,-1
19.138 sec,0,-1
19.139 sec,0,-1
19.14 sec,0,-1
19.141 sec,0,-1
19.142 sec,0,-1
19.143 sec,0,-1
19.144 sec,0,-1
19.145 sec,0,-1
19.146 sec,0,-1
19.147 sec,0,-1
19.148 sec,0,-1
19.149 sec,0,-1
19.15 sec,0,-1
19.151 sec,0,-1
19.152 sec,0,-1
19.153 sec,0,-1
19.154 sec,0,-1
19.155 sec,0,-1
19.156 sec,0,-1
19.157 sec,0,-1
19.158 sec,0,-1
19.159 sec,0,-1
19.16 sec,0,-1
19.161 sec,0,-1
19.162 sec,0,-1
19.163 sec,0,-1
19.164 sec,0,-1
19.165 sec,0,-1
19.166 sec,0,-1
19.167 sec,0,-1
19.168 sec,0,-1
19.169 sec,0,-1
19.17 sec,0,-1
19.171 sec,0,-1
19.172 sec,0,-1
19.173 sec,0,-1
19.174 sec,0,-1
19.175 sec,0,-1
19.176 sec,0,-1
19.177 sec,0,-1
19.178 sec,0,-1
19.179 sec,0,-1
19.18 sec,0,-1
19.181 sec,0,-1
19.182 sec,0,-1
19.183 sec,0,-1
19.184 sec,0,-1
19.185 sec,0,-1
19.186 sec,0,-1
19.187 sec,0,-1
19.188 sec,0,-1
19.189 sec,0,-1
19.19 sec,0,-1
19.191 sec,0,-1
19.192 sec,0,-1
19.193 sec,0,-1
19.194 sec,0,-1
19.195 sec,0,-1
19.196 sec,0,-1
19.197 sec,0,-1
19.198 sec,0,-1
19.199 sec,0,-1
19.2 sec,0,-1
19.201 sec,0,-1
19.202 sec,0,-1
19.203 sec,0,-1
19.204 sec,0,-1
19.205 sec,0,-1
19.206 sec,0,-1
19.207 sec,0,-1
19.208 sec,0,-1
19.209 sec,0,-1
19.21 sec,0,-1
19.211 sec,0,-1
19.212 sec,0,-1
19.213 sec,0,-1
19.214 sec,0,-1
19.215 sec,0,-1
19.216 sec,0,-1
19.217 sec,0,-1
19.218 sec,0,-1
19.219 sec,0,-1
19.22 sec,0,-1
19.221 sec,0,-1
19.222 sec,0,-1
19.223 sec,0,-1
19.224 sec,0,-1
19.225 sec,0,-1
19.226 sec,0,-1
19.227 sec,0,-1
19.228 sec,0,-1
19.229 sec,0,-1
19.23 sec,0,-1
19.231 sec,0,-1
19.232 sec,0,-1
19.233 sec,0,-1
19.234 sec,0,-0.985294117647059
19.235 sec,0,-0.375583566760037
19.236 sec,0,-0.00816993464052288
19.237 sec,0,0
19.238 sec,0,0
19.239 sec,0,0
19.24 sec,0,0
19.241 sec,0,0
19.242 sec,0,0
19.243 sec,0,0
19.244 sec,0,0
19.245 sec,0,0
19.246 sec,0,0
19.247 sec,0,0
19.248 sec,0,0
19.249 sec,0,0
19.25 sec,0,0
19.251 sec,0,0
19.252 sec,0,0
19.253 sec,0,0
19.254 sec,0,0
19.255 sec,0,0
19.256 sec,0,0
19.257 sec,0,0
19.258 sec,0,0
19.259 sec,0,0
19.26 sec,0,0
19.261 sec,0,0
19.262 sec,0,0
19.263 sec,0,0
19.264 sec,0,0
19.265 sec,0,0
19.266 sec,0,0
19.267 sec,0,0
19.268 sec,0,0
19.269 sec,0,0
19.27 sec,0,0
19.271 sec,0,0
19.272 sec,0,0
19.273 sec,0,0
19.274 sec,0,0
19.275 sec,0,0
19.276 sec,0,0
19.277 sec,0,0
19.278 sec,0,0
19.279 sec,0,0
19.28 sec,0,0
19.281 sec,0,0
19.282 sec,0,0
19.283 sec,0,0
19.284 sec,0,0
19.285 sec,0,0
19.286 sec,0,0
19.287 sec,0,0
19.288 sec,0,0
19.289 sec,0,0
19.29 sec,0,0
19.291 sec,0,0
19.292 sec,0,0
19.293 sec,0,0
19.294 sec,0,0
19.295 sec,0,0
19.296 sec,0,0
19.297 sec,0,0
19.298 sec,0,0
19.299 sec,0,0
19.3 sec,0,0
19.301 sec,0,0
19.302 sec,0,0
19.303 sec,0,0
19.304 sec,0,0
19.305 sec,0,0
19.306 sec,0,0
19.307 sec,0,0
19.308 sec,0,0
19.309 sec,0,0
19.31 sec,0,0
19.311 sec,0,0
19.312 sec,0,0
19.313 sec,0,0
19.314 sec,0,0
19.315 sec,0,0
19.316 sec,0,0
19.317 sec,0,0
19.318 sec,0,0
19.319 sec,0,0
19.32 sec,0,0
19.321 sec,0,0
19.322 sec,0,0
19.323 sec,0,0
19.324 sec,0,0
19.325 sec,0,0
19.326 sec,0,0
19.327 sec,0,0
19.328 sec,0,0
19.329 sec,0,0
19.33 sec,0,0
19.331 sec,0,0
19.332 sec,0,0
19.333 sec,0,0
19.334 sec,0,0
19.335 sec,0,0
19.336 sec,0,0
19.337 sec,0,0
19.338 sec,0,0
19.339 sec,0,0
19.34 sec,0,0
19.341 sec,0,0
19.342 sec,0,0
19.343 sec,0,0
19.344 sec,0,0
19.345 sec,0,0
19.346 sec,0,0
19.347 sec,0,0
19.348 sec,0,0
19.349 sec,0,0
19.35 sec,0,0
19.351 sec,0,0
19.352 sec,0,0
19.353 sec,0,0
19.354 sec,0,0
19.355 sec,0,0
19.356 sec,0,0
19.357 sec,0,0
19.358 sec,0,0
19.359 sec,0,0
19.36 sec,0,0
19.361 sec,0,0
19.362 sec,0,0
19.363 sec,0,0
19.364 sec,0,0
19.365 sec,0,0
19.366 sec,0,0
19.367 sec,0,0
19.368 sec,0,0
19.369 sec,0,0
19.37 sec,0,0
19.371 sec,0,0
19.372 sec,0,0
19.373 sec,0,0
19.374 sec,0,0
19.375 sec,0,0
19.376 sec,0,0
19.377 sec,0,0
19.378 sec,0,0
19.379 sec,0,0
19.38 sec,0,0
19.381 sec,0,0
19.382 sec,0,0
19.383 sec,0,0
19.384 sec,0,0
19.385 sec,0,0
19.386 sec,0,0
19.387 sec,0,0
19.388 sec,0,0
19.389 sec,0,0
19.39 sec,0,0
19.391 sec,0,0
19.392 sec,0,0
19.393 sec,0,0
19.394 sec,0,0
19.395 sec,0,0
19.396 sec,0,0
19.397 sec,0,0
19.398 sec,0,0
19.399 sec,0,0
19.4 sec,0,0
19.401 sec,0,0
19.402 sec,0,0
19.403 sec,0,0
19.404 sec,0,0
19.405 sec,0,0
19.406 sec,0,0
19.407 sec,0,0
19.408 sec,0,0
19.409 sec,0,0
19.41 sec,0,0
19.411 sec,0,0
19.412 sec,0,0
19.413 sec,0,0
19.414 sec,0,0
19.415 sec,0,0
19.416 sec,0,0
19.417 sec,0,0
19.418 sec,0,0
19.419 sec,0,0
19.42 sec,0,0
19.421 sec,0,0
19.422 sec,0,0
19.423 sec,0,0
19.424 sec,0,0
19.425 sec,0,0
19.426 sec,0,0
19.427 sec,0,0
19.428 sec,0,0
19.429 sec,0,0
19.43 sec,0,0
19.431 sec,0,0
19.432 sec,0,0
19.433 sec,0,0
19.434 sec,0,0
19.435 sec,0,0
19.436 sec,0,0
19.437 sec,0,0
19.438 sec,0,0
19.439 sec,0,0
19.44 sec,0,0
19.441 sec,0,0
19.442 sec,0,0
19.443 sec,0,0
19.444 sec,0,0
19.445 sec,0,0
19.446 sec,0,0
19.447 sec,0,0
19.448 sec,0,0
19.449 sec,0,0
19.45 sec,0,0
19.451 sec,0,0
19.452 sec,0,0
19.453 sec,0,0
19.454 sec,0,0
19.455 sec,0,0
19.456 sec,0,0
19.457 sec,0,0
19.458 sec,0,0
19.459 sec,0,0
19.46 sec,0,0
19.461 sec,0,0
19.462 sec,0,0
19.463 sec,0,0
19.464 sec,0,0
19.465 sec,0,0
19.466 sec,0,0
19.467 sec,0,0
19.468 sec,0,0
19.469 sec,0,0
19.47 sec,0,0
19.471 sec,0,0
19.472 sec,0,0
19.473 sec,0,0
19.474 sec,0,0
19.475 sec,0,0
19.476 sec,0,0
19.477 sec,0,0
19.478 sec,0,0
19.479 sec,0,0
19.48 sec,0,0
19.481 sec,0,0
19.482 sec,0,0
19.483 sec,0,0
19.484 sec,0,0
19.485 sec,0,0
19.486 sec,0,0
19.487 sec,0,0
19.488 sec,0,0
19.489 sec,0,0
19.49 sec,0,0
19.491 sec,0,0
19.492 sec,0,0
19.493 sec,0,0
19.494 sec,0,0
19.495 sec,0,0
19.496 sec,0,0
19.497 sec,0,0
19.498 sec,0,0
19.499 sec,0,0
19.5 sec,0,0
19.501 sec,0,0
19.502 sec,0,0
19.503 sec,0,0
19.504 sec,0,0
19.505 sec,0,0
19.506 sec,0,0
19.507 sec,0,0
19.508 sec,0,0
19.509 sec,0,0
19.51 sec,0,0
19.511 sec,0,0
19.512 sec,0,0
19.513 sec,0,0
19.514 sec,0,0
19.515 sec,0,0
19.516 sec,0,0
19.517 sec,0,0
19.518 sec,0,0
19.519 sec,0,0
19.52 sec,0,0
19.521 sec,0,0
19.522 sec,0,0
19.523 sec,0,0
19.524 sec,0,0
19.525 sec,0,0
19.526 sec,0,0
19.527 sec,0,0
19.528 sec,0,0
19.529 sec,0,0
19.53 sec,0,0
19.531 sec,0,0
19.532 sec,0,0
19.533 sec,0,0
19.534 sec,0,0
19.535 sec,0,0
19.536 sec,0,0
19.537 sec,0,0
19.538 sec,0,0
19.539 sec,0,0
19.54 sec,0,0
19.541 sec,0,0
19.542 sec,0,0
19.543 sec,0,0
19.544 sec,0,0
19.545 sec,0,0
19.546 sec,0,0
19.547 sec,0,0
19.548 sec,0,0
19.549 sec,0,0
19.55 sec,0,0
19.551 sec,0,0
19.552 sec,0,0
19.553 sec,0,0
19.554 sec,0,0
19.555 sec,0,0
19.556 sec,0,0
19.557 sec,0,0
19.558 sec,0,0
19.559 sec,0,0
19.56 sec,0,0
19.561 sec,0,0
19.562 sec,0,0
19.563 sec,0,0
19.564 sec,0,0
19.565 sec,0,0
19.566 sec,0,0
19.567 sec,0,0
19.568 sec,0,-0.00373482726423903
19.569 sec,0,0
19.57 sec,0,-0.00396825396825397
19.571 sec,0,-0.00676937441643324
19.572 sec,0,-0.00863678804855275
19.573 sec,0,-0.00863678804855275
19.574 sec,0,-0.0123716153127918
19.575 sec,0,-0.0144724556489262
19.576 sec,0,-0.01937441643324
19.577 sec,0,-0.019140989729225
19.578 sec,0,-0.0238095238095238
19.579 sec,0,-0.0275443510737628
19.58 sec,0,-0.0322128851540616
19.581 sec,0,-0.0329131652661064
19.582 sec,0,-0.0350140056022409
19.583 sec,0,-0.03828197945845
19.584 sec,0,-0.0429505135387488
19.585 sec,0,-0.0427170868347339
19.586 sec,0,-0.0431839402427638
19.587 sec,0,-0.0464519140989729
19.588 sec,0,-0.0506535947712418
19.589 sec,0,-0.049953314659197
19.59 sec,0,-0.0497198879551821
19.591 sec,0,-0.0522875816993464
19.592 sec,0,-0.0555555555555556
19.593 sec,0,-0.0532212885154062
19.594 sec,0,-0.0529878618113912
19.595 sec,0,-0.0534547152194211
19.596 sec,0,-0.0571895424836601
19.597 sec,0,-0.0567226890756303
19.598 sec,0,-0.0567226890756303
19.599 sec,0,-0.0592903828197946
19.6 sec,0,-0.0634920634920635
19.601 sec,0,-0.0655929038281979
19.602 sec,0,-0.0648926237161531
19.603 sec,0,-0.0681605975723623
19.604 sec,0,-0.0711951447245565
19.605 sec,0,-0.0732959850606909
19.606 sec,0,-0.0725957049486461
19.607 sec,0,-0.076797385620915
19.608 sec,0,-0.080765639589169
19.609 sec,0,-0.0833333333333333
19.61 sec,0,-0.0826330532212885
19.611 sec,0,-0.0863678804855275
19.612 sec,0,-0.0910364145658263
19.613 sec,0,-0.092203548085901
19.614 sec,0,-0.0926704014939309
19.615 sec,0,-0.0957049486461251
19.616 sec,0,-0.099906629318394
19.617 sec,0,-0.100840336134454
19.618 sec,0,-0.103641456582633
19.619 sec,0,-0.109010270774977
19.62 sec,0,-0.109943977591036
19.621 sec,0,-0.113445378151261
19.622 sec,0,-0.116479925303455
19.623 sec,0,-0.120448179271709
19.624 sec,0,-0.120915032679739
19.625 sec,0,-0.124883286647993
19.626 sec,0,-0.130718954248366
19.627 sec,0,-0.1328197945845
19.628 sec,0,-0.13422035480859
19.629 sec,0,-0.138888888888889
19.63 sec,0,-0.142857142857143
19.631 sec,0,-0.144024276377218
19.632 sec,0,-0.144024276377218
19.633 sec,0,-0.147992530345472
19.634 sec,0,-0.15359477124183
19.635 sec,0,-0.15499533146592
19.636 sec,0,-0.15546218487395
19.637 sec,0,-0.158496732026144
19.638 sec,0,-0.161531279178338
19.639 sec,0,-0.162231559290383
19.64 sec,0,-0.161064425770308
19.641 sec,0,-0.165032679738562
19.642 sec,0,-0.168534080298786
19.643 sec,0,-0.169934640522876
19.644 sec,0,-0.168534080298786
19.645 sec,0,-0.17156862745098
19.646 sec,0,-0.17436974789916
19.647 sec,0,-0.17483660130719
19.648 sec,0,-0.173669467787115
19.649 sec,0,-0.176937441643324
19.65 sec,0,-0.180205415499533
19.651 sec,0,-0.182306255835668
19.652 sec,0,-0.179971988795518
19.653 sec,0,-0.182773109243697
19.654 sec,0,-0.183706816059757
19.655 sec,0,-0.187208216619981
19.656 sec,0,-0.188842203548086
19.657 sec,0,-0.192110177404295
19.658 sec,0,-0.196078431372549
19.659 sec,0,-0.195845004668534
19.66 sec,0,-0.198412698412698
19.661 sec,0,-0.200980392156863
19.662 sec,0,-0.205882352941176
19.663 sec,0,-0.204248366013072
19.664 sec,0,-0.206582633053221
19.665 sec,0,-0.208216619981326
19.666 sec,0,-0.213585434173669
19.667 sec,0,-0.214985994397759
19.668 sec,0,-0.215452847805789
19.669 sec,0,-0.219654528478058
19.67 sec,0,-0.224789915966387
19.671 sec,0,-0.225723622782446
19.672 sec,0,-0.226190476190476
19.673 sec,0,-0.22922502334267
19.674 sec,0,-0.235060690943044
19.675 sec,0,-0.235994397759104
19.676 sec,0,-0.236461251167134
19.677 sec,0,-0.238328664799253
19.678 sec,0,-0.245098039215686
19.679 sec,0,-0.246498599439776
19.68 sec,0,-0.249766573295985
19.681 sec,0,-0.253034547152194
19.682 sec,0,-0.257469654528478
19.683 sec,0,-0.260737628384687
19.684 sec,0,-0.263305322128852
19.685 sec,0,-0.267040149393091
19.686 sec,0,-0.271708683473389
19.687 sec,0,-0.275210084033613
19.688 sec,0,-0.276377217553688
19.689 sec,0,-0.279411764705882
19.69 sec,0,-0.282913165266106
19.691 sec,0,-0.285947712418301
19.692 sec,0,-0.286414565826331
19.693 sec,0,-0.290849673202614
19.694 sec,0,-0.293417366946779
19.695 sec,0,-0.296918767507003
19.696 sec,0,-0.296918767507003
19.697 sec,0,-0.299719887955182
19.698 sec,0,-0.304388422035481
19.699 sec,0,-0.307889822595705
19.7 sec,0,-0.307889822595705
19.701 sec,0,-0.313258636788049
19.702 sec,0,-0.317226890756303
19.703 sec,0,-0.321428571428571
19.704 sec,0,-0.321661998132586
19.705 sec,0,-0.326330532212885
19.706 sec,0,-0.328898225957049
19.707 sec,0,-0.334733893557423
19.708 sec,0,-0.335667600373483
19.709 sec,0,-0.340102707749767
19.71 sec,0,-0.342203548085901
19.711 sec,0,-0.348739495798319
19.712 sec,0,-0.349906629318394
19.713 sec,0,-0.353641456582633
19.714 sec,0,-0.357376283846872
19.715 sec,0,-0.362278244631186
19.716 sec,1.97721871296815e-05,-0.362978524743231
19.717 sec,5.07728266519334e-05,-0.36671335200747
19.718 sec,0.000143781609609987,-0.370915032679739
19.719 sec,0.000205793183160367,-0.371148459383754
19.72 sec,0.000360842118754273,-0.373482726423903
19.721 sec,0.000422869689308768,-0.376517273576097
19.722 sec,0.000546938529232932,-0.381419234360411
19.723 sec,0.000640002139083958,-0.381185807656396
19.724 sec,0.000764102914746364,-0.38515406162465
19.725 sec,0.000826160139914942,-0.387955182072829
19.726 sec,0.000981323131716857,-0.392857142857143
19.727 sec,0.00110547400970038,-0.392857142857143
19.728 sec,0.00126068819100601,-0.396358543417367
19.729 sec,0.00138487998687915,-0.398459383753501
19.73 sec,0.00147803575469355,-0.40266106442577
19.731 sec,0.00160225932897597,-0.400560224089636
19.732 sec,0.00169543891530145,-0.40266106442577
19.733 sec,0.00185076088655471,-0.403828197945845
19.734 sec,0.00194396765657644,-0.407096171802054
19.735 sec,0.00213041174175536,-0.405228758169935
19.736 sec,0.00228581289681686,-0.406629318394024
19.737 sec,0.00244124228238444,-0.408263305322129
19.738 sec,0.00256560609932187,-0.412464985994398
19.739 sec,0.00272108623424665,-0.410597572362278
19.74 sec,0.00284549061695649,-0.410364145658263
19.741 sec,0.00303213095108857,-0.411764705882353
19.742 sec,0.00321881175734486,-0.415966386554622
19.743 sec,0.00334328809049775,-0.413398692810457
19.744 sec,0.0034989087536316,-0.411764705882353
19.745 sec,0.00368569054353721,-0.413865546218487
19.746 sec,0.00381023413669084,-0.416433239962652
19.747 sec,0.00396593880458948,-0.415266106442577
19.748 sec,0.00415282129719982,-0.411764705882353
19.749 sec,0.00430858741979605,-0.412698412698413
19.75 sec,0.00446438143472431,-0.414098972922502
19.751 sec,0.00462020331597123,-0.414098972922502
19.752 sec,0.0047760530375234,-0.411764705882353
19.753 sec,0.00490075284230392,-0.413632119514472
19.754 sec,0.00505665261085182,-0.415266106442577
19.755 sec,0.00521258014686749,-0.415499533146592
19.756 sec,0.0055245184172486,-0.414098972922502
19.757 sec,0.00568052909958726,-0.412464985994398
19.758 sec,0.00580535756436508,-0.414565826330532
19.759 sec,0.00593020372040914,-0.410597572362278
19.76 sec,0.00602384993932353,-0.410597572362278
19.761 sec,0.00617994905302058,-0.410830999066293
19.762 sec,0.00627362176138593,-0.414332399626517
19.763 sec,0.00646099694222615,-0.410830999066293
19.764 sec,0.00661717321484932,-0.410130718954248
19.765 sec,0.00671089218360835,-0.410130718954248
19.766 sec,0.00683586620301571,-0.412698412698413
19.767 sec,0.00696085780380877,-0.411764705882353
19.768 sec,0.00711712200833328,-0.409197012138189
19.769 sec,0.00724215311854709,-0.409197012138189
19.77 sec,0.00733593796131357,-0.411764705882353
19.771 sec,0.00749226793995412,-0.409197012138189
19.772 sec,0.00761735162450963,-0.408263305322129
19.773 sec,0.00777373083540661,-0.409430438842204
19.774 sec,0.00786757147473036,-0.411998132586368
19.775 sec,0.00796142194177576,-0.409663865546218
19.776 sec,0.00808657117569164,-0.408263305322129
19.777 sec,0.00824303225305293,-0.409197012138189
19.778 sec,0.00833692197479599,-0.411764705882353
19.779 sec,0.00849342661854231,-0.409430438842204
19.78 sec,0.00861864991531274,-0.406162464985994
19.781 sec,0.00871257880185121,-0.406862745098039
19.782 sec,0.00886914867031081,-0.409197012138189
19.783 sec,0.00896310361676717,-0.408263305322129
19.784 sec,0.00911971688512613,-0.405929038281979
19.785 sec,0.00924502700666811,-0.407796451914099
19.786 sec,0.00943302466918972,-0.410830999066293
19.787 sec,0.00958971913286759,-0.410130718954248
19.788 sec,0.00968374877901734,-0.407563025210084
19.789 sec,0.00980913675816321,-0.409430438842204
19.79 sec,0.00990318907344851,-0.409430438842204
19.791 sec,0.0100599644983248,-0.407563025210084
19.792 sec,0.0102167668582404,-0.40406162464986
19.793 sec,0.0103735961271821,-0.406162464985994
19.794 sec,0.0105618267331994,-0.407796451914099
19.795 sec,0.0107187151104311,-0.405929038281979
19.796 sec,0.0108128610148108,-0.402427637721755
19.797 sec,0.0110325723162304,-0.40266106442577
19.798 sec,0.0111581451968112,-0.405695611577965
19.799 sec,0.0112523360942124,-0.4031279178338
19.8 sec,0.0114093423103097,-0.40219421101774
19.801 sec,0.0115977850262853,-0.4031279178338
19.802 sec,0.0117234348504636,-0.405929038281979
19.803 sec,0.0119119415737259,-0.40406162464986
19.804 sec,0.0120376340278073,-0.403361344537815
19.805 sec,0.0121319145441504,-0.403828197945845
19.806 sec,0.0122890700086109,-0.405228758169935
19.807 sec,0.0124148135086955,-0.402427637721755
19.808 sec,0.012572016772595,-0.399626517273576
19.809 sec,0.0127606956918345,-0.401027077497666
19.81 sec,0.0128550494575726,-0.403361344537815
19.811 sec,0.0130437855731911,-0.403828197945845
19.812 sec,0.013201094756311,-0.401727357609711
19.813 sec,0.0133269611226911,-0.4031279178338
19.814 sec,0.0135157923408522,-0.40546218487395
19.815 sec,0.0136731806902467,-0.404761904761905
19.816 sec,0.0137676263431794,-0.401727357609711
19.817 sec,0.0139565460702391,-0.401727357609711
19.818 sec,0.0140825135896462,-0.403828197945845
19.819 sec,0.0142084979212752,-0.40219421101774
19.82 sec,0.0143660019577079,-0.401493930905696
19.821 sec,0.0144290109159741,-0.403361344537815
19.822 sec,0.0145865516563046,-0.40546218487395
19.823 sec,0.0146495752859327,-0.404761904761905
19.824 sec,0.0148386712965878,-0.401727357609711
19.825 sec,0.0149962800660304,-0.400793650793651
19.826 sec,0.015153914953692,-0.401493930905696
19.827 sec,0.0152800416514579,-0.399159663865546
19.828 sec,0.015343111258308,-0.393090569561158
19.829 sec,0.0154692629796185,-0.386321195144725
19.83 sec,0.0155638877082048,-0.378384687208217
19.831 sec,0.0156585218056366,-0.371615312791783
19.832 sec,0.015753165266295,-0.360410830999066
19.833 sec,0.0158478180845611,-0.348272642390289
19.834 sec,0.015942480254816,-0.336367880485528
19.835 sec,0.0160055935610938,-0.325396825396825
19.836 sec,0.0160371517714408,-0.315592903828198
19.837 sec,0.0161318326288166,-0.302754435107376
19.838 sec,0.0161633949893599,-0.28828197945845
19.839 sec,0.0161949583869319,-0.278011204481793
19.84 sec,0.0162265228213246,-0.268674136321195
19.841 sec,0.0162896547997397,-0.256069094304388
19.842 sec,0.0163527909229402,-0.244397759103641
19.843 sec,0.0163843605383148,-0.232726423902894
19.844 sec,0.0164159311892614,-0.218253968253968
19.845 sec,0.0164475028755719,-0.200046685340803
19.846 sec,0.0164475028755719,-0.19094304388422
19.847 sec,0.0164475028755719,-0.175303454715219
19.848 sec,0.0164475028755719,-0.160130718954248
19.849 sec,0.0164475028755719,-0.144724556489262
19.85 sec,0.0164159311892614,-0.131185807656396
19.851 sec,0.0164159311892614,-0.118113912231559
19.852 sec,0.0164159311892614,-0.103174603174603
19.853 sec,0.0164159311892614,-0.084733893557423
19.854 sec,0.0163843605383148,-0.0735294117647059
19.855 sec,0.0163843605383148,-0.0625583566760037
19.856 sec,0.0163843605383148,-0.050186741363212
19.857 sec,0.0163843605383148,-0.0373482726423903
19.858 sec,0.0163527909229402,-0.0273109243697479
19.859 sec,0.0163527909229402,-0.0186741363211951
19.86 sec,0.0162896547997397,-0.0144724556489262
19.861 sec,0.0162580882923299,-0.0053688141923436
19.862 sec,0.0162580882923299,0
19.863 sec,0.0162580882923299,0
19.864 sec,0.0162265228213246,0
19.865 sec,0.0161949583869319,0
19.866 sec,0.0161633949893599,0
19.867 sec,0.0161318326288166,0
19.868 sec,0.0161318326288166,0
19.869 sec,0.0161318326288166,0
19.87 sec,0.0160371517714408,0
19.871 sec,0.0160055935610938,0
19.872 sec,0.0159740363888162,0
19.873 sec,0.0159740363888162,0
19.874 sec,0.0159740363888162,0
19.875 sec,0.015942480254816,0
19.876 sec,0.015942480254816,0
19.877 sec,0.0159109251593013,0
19.878 sec,0.0158478180845611,0
19.879 sec,0.0159109251593013,0
19.88 sec,0.0158478180845611,0
19.881 sec,0.0159109251593013,0
19.882 sec,0.0159109251593013,0
19.883 sec,0.015942480254816,0
19.884 sec,0.0159109251593013,0
19.885 sec,0.0159109251593013,0
19.886 sec,0.0159109251593013,0
19.887 sec,0.015942480254816,0
19.888 sec,0.015942480254816,0
19.889 sec,0.015942480254816,0
19.89 sec,0.0159109251593013,0
19.891 sec,0.015942480254816,0
19.892 sec,0.015942480254816,0
19.893 sec,0.015942480254816,0
19.894 sec,0.015942480254816,0
19.895 sec,0.015942480254816,0
19.896 sec,0.0159740363888162,0
19.897 sec,0.0159740363888162,0
19.898 sec,0.0159740363888162,0
19.899 sec,0.0160055935610938,0
19.9 sec,0.0160055935610938,0
19.901 sec,0.0159740363888162,0
19.902 sec,0.0159740363888162,0
19.903 sec,0.0159740363888162,0
19.904 sec,0.0159740363888162,0
19.905 sec,0.0159740363888162,0
19.906 sec,0.0159740363888162,0
19.907 sec,0.0159740363888162,0
19.908 sec,0.0159740363888162,0
19.909 sec,0.015942480254816,0
19.91 sec,0.015942480254816,0
19.911 sec,0.015942480254816,0
19.912 sec,0.0159740363888162,0
19.913 sec,0.0159740363888162,0
19.914 sec,0.015942480254816,0
19.915 sec,0.0159109251593013,0
19.916 sec,0.0158478180845611,0
19.917 sec,0.0157847151662603,0
19.918 sec,0.0157216164060638,0
19.919 sec,0.015690068585775,0
19.92 sec,0.015690068585775,0
19.921 sec,0.015690068585775,0
19.922 sec,0.015690068585775,0
19.923 sec,0.0156585218056366,0
19.924 sec,0.0156585218056366,0
19.925 sec,0.0156585218056366,0
19.926 sec,0.0156585218056366,0
19.927 sec,0.0156585218056366,0
19.928 sec,0.0155954313666434,0
19.929 sec,0.0155954313666434,0
19.93 sec,0.0155954313666434,0
19.931 sec,0.0156585218056366,0
19.932 sec,0.0156585218056366,0
19.933 sec,0.0155638877082048,0
19.934 sec,0.0155638877082048,0
19.935 sec,0.0155008035144842,0
19.936 sec,0.0155638877082048,0
19.937 sec,0.015532345090749,0
19.938 sec,0.015532345090749,0
19.939 sec,0.0155638877082048,0
19.94 sec,0.0155954313666434,0
19.941 sec,0.0155954313666434,0
19.942 sec,0.0156585218056366,0
19.943 sec,0.0155954313666434,0
19.944 sec,0.0156585218056366,0
19.945 sec,0.0155638877082048,0
19.946 sec,0.0155954313666434,0
19.947 sec,0.0155954313666434,0
19.948 sec,0.0156585218056366,0
19.949 sec,0.0155638877082048,0
19.95 sec,0.015532345090749,0
19.951 sec,0.015532345090749,0
19.952 sec,0.0155638877082048,0
19.953 sec,0.015532345090749,0
19.954 sec,0.0155638877082048,0
19.955 sec,0.0155638877082048,0
19.956 sec,0.0155954313666434,0
19.957 sec,0.0155954313666434,0
19.958 sec,0.0155638877082048,0
19.959 sec,0.0155638877082048,0
19.96 sec,0.0155638877082048,0
19.961 sec,0.015532345090749,0
19.962 sec,0.015532345090749,0
19.963 sec,0.015532345090749,0
19.964 sec,0.0155638877082048,0
19.965 sec,0.0155638877082048,0
19.966 sec,0.0155638877082048,0
19.967 sec,0.0155638877082048,0
19.968 sec,0.015532345090749,0
19.969 sec,0.015532345090749,0
19.97 sec,0.0155008035144842,0
19.971 sec,0.0154692629796185,0
19.972 sec,0.0154377234863599,0
19.973 sec,0.0153746476254965,0
19.974 sec,0.0153746476254965,0
19.975 sec,0.0153746476254965,0
19.976 sec,0.0153746476254965,0
19.977 sec,0.0153746476254965,0
19.978 sec,0.0153746476254965,0
19.979 sec,0.0153746476254965,0
19.98 sec,0.0153746476254965,0
19.981 sec,0.0153746476254965,0
19.982 sec,0.0153746476254965,0
19.983 sec,0.0153115759335591,0
19.984 sec,0.0153115759335591,0
19.985 sec,0.0153115759335591,0
19.986 sec,0.0153115759335591,0
19.987 sec,0.015343111258308,0
19.988 sec,0.0153115759335591,0
19.989 sec,0.015343111258308,0
19.99 sec,0.0153115759335591,0
19.991 sec,0.0152485084122124,0
19.992 sec,0.0152485084122124,0
19.993 sec,0.0152169762160309,0
19.994 sec,0.0152169762160309,0
19.995 sec,0.0152485084122124,0
19.996 sec,0.0152485084122124,0
19.997 sec,0.0152800416514579,0
19.998 sec,0.0153115759335591,0
19.999 sec,0.0152800416514579,0
20 sec,0.0153115759335591,0
20.001 sec,0.0152800416514579,0
20.002 sec,0.0152485084122124,0
20.003 sec,0.0152485084122124,0
20.004 sec,0.0152485084122124,0
20.005 sec,0.0152485084122124,0
20.006 sec,0.0153115759335591,0
20.007 sec,0.0153115759335591,0
20.008 sec,0.0153115759335591,0
20.009 sec,0.0153115759335591,0
20.01 sec,0.0153115759335591,0
20.011 sec,0.015343111258308,0
20.012 sec,0.0153746476254965,0
20.013 sec,0.0153746476254965,0
20.014 sec,0.0153746476254965,0
20.015 sec,0.0153746476254965,0
20.016 sec,0.015343111258308,0
20.017 sec,0.015343111258308,0
20.018 sec,0.015343111258308,0
20.019 sec,0.0153746476254965,0
20.02 sec,0.0153746476254965,0
20.021 sec,0.0153746476254965,0
20.022 sec,0.0153746476254965,0
20.023 sec,0.015343111258308,0
20.024 sec,0.015343111258308,0
20.025 sec,0.015343111258308,0
20.026 sec,0.0153746476254965,0
20.027 sec,0.0153746476254965,0
20.028 sec,0.0153746476254965,0
20.029 sec,0.0153746476254965,0
20.03 sec,0.015343111258308,0
20.031 sec,0.015343111258308,0
20.032 sec,0.015343111258308,0
20.033 sec,0.015343111258308,0
20.034 sec,0.015343111258308,0
20.035 sec,0.015343111258308,0
20.036 sec,0.015343111258308,0
20.037 sec,0.015343111258308,0
20.038 sec,0.015343111258308,0
20.039 sec,0.015343111258308,0
20.04 sec,0.0153115759335591,0
20.041 sec,0.0152800416514579,0
20.042 sec,0.0153115759335591,0
20.043 sec,0.0153115759335591,0
20.044 sec,0.0153115759335591,0
20.045 sec,0.0153115759335591,0
20.046 sec,0.0152800416514579,0
20.047 sec,0.0152800416514579,0
20.048 sec,0.0152485084122124,0
20.049 sec,0.0152800416514579,0
20.05 sec,0.0152169762160309,0
20.051 sec,0.0152169762160309,0
20.052 sec,0.015153914953692,0
20.053 sec,0.0151223858879508,0
20.054 sec,0.015153914953692,0
20.055 sec,0.015153914953692,0
20.056 sec,0.015153914953692,0
20.057 sec,0.0152169762160309,0
20.058 sec,0.0152169762160309,0
20.059 sec,0.0152169762160309,0
20.06 sec,0.0152169762160309,0
20.061 sec,0.0152169762160309,0
20.062 sec,0.0152169762160309,0
20.063 sec,0.0152800416514579,0
20.064 sec,0.0152800416514579,0
20.065 sec,0.0152800416514579,0
20.066 sec,0.0152800416514579,0
20.067 sec,0.0152485084122124,0
20.068 sec,0.0152169762160309,0
20.069 sec,0.0152485084122124,0
20.07 sec,0.0152485084122124,0
20.071 sec,0.0152485084122124,0
20.072 sec,0.0153115759335591,0
20.073 sec,0.0152800416514579,0
20.074 sec,0.0153115759335591,0
20.075 sec,0.0153115759335591,0
20.076 sec,0.0153115759335591,0
20.077 sec,0.015343111258308,0
20.078 sec,0.0153115759335591,0
20.079 sec,0.0153115759335591,0
20.08 sec,0.0153115759335591,0
20.081 sec,0.0153115759335591,0
20.082 sec,0.0153115759335591,0
20.083 sec,0.0153115759335591,0
20.084 sec,0.0153115759335591,0
20.085 sec,0.015343111258308,0
20.086 sec,0.015343111258308,0
20.087 sec,0.015343111258308,0
20.088 sec,0.015343111258308,0
20.089 sec,0.015343111258308,0
20.09 sec,0.015343111258308,0
20.091 sec,0.015343111258308,0
20.092 sec,0.015343111258308,0
20.093 sec,0.015343111258308,0
20.094 sec,0.015343111258308,0
20.095 sec,0.0153746476254965,0
20.096 sec,0.0153746476254965,0
20.097 sec,0.015343111258308,0
20.098 sec,0.015343111258308,0
20.099 sec,0.015343111258308,0
20.1 sec,0.0153746476254965,0
20.101 sec,0.015343111258308,0
20.102 sec,0.015343111258308,0
20.103 sec,0.015343111258308,0
20.104 sec,0.0152800416514579,0
20.105 sec,0.0152485084122124,0
20.106 sec,0.015153914953692,0
20.107 sec,0.0151223858879508,0
20.108 sec,0.015153914953692,0
20.109 sec,0.015153914953692,0
20.11 sec,0.015153914953692,0
20.111 sec,0.0152169762160309,0
20.112 sec,0.015153914953692,0
20.113 sec,0.015153914953692,0
20.114 sec,0.015153914953692,0
20.115 sec,0.015153914953692,0
20.116 sec,0.015153914953692,0
20.117 sec,0.015153914953692,0
20.118 sec,0.0151223858879508,0
20.119 sec,0.0151223858879508,0
20.12 sec,0.015153914953692,0
20.121 sec,0.015153914953692,0
20.122 sec,0.0152169762160309,0
20.123 sec,0.0152169762160309,0
20.124 sec,0.0152169762160309,0
20.125 sec,0.0152169762160309,0
20.126 sec,0.0152485084122124,0
20.127 sec,0.0152485084122124,0
20.128 sec,0.0152169762160309,0
20.129 sec,0.0152169762160309,0
20.13 sec,0.0152169762160309,0
20.131 sec,0.0152800416514579,0
20.132 sec,0.0152800416514579,0
20.133 sec,0.0152800416514579,0
20.134 sec,0.0152485084122124,0
20.135 sec,0.0152800416514579,0
20.136 sec,0.0152800416514579,0
20.137 sec,0.0153115759335591,0
20.138 sec,0.0153115759335591,0
20.139 sec,0.015343111258308,0
20.14 sec,0.015343111258308,0
20.141 sec,0.0153115759335591,0
20.142 sec,0.0153115759335591,0
20.143 sec,0.0153115759335591,0
20.144 sec,0.0153115759335591,0
20.145 sec,0.015343111258308,0
20.146 sec,0.0153115759335591,0
20.147 sec,0.0153115759335591,0
20.148 sec,0.0153115759335591,0
20.149 sec,0.015343111258308,0
20.15 sec,0.0153746476254965,0
20.151 sec,0.015343111258308,0
20.152 sec,0.015343111258308,0
20.153 sec,0.015343111258308,0
20.154 sec,0.0153115759335591,0
20.155 sec,0.0153115759335591,0
20.156 sec,0.0153115759335591,0
20.157 sec,0.0153115759335591,0
20.158 sec,0.0153115759335591,0
20.159 sec,0.0153115759335591,0
20.16 sec,0.0153115759335591,0
20.161 sec,0.0152800416514579,0
20.162 sec,0.0152485084122124,0
20.163 sec,0.0152485084122124,0
20.164 sec,0.0152169762160309,0
20.165 sec,0.0152169762160309,0
20.166 sec,0.0152800416514579,0
20.167 sec,0.0152485084122124,0
20.168 sec,0.0152800416514579,0
20.169 sec,0.0152485084122124,0
20.17 sec,0.0152169762160309,0
20.171 sec,0.0151223858879508,0
20.172 sec,0.015153914953692,0
20.173 sec,0.015153914953692,0
20.174 sec,0.015153914953692,0
20.175 sec,0.015153914953692,0
20.176 sec,0.015153914953692,0
20.177 sec,0.0152169762160309,0
20.178 sec,0.0152169762160309,0
20.179 sec,0.0152800416514579,0
20.18 sec,0.0152800416514579,0
20.181 sec,0.0152485084122124,0
20.182 sec,0.0152169762160309,0
20.183 sec,0.015153914953692,0
20.184 sec,0.0151223858879508,0
20.185 sec,0.015153914953692,0
20.186 sec,0.015153914953692,0
20.187 sec,0.0152169762160309,0
20.188 sec,0.0152485084122124,0
20.189 sec,0.0152169762160309,0
20.19 sec,0.0152169762160309,0
20.191 sec,0.0152485084122124,0
20.192 sec,0.0153115759335591,0
20.193 sec,0.015343111258308,0
20.194 sec,0.0153115759335591,0
20.195 sec,0.015343111258308,0
20.196 sec,0.015343111258308,0
20.197 sec,0.0153115759335591,0
20.198 sec,0.0153115759335591,0
20.199 sec,0.0152800416514579,0
20.2 sec,0.0152800416514579,0
20.201 sec,0.0152800416514579,0
20.202 sec,0.0152800416514579,0
20.203 sec,0.0152800416514579,0
20.204 sec,0.0153115759335591,0
20.205 sec,0.0153115759335591,0
20.206 sec,0.0153115759335591,0
20.207 sec,0.0153115759335591,0
20.208 sec,0.0153115759335591,0
20.209 sec,0.0153115759335591,0
20.21 sec,0.0153115759335591,0
20.211 sec,0.0153115759335591,0
20.212 sec,0.015343111258308,0
20.213 sec,0.015343111258308,0
20.214 sec,0.0153115759335591,0
20.215 sec,0.015343111258308,0
20.216 sec,0.015343111258308,0
20.217 sec,0.0153115759335591,0
20.218 sec,0.0153115759335591,0
20.219 sec,0.0152800416514579,0
20.22 sec,0.0152800416514579,0
20.221 sec,0.0152800416514579,0
20.222 sec,0.0152485084122124,0
20.223 sec,0.0152800416514579,0
20.224 sec,0.0152800416514579,0
20.225 sec,0.0152800416514579,0
20.226 sec,0.0152800416514579,0
20.227 sec,0.0152800416514579,0
20.228 sec,0.0152485084122124,0
20.229 sec,0.0152485084122124,0
20.23 sec,0.0152169762160309,0
20.231 sec,0.0152169762160309,0
20.232 sec,0.0152485084122124,0
20.233 sec,0.0152169762160309,0
20.234 sec,0.0152169762160309,0
20.235 sec,0.015153914953692,0
20.236 sec,0.0152169762160309,0
20.237 sec,0.0152485084122124,0
20.238 sec,0.0152485084122124,0
20.239 sec,0.0152169762160309,0
20.24 sec,0.0152169762160309,0
20.241 sec,0.0152485084122124,0
20.242 sec,0.0152169762160309,0
20.243 sec,0.0152169762160309,0
20.244 sec,0.0152485084122124,0
20.245 sec,0.0152169762160309,0
20.246 sec,0.0152485084122124,0
20.247 sec,0.0152800416514579,0
20.248 sec,0.0153115759335591,0
20.249 sec,0.0153115759335591,0
20.25 sec,0.0153115759335591,0
20.251 sec,0.0153115759335591,0
20.252 sec,0.0153115759335591,0
20.253 sec,0.0152800416514579,0
20.254 sec,0.0152800416514579,0
20.255 sec,0.0152800416514579,0
20.256 sec,0.0152485084122124,0
20.257 sec,0.0152800416514579,0
20.258 sec,0.0152800416514579,0
20.259 sec,0.0152800416514579,0
20.26 sec,0.0153115759335591,0
20.261 sec,0.0153115759335591,0
20.262 sec,0.0153115759335591,0
20.263 sec,0.015343111258308,0
20.264 sec,0.0153115759335591,0
20.265 sec,0.0153115759335591,0
20.266 sec,0.0153115759335591,0
20.267 sec,0.015343111258308,0
20.268 sec,0.0153115759335591,0
20.269 sec,0.0153115759335591,0
20.27 sec,0.0153115759335591,0
20.271 sec,0.0153115759335591,0
20.272 sec,0.0152800416514579,0
20.273 sec,0.0152800416514579,0
20.274 sec,0.0152800416514579,0
20.275 sec,0.0153115759335591,0
20.276 sec,0.0153115759335591,0
20.277 sec,0.0153115759335591,0
20.278 sec,0.0153115759335591,0
20.279 sec,0.0152800416514579,0
20.28 sec,0.0152800416514579,0
20.281 sec,0.0153115759335591,0
20.282 sec,0.0153115759335591,0
20.283 sec,0.0153115759335591,0
20.284 sec,0.0152800416514579,0
20.285 sec,0.0152800416514579,0
20.286 sec,0.0152485084122124,0
20.287 sec,0.0152485084122124,0
20.288 sec,0.0152485084122124,0
20.289 sec,0.0152485084122124,0
20.29 sec,0.0152485084122124,0
20.291 sec,0.0152800416514579,0
20.292 sec,0.0152800416514579,0
20.293 sec,0.0152485084122124,0
20.294 sec,0.0152485084122124,0
20.295 sec,0.0152169762160309,0
20.296 sec,0.0152485084122124,0
20.297 sec,0.0152800416514579,0
20.298 sec,0.0152485084122124,0
20.299 sec,0.0152169762160309,0
20.3 sec,0.0152169762160309,0
20.301 sec,0.0152485084122124,0
20.302 sec,0.0152485084122124,0
20.303 sec,0.0152800416514579,0
20.304 sec,0.0152485084122124,0
20.305 sec,0.0152485084122124,0
20.306 sec,0.0152485084122124,0
20.307 sec,0.0152485084122124,0
20.308 sec,0.0152485084122124,0
20.309 sec,0.0152800416514579,0
20.31 sec,0.0152800416514579,0
20.311 sec,0.0153115759335591,0
20.312 sec,0.0153115759335591,0
20.313 sec,0.0153115759335591,0
20.314 sec,0.0153115759335591,0
20.315 sec,0.0152800416514579,0
20.316 sec,0.0153115759335591,0
20.317 sec,0.0153115759335591,0
20.318 sec,0.0153115759335591,0
20.319 sec,0.0153115759335591,0
20.32 sec,0.0153115759335591,0
20.321 sec,0.015343111258308,0
20.322 sec,0.0153115759335591,0
20.323 sec,0.0152800416514579,0
20.324 sec,0.0152485084122124,0
20.325 sec,0.0152485084122124,0
20.326 sec,0.0153115759335591,0
20.327 sec,0.0153115759335591,0
20.328 sec,0.0153115759335591,0
20.329 sec,0.0153115759335591,0
20.33 sec,0.0152800416514579,0
20.331 sec,0.0153115759335591,0
20.332 sec,0.0152800416514579,0
20.333 sec,0.0153115759335591,0
20.334 sec,0.0152800416514579,0
20.335 sec,0.0152800416514579,0
20.336 sec,0.0152800416514579,0
20.337 sec,0.0152485084122124,0
20.338 sec,0.0152800416514579,0
20.339 sec,0.0152800416514579,0
20.34 sec,0.0152800416514579,0
20.341 sec,0.0152800416514579,0
20.342 sec,0.0152800416514579,0
20.343 sec,0.0152485084122124,0
20.344 sec,0.0152800416514579,0
20.345 sec,0.0153115759335591,0
20.346 sec,0.0152800416514579,0
20.347 sec,0.0152800416514579,0
20.348 sec,0.0152800416514579,0
20.349 sec,0.0152800416514579,0
20.35 sec,0.0153115759335591,0
20.351 sec,0.0152800416514579,0
20.352 sec,0.0152169762160309,0
20.353 sec,0.0152169762160309,0
20.354 sec,0.0152485084122124,0
20.355 sec,0.0152800416514579,0
20.356 sec,0.0152485084122124,0
20.357 sec,0.0152169762160309,0
20.358 sec,0.0152169762160309,0
20.359 sec,0.0152485084122124,0
20.36 sec,0.0152800416514579,0
20.361 sec,0.0152800416514579,0
20.362 sec,0.0152485084122124,0
20.363 sec,0.0152485084122124,0
20.364 sec,0.0152169762160309,0
20.365 sec,0.0152169762160309,0
20.366 sec,0.0152485084122124,0
20.367 sec,0.0152485084122124,0
20.368 sec,0.0153115759335591,0
20.369 sec,0.0153115759335591,0
20.37 sec,0.0153115759335591,0
20.371 sec,0.0152800416514579,0
20.372 sec,0.0152800416514579,0
20.373 sec,0.0152800416514579,0
20.374 sec,0.0152485084122124,0
20.375 sec,0.0152800416514579,0
20.376 sec,0.0152800416514579,0
20.377 sec,0.0152800416514579,0
20.378 sec,0.015343111258308,0
20.379 sec,0.015343111258308,0
20.38 sec,0.0153115759335591,0
20.381 sec,0.0153115759335591,0
20.382 sec,0.0152800416514579,0
20.383 sec,0.0152800416514579,0
20.384 sec,0.0152800416514579,0
20.385 sec,0.0153115759335591,0
20.386 sec,0.0153115759335591,0
20.387 sec,0.0152800416514579,0
20.388 sec,0.0153115759335591,0
20.389 sec,0.0152800416514579,0
20.39 sec,0.0153115759335591,0
20.391 sec,0.0153115759335591,0
20.392 sec,0.015343111258308,0
20.393 sec,0.015343111258308,0
20.394 sec,0.0153115759335591,0
20.395 sec,0.0153115759335591,0
20.396 sec,0.0152800416514579,0
20.397 sec,0.0152485084122124,0
20.398 sec,0.0152800416514579,0
20.399 sec,0.0152800416514579,0
20.4 sec,0.0152800416514579,0
20.401 sec,0.0152485084122124,0
20.402 sec,0.0152485084122124,0
20.403 sec,0.0152485084122124,0
20.404 sec,0.0152169762160309,0
20.405 sec,0.0152169762160309,0
20.406 sec,0.015153914953692,0
20.407 sec,0.015153914953692,0
20.408 sec,0.0152169762160309,0
20.409 sec,0.0152485084122124,0
20.41 sec,0.0152800416514579,0
20.411 sec,0.0152485084122124,0
20.412 sec,0.0152485084122124,0
20.413 sec,0.0152485084122124,0
20.414 sec,0.015153914953692,0
20.415 sec,0.0152169762160309,0
20.416 sec,0.015153914953692,0
20.417 sec,0.015153914953692,0
20.418 sec,0.0152485084122124,0
20.419 sec,0.0152485084122124,0
20.42 sec,0.0152485084122124,0
20.421 sec,0.0152800416514579,0
20.422 sec,0.0152800416514579,0
20.423 sec,0.0152485084122124,0
20.424 sec,0.0152800416514579,0
20.425 sec,0.0152800416514579,0
20.426 sec,0.0153115759335591,0
20.427 sec,0.0153115759335591,0
20.428 sec,0.0152485084122124,0
20.429 sec,0.0152169762160309,0
20.43 sec,0.015153914953692,0
20.431 sec,0.0152169762160309,0
20.432 sec,0.0152485084122124,0
20.433 sec,0.0153115759335591,0
20.434 sec,0.015343111258308,0
20.435 sec,0.0153115759335591,0
20.436 sec,0.0152800416514579,0
20.437 sec,0.0152485084122124,0
20.438 sec,0.0152800416514579,0
20.439 sec,0.0152800416514579,0
20.44 sec,0.0152800416514579,0
20.441 sec,0.0152800416514579,0
20.442 sec,0.0152800416514579,0
20.443 sec,0.0153115759335591,0
20.444 sec,0.0153115759335591,0
20.445 sec,0.0152800416514579,0
20.446 sec,0.0152800416514579,0
20.447 sec,0.0152485084122124,0
20.448 sec,0.0152800416514579,0
20.449 sec,0.0152800416514579,0
20.45 sec,0.0152800416514579,0
20.451 sec,0.0152800416514579,0
20.452 sec,0.0152800416514579,0
20.453 sec,0.0152800416514579,0
20.454 sec,0.0152800416514579,0
20.455 sec,0.0152485084122124,0
20.456 sec,0.0152800416514579,0
20.457 sec,0.0152800416514579,0
20.458 sec,0.0152800416514579,0
20.459 sec,0.0152800416514579,0
20.46 sec,0.0152800416514579,0
20.461 sec,0.0152800416514579,0
20.462 sec,0.0152800416514579,0
20.463 sec,0.0153115759335591,0
20.464 sec,0.0152800416514579,0
20.465 sec,0.0152800416514579,0
20.466 sec,0.0152485084122124,0
20.467 sec,0.0152485084122124,0
20.468 sec,0.0152800416514579,0
20.469 sec,0.0152485084122124,0
20.47 sec,0.0152800416514579,0
20.471 sec,0.0152800416514579,0
20.472 sec,0.0152485084122124,0
20.473 sec,0.0152485084122124,0
20.474 sec,0.0152800416514579,0
20.475 sec,0.0152800416514579,0
20.476 sec,0.0153115759335591,0
20.477 sec,0.0153115759335591,0
20.478 sec,0.015343111258308,0
20.479 sec,0.015343111258308,0
20.48 sec,0.0153115759335591,0
20.481 sec,0.0152800416514579,0
20.482 sec,0.0152485084122124,0
20.483 sec,0.0152800416514579,0
20.484 sec,0.0152800416514579,0
20.485 sec,0.0152800416514579,0
20.486 sec,0.0152485084122124,0
20.487 sec,0.0152485084122124,0
20.488 sec,0.0152169762160309,0
20.489 sec,0.0152169762160309,0
20.49 sec,0.015153914953692,0
20.491 sec,0.0152169762160309,0
20.492 sec,0.0152485084122124,0
20.493 sec,0.0153115759335591,0
20.494 sec,0.015343111258308,0
20.495 sec,0.0153115759335591,0
20.496 sec,0.0152800416514579,0
20.497 sec,0.0152800416514579,0
20.498 sec,0.0152485084122124,0
20.499 sec,0.0152800416514579,0
20.5 sec,0.0152800416514579,0
20.501 sec,0.0152800416514579,0
20.502 sec,0.0152800416514579,0
20.503 sec,0.0152485084122124,0
20.504 sec,0.0152800416514579,0
20.505 sec,0.0152800416514579,0
20.506 sec,0.0152800416514579,0
20.507 sec,0.0152485084122124,0
20.508 sec,0.0152485084122124,0
20.509 sec,0.0152485084122124,0
20.51 sec,0.0152800416514579,0
20.511 sec,0.0152800416514579,0
20.512 sec,0.0153115759335591,0
20.513 sec,0.0152800416514579,0
20.514 sec,0.0152800416514579,0
20.515 sec,0.0152800416514579,0
20.516 sec,0.0152800416514579,0
20.517 sec,0.0152800416514579,0
20.518 sec,0.0153115759335591,0
20.519 sec,0.0153115759335591,0
20.52 sec,0.015343111258308,0
20.521 sec,0.015343111258308,0
20.522 sec,0.015343111258308,0
20.523 sec,0.0152800416514579,0
20.524 sec,0.0152800416514579,0
20.525 sec,0.0152485084122124,0
20.526 sec,0.0152169762160309,0
20.527 sec,0.0152485084122124,0
20.528 sec,0.0152800416514579,0
20.529 sec,0.0153115759335591,0
20.53 sec,0.0153115759335591,0
20.531 sec,0.0152485084122124,0
20.532 sec,0.015153914953692,0
20.533 sec,0.015153914953692,0
20.534 sec,0.0152485084122124,0
20.535 sec,0.0152800416514579,0
20.536 sec,0.0153115759335591,0
20.537 sec,0.0153115759335591,0
20.538 sec,0.0152800416514579,0
20.539 sec,0.0152800416514579,0
20.54 sec,0.0152485084122124,0
20.541 sec,0.015153914953692,0
20.542 sec,0.015153914953692,0
20.543 sec,0.015153914953692,0
20.544 sec,0.0152169762160309,0
20.545 sec,0.0152485084122124,0
20.546 sec,0.0152800416514579,0
20.547 sec,0.0152800416514579,0
20.548 sec,0.0152800416514579,0
20.549 sec,0.0152800416514579,0
20.55 sec,0.0152169762160309,0
20.551 sec,0.0152169762160309,0
20.552 sec,0.0152169762160309,0
20.553 sec,0.0152485084122124,0
20.554 sec,0.0152485084122124,0
20.555 sec,0.0152485084122124,0
20.556 sec,0.0152485084122124,0
20.557 sec,0.0152485084122124,0
20.558 sec,0.0152485084122124,0
20.559 sec,0.0152485084122124,0
20.56 sec,0.0152800416514579,0
20.561 sec,0.0152800416514579,0
20.562 sec,0.0152800416514579,0
20.563 sec,0.0152800416514579,0
20.564 sec,0.0152485084122124,0
20.565 sec,0.0152800416514579,0
20.566 sec,0.0152169762160309,0
20.567 sec,0.0152169762160309,0
20.568 sec,0.0152169762160309,0
20.569 sec,0.015153914953692,0
20.57 sec,0.0152169762160309,0
20.571 sec,0.0152485084122124,0
20.572 sec,0.0152169762160309,0
20.573 sec,0.0152169762160309,0
20.574 sec,0.015153914953692,0
20.575 sec,0.0152169762160309,0
20.576 sec,0.0152800416514579,0
20.577 sec,0.0152800416514579,0
20.578 sec,0.0152800416514579,0
20.579 sec,0.0152800416514579,0
20.58 sec,0.0152800416514579,0
20.581 sec,0.0152800416514579,0
20.582 sec,0.0152485084122124,0
20.583 sec,0.0152169762160309,0
20.584 sec,0.0152169762160309,0
20.585 sec,0.0152485084122124,0
20.586 sec,0.0152800416514579,0
20.587 sec,0.0152800416514579,0
20.588 sec,0.0152800416514579,0
20.589 sec,0.0152485084122124,0
20.59 sec,0.0152800416514579,0
20.591 sec,0.0153115759335591,0
20.592 sec,0.0153115759335591,0
20.593 sec,0.0153115759335591,0
20.594 sec,0.0152485084122124,0
20.595 sec,0.0152485084122124,0
20.596 sec,0.0152800416514579,0
20.597 sec,0.0153115759335591,0
20.598 sec,0.015343111258308,0
20.599 sec,0.0153115759335591,0
20.6 sec,0.0153115759335591,0
20.601 sec,0.0152800416514579,0
20.602 sec,0.0152485084122124,0
20.603 sec,0.0152485084122124,0
20.604 sec,0.0152800416514579,0
20.605 sec,0.0152800416514579,0
20.606 sec,0.0152800416514579,0
20.607 sec,0.0152485084122124,0
20.608 sec,0.0152800416514579,0
20.609 sec,0.0152485084122124,0
20.61 sec,0.0152800416514579,0
20.611 sec,0.0152800416514579,0
20.612 sec,0.0152800416514579,0
20.613 sec,0.0152485084122124,0
20.614 sec,0.0152485084122124,0
20.615 sec,0.0152485084122124,0
20.616 sec,0.0152800416514579,0
20.617 sec,0.0153115759335591,0
20.618 sec,0.0152800416514579,0
20.619 sec,0.0153115759335591,0
20.62 sec,0.0153115759335591,0
20.621 sec,0.0153115759335591,0
20.622 sec,0.0153115759335591,0
20.623 sec,0.0152485084122124,0
20.624 sec,0.0152485084122124,0
20.625 sec,0.0152169762160309,0
20.626 sec,0.0152485084122124,0
20.627 sec,0.0152485084122124,0
20.628 sec,0.0152800416514579,0
20.629 sec,0.0152800416514579,0
20.63 sec,0.0152800416514579,0
20.631 sec,0.0152485084122124,0
20.632 sec,0.0152485084122124,0
20.633 sec,0.0153115759335591,0
20.634 sec,0.0152800416514579,0
20.635 sec,0.0152485084122124,0
20.636 sec,0.0152169762160309,0
20.637 sec,0.0152485084122124,0
20.638 sec,0.0152800416514579,0
20.639 sec,0.0153115759335591,0
20.64 sec,0.0152800416514579,0
20.641 sec,0.0153115759335591,0
20.642 sec,0.0153115759335591,0
20.643 sec,0.0153115759335591,0
20.644 sec,0.0153115759335591,0
20.645 sec,0.0152800416514579,0
20.646 sec,0.0152485084122124,0
20.647 sec,0.0152485084122124,0
20.648 sec,0.0152485084122124,0
20.649 sec,0.0152800416514579,0
20.65 sec,0.0152485084122124,0
20.651 sec,0.0152800416514579,0
20.652 sec,0.0152800416514579,0
20.653 sec,0.0152485084122124,0
20.654 sec,0.0152485084122124,0
20.655 sec,0.0152800416514579,0
20.656 sec,0.0153115759335591,0
20.657 sec,0.0153115759335591,0
20.658 sec,0.0152485084122124,0
20.659 sec,0.0152169762160309,0
20.66 sec,0.0152485084122124,0
20.661 sec,0.0152485084122124,0
20.662 sec,0.0153115759335591,0
20.663 sec,0.0152800416514579,0
20.664 sec,0.0152800416514579,0
20.665 sec,0.0152800416514579,0
20.666 sec,0.0153115759335591,0
20.667 sec,0.015343111258308,0
20.668 sec,0.0153115759335591,0
20.669 sec,0.0152800416514579,0
20.67 sec,0.0152485084122124,0
20.671 sec,0.0152800416514579,0
20.672 sec,0.0152800416514579,0
20.673 sec,0.0152800416514579,0
20.674 sec,0.0152800416514579,0
20.675 sec,0.0152485084122124,0
20.676 sec,0.0152800416514579,0
20.677 sec,0.0152800416514579,0
20.678 sec,0.0152800416514579,0
20.679 sec,0.0152485084122124,0
20.68 sec,0.0152485084122124,0
20.681 sec,0.0152485084122124,0
20.682 sec,0.0152800416514579,0
20.683 sec,0.0152800416514579,0
20.684 sec,0.0152800416514579,0
20.685 sec,0.0152800416514579,0
20.686 sec,0.0152485084122124,0
20.687 sec,0.0152485084122124,0
20.688 sec,0.0152800416514579,0
20.689 sec,0.0152800416514579,0
20.69 sec,0.0153115759335591,0
20.691 sec,0.0153115759335591,0
20.692 sec,0.0152800416514579,0
20.693 sec,0.0152485084122124,0
20.694 sec,0.0152169762160309,0
20.695 sec,0.0152800416514579,0
20.696 sec,0.0153115759335591,0
20.697 sec,0.0153115759335591,0
20.698 sec,0.0152800416514579,0
20.699 sec,0.0152800416514579,0
20.7 sec,0.0153115759335591,0
20.701 sec,0.0153115759335591,0
20.702 sec,0.0153115759335591,0
20.703 sec,0.0152485084122124,0
20.704 sec,0.0152485084122124,0
20.705 sec,0.0152485084122124,0
20.706 sec,0.0152800416514579,0
20.707 sec,0.0152169762160309,0
20.708 sec,0.015153914953692,0
20.709 sec,0.0152485084122124,0
20.71 sec,0.0152800416514579,0
20.711 sec,0.0152800416514579,0
20.712 sec,0.0152485084122124,0
20.713 sec,0.0152800416514579,0
20.714 sec,0.0152800416514579,0
20.715 sec,0.0152800416514579,0
20.716 sec,0.0153115759335591,0
20.717 sec,0.0152800416514579,0
20.718 sec,0.0152800416514579,0
20.719 sec,0.0152800416514579,0
20.72 sec,0.0152485084122124,0
20.721 sec,0.0152800416514579,0
20.722 sec,0.015343111258308,0
20.723 sec,0.0152800416514579,0
20.724 sec,0.0152485084122124,0
20.725 sec,0.0152169762160309,0
20.726 sec,0.0152485084122124,0
20.727 sec,0.0152485084122124,0
20.728 sec,0.0152169762160309,0
20.729 sec,0.0152169762160309,0
20.73 sec,0.0152485084122124,0
20.731 sec,0.0152485084122124,0
20.732 sec,0.0152485084122124,0
20.733 sec,0.0152169762160309,0
20.734 sec,0.0152485084122124,0
20.735 sec,0.0152485084122124,0
20.736 sec,0.0152485084122124,0
20.737 sec,0.0152800416514579,0
20.738 sec,0.0152800416514579,0
20.739 sec,0.0152800416514579,0
20.74 sec,0.0152800416514579,0
20.741 sec,0.0153115759335591,0
20.742 sec,0.015343111258308,0
20.743 sec,0.0153115759335591,0
20.744 sec,0.0153115759335591,0
20.745 sec,0.0152485084122124,0
20.746 sec,0.0152485084122124,0
20.747 sec,0.0152485084122124,0
20.748 sec,0.0152485084122124,0
20.749 sec,0.0152485084122124,0
20.75 sec,0.0152169762160309,0
20.751 sec,0.0152169762160309,0
20.752 sec,0.0152485084122124,0
20.753 sec,0.0152485084122124,0
20.754 sec,0.0152485084122124,0
20.755 sec,0.0152485084122124,0
20.756 sec,0.0152800416514579,0
20.757 sec,0.0152800416514579,0
20.758 sec,0.0152485084122124,0
20.759 sec,0.0152169762160309,0
20.76 sec,0.0152485084122124,0
20.761 sec,0.0152800416514579,0
20.762 sec,0.0152800416514579,0
20.763 sec,0.0152485084122124,0
20.764 sec,0.0152485084122124,0
20.765 sec,0.0152485084122124,0
20.766 sec,0.0152169762160309,0
20.767 sec,0.0152485084122124,0
20.768 sec,0.0152485084122124,0
20.769 sec,0.0152800416514579,0
20.77 sec,0.0153115759335591,0
20.771 sec,0.0152800416514579,0
20.772 sec,0.0152485084122124,0
20.773 sec,0.0152800416514579,0
20.774 sec,0.0152485084122124,0
20.775 sec,0.0152800416514579,0
20.776 sec,0.0152800416514579,0
20.777 sec,0.0152800416514579,0
20.778 sec,0.0152485084122124,0
20.779 sec,0.0152169762160309,0
20.78 sec,0.0152485084122124,0
20.781 sec,0.0152485084122124,0
20.782 sec,0.0152485084122124,0
20.783 sec,0.0152485084122124,0
20.784 sec,0.0152485084122124,0
20.785 sec,0.0153115759335591,0
20.786 sec,0.015343111258308,0
20.787 sec,0.015343111258308,0
20.788 sec,0.015343111258308,0
20.789 sec,0.0153115759335591,0
20.79 sec,0.0153115759335591,0
20.791 sec,0.0152485084122124,0
20.792 sec,0.0152485084122124,0
20.793 sec,0.0152485084122124,0
20.794 sec,0.0152485084122124,0
20.795 sec,0.0152800416514579,0
20.796 sec,0.0152800416514579,0
20.797 sec,0.0152800416514579,0
20.798 sec,0.0152800416514579,0
20.799 sec,0.0152485084122124,0
20.8 sec,0.0152169762160309,0
20.801 sec,0.0152169762160309,0
20.802 sec,0.0152485084122124,0
20.803 sec,0.0152485084122124,0
20.804 sec,0.0152800416514579,0
20.805 sec,0.0152800416514579,0
20.806 sec,0.0152800416514579,0
20.807 sec,0.0152800416514579,0
20.808 sec,0.0152485084122124,0
20.809 sec,0.0152800416514579,0
20.81 sec,0.0152485084122124,0
20.811 sec,0.0152169762160309,0
20.812 sec,0.0152800416514579,0
20.813 sec,0.0152485084122124,0
20.814 sec,0.0152485084122124,0
20.815 sec,0.0152169762160309,0
20.816 sec,0.0152485084122124,0
20.817 sec,0.0152800416514579,0
20.818 sec,0.0152800416514579,0
20.819 sec,0.0152485084122124,0
20.82 sec,0.0152485084122124,0
20.821 sec,0.0152485084122124,0
20.822 sec,0.0152800416514579,0
20.823 sec,0.0152485084122124,0
20.824 sec,0.0152485084122124,0
20.825 sec,0.0152169762160309,0
20.826 sec,0.0152169762160309,0
20.827 sec,0.0152485084122124,0
20.828 sec,0.0152800416514579,0
20.829 sec,0.0153115759335591,0
20.83 sec,0.0153115759335591,0
20.831 sec,0.0153115759335591,0
20.832 sec,0.0153115759335591,0
20.833 sec,0.0153115759335591,0
20.834 sec,0.0152800416514579,0
20.835 sec,0.0152485084122124,0
20.836 sec,0.0152485084122124,0
20.837 sec,0.0152485084122124,0
20.838 sec,0.0152800416514579,0
20.839 sec,0.0153115759335591,0
20.84 sec,0.015343111258308,0
20.841 sec,0.0153115759335591,0
20.842 sec,0.0152800416514579,0
20.843 sec,0.0152169762160309,0
20.844 sec,0.0152169762160309,0
20.845 sec,0.0152169762160309,0
20.846 sec,0.0152169762160309,0
20.847 sec,0.0152485084122124,0
20.848 sec,0.0152169762160309,0
20.849 sec,0.0152169762160309,0
20.85 sec,0.0152169762160309,0
20.851 sec,0.0152485084122124,0
20.852 sec,0.0152485084122124,0
20.853 sec,0.0152800416514579,0
20.854 sec,0.0153115759335591,0
20.855 sec,0.0152800416514579,0
20.856 sec,0.0152800416514579,0
20.857 sec,0.0153115759335591,0
20.858 sec,0.0152800416514579,0
20.859 sec,0.0152485084122124,0
20.86 sec,0.0152485084122124,0
20.861 sec,0.0152169762160309,0
20.862 sec,0.015153914953692,0
20.863 sec,0.0152169762160309,0
20.864 sec,0.0152169762160309,0
20.865 sec,0.0152485084122124,0
20.866 sec,0.0152800416514579,0
20.867 sec,0.0152800416514579,0
20.868 sec,0.0152485084122124,0
20.869 sec,0.0152169762160309,0
20.87 sec,0.0152169762160309,0
20.871 sec,0.0152485084122124,0
20.872 sec,0.0152800416514579,0
20.873 sec,0.0152800416514579,0
20.874 sec,0.0152800416514579,0
20.875 sec,0.0152800416514579,0
20.876 sec,0.0152800416514579,0
20.877 sec,0.0152800416514579,0
20.878 sec,0.0152485084122124,0
20.879 sec,0.0152800416514579,0
20.88 sec,0.0152800416514579,0
20.881 sec,0.0152485084122124,0
20.882 sec,0.0152800416514579,0
20.883 sec,0.0152485084122124,0
20.884 sec,0.0152800416514579,0
20.885 sec,0.0153115759335591,0
20.886 sec,0.0152800416514579,0
20.887 sec,0.0152800416514579,0
20.888 sec,0.0152800416514579,0
20.889 sec,0.0153115759335591,0
20.89 sec,0.0153115759335591,0
20.891 sec,0.0152800416514579,0
20.892 sec,0.0153115759335591,0
20.893 sec,0.0152800416514579,0
20.894 sec,0.0152800416514579,0
20.895 sec,0.0152800416514579,0
20.896 sec,0.0152485084122124,0
20.897 sec,0.0152485084122124,0
20.898 sec,0.0152800416514579,0
20.899 sec,0.0153115759335591,0
20.9 sec,0.0153115759335591,0
20.901 sec,0.0153115759335591,0
20.902 sec,0.0153115759335591,0
20.903 sec,0.0152800416514579,0
20.904 sec,0.0152485084122124,0
20.905 sec,0.0152485084122124,0
20.906 sec,0.0152485084122124,0
20.907 sec,0.0152169762160309,0
20.908 sec,0.0152485084122124,0
20.909 sec,0.0152485084122124,0
20.91 sec,0.0152169762160309,0
20.911 sec,0.0152485084122124,0
20.912 sec,0.0152800416514579,0
20.913 sec,0.0152800416514579,0
20.914 sec,0.0152800416514579,0
20.915 sec,0.0152485084122124,0
20.916 sec,0.0152485084122124,0
20.917 sec,0.0152800416514579,0
20.918 sec,0.0152800416514579,0
20.919 sec,0.0152485084122124,0
20.92 sec,0.0152169762160309,0
20.921 sec,0.0152485084122124,0
20.922 sec,0.0152800416514579,0
20.923 sec,0.0152800416514579,0
20.924 sec,0.0152800416514579,0
20.925 sec,0.0152800416514579,0
20.926 sec,0.0152485084122124,0
20.927 sec,0.0152800416514579,0
20.928 sec,0.0152800416514579,0
20.929 sec,0.0152800416514579,0
20.93 sec,0.0152800416514579,0
20.931 sec,0.0152800416514579,0
20.932 sec,0.0152800416514579,0
20.933 sec,0.0152485084122124,0
20.934 sec,0.0152485084122124,0
20.935 sec,0.0152485084122124,0
20.936 sec,0.0152485084122124,0
20.937 sec,0.0152485084122124,0
20.938 sec,0.0152800416514579,0
20.939 sec,0.0152485084122124,0
20.94 sec,0.0152800416514579,0
20.941 sec,0.0152485084122124,0
20.942 sec,0.0152485084122124,0
20.943 sec,0.0152485084122124,0
20.944 sec,0.0152485084122124,0
20.945 sec,0.0152485084122124,0
20.946 sec,0.0152800416514579,0
20.947 sec,0.0152800416514579,0
20.948 sec,0.0153115759335591,0
20.949 sec,0.0152800416514579,0
20.95 sec,0.0152485084122124,0
20.951 sec,0.0152485084122124,0
20.952 sec,0.0152485084122124,0
20.953 sec,0.0152485084122124,0
20.954 sec,0.0152169762160309,0
20.955 sec,0.0152485084122124,0
20.956 sec,0.0152485084122124,0
20.957 sec,0.0153115759335591,0
20.958 sec,0.015343111258308,0
20.959 sec,0.0153115759335591,0
20.96 sec,0.0153115759335591,0
20.961 sec,0.0152800416514579,0
20.962 sec,0.0152485084122124,0
20.963 sec,0.0152485084122124,0
20.964 sec,0.0152485084122124,0
20.965 sec,0.0152485084122124,0
20.966 sec,0.0152485084122124,0
20.967 sec,0.0152485084122124,0
20.968 sec,0.0152800416514579,0
20.969 sec,0.0152485084122124,0
20.97 sec,0.0152485084122124,0
20.971 sec,0.0152169762160309,0
20.972 sec,0.0152169762160309,0
20.973 sec,0.0152485084122124,0
20.974 sec,0.0152485084122124,0
20.975 sec,0.0152485084122124,0
20.976 sec,0.0152485084122124,0
20.977 sec,0.0152485084122124,0
20.978 sec,0.0152485084122124,0
20.979 sec,0.0152800416514579,0
20.98 sec,0.0152800416514579,0
20.981 sec,0.0152485084122124,0
20.982 sec,0.0152485084122124,0
20.983 sec,0.0152485084122124,0
20.984 sec,0.0152800416514579,0
20.985 sec,0.0152800416514579,0
20.986 sec,0.0153115759335591,0
20.987 sec,0.0153115759335591,0
20.988 sec,0.0153115759335591,0
20.989 sec,0.0153115759335591,0
20.99 sec,0.0152800416514579,0
20.991 sec,0.0152485084122124,0
20.992 sec,0.0152800416514579,0
20.993 sec,0.0153115759335591,0
20.994 sec,0.015343111258308,0
20.995 sec,0.0153115759335591,0
20.996 sec,0.0152800416514579,0
20.997 sec,0.0152800416514579,0
20.998 sec,0.0152800416514579,0
20.999 sec,0.0152800416514579,0
21 sec,0.0152485084122124,0
21.001 sec,0.015153914953692,0
21.002 sec,0.0152169762160309,0
21.003 sec,0.0152169762160309,0
21.004 sec,0.0152485084122124,0
21.005 sec,0.0152485084122124,0
21.006 sec,0.0152800416514579,0
21.007 sec,0.0152800416514579,0
21.008 sec,0.0152800416514579,0
21.009 sec,0.0152800416514579,0
21.01 sec,0.0152169762160309,0
21.011 sec,0.0152169762160309,0
21.012 sec,0.0152169762160309,0
21.013 sec,0.0152169762160309,0
21.014 sec,0.0152485084122124,0
21.015 sec,0.0152800416514579,0
21.016 sec,0.0153115759335591,0
21.017 sec,0.0153115759335591,0
21.018 sec,0.0153115759335591,0
21.019 sec,0.0152800416514579,0
21.02 sec,0.0152485084122124,0
21.021 sec,0.0152169762160309,0
21.022 sec,0.0152169762160309,0
21.023 sec,0.0152485084122124,0
21.024 sec,0.0152485084122124,0
21.025 sec,0.0152485084122124,0
21.026 sec,0.0153115759335591,0
21.027 sec,0.0153115759335591,0
21.028 sec,0.0153115759335591,0
21.029 sec,0.0153115759335591,0
21.03 sec,0.0152800416514579,0
21.031 sec,0.0152485084122124,0
21.032 sec,0.0152169762160309,0
21.033 sec,0.0152485084122124,0
21.034 sec,0.0152169762160309,0
21.035 sec,0.0152485084122124,0
21.036 sec,0.0152485084122124,0
21.037 sec,0.0152800416514579,0
21.038 sec,0.0152800416514579,0
21.039 sec,0.0152485084122124,0
21.04 sec,0.0152485084122124,0
21.041 sec,0.0152485084122124,0
21.042 sec,0.015153914953692,0
21.043 sec,0.0152485084122124,0
21.044 sec,0.0152485084122124,0
21.045 sec,0.0152800416514579,0
21.046 sec,0.0153115759335591,0
21.047 sec,0.0152800416514579,0
21.048 sec,0.0152485084122124,0
21.049 sec,0.0152485084122124,0
21.05 sec,0.0152169762160309,0
21.051 sec,0.0152169762160309,0
21.052 sec,0.0152169762160309,0
21.053 sec,0.0152485084122124,0
21.054 sec,0.0152485084122124,0
21.055 sec,0.0152485084122124,0
21.056 sec,0.0152169762160309,0
21.057 sec,0.0152485084122124,0
21.058 sec,0.0152169762160309,0
21.059 sec,0.0152485084122124,0
21.06 sec,0.0152485084122124,0
21.061 sec,0.0152485084122124,0
21.062 sec,0.0152485084122124,0
21.063 sec,0.0152800416514579,0
21.064 sec,0.0152485084122124,0
21.065 sec,0.0152800416514579,0
21.066 sec,0.0152485084122124,0
21.067 sec,0.0152485084122124,0
21.068 sec,0.0152169762160309,0
21.069 sec,0.0152169762160309,0
21.07 sec,0.0152169762160309,0
21.071 sec,0.0152485084122124,0
21.072 sec,0.0152485084122124,0
21.073 sec,0.0152800416514579,0
21.074 sec,0.0153115759335591,0
21.075 sec,0.0152800416514579,0
21.076 sec,0.0152800416514579,0
21.077 sec,0.0152485084122124,0
21.078 sec,0.0152485084122124,0
21.079 sec,0.0152485084122124,0
21.08 sec,0.0152800416514579,0
21.081 sec,0.0152485084122124,0
21.082 sec,0.0152800416514579,0
21.083 sec,0.0152800416514579,0
21.084 sec,0.0153115759335591,0
21.085 sec,0.0153115759335591,0
21.086 sec,0.0152800416514579,0
21.087 sec,0.0152800416514579,0
21.088 sec,0.0152485084122124,0
21.089 sec,0.0152485084122124,0
21.09 sec,0.0152169762160309,0
21.091 sec,0.0152485084122124,0
21.092 sec,0.0152485084122124,0
21.093 sec,0.0152169762160309,0
21.094 sec,0.015153914953692,0
21.095 sec,0.015153914953692,0
21.096 sec,0.0152169762160309,0
21.097 sec,0.0152800416514579,0
21.098 sec,0.0152800416514579,0
21.099 sec,0.0152800416514579,0
21.1 sec,0.0152485084122124,0
21.101 sec,0.0152485084122124,0
21.102 sec,0.0152485084122124,0
21.103 sec,0.0152485084122124,0
21.104 sec,0.0152169762160309,0
21.105 sec,0.015153914953692,0
21.106 sec,0.0152169762160309,0
21.107 sec,0.0152800416514579,0
21.108 sec,0.0153115759335591,0
21.109 sec,0.0152800416514579,0
21.11 sec,0.0153115759335591,0
21.111 sec,0.0152800416514579,0
21.112 sec,0.0152169762160309,0
21.113 sec,0.0152485084122124,0
21.114 sec,0.0152485084122124,0
21.115 sec,0.0152800416514579,0
21.116 sec,0.0153115759335591,0
21.117 sec,0.0152800416514579,0
21.118 sec,0.0152485084122124,0
21.119 sec,0.0152485084122124,0
21.12 sec,0.0152800416514579,0
21.121 sec,0.0153115759335591,0
21.122 sec,0.0152800416514579,0
21.123 sec,0.0152485084122124,0
21.124 sec,0.0152485084122124,0
21.125 sec,0.0152169762160309,0
21.126 sec,0.0152485084122124,0
21.127 sec,0.0152169762160309,0
21.128 sec,0.0152169762160309,0
21.129 sec,0.0152169762160309,0
21.13 sec,0.0152169762160309,0
21.131 sec,0.0152169762160309,0
21.132 sec,0.0152485084122124,0
21.133 sec,0.0152800416514579,0
21.134 sec,0.0152800416514579,0
21.135 sec,0.0152800416514579,0
21.136 sec,0.0153115759335591,0
21.137 sec,0.0153115759335591,0
21.138 sec,0.0152800416514579,0
21.139 sec,0.0152800416514579,0
21.14 sec,0.0152485084122124,0
21.141 sec,0.0152485084122124,0
21.142 sec,0.0152485084122124,0
21.143 sec,0.0152800416514579,0
21.144 sec,0.0153115759335591,0
21.145 sec,0.0152800416514579,0
21.146 sec,0.0152800416514579,0
21.147 sec,0.0152800416514579,0
21.148 sec,0.0153115759335591,0
21.149 sec,0.015343111258308,0
21.15 sec,0.015343111258308,0
21.151 sec,0.015343111258308,0
21.152 sec,0.015343111258308,0
21.153 sec,0.0153115759335591,0
21.154 sec,0.0152800416514579,0
21.155 sec,0.0152485084122124,0
21.156 sec,0.0152485084122124,0
21.157 sec,0.0152485084122124,0
21.158 sec,0.0152800416514579,0
21.159 sec,0.0152800416514579,0
21.16 sec,0.0152800416514579,0
21.161 sec,0.0152800416514579,0
21.162 sec,0.0152485084122124,0
21.163 sec,0.0152800416514579,0
21.164 sec,0.0152800416514579,0
21.165 sec,0.0152800416514579,0
21.166 sec,0.0152800416514579,0
21.167 sec,0.0152800416514579,0
21.168 sec,0.0153115759335591,0
21.169 sec,0.0153115759335591,0
21.17 sec,0.015343111258308,0
21.171 sec,0.0153115759335591,0
21.172 sec,0.0153115759335591,0
21.173 sec,0.0152800416514579,0
21.174 sec,0.0152800416514579,0
21.175 sec,0.0153115759335591,0
21.176 sec,0.0152800416514579,0
21.177 sec,0.0152800416514579,0
21.178 sec,0.0153115759335591,0
21.179 sec,0.0153115759335591,0
21.18 sec,0.0153115759335591,0
21.181 sec,0.0152800416514579,0
21.182 sec,0.0152485084122124,0
21.183 sec,0.0152485084122124,0
21.184 sec,0.0152169762160309,0
21.185 sec,0.0152485084122124,0
21.186 sec,0.0152800416514579,0
21.187 sec,0.0152800416514579,0
21.188 sec,0.0152800416514579,0
21.189 sec,0.0152800416514579,0
21.19 sec,0.0152800416514579,0
21.191 sec,0.0153115759335591,0
21.192 sec,0.0152800416514579,0
21.193 sec,0.0153115759335591,0
21.194 sec,0.0153115759335591,0
21.195 sec,0.0153115759335591,0
21.196 sec,0.0153115759335591,0
21.197 sec,0.0152800416514579,0
21.198 sec,0.0152800416514579,0
21.199 sec,0.0152800416514579,0
21.2 sec,0.0152485084122124,0
21.201 sec,0.0152485084122124,0
21.202 sec,0.0152800416514579,0
21.203 sec,0.0152485084122124,0
21.204 sec,0.0152485084122124,0
21.205 sec,0.0152169762160309,0
21.206 sec,0.0152169762160309,0
21.207 sec,0.0152485084122124,0
21.208 sec,0.0152800416514579,0
21.209 sec,0.0152800416514579,0
21.21 sec,0.0152800416514579,0
21.211 sec,0.0152800416514579,0
21.212 sec,0.0152800416514579,0
21.213 sec,0.0152800416514579,0
21.214 sec,0.0152485084122124,0
21.215 sec,0.0152485084122124,0
21.216 sec,0.0152485084122124,0
21.217 sec,0.0152485084122124,0
21.218 sec,0.0152485084122124,0
21.219 sec,0.0152800416514579,0
21.22 sec,0.0153115759335591,0
21.221 sec,0.0153115759335591,0
21.222 sec,0.0153115759335591,0
21.223 sec,0.0153115759335591,0
21.224 sec,0.0153115759335591,0
21.225 sec,0.0153115759335591,0
21.226 sec,0.0152485084122124,0
21.227 sec,0.0152485084122124,0
21.228 sec,0.0152485084122124,0
21.229 sec,0.0152485084122124,0
21.23 sec,0.0152800416514579,0
21.231 sec,0.0152800416514579,0
21.232 sec,0.0153115759335591,0
21.233 sec,0.0153115759335591,0
21.234 sec,0.0152485084122124,0
21.235 sec,0.0152169762160309,0
21.236 sec,0.0152485084122124,0
21.237 sec,0.0152800416514579,0
21.238 sec,0.0152800416514579,0
21.239 sec,0.0153115759335591,0
21.24 sec,0.015343111258308,0
21.241 sec,0.015343111258308,0
21.242 sec,0.0153115759335591,0
21.243 sec,0.0153115759335591,0
21.244 sec,0.0152800416514579,0
21.245 sec,0.0152800416514579,0
21.246 sec,0.0152800416514579,0
21.247 sec,0.0152800416514579,0
21.248 sec,0.0152485084122124,0
21.249 sec,0.0152485084122124,0
21.25 sec,0.0152800416514579,0
21.251 sec,0.0152800416514579,0
21.252 sec,0.0153115759335591,0
21.253 sec,0.015343111258308,0
21.254 sec,0.0153115759335591,0
21.255 sec,0.0153115759335591,0
21.256 sec,0.0152800416514579,0
21.257 sec,0.0152485084122124,0
21.258 sec,0.0152169762160309,0
21.259 sec,0.0152169762160309,0
21.26 sec,0.0152169762160309,0
21.261 sec,0.0152485084122124,0
21.262 sec,0.0153115759335591,0
21.263 sec,0.0152800416514579,0
21.264 sec,0.0152800416514579,0
21.265 sec,0.0152485084122124,0
21.266 sec,0.0152800416514579,0
21.267 sec,0.0152800416514579,0
21.268 sec,0.0153115759335591,0
21.269 sec,0.0152485084122124,0
21.27 sec,0.0152485084122124,0
21.271 sec,0.0152169762160309,0
21.272 sec,0.0152169762160309,0
21.273 sec,0.0152485084122124,0
21.274 sec,0.0152485084122124,0
21.275 sec,0.0152485084122124,0
21.276 sec,0.0152169762160309,0
21.277 sec,0.0152169762160309,0
21.278 sec,0.0152169762160309,0
21.279 sec,0.0152169762160309,0
21.28 sec,0.0152485084122124,0
21.281 sec,0.0152800416514579,0
21.282 sec,0.0152800416514579,0
21.283 sec,0.0152485084122124,0
21.284 sec,0.0152169762160309,0
21.285 sec,0.0152169762160309,0
21.286 sec,0.0152169762160309,0
21.287 sec,0.0152169762160309,0
21.288 sec,0.0152485084122124,0
21.289 sec,0.0152800416514579,0
21.29 sec,0.0152800416514579,0
21.291 sec,0.0152800416514579,0
21.292 sec,0.0153115759335591,0
21.293 sec,0.0153115759335591,0
21.294 sec,0.0152800416514579,0
21.295 sec,0.0152800416514579,0
21.296 sec,0.0152800416514579,0
21.297 sec,0.0152800416514579,0
21.298 sec,0.015343111258308,0
21.299 sec,0.0153746476254965,0
21.3 sec,0.015343111258308,0
21.301 sec,0.0153115759335591,0
21.302 sec,0.0152800416514579,0
21.303 sec,0.0152800416514579,0
21.304 sec,0.0152800416514579,0
21.305 sec,0.0152800416514579,0
21.306 sec,0.0152485084122124,0
21.307 sec,0.0152800416514579,0
21.308 sec,0.015343111258308,0
21.309 sec,0.015343111258308,-0.316526610644258
21.31 sec,0.015343111258308,-0.902894491129785
21.311 sec,0.015343111258308,-1
21.312 sec,0.015343111258308,-1
21.313 sec,0.015343111258308,-1
21.314 sec,0.015343111258308,-1
21.315 sec,0.0153115759335591,-1
21.316 sec,0.0153115759335591,-1
21.317 sec,0.0153115759335591,-1
21.318 sec,0.0153115759335591,-1
21.319 sec,0.0153115759335591,-1
21.32 sec,0.0153115759335591,-1
21.321 sec,0.0153115759335591,-1
21.322 sec,0.015343111258308,-1
21.323 sec,0.0153115759335591,-1
21.324 sec,0.0152800416514579,-1
21.325 sec,0.0153115759335591,-1
21.326 sec,0.0152800416514579,-1
21.327 sec,0.0153115759335591,-1
21.328 sec,0.0152800416514579,-1
21.329 sec,0.0152800416514579,-1
21.33 sec,0.0152800416514579,-1
21.331 sec,0.0152800416514579,-1
21.332 sec,0.0152800416514579,-1
21.333 sec,0.0152800416514579,-1
21.334 sec,0.0152800416514579,-1
21.335 sec,0.0152800416514579,-1
21.336 sec,0.0153115759335591,-1
21.337 sec,0.0153115759335591,-1
21.338 sec,0.0152800416514579,-1
21.339 sec,0.0152800416514579,-1
21.34 sec,0.0153115759335591,-1
21.341 sec,0.0152800416514579,-1
21.342 sec,0.0152800416514579,-1
21.343 sec,0.0152800416514579,-1
21.344 sec,0.0152485084122124,-1
21.345 sec,0.0152485084122124,-1
21.346 sec,0.0152485084122124,-1
21.347 sec,0.0152485084122124,-1
21.348 sec,0.0152485084122124,-1
21.349 sec,0.0152800416514579,-1
21.35 sec,0.015343111258308,-1
21.351 sec,0.015343111258308,-1
21.352 sec,0.015343111258308,-1
21.353 sec,0.0152800416514579,-1
21.354 sec,0.0152800416514579,-1
21.355 sec,0.0152800416514579,-1
21.356 sec,0.0153115759335591,-1
21.357 sec,0.0152800416514579,-1
21.358 sec,0.0152800416514579,-1
21.359 sec,0.0153115759335591,-1
21.36 sec,0.0153115759335591,-1
21.361 sec,0.0152800416514579,-1
21.362 sec,0.0153115759335591,-1
21.363 sec,0.0152800416514579,-1
21.364 sec,0.0152800416514579,-1
21.365 sec,0.0152800416514579,-1
21.366 sec,0.0152800416514579,-1
21.367 sec,0.0152485084122124,-1
21.368 sec,0.0152485084122124,-1
21.369 sec,0.0152485084122124,-1
21.37 sec,0.0152485084122124,-1
21.371 sec,0.0152485084122124,-1
21.372 sec,0.0152800416514579,-1
21.373 sec,0.0153115759335591,-1
21.374 sec,0.0153115759335591,-1
21.375 sec,0.0152800416514579,-1
21.376 sec,0.0152800416514579,-1
21.377 sec,0.0152485084122124,-1
21.378 sec,0.0152800416514579,-1
21.379 sec,0.0152800416514579,-1
21.38 sec,0.0153115759335591,-1
21.381 sec,0.0152800416514579,-1
21.382 sec,0.0152800416514579,-1
21.383 sec,0.0152485084122124,-1
21.384 sec,0.0152800416514579,-1
21.385 sec,0.0152800416514579,-1
21.386 sec,0.0153115759335591,-1
21.387 sec,0.0152800416514579,-1
21.388 sec,0.0152485084122124,-1
21.389 sec,0.0152800416514579,-1
21.39 sec,0.0153115759335591,-1
21.391 sec,0.0152800416514579,-1
21.392 sec,0.0152800416514579,-1
21.393 sec,0.0152485084122124,-1
21.394 sec,0.0152800416514579,-1
21.395 sec,0.0153115759335591,-1
21.396 sec,0.0152800416514579,-1
21.397 sec,0.0152485084122124,-1
21.398 sec,0.0152485084122124,-1
21.399 sec,0.0152169762160309,-1
21.4 sec,0.0152800416514579,-1
21.401 sec,0.0152800416514579,-1
21.402 sec,0.015343111258308,-1
21.403 sec,0.0153115759335591,-1
21.404 sec,0.0152800416514579,-1
21.405 sec,0.0152485084122124,-1
21.406 sec,0.0152485084122124,-1
21.407 sec,0.0152485084122124,-1
21.408 sec,0.0152485084122124,-1
21.409 sec,0.0152485084122124,-1
21.41 sec,0.0152800416514579,-1
21.411 sec,0.0153115759335591,-1
21.412 sec,0.0153115759335591,-1
21.413 sec,0.0152800416514579,-1
21.414 sec,0.0152485084122124,-1
21.415 sec,0.0152485084122124,-1
21.416 sec,0.0152169762160309,-1
21.417 sec,0.0152485084122124,-1
21.418 sec,0.0152485084122124,-1
21.419 sec,0.0152800416514579,-1
21.42 sec,0.0152800416514579,-1
21.421 sec,0.0152800416514579,-1
21.422 sec,0.0152800416514579,-1
21.423 sec,0.0152800416514579,-1
21.424 sec,0.0152800416514579,-1
21.425 sec,0.0152800416514579,-1
21.426 sec,0.0152800416514579,-1
21.427 sec,0.0153115759335591,-1
21.428 sec,0.0152800416514579,-1
21.429 sec,0.0152800416514579,-1
21.43 sec,0.0152800416514579,-1
21.431 sec,0.0152800416514579,-1
21.432 sec,0.0153115759335591,-1
21.433 sec,0.015343111258308,-1
21.434 sec,0.015343111258308,-1
21.435 sec,0.015343111258308,-1
21.436 sec,0.0152800416514579,-1
21.437 sec,0.0152800416514579,-1
21.438 sec,0.0152800416514579,-1
21.439 sec,0.0153115759335591,-1
21.44 sec,0.0152800416514579,-1
21.441 sec,0.0152800416514579,-1
21.442 sec,0.0152800416514579,-1
21.443 sec,0.0153115759335591,-1
21.444 sec,0.0152800416514579,-1
21.445 sec,0.0152800416514579,-1
21.446 sec,0.0152800416514579,-1
21.447 sec,0.0153115759335591,-1
21.448 sec,0.0153115759335591,-1
21.449 sec,0.0153115759335591,-1
21.45 sec,0.0153115759335591,-1
21.451 sec,0.0153115759335591,-1
21.452 sec,0.0153115759335591,-1
21.453 sec,0.0153115759335591,-1
21.454 sec,0.0152800416514579,-1
21.455 sec,0.0152485084122124,-1
21.456 sec,0.0152800416514579,-1
21.457 sec,0.0153115759335591,-1
21.458 sec,0.0153115759335591,-1
21.459 sec,0.0153115759335591,-1
21.46 sec,0.0153115759335591,-1
21.461 sec,0.015343111258308,-1
21.462 sec,0.0153115759335591,-1
21.463 sec,0.0153115759335591,-1
21.464 sec,0.0153115759335591,-1
21.465 sec,0.015343111258308,-1
21.466 sec,0.015343111258308,-1
21.467 sec,0.0153115759335591,-1
21.468 sec,0.0153115759335591,-1
21.469 sec,0.0152485084122124,-1
21.47 sec,0.0152485084122124,-1
21.471 sec,0.0152800416514579,-1
21.472 sec,0.0153115759335591,-1
21.473 sec,0.0152800416514579,-1
21.474 sec,0.0153115759335591,-1
21.475 sec,0.0152800416514579,-1
21.476 sec,0.0152800416514579,-1
21.477 sec,0.0152485084122124,-1
21.478 sec,0.0152800416514579,-1
21.479 sec,0.0152800416514579,-1
21.48 sec,0.0152800416514579,-1
21.481 sec,0.0153115759335591,-1
21.482 sec,0.0152800416514579,-1
21.483 sec,0.0152800416514579,-1
21.484 sec,0.0152800416514579,-1
21.485 sec,0.0153115759335591,-1
21.486 sec,0.0153115759335591,-1
21.487 sec,0.0152800416514579,-1
21.488 sec,0.0152800416514579,-1
21.489 sec,0.0152485084122124,-1
21.49 sec,0.0152800416514579,-1
21.491 sec,0.0153115759335591,-1
21.492 sec,0.0153115759335591,-1
21.493 sec,0.015343111258308,-1
21.494 sec,0.0153115759335591,-1
21.495 sec,0.0152800416514579,-1
21.496 sec,0.0152485084122124,-1
21.497 sec,0.0152485084122124,-1
21.498 sec,0.0152485084122124,-1
21.499 sec,0.0152485084122124,-1
21.5 sec,0.0152485084122124,-1
21.501 sec,0.0152485084122124,-1
21.502 sec,0.0152800416514579,-1
21.503 sec,0.0152800416514579,-1
21.504 sec,0.0152800416514579,-1
21.505 sec,0.0153115759335591,-1
21.506 sec,0.0153115759335591,-1
21.507 sec,0.0153115759335591,-1
21.508 sec,0.0153115759335591,-1
21.509 sec,0.0153115759335591,-1
21.51 sec,0.015343111258308,-1
21.511 sec,0.0153115759335591,-1
21.512 sec,0.0153115759335591,-1
21.513 sec,0.0153115759335591,-1
21.514 sec,0.015343111258308,-1
21.515 sec,0.015343111258308,-1
21.516 sec,0.0153115759335591,-1
21.517 sec,0.0152800416514579,-1
21.518 sec,0.0152485084122124,-1
21.519 sec,0.0152800416514579,-1
21.52 sec,0.0152800416514579,-1
21.521 sec,0.0153115759335591,-1
21.522 sec,0.0153115759335591,-1
21.523 sec,0.015343111258308,-1
21.524 sec,0.015343111258308,-1
21.525 sec,0.0153115759335591,-1
21.526 sec,0.0152485084122124,-1
21.527 sec,0.0152800416514579,-1
21.528 sec,0.0153115759335591,-1
21.529 sec,0.0153115759335591,-1
21.53 sec,0.015343111258308,-1
21.531 sec,0.0153115759335591,-1
21.532 sec,0.0152800416514579,-1
21.533 sec,0.0152485084122124,-1
21.534 sec,0.0152485084122124,-1
21.535 sec,0.0152800416514579,-1
21.536 sec,0.0153115759335591,-1
21.537 sec,0.0153115759335591,-1
21.538 sec,0.0152800416514579,-1
21.539 sec,0.0152800416514579,-1
21.54 sec,0.0153115759335591,-1
21.541 sec,0.0152800416514579,-1
21.542 sec,0.0152800416514579,-1
21.543 sec,0.0152800416514579,-1
21.544 sec,0.0153115759335591,-1
21.545 sec,0.0152800416514579,-1
21.546 sec,0.0152800416514579,-1
21.547 sec,0.0152485084122124,-1
21.548 sec,0.0153115759335591,-1
21.549 sec,0.0153115759335591,-1
21.55 sec,0.0153115759335591,-1
21.551 sec,0.0152800416514579,-1
21.552 sec,0.0152800416514579,-1
21.553 sec,0.0152485084122124,-1
21.554 sec,0.0152485084122124,-1
21.555 sec,0.0152485084122124,-1
21.556 sec,0.0152169762160309,-1
21.557 sec,0.0152169762160309,-1
21.558 sec,0.0152800416514579,-1
21.559 sec,0.0152800416514579,-1
21.56 sec,0.0153115759335591,-1
21.561 sec,0.0153115759335591,-1
21.562 sec,0.0153115759335591,-1
21.563 sec,0.015343111258308,-1
21.564 sec,0.015343111258308,-1
21.565 sec,0.015343111258308,-1
21.566 sec,0.0152800416514579,-1
21.567 sec,0.0152800416514579,-1
21.568 sec,0.0152800416514579,-1
21.569 sec,0.0152800416514579,-1
21.57 sec,0.0152800416514579,-1
21.571 sec,0.0152800416514579,-1
21.572 sec,0.015343111258308,-1
21.573 sec,0.0153115759335591,-1
21.574 sec,0.0152800416514579,-1
21.575 sec,0.0152169762160309,-1
21.576 sec,0.0152485084122124,-1
21.577 sec,0.0152800416514579,-1
21.578 sec,0.015343111258308,-1
21.579 sec,0.015343111258308,-1
21.58 sec,0.015343111258308,-1
21.581 sec,0.0153115759335591,-1
21.582 sec,0.0152800416514579,-1
21.583 sec,0.0152800416514579,-1
21.584 sec,0.0152485084122124,-1
21.585 sec,0.0152485084122124,-1
21.586 sec,0.0152485084122124,-1
21.587 sec,0.0152800416514579,-1
21.588 sec,0.0153115759335591,-1
21.589 sec,0.015343111258308,-1
21.59 sec,0.0152800416514579,-1
21.591 sec,0.0152485084122124,-1
21.592 sec,0.0152485084122124,-1
21.593 sec,0.0152485084122124,-1
21.594 sec,0.0152169762160309,-1
21.595 sec,0.0152485084122124,-1
21.596 sec,0.0152485084122124,-1
21.597 sec,0.0152800416514579,-1
21.598 sec,0.0153115759335591,-1
21.599 sec,0.0153115759335591,-1
21.6 sec,0.0153115759335591,-1
21.601 sec,0.0153115759335591,-1
21.602 sec,0.0153115759335591,-1
21.603 sec,0.0152485084122124,-1
21.604 sec,0.0153115759335591,-1
21.605 sec,0.0153115759335591,-1
21.606 sec,0.015343111258308,-1
21.607 sec,0.015343111258308,-1
21.608 sec,0.0153115759335591,-1
21.609 sec,0.0152800416514579,-1
21.61 sec,0.0152485084122124,-1
21.611 sec,0.0152485084122124,-1
21.612 sec,0.0152485084122124,-1
21.613 sec,0.0152800416514579,-1
21.614 sec,0.0153115759335591,-1
21.615 sec,0.015343111258308,-1
21.616 sec,0.0153115759335591,-1
21.617 sec,0.015343111258308,-1
21.618 sec,0.0153115759335591,-1
21.619 sec,0.0153115759335591,-1
21.62 sec,0.0152485084122124,-1
21.621 sec,0.0152485084122124,-1
21.622 sec,0.0152800416514579,-1
21.623 sec,0.0152800416514579,-1
21.624 sec,0.0153115759335591,-1
21.625 sec,0.0153115759335591,-1
21.626 sec,0.0153115759335591,-1
21.627 sec,0.0153115759335591,-1
21.628 sec,0.0152800416514579,-1
21.629 sec,0.0152169762160309,-1
21.63 sec,0.0152485084122124,-1
21.631 sec,0.0152485084122124,-1
21.632 sec,0.0152800416514579,-1
21.633 sec,0.0152485084122124,-1
21.634 sec,0.0152485084122124,-1
21.635 sec,0.0152485084122124,-1
21.636 sec,0.0153115759335591,-1
21.637 sec,0.0153115759335591,-1
21.638 sec,0.015343111258308,-1
21.639 sec,0.0153115759335591,-1
21.64 sec,0.0153115759335591,-1
21.641 sec,0.0153115759335591,-1
21.642 sec,0.015343111258308,-1
21.643 sec,0.0152800416514579,-1
21.644 sec,0.0152485084122124,-1
21.645 sec,0.0152485084122124,-1
21.646 sec,0.0152800416514579,-1
21.647 sec,0.0152485084122124,-1
21.648 sec,0.0152800416514579,-1
21.649 sec,0.0152800416514579,-1
21.65 sec,0.0153115759335591,-1
21.651 sec,0.0153115759335591,-1
21.652 sec,0.0153115759335591,-1
21.653 sec,0.0152800416514579,-1
21.654 sec,0.0152800416514579,-1
21.655 sec,0.0152485084122124,-1
21.656 sec,0.0152485084122124,-1
21.657 sec,0.0152485084122124,-1
21.658 sec,0.0152800416514579,-1
21.659 sec,0.0152800416514579,-1
21.66 sec,0.0152800416514579,-1
21.661 sec,0.0152800416514579,-1
21.662 sec,0.0153115759335591,-1
21.663 sec,0.0153115759335591,-1
21.664 sec,0.0153115759335591,-1
21.665 sec,0.0153115759335591,-1
21.666 sec,0.0153115759335591,-1
21.667 sec,0.0152800416514579,-1
21.668 sec,0.0152800416514579,-1
21.669 sec,0.0152800416514579,-1
21.67 sec,0.0152800416514579,-1
21.671 sec,0.0152800416514579,-1
21.672 sec,0.0152800416514579,-1
21.673 sec,0.0153115759335591,-1
21.674 sec,0.0153115759335591,-1
21.675 sec,0.0153115759335591,-1
21.676 sec,0.0152800416514579,-1
21.677 sec,0.0152800416514579,-1
21.678 sec,0.0152800416514579,-1
21.679 sec,0.0153115759335591,-1
21.68 sec,0.0153115759335591,-1
21.681 sec,0.0153115759335591,-1
21.682 sec,0.0153115759335591,-1
21.683 sec,0.015343111258308,-1
21.684 sec,0.0153115759335591,-1
21.685 sec,0.0152800416514579,-1
21.686 sec,0.0152800416514579,-1
21.687 sec,0.0152800416514579,-1
21.688 sec,0.0152800416514579,-1
21.689 sec,0.0152800416514579,-1
21.69 sec,0.0152800416514579,-1
21.691 sec,0.0153115759335591,-1
21.692 sec,0.0153115759335591,-1
21.693 sec,0.0153115759335591,-1
21.694 sec,0.0153115759335591,-1
21.695 sec,0.0153115759335591,-1
21.696 sec,0.015343111258308,-1
21.697 sec,0.0153115759335591,-1
21.698 sec,0.0152800416514579,-1
21.699 sec,0.0152800416514579,-1
21.7 sec,0.0153115759335591,-1
21.701 sec,0.0153115759335591,-1
21.702 sec,0.0153115759335591,-1
21.703 sec,0.0153115759335591,-1
21.704 sec,0.0153115759335591,-1
21.705 sec,0.0152800416514579,-1
21.706 sec,0.0152800416514579,-1
21.707 sec,0.0153115759335591,-1
21.708 sec,0.015343111258308,-1
21.709 sec,0.0152800416514579,-1
21.71 sec,0.0153115759335591,-1
21.711 sec,0.0153115759335591,-1
21.712 sec,0.0153115759335591,-1
21.713 sec,0.0153115759335591,-1
21.714 sec,0.0152485084122124,-1
21.715 sec,0.0152800416514579,-1
21.716 sec,0.0152800416514579,-1
21.717 sec,0.015343111258308,-1
21.718 sec,0.0153115759335591,-1
21.719 sec,0.0153115759335591,-1
21.72 sec,0.0153115759335591,-1
21.721 sec,0.0152800416514579,-1
21.722 sec,0.0153115759335591,-1
21.723 sec,0.0152800416514579,-1
21.724 sec,0.0152800416514579,-1
21.725 sec,0.0152485084122124,-1
21.726 sec,0.0152485084122124,-1
21.727 sec,0.0152485084122124,-1
21.728 sec,0.0152485084122124,-1
21.729 sec,0.0152800416514579,-1
21.73 sec,0.0153115759335591,-1
21.731 sec,0.0153115759335591,-1
21.732 sec,0.0153115759335591,-1
21.733 sec,0.0153115759335591,-1
21.734 sec,0.0152800416514579,-1
21.735 sec,0.0152800416514579,-1
21.736 sec,0.0152800416514579,-1
21.737 sec,0.0152485084122124,-1
21.738 sec,0.0152485084122124,-1
21.739 sec,0.0152485084122124,-1
21.74 sec,0.0152800416514579,-1
21.741 sec,0.0152800416514579,-1
21.742 sec,0.0152485084122124,-1
21.743 sec,0.0152485084122124,-1
21.744 sec,0.0152485084122124,-1
21.745 sec,0.0152800416514579,-1
21.746 sec,0.0153115759335591,-1
21.747 sec,0.0153115759335591,-1
21.748 sec,0.0153115759335591,-1
21.749 sec,0.0153115759335591,-1
21.75 sec,0.0153115759335591,-1
21.751 sec,0.0153115759335591,-1
21.752 sec,0.0152800416514579,-1
21.753 sec,0.0152800416514579,-1
21.754 sec,0.0152800416514579,-1
21.755 sec,0.0152485084122124,-1
21.756 sec,0.0152485084122124,-1
21.757 sec,0.0152485084122124,-1
21.758 sec,0.0152169762160309,-1
21.759 sec,0.0152485084122124,-1
21.76 sec,0.0152485084122124,-1
21.761 sec,0.0152800416514579,-1
21.762 sec,0.0153115759335591,-1
21.763 sec,0.0152800416514579,-1
21.764 sec,0.0153115759335591,-1
21.765 sec,0.0152800416514579,-1
21.766 sec,0.0152800416514579,-1
21.767 sec,0.0152800416514579,-1
21.768 sec,0.0153115759335591,-1
21.769 sec,0.0153115759335591,-1
21.77 sec,0.015343111258308,-1
21.771 sec,0.015343111258308,-1
21.772 sec,0.0153115759335591,-1
21.773 sec,0.0153115759335591,-1
21.774 sec,0.0152800416514579,-1
21.775 sec,0.0152800416514579,-1
21.776 sec,0.0152800416514579,-1
21.777 sec,0.0152800416514579,-1
21.778 sec,0.0153115759335591,-1
21.779 sec,0.015343111258308,-1
21.78 sec,0.015343111258308,-1
21.781 sec,0.0153115759335591,-1
21.782 sec,0.0152800416514579,-1
21.783 sec,0.0152485084122124,-1
21.784 sec,0.0152800416514579,-1
21.785 sec,0.0152800416514579,-1
21.786 sec,0.0152800416514579,-1
21.787 sec,0.0152485084122124,-1
21.788 sec,0.0152485084122124,-1
21.789 sec,0.0152485084122124,-1
21.79 sec,0.0152485084122124,-1
21.791 sec,0.0152485084122124,-1
21.792 sec,0.0152485084122124,-1
21.793 sec,0.0152485084122124,-1
21.794 sec,0.0152800416514579,-1
21.795 sec,0.0152800416514579,-1
21.796 sec,0.0152800416514579,-1
21.797 sec,0.0152800416514579,-1
21.798 sec,0.0152485084122124,-1
21.799 sec,0.0152169762160309,-1
21.8 sec,0.0152485084122124,-1
21.801 sec,0.0153115759335591,-1
21.802 sec,0.0153115759335591,-1
21.803 sec,0.0153115759335591,-1
21.804 sec,0.0152800416514579,-1
21.805 sec,0.0152800416514579,-1
21.806 sec,0.0152800416514579,-1
21.807 sec,0.0152800416514579,-1
21.808 sec,0.0153115759335591,-1
21.809 sec,0.0152800416514579,-1
21.81 sec,0.0152485084122124,-1
21.811 sec,0.0152800416514579,-1
21.812 sec,0.0152485084122124,-1
21.813 sec,0.0152485084122124,-1
21.814 sec,0.0152800416514579,-1
21.815 sec,0.0152485084122124,-1
21.816 sec,0.0152800416514579,-1
21.817 sec,0.0152800416514579,-1
21.818 sec,0.0152800416514579,-1
21.819 sec,0.0152800416514579,-1
21.82 sec,0.0153115759335591,-1
21.821 sec,0.0152800416514579,-1
21.822 sec,0.0152485084122124,-1
21.823 sec,0.0152800416514579,-1
21.824 sec,0.0152800416514579,-1
21.825 sec,0.0152800416514579,-1
21.826 sec,0.0152800416514579,-1
21.827 sec,0.0152800416514579,-1
21.828 sec,0.0152485084122124,-1
21.829 sec,0.0152800416514579,-1
21.83 sec,0.0153115759335591,-1
21.831 sec,0.0152800416514579,-1
21.832 sec,0.0153115759335591,-1
21.833 sec,0.0152800416514579,-1
21.834 sec,0.0152800416514579,-1
21.835 sec,0.0152800416514579,-1
21.836 sec,0.0152485084122124,-1
21.837 sec,0.0152485084122124,-1
21.838 sec,0.0152485084122124,-1
21.839 sec,0.0153115759335591,-1
21.84 sec,0.015343111258308,-1
21.841 sec,0.015343111258308,-1
21.842 sec,0.0153115759335591,-1
21.843 sec,0.0153115759335591,-1
21.844 sec,0.0153115759335591,-1
21.845 sec,0.0153115759335591,-1
21.846 sec,0.0153115759335591,-1
21.847 sec,0.0153115759335591,-1
21.848 sec,0.0152800416514579,-1
21.849 sec,0.0152800416514579,-1
21.85 sec,0.0152485084122124,-1
21.851 sec,0.0152485084122124,-1
21.852 sec,0.0152485084122124,-1
21.853 sec,0.0152800416514579,-1
21.854 sec,0.0152800416514579,-1
21.855 sec,0.0152485084122124,-1
21.856 sec,0.0152485084122124,-1
21.857 sec,0.0152485084122124,-1
21.858 sec,0.0152800416514579,-1
21.859 sec,0.0152800416514579,-1
21.86 sec,0.0153115759335591,-1
21.861 sec,0.015343111258308,-1
21.862 sec,0.0153115759335591,-1
21.863 sec,0.015343111258308,-1
21.864 sec,0.0153115759335591,-1
21.865 sec,0.0152800416514579,-1
21.866 sec,0.0153115759335591,-1
21.867 sec,0.0152800416514579,-1
21.868 sec,0.0152485084122124,-1
21.869 sec,0.0152800416514579,-1
21.87 sec,0.0152800416514579,-1
21.871 sec,0.0153115759335591,-1
21.872 sec,0.015343111258308,-1
21.873 sec,0.015343111258308,-1
21.874 sec,0.0153115759335591,-1
21.875 sec,0.0153115759335591,-1
21.876 sec,0.0153115759335591,-1
21.877 sec,0.0153115759335591,-1
21.878 sec,0.0153115759335591,-1
21.879 sec,0.0152800416514579,-1
21.88 sec,0.0152800416514579,-1
21.881 sec,0.0152485084122124,-1
21.882 sec,0.0152485084122124,-1
21.883 sec,0.0152800416514579,-1
21.884 sec,0.0152485084122124,-1
21.885 sec,0.0152800416514579,-1
21.886 sec,0.0153115759335591,-1
21.887 sec,0.0152800416514579,-1
21.888 sec,0.0152800416514579,-1
21.889 sec,0.0152800416514579,-1
21.89 sec,0.0152800416514579,-1
21.891 sec,0.0153115759335591,-1
21.892 sec,0.0152800416514579,-1
21.893 sec,0.0152800416514579,-1
21.894 sec,0.0152485084122124,-1
21.895 sec,0.0152800416514579,-1
21.896 sec,0.0153115759335591,-1
21.897 sec,0.0153115759335591,-1
21.898 sec,0.0153115759335591,-1
21.899 sec,0.0153115759335591,-1
21.9 sec,0.0153115759335591,-1
21.901 sec,0.015343111258308,-1
21.902 sec,0.0153115759335591,-1
21.903 sec,0.0153115759335591,-1
21.904 sec,0.0152800416514579,-1
21.905 sec,0.0152800416514579,-1
21.906 sec,0.0152800416514579,-1
21.907 sec,0.0152800416514579,-1
21.908 sec,0.0152800416514579,-1
21.909 sec,0.0152485084122124,-1
21.91 sec,0.0152485084122124,-1
21.911 sec,0.0152169762160309,-1
21.912 sec,0.0152485084122124,-1
21.913 sec,0.0152800416514579,-1
21.914 sec,0.0152800416514579,-1
21.915 sec,0.0153115759335591,-1
21.916 sec,0.0152800416514579,-1
21.917 sec,0.0152800416514579,-1
21.918 sec,0.0152800416514579,-1
21.919 sec,0.0152800416514579,-1
21.92 sec,0.0152485084122124,-1
21.921 sec,0.0152485084122124,-1
21.922 sec,0.0152485084122124,-1
21.923 sec,0.0152485084122124,-1
21.924 sec,0.0152800416514579,-1
21.925 sec,0.0153115759335591,-1
21.926 sec,0.015343111258308,-1
21.927 sec,0.0153115759335591,-1
21.928 sec,0.0152800416514579,-1
21.929 sec,0.0152800416514579,-1
21.93 sec,0.0152485084122124,-1
21.931 sec,0.0152485084122124,-1
21.932 sec,0.0152485084122124,-1
21.933 sec,0.0152800416514579,-1
21.934 sec,0.0152485084122124,-1
21.935 sec,0.0153115759335591,-1
21.936 sec,0.015343111258308,-1
21.937 sec,0.015343111258308,-1
21.938 sec,0.015343111258308,-1
21.939 sec,0.015343111258308,-1
21.94 sec,0.0152800416514579,-1
21.941 sec,0.0152800416514579,-1
21.942 sec,0.0152800416514579,-1
21.943 sec,0.0152485084122124,-1
21.944 sec,0.0153115759335591,-1
21.945 sec,0.0153115759335591,-1
21.946 sec,0.0152800416514579,-1
21.947 sec,0.0152800416514579,-1
21.948 sec,0.0152485084122124,-1
21.949 sec,0.0152485084122124,-1
21.95 sec,0.0152169762160309,-1
21.951 sec,0.0152485084122124,-1
21.952 sec,0.0152485084122124,-1
21.953 sec,0.0152800416514579,-1
21.954 sec,0.0152800416514579,-1
21.955 sec,0.0152800416514579,-1
21.956 sec,0.0152800416514579,-1
21.957 sec,0.015343111258308,-1
21.958 sec,0.015343111258308,-1
21.959 sec,0.0153115759335591,-1
21.96 sec,0.0153115759335591,-1
21.961 sec,0.0152800416514579,-1
21.962 sec,0.0153115759335591,-1
21.963 sec,0.0153115759335591,-1
21.964 sec,0.0153115759335591,-1
21.965 sec,0.0153115759335591,-1
21.966 sec,0.0152800416514579,-1
21.967 sec,0.0152800416514579,-1
21.968 sec,0.0153115759335591,-1
21.969 sec,0.0153115759335591,-1
21.97 sec,0.0153115759335591,-1
21.971 sec,0.0153115759335591,-1
21.972 sec,0.0153115759335591,-1
21.973 sec,0.015343111258308,-1
21.974 sec,0.015343111258308,-1
21.975 sec,0.015343111258308,-1
21.976 sec,0.0153115759335591,-1
21.977 sec,0.0153115759335591,-1
21.978 sec,0.0152800416514579,-1
21.979 sec,0.0152800416514579,-1
21.98 sec,0.0152485084122124,-1
21.981 sec,0.0152485084122124,-1
21.982 sec,0.0152485084122124,-1
21.983 sec,0.0152485084122124,-1
21.984 sec,0.0152485084122124,-1
21.985 sec,0.0152485084122124,-1
21.986 sec,0.0152485084122124,-1
21.987 sec,0.0153115759335591,-1
21.988 sec,0.0153115759335591,-1
21.989 sec,0.0152800416514579,-1
21.99 sec,0.0152800416514579,-1
21.991 sec,0.0152800416514579,-1
21.992 sec,0.0152800416514579,-1
21.993 sec,0.0152800416514579,-1
21.994 sec,0.0152800416514579,-1
21.995 sec,0.0152485084122124,-1
21.996 sec,0.0152485084122124,-1
21.997 sec,0.0153115759335591,-1
21.998 sec,0.0153115759335591,-1
21.999 sec,0.0153115759335591,-1
22 sec,0.015343111258308,-1
22.001 sec,0.015343111258308,-1
22.002 sec,0.0153115759335591,-1
22.003 sec,0.0153115759335591,-1
22.004 sec,0.0152485084122124,-1
22.005 sec,0.0152485084122124,-1
22.006 sec,0.0152485084122124,-1
22.007 sec,0.0152800416514579,-1
22.008 sec,0.0152485084122124,-1
22.009 sec,0.0152485084122124,-1
22.01 sec,0.0152485084122124,-1
22.011 sec,0.0152485084122124,-1
22.012 sec,0.0152485084122124,-1
22.013 sec,0.0152485084122124,-1
22.014 sec,0.0152485084122124,-1
22.015 sec,0.0152800416514579,-1
22.016 sec,0.0152485084122124,-1
22.017 sec,0.0152169762160309,-1
22.018 sec,0.0152169762160309,-1
22.019 sec,0.0152169762160309,-1
22.02 sec,0.0152800416514579,-1
22.021 sec,0.015343111258308,-1
22.022 sec,0.0152800416514579,-1
22.023 sec,0.0152800416514579,-1
22.024 sec,0.0152800416514579,-1
22.025 sec,0.0152800416514579,-1
22.026 sec,0.0152800416514579,-1
22.027 sec,0.0152800416514579,-1
22.028 sec,0.0152800416514579,-1
22.029 sec,0.0152169762160309,-1
22.03 sec,0.0152169762160309,-1
22.031 sec,0.0152169762160309,-1
22.032 sec,0.0152169762160309,-1
22.033 sec,0.0152485084122124,-1
22.034 sec,0.0152485084122124,-1
22.035 sec,0.0152800416514579,-1
22.036 sec,0.0152800416514579,-1
22.037 sec,0.0153115759335591,-1
22.038 sec,0.0153115759335591,-1
22.039 sec,0.015343111258308,-1
22.04 sec,0.015343111258308,-1
22.041 sec,0.0152800416514579,-1
22.042 sec,0.0152800416514579,-1
22.043 sec,0.0152800416514579,-1
22.044 sec,0.0152800416514579,-1
22.045 sec,0.0153115759335591,-1
22.046 sec,0.0153115759335591,-1
22.047 sec,0.0153115759335591,-1
22.048 sec,0.0153115759335591,-1
22.049 sec,0.0153115759335591,-1
22.05 sec,0.0153115759335591,-1
22.051 sec,0.0153115759335591,-1
22.052 sec,0.0153115759335591,-1
22.053 sec,0.0153115759335591,-1
22.054 sec,0.0153115759335591,-1
22.055 sec,0.015343111258308,-1
22.056 sec,0.0153115759335591,-1
22.057 sec,0.0152800416514579,-1
22.058 sec,0.0152800416514579,-1
22.059 sec,0.0152800416514579,-1
22.06 sec,0.0152800416514579,-1
22.061 sec,0.0152485084122124,-1
22.062 sec,0.0152485084122124,-1
22.063 sec,0.0152485084122124,-1
22.064 sec,0.0152800416514579,-1
22.065 sec,0.0152800416514579,-1
22.066 sec,0.0152800416514579,-1
22.067 sec,0.0152800416514579,-1
22.068 sec,0.0152485084122124,-1
22.069 sec,0.0152169762160309,-1
22.07 sec,0.0152485084122124,-1
22.071 sec,0.0152485084122124,-1
22.072 sec,0.0152485084122124,-1
22.073 sec,0.0152800416514579,-1
22.074 sec,0.0152485084122124,-1
22.075 sec,0.0152169762160309,-1
22.076 sec,0.0152485084122124,-1
22.077 sec,0.0152485084122124,-1
22.078 sec,0.0152485084122124,-1
22.079 sec,0.0152800416514579,-1
22.08 sec,0.0152800416514579,-1
22.081 sec,0.0152800416514579,-1
22.082 sec,0.0152485084122124,-1
22.083 sec,0.0152169762160309,-1
22.084 sec,0.0152485084122124,-1
22.085 sec,0.0152169762160309,-1
22.086 sec,0.0152800416514579,-1
22.087 sec,0.0152800416514579,-1
22.088 sec,0.0152800416514579,-1
22.089 sec,0.0153115759335591,-1
22.09 sec,0.0152800416514579,-1
22.091 sec,0.0152485084122124,-1
22.092 sec,0.0152485084122124,-1
22.093 sec,0.0152485084122124,-1
22.094 sec,0.0152485084122124,-1
22.095 sec,0.0153115759335591,-1
22.096 sec,0.015343111258308,-1
22.097 sec,0.015343111258308,-1
22.098 sec,0.0153115759335591,-1
22.099 sec,0.0153115759335591,-1
22.1 sec,0.015343111258308,-1
22.101 sec,0.0152800416514579,-1
22.102 sec,0.0152800416514579,-1
22.103 sec,0.0152800416514579,-1
22.104 sec,0.0153115759335591,-1
22.105 sec,0.015343111258308,-1
22.106 sec,0.0153115759335591,-1
22.107 sec,0.0153115759335591,-1
22.108 sec,0.0153115759335591,-1
22.109 sec,0.0152800416514579,-1
22.11 sec,0.0153115759335591,-1
22.111 sec,0.0153115759335591,-1
22.112 sec,0.0153115759335591,-1
22.113 sec,0.0153115759335591,-1
22.114 sec,0.0152485084122124,-1
22.115 sec,0.0152169762160309,-1
22.116 sec,0.0152169762160309,-1
22.117 sec,0.0152169762160309,-1
22.118 sec,0.0152800416514579,-1
22.119 sec,0.0153115759335591,-1
22.12 sec,0.0153115759335591,-1
22.121 sec,0.0153115759335591,-1
22.122 sec,0.0152800416514579,-1
22.123 sec,0.0152800416514579,-1
22.124 sec,0.0152485084122124,-1
22.125 sec,0.0152800416514579,-1
22.126 sec,0.0153115759335591,-1
22.127 sec,0.0152800416514579,-1
22.128 sec,0.0153115759335591,-1
22.129 sec,0.0152800416514579,-1
22.13 sec,0.0152485084122124,-1
22.131 sec,0.0153115759335591,-1
22.132 sec,0.0153115759335591,-1
22.133 sec,0.0153115759335591,-1
22.134 sec,0.015343111258308,-1
22.135 sec,0.0153115759335591,-1
22.136 sec,0.0152800416514579,-1
22.137 sec,0.0153115759335591,-1
22.138 sec,0.0152800416514579,-1
22.139 sec,0.0152800416514579,-1
22.14 sec,0.0152800416514579,-1
22.141 sec,0.0152800416514579,-1
22.142 sec,0.0153115759335591,-1
22.143 sec,0.0152800416514579,-1
22.144 sec,0.0152800416514579,-1
22.145 sec,0.0153115759335591,-1
22.146 sec,0.0152485084122124,-1
22.147 sec,0.0152485084122124,-1
22.148 sec,0.0152800416514579,-1
22.149 sec,0.0152800416514579,-1
22.15 sec,0.0153115759335591,-1
22.151 sec,0.0153115759335591,-1
22.152 sec,0.0152800416514579,-1
22.153 sec,0.0152485084122124,-1
22.154 sec,0.0152485084122124,-1
22.155 sec,0.0152485084122124,-1
22.156 sec,0.0152485084122124,-1
22.157 sec,0.0152485084122124,-1
22.158 sec,0.0152485084122124,-1
22.159 sec,0.0152800416514579,-1
22.16 sec,0.0153115759335591,-1
22.161 sec,0.0152800416514579,-1
22.162 sec,0.0152800416514579,-1
22.163 sec,0.0152485084122124,-1
22.164 sec,0.0152800416514579,-1
22.165 sec,0.0152800416514579,-1
22.166 sec,0.0152800416514579,-1
22.167 sec,0.0152800416514579,-1
22.168 sec,0.0152485084122124,-1
22.169 sec,0.0152800416514579,-1
22.17 sec,0.0152800416514579,-1
22.171 sec,0.0152800416514579,-1
22.172 sec,0.0152800416514579,-1
22.173 sec,0.0152800416514579,-1
22.174 sec,0.0152800416514579,-1
22.175 sec,0.0152800416514579,-1
22.176 sec,0.0153115759335591,-1
22.177 sec,0.0153115759335591,-1
22.178 sec,0.0152800416514579,-1
22.179 sec,0.0152800416514579,-1
22.18 sec,0.0152485084122124,-1
22.181 sec,0.0152485084122124,-1
22.182 sec,0.0152800416514579,-1
22.183 sec,0.0152800416514579,-1
22.184 sec,0.0153115759335591,-1
22.185 sec,0.0153115759335591,-1
22.186 sec,0.0152800416514579,-1
22.187 sec,0.0152485084122124,-1
22.188 sec,0.0152169762160309,-1
22.189 sec,0.0152169762160309,-1
22.19 sec,0.0152485084122124,-1
22.191 sec,0.0152800416514579,-1
22.192 sec,0.0152485084122124,-1
22.193 sec,0.0152800416514579,-1
22.194 sec,0.0152485084122124,-1
22.195 sec,0.0152485084122124,-1
22.196 sec,0.0152485084122124,-1
22.197 sec,0.0152169762160309,-1
22.198 sec,0.0152485084122124,-1
22.199 sec,0.0152485084122124,-1
22.2 sec,0.0152800416514579,-1
22.201 sec,0.0152800416514579,-1
22.202 sec,0.0152800416514579,-1
22.203 sec,0.0152800416514579,-1
22.204 sec,0.0152800416514579,-1
22.205 sec,0.0152800416514579,-1
22.206 sec,0.0152800416514579,-1
22.207 sec,0.0153115759335591,-1
22.208 sec,0.015343111258308,-1
22.209 sec,0.015343111258308,-1
22.21 sec,0.0153115759335591,-1
22.211 sec,0.0153115759335591,-1
22.212 sec,0.0152800416514579,-1
22.213 sec,0.0152485084122124,-1
22.214 sec,0.0152485084122124,-1
22.215 sec,0.0152485084122124,-1
22.216 sec,0.0152800416514579,-1
22.217 sec,0.0153115759335591,-1
22.218 sec,0.0153115759335591,-1
22.219 sec,0.0153115759335591,-1
22.22 sec,0.015343111258308,-1
22.221 sec,0.0153115759335591,-1
22.222 sec,0.0153115759335591,-1
22.223 sec,0.0153115759335591,-1
22.224 sec,0.0153115759335591,-1
22.225 sec,0.0153115759335591,-1
22.226 sec,0.0153115759335591,-1
22.227 sec,0.0152800416514579,-1
22.228 sec,0.0152800416514579,-1
22.229 sec,0.0152485084122124,-1
22.23 sec,0.0152800416514579,-1
22.231 sec,0.0153115759335591,-1
22.232 sec,0.0153115759335591,-1
22.233 sec,0.0153115759335591,-1
22.234 sec,0.0153115759335591,-1
22.235 sec,0.0152800416514579,-1
22.236 sec,0.0152485084122124,-1
22.237 sec,0.0152169762160309,-1
22.238 sec,0.0152485084122124,-1
22.239 sec,0.0152485084122124,-1
22.24 sec,0.0152485084122124,-1
22.241 sec,0.0152485084122124,-1
22.242 sec,0.0152800416514579,-1
22.243 sec,0.015343111258308,-1
22.244 sec,0.015343111258308,-1
22.245 sec,0.0152800416514579,-1
22.246 sec,0.0152800416514579,-1
22.247 sec,0.0153115759335591,-1
22.248 sec,0.0152800416514579,-1
22.249 sec,0.0152800416514579,-1
22.25 sec,0.0152485084122124,-1
22.251 sec,0.0152485084122124,-1
22.252 sec,0.0152800416514579,-1
22.253 sec,0.0152485084122124,-1
22.254 sec,0.0152800416514579,-1
22.255 sec,0.0152485084122124,-1
22.256 sec,0.0152485084122124,-1
22.257 sec,0.0152800416514579,-1
22.258 sec,0.0152800416514579,-1
22.259 sec,0.0152800416514579,-1
22.26 sec,0.0152485084122124,-1
22.261 sec,0.0152800416514579,-1
22.262 sec,0.0153115759335591,-1
22.263 sec,0.0153115759335591,-1
22.264 sec,0.0153115759335591,-1
22.265 sec,0.0152800416514579,-1
22.266 sec,0.0153115759335591,-1
22.267 sec,0.0153115759335591,-1
22.268 sec,0.0153115759335591,-1
22.269 sec,0.0152800416514579,-1
22.27 sec,0.0152800416514579,-1
22.271 sec,0.0152485084122124,-1
22.272 sec,0.0152485084122124,-1
22.273 sec,0.0152485084122124,-1
22.274 sec,0.0152800416514579,-1
22.275 sec,0.0152485084122124,-1
22.276 sec,0.0152169762160309,-1
22.277 sec,0.0152169762160309,-1
22.278 sec,0.0152800416514579,-1
22.279 sec,0.0153115759335591,-1
22.28 sec,0.0153115759335591,-1
22.281 sec,0.0153115759335591,-1
22.282 sec,0.0152800416514579,-1
22.283 sec,0.0152800416514579,-1
22.284 sec,0.0152485084122124,-1
22.285 sec,0.0152800416514579,-1
22.286 sec,0.0152800416514579,-1
22.287 sec,0.0152800416514579,-1
22.288 sec,0.0153115759335591,-1
22.289 sec,0.0152800416514579,-1
22.29 sec,0.015343111258308,-1
22.291 sec,0.0153115759335591,-1
22.292 sec,0.0153115759335591,-1
22.293 sec,0.0153115759335591,-1
22.294 sec,0.0152800416514579,-1
22.295 sec,0.0152800416514579,-1
22.296 sec,0.0152169762160309,-1
22.297 sec,0.0152485084122124,-1
22.298 sec,0.0152169762160309,-1
22.299 sec,0.0152169762160309,-1
22.3 sec,0.0152169762160309,-1
22.301 sec,0.0152169762160309,-1
22.302 sec,0.0152169762160309,-1
22.303 sec,0.0152169762160309,-1
22.304 sec,0.0152169762160309,-1
22.305 sec,0.0152169762160309,-1
22.306 sec,0.0152169762160309,-1
22.307 sec,0.0152800416514579,-1
22.308 sec,0.0152800416514579,-1
22.309 sec,0.0152800416514579,-1
22.31 sec,0.0152800416514579,-1
22.311 sec,0.0152485084122124,-1
22.312 sec,0.0153115759335591,-1
22.313 sec,0.0152800416514579,-1
22.314 sec,0.0153115759335591,-1
22.315 sec,0.0152800416514579,-1
22.316 sec,0.0153115759335591,-1
22.317 sec,0.0152800416514579,-1
22.318 sec,0.0153115759335591,-1
22.319 sec,0.0153115759335591,-1
22.32 sec,0.0153115759335591,-1
22.321 sec,0.0152800416514579,-1
22.322 sec,0.0152485084122124,-1
22.323 sec,0.0152800416514579,-1
22.324 sec,0.0152800416514579,-1
22.325 sec,0.0152800416514579,-1
22.326 sec,0.0152800416514579,-1
22.327 sec,0.0152800416514579,-1
22.328 sec,0.0153115759335591,-1
22.329 sec,0.0153115759335591,-1
22.33 sec,0.0152800416514579,-1
22.331 sec,0.0153115759335591,-1
22.332 sec,0.0153115759335591,-1
22.333 sec,0.0152800416514579,-1
22.334 sec,0.0152800416514579,-1
22.335 sec,0.0152800416514579,-1
22.336 sec,0.0153115759335591,-1
22.337 sec,0.0153115759335591,-1
22.338 sec,0.0153115759335591,-1
22.339 sec,0.0153115759335591,-1
22.34 sec,0.0153115759335591,-1
22.341 sec,0.0153115759335591,-1
22.342 sec,0.0152800416514579,-1
22.343 sec,0.0152485084122124,-1
22.344 sec,0.0152485084122124,-1
22.345 sec,0.0152485084122124,-1
22.346 sec,0.0152485084122124,-1
22.347 sec,0.0152485084122124,-1
22.348 sec,0.0152485084122124,-1
22.349 sec,0.0152800416514579,-1
22.35 sec,0.0152800416514579,-1
22.351 sec,0.0152800416514579,-1
22.352 sec,0.0152800416514579,-1
22.353 sec,0.0153115759335591,-1
22.354 sec,0.0153115759335591,-1
22.355 sec,0.0152800416514579,-1
22.356 sec,0.0152485084122124,-1
22.357 sec,0.0152485084122124,-1
22.358 sec,0.0152169762160309,-1
22.359 sec,0.0152169762160309,-1
22.36 sec,0.0152169762160309,-1
22.361 sec,0.0152485084122124,-1
22.362 sec,0.0152485084122124,-1
22.363 sec,0.0152485084122124,-1
22.364 sec,0.0152169762160309,-1
22.365 sec,0.0152800416514579,-1
22.366 sec,0.0152800416514579,-1
22.367 sec,0.0152800416514579,-1
22.368 sec,0.0152800416514579,-1
22.369 sec,0.0152800416514579,-1
22.37 sec,0.0152800416514579,-1
22.371 sec,0.0152800416514579,-1
22.372 sec,0.0152485084122124,-1
22.373 sec,0.0152485084122124,-1
22.374 sec,0.0152485084122124,-1
22.375 sec,0.0152800416514579,-1
22.376 sec,0.0152800416514579,-1
22.377 sec,0.0152800416514579,-1
22.378 sec,0.0152485084122124,-1
22.379 sec,0.0152169762160309,-1
22.38 sec,0.0152169762160309,-1
22.381 sec,0.0152485084122124,-1
22.382 sec,0.0152485084122124,-1
22.383 sec,0.0152800416514579,-1
22.384 sec,0.0152485084122124,-1
22.385 sec,0.0152485084122124,-1
22.386 sec,0.0152485084122124,-1
22.387 sec,0.0152485084122124,-1
22.388 sec,0.0152800416514579,-1
22.389 sec,0.0152800416514579,-1
22.39 sec,0.015343111258308,-1
22.391 sec,0.0153115759335591,-1
22.392 sec,0.0153115759335591,-1
22.393 sec,0.0152800416514579,-1
22.394 sec,0.0152800416514579,-1
22.395 sec,0.0152800416514579,-1
22.396 sec,0.0152485084122124,-1
22.397 sec,0.0153115759335591,-1
22.398 sec,0.015343111258308,-1
22.399 sec,0.0153115759335591,-1
22.4 sec,0.0153115759335591,-1
22.401 sec,0.0153115759335591,-1
22.402 sec,0.0153115759335591,-1
22.403 sec,0.0152800416514579,-1
22.404 sec,0.0152485084122124,-1
22.405 sec,0.0152485084122124,-1
22.406 sec,0.0152800416514579,-1
22.407 sec,0.0153115759335591,-1
22.408 sec,0.0152800416514579,-1
22.409 sec,0.0152800416514579,-1
22.41 sec,0.0153115759335591,-1
22.411 sec,0.0153115759335591,-1
22.412 sec,0.015343111258308,-1
22.413 sec,0.015343111258308,-1
22.414 sec,0.0153115759335591,-1
22.415 sec,0.0152485084122124,-1
22.416 sec,0.0152485084122124,-1
22.417 sec,0.0152485084122124,-1
22.418 sec,0.0152485084122124,-1
22.419 sec,0.0152800416514579,-1
22.42 sec,0.0152800416514579,-1
22.421 sec,0.0152800416514579,-1
22.422 sec,0.0152800416514579,-1
22.423 sec,0.0152485084122124,-1
22.424 sec,0.0152485084122124,-1
22.425 sec,0.0152485084122124,-1
22.426 sec,0.0152485084122124,-1
22.427 sec,0.0152800416514579,-1
22.428 sec,0.0153115759335591,-1
22.429 sec,0.0153115759335591,-1
22.43 sec,0.0152800416514579,-1
22.431 sec,0.0152800416514579,-1
22.432 sec,0.0152485084122124,-1
22.433 sec,0.0152800416514579,-1
22.434 sec,0.0152800416514579,-1
22.435 sec,0.0153115759335591,-1
22.436 sec,0.0153115759335591,-1
22.437 sec,0.0152800416514579,-1
22.438 sec,0.0152800416514579,-1
22.439 sec,0.0152800416514579,-1
22.44 sec,0.0152800416514579,-1
22.441 sec,0.0152800416514579,-1
22.442 sec,0.0152800416514579,-1
22.443 sec,0.0153115759335591,-1
22.444 sec,0.0153115759335591,-1
22.445 sec,0.0153115759335591,-1
22.446 sec,0.0152800416514579,-1
22.447 sec,0.0152485084122124,-1
22.448 sec,0.0152800416514579,-0.986694677871149
22.449 sec,0.0152800416514579,-0.377684407096172
22.45 sec,0.0152485084122124,-0.00723622782446312
22.451 sec,0.0152485084122124,0
22.452 sec,0.0152485084122124,0
22.453 sec,0.0152800416514579,0
22.454 sec,0.0152485084122124,0
22.455 sec,0.0152485084122124,0
22.456 sec,0.0152169762160309,0
22.457 sec,0.0152485084122124,0
22.458 sec,0.0152485084122124,0
22.459 sec,0.0152485084122124,0
22.46 sec,0.0152485084122124,0
22.461 sec,0.0152800416514579,0
22.462 sec,0.0152800416514579,0
22.463 sec,0.0152485084122124,0
22.464 sec,0.0152169762160309,0
22.465 sec,0.0152169762160309,0
22.466 sec,0.0152169762160309,0
22.467 sec,0.0152169762160309,0
22.468 sec,0.0152169762160309,0
22.469 sec,0.015153914953692,0
22.47 sec,0.0152169762160309,0
22.471 sec,0.0152485084122124,0
22.472 sec,0.0152485084122124,0
22.473 sec,0.0152169762160309,0
22.474 sec,0.0152169762160309,0
22.475 sec,0.015153914953692,0
22.476 sec,0.015153914953692,0
22.477 sec,0.015153914953692,0
22.478 sec,0.0152485084122124,0
22.479 sec,0.0153115759335591,0
22.48 sec,0.0153115759335591,0
22.481 sec,0.0152485084122124,0
22.482 sec,0.0152169762160309,0
22.483 sec,0.015153914953692,0
22.484 sec,0.0152485084122124,0
22.485 sec,0.0152485084122124,0
22.486 sec,0.0152485084122124,0
22.487 sec,0.0152485084122124,0
22.488 sec,0.0152169762160309,0
22.489 sec,0.0152485084122124,0
22.49 sec,0.0152485084122124,0
22.491 sec,0.0152485084122124,0
22.492 sec,0.0152485084122124,0
22.493 sec,0.0152169762160309,0
22.494 sec,0.0152169762160309,0
22.495 sec,0.0152485084122124,0
22.496 sec,0.0152485084122124,0
22.497 sec,0.0152800416514579,0
22.498 sec,0.0152800416514579,0
22.499 sec,0.0152800416514579,0
22.5 sec,0.0152800416514579,0
22.501 sec,0.0153115759335591,0
22.502 sec,0.0153115759335591,0
22.503 sec,0.0153115759335591,0
22.504 sec,0.0152800416514579,0
22.505 sec,0.0152485084122124,0
22.506 sec,0.0152169762160309,0
22.507 sec,0.0152169762160309,0
22.508 sec,0.0152169762160309,0
22.509 sec,0.0152485084122124,0
22.51 sec,0.0152800416514579,0
22.511 sec,0.0152800416514579,0
22.512 sec,0.0153115759335591,0
22.513 sec,0.0152800416514579,0
22.514 sec,0.0152485084122124,0
22.515 sec,0.0152169762160309,0
22.516 sec,0.0152169762160309,0
22.517 sec,0.0152800416514579,0
22.518 sec,0.0153115759335591,0
22.519 sec,0.0153115759335591,0
22.52 sec,0.0153115759335591,0
22.521 sec,0.0152800416514579,0
22.522 sec,0.0152800416514579,0
22.523 sec,0.0152485084122124,0
22.524 sec,0.0152169762160309,0
22.525 sec,0.0152485084122124,0
22.526 sec,0.0152169762160309,0
22.527 sec,0.015153914953692,0
22.528 sec,0.015153914953692,0
22.529 sec,0.0152485084122124,0
22.53 sec,0.0152800416514579,0
22.531 sec,0.0152800416514579,0
22.532 sec,0.0152169762160309,0
22.533 sec,0.0152169762160309,0
22.534 sec,0.0152169762160309,0
22.535 sec,0.0152485084122124,0
22.536 sec,0.0152485084122124,0
22.537 sec,0.0152485084122124,0
22.538 sec,0.0152485084122124,0
22.539 sec,0.0152800416514579,0
22.54 sec,0.0152800416514579,0
22.541 sec,0.0152485084122124,0
22.542 sec,0.0152485084122124,0
22.543 sec,0.0152485084122124,0
22.544 sec,0.0152485084122124,0
22.545 sec,0.0152485084122124,0
22.546 sec,0.0152800416514579,0
22.547 sec,0.0152485084122124,0
22.548 sec,0.0152485084122124,0
22.549 sec,0.0152169762160309,0
22.55 sec,0.0152169762160309,0
22.551 sec,0.0152485084122124,0
22.552 sec,0.0152485084122124,0
22.553 sec,0.0152485084122124,0
22.554 sec,0.0152485084122124,0
22.555 sec,0.0152485084122124,0
22.556 sec,0.0153115759335591,0
22.557 sec,0.0152485084122124,0
22.558 sec,0.0152485084122124,0
22.559 sec,0.0152169762160309,0
22.56 sec,0.0152485084122124,0
22.561 sec,0.0152485084122124,0
22.562 sec,0.0152485084122124,0
22.563 sec,0.0152485084122124,0
22.564 sec,0.0152485084122124,0
22.565 sec,0.0152485084122124,0
22.566 sec,0.0152485084122124,0
22.567 sec,0.0152800416514579,0
22.568 sec,0.0153115759335591,0
22.569 sec,0.0153115759335591,0
22.57 sec,0.0153115759335591,0
22.571 sec,0.0152800416514579,0
22.572 sec,0.0152485084122124,0
22.573 sec,0.0152169762160309,0
22.574 sec,0.0152169762160309,0
22.575 sec,0.0152485084122124,0
22.576 sec,0.0152800416514579,0
22.577 sec,0.0152485084122124,0
22.578 sec,0.0152485084122124,0
22.579 sec,0.0152169762160309,0
22.58 sec,0.0152485084122124,0
22.581 sec,0.0152485084122124,0
22.582 sec,0.0152800416514579,0
22.583 sec,0.0152800416514579,0
22.584 sec,0.0152800416514579,0
22.585 sec,0.0152485084122124,0
22.586 sec,0.0152169762160309,0
22.587 sec,0.0152485084122124,0
22.588 sec,0.0152800416514579,0
22.589 sec,0.0153115759335591,0
22.59 sec,0.0152485084122124,0
22.591 sec,0.0152485084122124,0
22.592 sec,0.0152485084122124,0
22.593 sec,0.0152800416514579,0
22.594 sec,0.0152800416514579,0
22.595 sec,0.0152800416514579,0
22.596 sec,0.0152800416514579,0
22.597 sec,0.0152800416514579,0
22.598 sec,0.0152485084122124,0
22.599 sec,0.0152800416514579,0
22.6 sec,0.0152800416514579,0
22.601 sec,0.0153115759335591,0
22.602 sec,0.0153115759335591,0
22.603 sec,0.0152800416514579,0
22.604 sec,0.0152800416514579,0
22.605 sec,0.0152485084122124,0
22.606 sec,0.0152485084122124,0
22.607 sec,0.0152485084122124,0
22.608 sec,0.0153115759335591,0
22.609 sec,0.0152800416514579,0
22.61 sec,0.0153115759335591,0
22.611 sec,0.0153115759335591,0
22.612 sec,0.0152800416514579,0
22.613 sec,0.0152800416514579,0
22.614 sec,0.0152800416514579,0
22.615 sec,0.0152485084122124,0
22.616 sec,0.0152485084122124,0
22.617 sec,0.0152485084122124,0
22.618 sec,0.0152485084122124,0
22.619 sec,0.0152485084122124,0
22.62 sec,0.0152485084122124,0
22.621 sec,0.0152485084122124,0
22.622 sec,0.0152485084122124,0
22.623 sec,0.0152800416514579,0
22.624 sec,0.0152800416514579,0
22.625 sec,0.0153115759335591,0
22.626 sec,0.015343111258308,0
22.627 sec,0.0153115759335591,0
22.628 sec,0.0152800416514579,0
22.629 sec,0.0152800416514579,0
22.63 sec,0.0152800416514579,0
22.631 sec,0.0152485084122124,0
22.632 sec,0.0152169762160309,0
22.633 sec,0.015153914953692,0
22.634 sec,0.0152169762160309,0
22.635 sec,0.0152169762160309,0
22.636 sec,0.0152800416514579,0
22.637 sec,0.0153115759335591,0
22.638 sec,0.0153115759335591,0
22.639 sec,0.015343111258308,0
22.64 sec,0.0153115759335591,0
22.641 sec,0.015343111258308,0
22.642 sec,0.0153115759335591,0
22.643 sec,0.0152800416514579,0
22.644 sec,0.0152485084122124,0
22.645 sec,0.0152800416514579,0
22.646 sec,0.0152485084122124,0
22.647 sec,0.0152800416514579,0
22.648 sec,0.0152485084122124,0
22.649 sec,0.0152169762160309,0
22.65 sec,0.0152485084122124,0
22.651 sec,0.0152485084122124,0
22.652 sec,0.0152169762160309,0
22.653 sec,0.0152485084122124,0
22.654 sec,0.0152169762160309,0
22.655 sec,0.0152169762160309,0
22.656 sec,0.0152169762160309,0
22.657 sec,0.0152485084122124,0
22.658 sec,0.0152485084122124,0
22.659 sec,0.0152800416514579,0
22.66 sec,0.0153115759335591,0
22.661 sec,0.0152800416514579,0
22.662 sec,0.0152800416514579,0
22.663 sec,0.0152800416514579,0
22.664 sec,0.0152800416514579,0
22.665 sec,0.0152800416514579,0
22.666 sec,0.0152485084122124,0
22.667 sec,0.0152169762160309,0
22.668 sec,0.0152485084122124,0
22.669 sec,0.0152800416514579,0
22.67 sec,0.0152800416514579,0
22.671 sec,0.0153115759335591,0
22.672 sec,0.0152800416514579,0
22.673 sec,0.0152800416514579,0
22.674 sec,0.0153115759335591,0
22.675 sec,0.0152800416514579,0
22.676 sec,0.0152800416514579,0
22.677 sec,0.0152800416514579,0
22.678 sec,0.0152169762160309,0
22.679 sec,0.0152485084122124,0
22.68 sec,0.0152485084122124,0
22.681 sec,0.0152169762160309,0
22.682 sec,0.0152485084122124,0
22.683 sec,0.0152485084122124,0
22.684 sec,0.0152800416514579,0
22.685 sec,0.0152800416514579,0
22.686 sec,0.0153115759335591,0
22.687 sec,0.0153115759335591,0
22.688 sec,0.0153115759335591,0
22.689 sec,0.0153115759335591,0
22.69 sec,0.0152800416514579,0
22.691 sec,0.0153115759335591,0
22.692 sec,0.0152800416514579,0
22.693 sec,0.0152485084122124,0
22.694 sec,0.0152800416514579,0
22.695 sec,0.0152485084122124,0
22.696 sec,0.0152800416514579,0
22.697 sec,0.0153115759335591,0
22.698 sec,0.0152485084122124,0
22.699 sec,0.0153115759335591,0
22.7 sec,0.0152800416514579,0
22.701 sec,0.0152800416514579,0
22.702 sec,0.0152485084122124,0
22.703 sec,0.0152485084122124,0
22.704 sec,0.0152800416514579,0
22.705 sec,0.0152485084122124,0
22.706 sec,0.0152169762160309,0
22.707 sec,0.015153914953692,0
22.708 sec,0.0152169762160309,0
22.709 sec,0.0152169762160309,0
22.71 sec,0.0152485084122124,0
22.711 sec,0.0152485084122124,0
22.712 sec,0.0152485084122124,0
22.713 sec,0.0152800416514579,0
22.714 sec,0.0153115759335591,0
22.715 sec,0.0153115759335591,0
22.716 sec,0.0152800416514579,0
22.717 sec,0.0152485084122124,0
22.718 sec,0.0152800416514579,0
22.719 sec,0.0152485084122124,0
22.72 sec,0.0152800416514579,0
22.721 sec,0.0152800416514579,0
22.722 sec,0.0152485084122124,0
22.723 sec,0.0152800416514579,0
22.724 sec,0.0152800416514579,0
22.725 sec,0.0152800416514579,0
22.726 sec,0.0153115759335591,0
22.727 sec,0.0152800416514579,0
22.728 sec,0.0152485084122124,0
22.729 sec,0.0152485084122124,0
22.73 sec,0.0152169762160309,0
22.731 sec,0.0152485084122124,0
22.732 sec,0.0152485084122124,0
22.733 sec,0.0152169762160309,0
22.734 sec,0.0152169762160309,0
22.735 sec,0.0152485084122124,0
22.736 sec,0.0152800416514579,0
22.737 sec,0.0152485084122124,0
22.738 sec,0.0152169762160309,0
22.739 sec,0.0151223858879508,0
22.74 sec,0.015153914953692,0
22.741 sec,0.0152485084122124,0
22.742 sec,0.0153115759335591,0
22.743 sec,0.015343111258308,0
22.744 sec,0.0153115759335591,0
22.745 sec,0.0152800416514579,0
22.746 sec,0.0152485084122124,0
22.747 sec,0.0152485084122124,0
22.748 sec,0.0152485084122124,0
22.749 sec,0.0152800416514579,0
22.75 sec,0.0153115759335591,0
22.751 sec,0.0153115759335591,0
22.752 sec,0.0153115759335591,0
22.753 sec,0.0153115759335591,0
22.754 sec,0.0152800416514579,0
22.755 sec,0.0152800416514579,0
22.756 sec,0.0152485084122124,0
22.757 sec,0.0152169762160309,0
22.758 sec,0.015153914953692,0
22.759 sec,0.015153914953692,0
22.76 sec,0.0152169762160309,0
22.761 sec,0.0152485084122124,0
22.762 sec,0.0152800416514579,0
22.763 sec,0.0153115759335591,0
22.764 sec,0.0152800416514579,0
22.765 sec,0.0152485084122124,0
22.766 sec,0.0152485084122124,0
22.767 sec,0.0152169762160309,0
22.768 sec,0.0152800416514579,0
22.769 sec,0.0152800416514579,0
22.77 sec,0.0152800416514579,0
22.771 sec,0.0152800416514579,0
22.772 sec,0.0152485084122124,0
22.773 sec,0.0152800416514579,0
22.774 sec,0.0152800416514579,0
22.775 sec,0.0152485084122124,0
22.776 sec,0.0152800416514579,0
22.777 sec,0.0152485084122124,0
22.778 sec,0.0152485084122124,0
22.779 sec,0.0152800416514579,0
22.78 sec,0.0152800416514579,0
22.781 sec,0.0152800416514579,0
22.782 sec,0.0152800416514579,0
22.783 sec,0.0152800416514579,0
22.784 sec,0.0152485084122124,0
22.785 sec,0.0152485084122124,0
22.786 sec,0.0152800416514579,0
22.787 sec,0.0152800416514579,0
22.788 sec,0.0152800416514579,0
22.789 sec,0.0152800416514579,0
22.79 sec,0.0152800416514579,0
22.791 sec,0.0152800416514579,0
22.792 sec,0.0152485084122124,0
22.793 sec,0.0152485084122124,0
22.794 sec,0.0152169762160309,0
22.795 sec,0.015153914953692,0
22.796 sec,0.015153914953692,0
22.797 sec,0.0152485084122124,0
22.798 sec,0.0152485084122124,0
22.799 sec,0.0152800416514579,0
22.8 sec,0.0152485084122124,0
22.801 sec,0.0152800416514579,0
22.802 sec,0.0152485084122124,0
22.803 sec,0.0152800416514579,0
22.804 sec,0.0152800416514579,0
22.805 sec,0.0152485084122124,0
22.806 sec,0.0152485084122124,0
22.807 sec,0.0152485084122124,0
22.808 sec,0.0152485084122124,0
22.809 sec,0.0153115759335591,0
22.81 sec,0.015343111258308,0
22.811 sec,0.0153115759335591,0
22.812 sec,0.0152800416514579,0
22.813 sec,0.0152800416514579,0
22.814 sec,0.0152169762160309,0
22.815 sec,0.0152485084122124,0
22.816 sec,0.0152800416514579,0
22.817 sec,0.0153115759335591,0
22.818 sec,0.0152800416514579,0
22.819 sec,0.0152800416514579,0
22.82 sec,0.0152169762160309,0
22.821 sec,0.0152800416514579,0
22.822 sec,0.0152800416514579,0
22.823 sec,0.0152800416514579,0
22.824 sec,0.0152800416514579,0
22.825 sec,0.0152485084122124,0
22.826 sec,0.0152485084122124,0
22.827 sec,0.0152800416514579,0
22.828 sec,0.0152800416514579,0
22.829 sec,0.0152485084122124,0
22.83 sec,0.0152169762160309,0
22.831 sec,0.015153914953692,0
22.832 sec,0.0152169762160309,0
22.833 sec,0.0152169762160309,0
22.834 sec,0.0152485084122124,0
22.835 sec,0.0152485084122124,0
22.836 sec,0.0152485084122124,0
22.837 sec,0.0152800416514579,0
22.838 sec,0.0152800416514579,0
22.839 sec,0.0152485084122124,0
22.84 sec,0.0152169762160309,0
22.841 sec,0.0152169762160309,0
22.842 sec,0.0152169762160309,0
22.843 sec,0.0152485084122124,0
22.844 sec,0.0152485084122124,0
22.845 sec,0.0152800416514579,0
22.846 sec,0.0153115759335591,0
22.847 sec,0.0153115759335591,0
22.848 sec,0.0153115759335591,0
22.849 sec,0.0153115759335591,0
22.85 sec,0.0152800416514579,0
22.851 sec,0.0152800416514579,0
22.852 sec,0.0152485084122124,0
22.853 sec,0.0152485084122124,0
22.854 sec,0.0152485084122124,0
22.855 sec,0.0152800416514579,0
22.856 sec,0.0152800416514579,0
22.857 sec,0.0153115759335591,0
22.858 sec,0.0153115759335591,0
22.859 sec,0.0152800416514579,0
22.86 sec,0.0152800416514579,0
22.861 sec,0.0152485084122124,0
22.862 sec,0.0152800416514579,0
22.863 sec,0.0153115759335591,0
22.864 sec,0.0152800416514579,0
22.865 sec,0.0152485084122124,0
22.866 sec,0.0152485084122124,0
22.867 sec,0.0152485084122124,0
22.868 sec,0.0152485084122124,0
22.869 sec,0.0152485084122124,0
22.87 sec,0.0152800416514579,0
22.871 sec,0.0152800416514579,0
22.872 sec,0.0152800416514579,0
22.873 sec,0.0152485084122124,0
22.874 sec,0.0152485084122124,0
22.875 sec,0.0152485084122124,0
22.876 sec,0.0152485084122124,0
22.877 sec,0.0152485084122124,0
22.878 sec,0.0152800416514579,0
22.879 sec,0.0152800416514579,0
22.88 sec,0.0153115759335591,0
22.881 sec,0.0153115759335591,0
22.882 sec,0.0153115759335591,0
22.883 sec,0.0152800416514579,0
22.884 sec,0.0152169762160309,0
22.885 sec,0.0152169762160309,0
22.886 sec,0.0152169762160309,0
22.887 sec,0.0152485084122124,0
22.888 sec,0.0152800416514579,0
22.889 sec,0.0152800416514579,0
22.89 sec,0.0152485084122124,0
22.891 sec,0.0152485084122124,0
22.892 sec,0.0152485084122124,0
22.893 sec,0.0152800416514579,0
22.894 sec,0.0152800416514579,0
22.895 sec,0.0152800416514579,0
22.896 sec,0.0152485084122124,0
22.897 sec,0.0152800416514579,0
22.898 sec,0.0152485084122124,0
22.899 sec,0.0152485084122124,0
22.9 sec,0.0152485084122124,0
22.901 sec,0.0152485084122124,0
22.902 sec,0.0152485084122124,0
22.903 sec,0.0152800416514579,0
22.904 sec,0.0152485084122124,0
22.905 sec,0.0152485084122124,0
22.906 sec,0.0152485084122124,0
22.907 sec,0.0152485084122124,0
22.908 sec,0.0152485084122124,0
22.909 sec,0.0152485084122124,0
22.91 sec,0.0152800416514579,0
22.911 sec,0.0153115759335591,0
22.912 sec,0.0152800416514579,0
22.913 sec,0.0152800416514579,0
22.914 sec,0.0152169762160309,0
22.915 sec,0.0152485084122124,0
22.916 sec,0.0152169762160309,0
22.917 sec,0.0152169762160309,0
22.918 sec,0.0152485084122124,0
22.919 sec,0.0152485084122124,0
22.92 sec,0.0152485084122124,0
22.921 sec,0.0152800416514579,0
22.922 sec,0.0152485084122124,0
22.923 sec,0.0152485084122124,0
22.924 sec,0.0152800416514579,0
22.925 sec,0.0152800416514579,0
22.926 sec,0.0152800416514579,0
22.927 sec,0.0152800416514579,0
22.928 sec,0.0152800416514579,0
22.929 sec,0.0152485084122124,0
22.93 sec,0.0152169762160309,0
22.931 sec,0.0152169762160309,0
22.932 sec,0.0152169762160309,0
22.933 sec,0.0152169762160309,0
22.934 sec,0.0152169762160309,0
22.935 sec,0.0152800416514579,0
22.936 sec,0.0152800416514579,0
22.937 sec,0.0152800416514579,0
22.938 sec,0.0152485084122124,0
22.939 sec,0.0152800416514579,0
22.94 sec,0.0152800416514579,0
22.941 sec,0.0152485084122124,0
22.942 sec,0.0152169762160309,0
22.943 sec,0.015153914953692,0
22.944 sec,0.015153914953692,0
22.945 sec,0.0152485084122124,0
22.946 sec,0.0152169762160309,0
22.947 sec,0.0152485084122124,0
22.948 sec,0.0152800416514579,0
22.949 sec,0.0153115759335591,0
22.95 sec,0.0152800416514579,0
22.951 sec,0.0152800416514579,0
22.952 sec,0.0152485084122124,0
22.953 sec,0.0152485084122124,0
22.954 sec,0.0152800416514579,0
22.955 sec,0.0152485084122124,0
22.956 sec,0.0152485084122124,0
22.957 sec,0.015153914953692,0
22.958 sec,0.0152169762160309,0
22.959 sec,0.0152169762160309,0
22.96 sec,0.0152169762160309,0
22.961 sec,0.0152169762160309,0
22.962 sec,0.0152169762160309,0
22.963 sec,0.0152485084122124,0
22.964 sec,0.0152485084122124,0
22.965 sec,0.0152800416514579,0
22.966 sec,0.0152800416514579,0
22.967 sec,0.0152800416514579,0
22.968 sec,0.0152485084122124,0
22.969 sec,0.0152485084122124,0
22.97 sec,0.0152169762160309,0
22.971 sec,0.0152485084122124,0
22.972 sec,0.0152485084122124,0
22.973 sec,0.0153115759335591,0
22.974 sec,0.0152485084122124,0
22.975 sec,0.0152485084122124,0
22.976 sec,0.0152485084122124,0
22.977 sec,0.0152485084122124,0
22.978 sec,0.0152485084122124,0
22.979 sec,0.0152485084122124,0
22.98 sec,0.0152485084122124,0
22.981 sec,0.0152169762160309,0
22.982 sec,0.0152169762160309,0
22.983 sec,0.0152169762160309,0
22.984 sec,0.0152169762160309,0
22.985 sec,0.0152485084122124,0
22.986 sec,0.0152800416514579,0
22.987 sec,0.0152800416514579,0
22.988 sec,0.0152800416514579,0
22.989 sec,0.0152485084122124,0
22.99 sec,0.0152800416514579,0
22.991 sec,0.0152485084122124,0
22.992 sec,0.0152169762160309,0
22.993 sec,0.0152169762160309,0
22.994 sec,0.015153914953692,0
22.995 sec,0.015153914953692,0
22.996 sec,0.0152169762160309,0
22.997 sec,0.0152169762160309,0
22.998 sec,0.0152485084122124,0
22.999 sec,0.0152800416514579,0
23 sec,0.0152800416514579,0
23.001 sec,0.0152800416514579,0
23.002 sec,0.0152485084122124,0
23.003 sec,0.0152485084122124,0
23.004 sec,0.0152169762160309,0
23.005 sec,0.0152485084122124,0
23.006 sec,0.0152485084122124,0
23.007 sec,0.0152485084122124,0
23.008 sec,0.0152485084122124,0
23.009 sec,0.0152485084122124,0
23.01 sec,0.0152169762160309,0
23.011 sec,0.0152169762160309,0
23.012 sec,0.0152485084122124,0
23.013 sec,0.0152800416514579,0
23.014 sec,0.0153115759335591,0
23.015 sec,0.0153115759335591,0
23.016 sec,0.0153115759335591,0
23.017 sec,0.0152800416514579,0
23.018 sec,0.0152485084122124,0
23.019 sec,0.015153914953692,0
23.02 sec,0.015153914953692,0
23.021 sec,0.0152169762160309,0
23.022 sec,0.0152485084122124,0
23.023 sec,0.0152800416514579,0
23.024 sec,0.0153115759335591,0
23.025 sec,0.015343111258308,0
23.026 sec,0.0153115759335591,0
23.027 sec,0.0152485084122124,0
23.028 sec,0.0152169762160309,0
23.029 sec,0.0152485084122124,0
23.03 sec,0.0152485084122124,0
23.031 sec,0.0152800416514579,0
23.032 sec,0.0152485084122124,0
23.033 sec,0.0152485084122124,0
23.034 sec,0.0152485084122124,0
23.035 sec,0.0152485084122124,0
23.036 sec,0.0152485084122124,0
23.037 sec,0.0152169762160309,0
23.038 sec,0.0152169762160309,0
23.039 sec,0.0152485084122124,0
23.04 sec,0.0152800416514579,0
23.041 sec,0.0153115759335591,0
23.042 sec,0.015343111258308,0
23.043 sec,0.0153115759335591,0
23.044 sec,0.0152800416514579,0
23.045 sec,0.0152800416514579,0
23.046 sec,0.0152485084122124,0
23.047 sec,0.0152485084122124,0
23.048 sec,0.0152800416514579,0
23.049 sec,0.0152800416514579,0
23.05 sec,0.0152800416514579,0
23.051 sec,0.0152485084122124,0
23.052 sec,0.0152169762160309,0
23.053 sec,0.0152169762160309,0
23.054 sec,0.015153914953692,0
23.055 sec,0.015153914953692,0
23.056 sec,0.015153914953692,0
23.057 sec,0.0152169762160309,0
23.058 sec,0.0152485084122124,0
23.059 sec,0.0152800416514579,0
23.06 sec,0.0152485084122124,0
23.061 sec,0.0152800416514579,0
23.062 sec,0.0152485084122124,0
23.063 sec,0.015153914953692,0
23.064 sec,0.0152169762160309,0
23.065 sec,0.0152169762160309,0
23.066 sec,0.0152169762160309,0
23.067 sec,0.0152485084122124,0
23.068 sec,0.0152485084122124,0
23.069 sec,0.0152169762160309,0
23.07 sec,0.015153914953692,0
23.071 sec,0.015153914953692,0
23.072 sec,0.015153914953692,0
23.073 sec,0.0152169762160309,0
23.074 sec,0.0152485084122124,0
23.075 sec,0.0152485084122124,0
23.076 sec,0.0152800416514579,0
23.077 sec,0.0152485084122124,0
23.078 sec,0.0152485084122124,0
23.079 sec,0.0152169762160309,0
23.08 sec,0.0152169762160309,0
23.081 sec,0.0152169762160309,0
23.082 sec,0.0152485084122124,0
23.083 sec,0.0152485084122124,0
23.084 sec,0.0152485084122124,0
23.085 sec,0.015153914953692,0
23.086 sec,0.0152169762160309,0
23.087 sec,0.0152485084122124,0
23.088 sec,0.0152485084122124,0
23.089 sec,0.0152169762160309,0
23.09 sec,0.0152169762160309,0
23.091 sec,0.0152169762160309,0
23.092 sec,0.0152169762160309,0
23.093 sec,0.0152485084122124,0
23.094 sec,0.0152485084122124,0
23.095 sec,0.0153115759335591,0
23.096 sec,0.0152485084122124,0
23.097 sec,0.0152485084122124,0
23.098 sec,0.0152485084122124,0
23.099 sec,0.0152485084122124,0
23.1 sec,0.0152485084122124,0
23.101 sec,0.0152485084122124,0
23.102 sec,0.0152169762160309,0
23.103 sec,0.0152485084122124,0
23.104 sec,0.0152800416514579,0
23.105 sec,0.0153115759335591,0
23.106 sec,0.0153115759335591,0
23.107 sec,0.0152800416514579,0
23.108 sec,0.0152800416514579,0
23.109 sec,0.0152485084122124,0
23.11 sec,0.0152800416514579,0
23.111 sec,0.0152485084122124,0
23.112 sec,0.0152485084122124,0
23.113 sec,0.0152485084122124,0
23.114 sec,0.0152169762160309,0
23.115 sec,0.0152485084122124,0
23.116 sec,0.0152485084122124,0
23.117 sec,0.0152800416514579,0
23.118 sec,0.0152800416514579,0
23.119 sec,0.0152800416514579,0
23.12 sec,0.0152485084122124,0
23.121 sec,0.0152800416514579,0
23.122 sec,0.0152485084122124,0
23.123 sec,0.0152485084122124,0
23.124 sec,0.0152169762160309,0
23.125 sec,0.0152169762160309,0
23.126 sec,0.0152169762160309,0
23.127 sec,0.0152485084122124,0
23.128 sec,0.0152800416514579,0
23.129 sec,0.0152800416514579,0
23.13 sec,0.0152169762160309,0
23.131 sec,0.0152485084122124,0
23.132 sec,0.0152169762160309,0
23.133 sec,0.0152485084122124,0
23.134 sec,0.0152800416514579,0
23.135 sec,0.0152485084122124,0
23.136 sec,0.0152800416514579,0
23.137 sec,0.0152485084122124,0
23.138 sec,0.0152800416514579,0
23.139 sec,0.0152485084122124,0
23.14 sec,0.0152800416514579,0
23.141 sec,0.0152800416514579,0
23.142 sec,0.0152800416514579,0
23.143 sec,0.0152800416514579,0
23.144 sec,0.0152800416514579,0
23.145 sec,0.0153115759335591,0
23.146 sec,0.0153115759335591,0
23.147 sec,0.0153115759335591,0
23.148 sec,0.0152800416514579,0
23.149 sec,0.0152485084122124,0
23.15 sec,0.0152800416514579,0
23.151 sec,0.0153115759335591,0
23.152 sec,0.0153115759335591,0
23.153 sec,0.0153115759335591,0
23.154 sec,0.0152485084122124,0
23.155 sec,0.0152800416514579,0
23.156 sec,0.0152800416514579,0
23.157 sec,0.0152800416514579,0
23.158 sec,0.0152800416514579,0
23.159 sec,0.0152485084122124,0
23.16 sec,0.0152485084122124,0
23.161 sec,0.0152800416514579,0
23.162 sec,0.0153115759335591,0
23.163 sec,0.0153115759335591,0
23.164 sec,0.0152800416514579,0
23.165 sec,0.0152800416514579,0
23.166 sec,0.0152485084122124,0
23.167 sec,0.0152485084122124,0
23.168 sec,0.0152485084122124,0
23.169 sec,0.0152485084122124,0
23.17 sec,0.0152800416514579,0
23.171 sec,0.0152800416514579,0
23.172 sec,0.0152800416514579,0
23.173 sec,0.0152800416514579,0
23.174 sec,0.0152800416514579,0
23.175 sec,0.0152800416514579,0
23.176 sec,0.0152800416514579,0
23.177 sec,0.0152169762160309,0
23.178 sec,0.0152485084122124,0
23.179 sec,0.0152485084122124,0
23.18 sec,0.0152485084122124,0
23.181 sec,0.0152800416514579,0
23.182 sec,0.0152485084122124,0
23.183 sec,0.0152169762160309,0
23.184 sec,0.0152800416514579,0
23.185 sec,0.0152169762160309,0
23.186 sec,0.0152800416514579,0
23.187 sec,0.0152485084122124,0
23.188 sec,0.0152800416514579,0
23.189 sec,0.0152485084122124,0
23.19 sec,0.0152169762160309,0
23.191 sec,0.0152485084122124,0
23.192 sec,0.0152485084122124,0
23.193 sec,0.0152800416514579,0
23.194 sec,0.0152800416514579,0
23.195 sec,0.0152800416514579,0
23.196 sec,0.0152800416514579,0
23.197 sec,0.0152485084122124,0
23.198 sec,0.0152485084122124,0
23.199 sec,0.0152485084122124,0
23.2 sec,0.0152485084122124,0
23.201 sec,0.0152485084122124,0
23.202 sec,0.0152485084122124,0
23.203 sec,0.0152169762160309,0
23.204 sec,0.0152169762160309,0
23.205 sec,0.0152485084122124,0
23.206 sec,0.0152169762160309,0
23.207 sec,0.0152169762160309,0
23.208 sec,0.0152169762160309,0
23.209 sec,0.015153914953692,0
23.21 sec,0.015153914953692,0
23.211 sec,0.015153914953692,0
23.212 sec,0.0152169762160309,0
23.213 sec,0.015153914953692,0
23.214 sec,0.0152169762160309,0
23.215 sec,0.015153914953692,0
23.216 sec,0.015153914953692,0
23.217 sec,0.0152169762160309,0
23.218 sec,0.0152800416514579,0
23.219 sec,0.0152800416514579,0
23.22 sec,0.0153115759335591,0
23.221 sec,0.0152800416514579,0
23.222 sec,0.0152800416514579,0
23.223 sec,0.0152485084122124,0
23.224 sec,0.0152485084122124,0
23.225 sec,0.0152800416514579,0
23.226 sec,0.0152800416514579,0
23.227 sec,0.0152485084122124,0
23.228 sec,0.0152169762160309,0
23.229 sec,0.0152485084122124,0
23.23 sec,0.0152485084122124,0
23.231 sec,0.0152485084122124,0
23.232 sec,0.0152485084122124,0
23.233 sec,0.0152485084122124,0
23.234 sec,0.0152800416514579,0
23.235 sec,0.0152800416514579,0
23.236 sec,0.0152800416514579,0
23.237 sec,0.0152485084122124,0
23.238 sec,0.0152485084122124,0
23.239 sec,0.0152169762160309,0
23.24 sec,0.0152485084122124,0
23.241 sec,0.0152485084122124,0
23.242 sec,0.0152485084122124,0
23.243 sec,0.0152485084122124,0
23.244 sec,0.0152169762160309,0
23.245 sec,0.0152485084122124,0
23.246 sec,0.0152485084122124,0
23.247 sec,0.0152800416514579,0
23.248 sec,0.0152485084122124,0
23.249 sec,0.0152800416514579,0
23.25 sec,0.0152485084122124,0
23.251 sec,0.0152485084122124,0
23.252 sec,0.0152800416514579,0
23.253 sec,0.0152485084122124,0
23.254 sec,0.0152485084122124,0
23.255 sec,0.0152485084122124,0
23.256 sec,0.0152800416514579,0
23.257 sec,0.0153115759335591,0
23.258 sec,0.0152800416514579,0
23.259 sec,0.0152800416514579,0
23.26 sec,0.0152485084122124,0
23.261 sec,0.0152169762160309,0
23.262 sec,0.0152485084122124,0
23.263 sec,0.0152169762160309,0
23.264 sec,0.0152485084122124,0
23.265 sec,0.0152485084122124,0
23.266 sec,0.0152169762160309,0
23.267 sec,0.0152485084122124,0
23.268 sec,0.0152485084122124,0
23.269 sec,0.0153115759335591,0
23.27 sec,0.0152800416514579,0
23.271 sec,0.0152800416514579,0
23.272 sec,0.0152800416514579,0
23.273 sec,0.0152800416514579,0
23.274 sec,0.0152800416514579,0
23.275 sec,0.0152485084122124,0
23.276 sec,0.0152800416514579,0
23.277 sec,0.0152485084122124,0
23.278 sec,0.015153914953692,0
23.279 sec,0.0152169762160309,0
23.28 sec,0.0152485084122124,0
23.281 sec,0.0152800416514579,0
23.282 sec,0.0152485084122124,0
23.283 sec,0.0152800416514579,0
23.284 sec,0.0152800416514579,0
23.285 sec,0.0152800416514579,0
23.286 sec,0.0152485084122124,0
23.287 sec,0.0152485084122124,0
23.288 sec,0.0152169762160309,0
23.289 sec,0.0152485084122124,0
23.29 sec,0.0152485084122124,0
23.291 sec,0.0152485084122124,0
23.292 sec,0.0152485084122124,0
23.293 sec,0.0152800416514579,0
23.294 sec,0.0152169762160309,0
23.295 sec,0.0152800416514579,0
23.296 sec,0.0152485084122124,0
23.297 sec,0.0153115759335591,0
23.298 sec,0.0152800416514579,0
23.299 sec,0.0152485084122124,0
23.3 sec,0.0152485084122124,0
23.301 sec,0.0152485084122124,0
23.302 sec,0.0152485084122124,0
23.303 sec,0.0152485084122124,0
23.304 sec,0.0152485084122124,0
23.305 sec,0.0153115759335591,0
23.306 sec,0.0152800416514579,0
23.307 sec,0.0152800416514579,0
23.308 sec,0.0152485084122124,0
23.309 sec,0.0152485084122124,0
23.31 sec,0.0152485084122124,0
23.311 sec,0.0152485084122124,0
23.312 sec,0.0152800416514579,0
23.313 sec,0.0152485084122124,0
23.314 sec,0.0152800416514579,0
23.315 sec,0.0152485084122124,0
23.316 sec,0.0152800416514579,0
23.317 sec,0.0153115759335591,0
23.318 sec,0.0152800416514579,0
23.319 sec,0.0153115759335591,0
23.32 sec,0.0152800416514579,0
23.321 sec,0.0153115759335591,0
23.322 sec,0.0152485084122124,0
23.323 sec,0.0152169762160309,0
23.324 sec,0.0152485084122124,0
23.325 sec,0.0152485084122124,0
23.326 sec,0.0152485084122124,0
23.327 sec,0.0152169762160309,0
23.328 sec,0.0152169762160309,0
23.329 sec,0.0152485084122124,0
23.33 sec,0.0152169762160309,0
23.331 sec,0.0152169762160309,0
23.332 sec,0.0152485084122124,0
23.333 sec,0.0152485084122124,0
23.334 sec,0.0152485084122124,0
23.335 sec,0.0152485084122124,0
23.336 sec,0.0152485084122124,0
23.337 sec,0.0152485084122124,0
23.338 sec,0.0152485084122124,0
23.339 sec,0.015153914953692,0
23.34 sec,0.0152169762160309,0
23.341 sec,0.0152169762160309,0
23.342 sec,0.0152169762160309,0
23.343 sec,0.015153914953692,0
23.344 sec,0.015153914953692,0
23.345 sec,0.0152169762160309,0
23.346 sec,0.0152169762160309,0
23.347 sec,0.0152485084122124,0
23.348 sec,0.0152169762160309,0
23.349 sec,0.0152169762160309,0
23.35 sec,0.0152169762160309,0
23.351 sec,0.0152169762160309,0
23.352 sec,0.0152485084122124,0
23.353 sec,0.0152485084122124,0
23.354 sec,0.0152485084122124,0
23.355 sec,0.0152485084122124,0
23.356 sec,0.0152485084122124,0
23.357 sec,0.0152485084122124,0
23.358 sec,0.0152169762160309,0
23.359 sec,0.0152485084122124,0
23.36 sec,0.0152800416514579,0
23.361 sec,0.0152485084122124,0
23.362 sec,0.0152485084122124,0
23.363 sec,0.0152485084122124,0
23.364 sec,0.0152800416514579,0
23.365 sec,0.0152800416514579,0
23.366 sec,0.0152485084122124,0
23.367 sec,0.0152169762160309,0
23.368 sec,0.0152169762160309,0
23.369 sec,0.0152169762160309,0
23.37 sec,0.0152485084122124,0
23.371 sec,0.0152485084122124,0
23.372 sec,0.0153115759335591,0
23.373 sec,0.0153115759335591,0
23.374 sec,0.0153115759335591,0
23.375 sec,0.0153115759335591,0
23.376 sec,0.0153115759335591,0
23.377 sec,0.0152800416514579,0
23.378 sec,0.0153115759335591,0
23.379 sec,0.0153115759335591,0
23.38 sec,0.0153115759335591,0
23.381 sec,0.0152485084122124,0
23.382 sec,0.0152485084122124,0
23.383 sec,0.0152169762160309,0
23.384 sec,0.0152169762160309,0
23.385 sec,0.0152169762160309,0
23.386 sec,0.0152169762160309,0
23.387 sec,0.015153914953692,0
23.388 sec,0.0152169762160309,0
23.389 sec,0.0152169762160309,0
23.39 sec,0.0152800416514579,0
23.391 sec,0.0152169762160309,0
23.392 sec,0.0152485084122124,0
23.393 sec,0.0152169762160309,0
23.394 sec,0.0152485084122124,0
23.395 sec,0.0152485084122124,0
23.396 sec,0.0152800416514579,0
23.397 sec,0.0152485084122124,0
23.398 sec,0.0152485084122124,0
23.399 sec,0.0152169762160309,0
23.4 sec,0.0152169762160309,0
23.401 sec,0.0152485084122124,0
23.402 sec,0.0152800416514579,0
23.403 sec,0.0152800416514579,0
23.404 sec,0.0152800416514579,0
23.405 sec,0.0152800416514579,0
23.406 sec,0.0152800416514579,0
23.407 sec,0.0152800416514579,0
23.408 sec,0.0152800416514579,0
23.409 sec,0.0152485084122124,0
23.41 sec,0.0152485084122124,0
23.411 sec,0.0152800416514579,0
23.412 sec,0.0152485084122124,0
23.413 sec,0.0152800416514579,0
23.414 sec,0.0152485084122124,0
23.415 sec,0.0152485084122124,0
23.416 sec,0.0152485084122124,0
23.417 sec,0.0152169762160309,0
23.418 sec,0.0152485084122124,0
23.419 sec,0.0152485084122124,0
23.42 sec,0.0152485084122124,0
23.421 sec,0.0152485084122124,0
23.422 sec,0.0152485084122124,0
23.423 sec,0.0152800416514579,0
23.424 sec,0.0153115759335591,0
23.425 sec,0.015343111258308,0
23.426 sec,0.0153115759335591,0
23.427 sec,0.0152800416514579,0
23.428 sec,0.0152485084122124,0
23.429 sec,0.0152485084122124,0
23.43 sec,0.0152800416514579,0
23.431 sec,0.0152800416514579,0
23.432 sec,0.0152800416514579,0
23.433 sec,0.0152800416514579,0
23.434 sec,0.0152169762160309,0
23.435 sec,0.0152169762160309,0
23.436 sec,0.0152485084122124,0
23.437 sec,0.0152800416514579,0
23.438 sec,0.0152800416514579,0
23.439 sec,0.0152800416514579,0
23.44 sec,0.0152485084122124,0
23.441 sec,0.0152485084122124,0
23.442 sec,0.0152800416514579,0
23.443 sec,0.0152800416514579,0
23.444 sec,0.0152485084122124,0
23.445 sec,0.0152485084122124,0
23.446 sec,0.0152800416514579,0
23.447 sec,0.0152485084122124,0
23.448 sec,0.0152485084122124,0
23.449 sec,0.0152169762160309,0
23.45 sec,0.0152169762160309,0
23.451 sec,0.0152485084122124,0
23.452 sec,0.0152800416514579,0
23.453 sec,0.0153115759335591,0
23.454 sec,0.0152800416514579,0
23.455 sec,0.0152169762160309,0
23.456 sec,0.0152169762160309,0
23.457 sec,0.0152485084122124,0
23.458 sec,0.0153115759335591,0
23.459 sec,0.015343111258308,0
23.46 sec,0.0153115759335591,0
23.461 sec,0.0152800416514579,0
23.462 sec,0.0152485084122124,0
23.463 sec,0.0152485084122124,0
23.464 sec,0.0153115759335591,0
23.465 sec,0.0153115759335591,0
23.466 sec,0.0152800416514579,0
23.467 sec,0.0153115759335591,0
23.468 sec,0.0152800416514579,0
23.469 sec,0.0152800416514579,0
23.47 sec,0.0152169762160309,0
23.471 sec,0.0152169762160309,0
23.472 sec,0.015153914953692,0
23.473 sec,0.0152485084122124,0
23.474 sec,0.0152800416514579,0
23.475 sec,0.0152800416514579,0
23.476 sec,0.0152485084122124,0
23.477 sec,0.0152169762160309,0
23.478 sec,0.0152169762160309,0
23.479 sec,0.0152169762160309,0
23.48 sec,0.0152169762160309,0
23.481 sec,0.0152485084122124,0
23.482 sec,0.0152485084122124,0
23.483 sec,0.0152800416514579,0
23.484 sec,0.0152800416514579,0
23.485 sec,0.0152800416514579,0
23.486 sec,0.0152485084122124,0
23.487 sec,0.0152169762160309,0
23.488 sec,0.0152800416514579,0
23.489 sec,0.0152485084122124,0
23.49 sec,0.0152169762160309,0
23.491 sec,0.0152169762160309,0
23.492 sec,0.0152169762160309,0
23.493 sec,0.0152169762160309,0
23.494 sec,0.0152485084122124,0
23.495 sec,0.0152169762160309,0
23.496 sec,0.0152485084122124,0
23.497 sec,0.0152169762160309,0
23.498 sec,0.015153914953692,0
23.499 sec,0.015153914953692,0
23.5 sec,0.0152485084122124,0
23.501 sec,0.0152485084122124,0
23.502 sec,0.0152800416514579,0
23.503 sec,0.0152485084122124,0
23.504 sec,0.0152485084122124,0
23.505 sec,0.0152800416514579,0
23.506 sec,0.0152800416514579,0
23.507 sec,0.0152800416514579,0
23.508 sec,0.0152485084122124,0
23.509 sec,0.0152485084122124,0
23.51 sec,0.0152485084122124,0
23.511 sec,0.0152485084122124,0
23.512 sec,0.0152169762160309,0
23.513 sec,0.015153914953692,0
23.514 sec,0.0152169762160309,0
23.515 sec,0.0152485084122124,0
23.516 sec,0.0152485084122124,0
23.517 sec,0.0152800416514579,0
23.518 sec,0.0152485084122124,0
23.519 sec,0.0152169762160309,0
23.52 sec,0.0152485084122124,0
23.521 sec,0.0152169762160309,0
23.522 sec,0.0152169762160309,0
23.523 sec,0.0152485084122124,0
23.524 sec,0.0152485084122124,0
23.525 sec,0.0152800416514579,0
23.526 sec,0.0152485084122124,0
23.527 sec,0.0152800416514579,0
23.528 sec,0.0152485084122124,0
23.529 sec,0.0152800416514579,0
23.53 sec,0.0153115759335591,0
23.531 sec,0.0153115759335591,0
23.532 sec,0.0153115759335591,0
23.533 sec,0.0153115759335591,0
23.534 sec,0.0152485084122124,0
23.535 sec,0.0152169762160309,0
23.536 sec,0.0152169762160309,0
23.537 sec,0.0152169762160309,0
23.538 sec,0.0152485084122124,0
23.539 sec,0.0152800416514579,0
23.54 sec,0.0152800416514579,0
23.541 sec,0.0152485084122124,0
23.542 sec,0.0152485084122124,0
23.543 sec,0.0152800416514579,0
23.544 sec,0.0153115759335591,0
23.545 sec,0.0153115759335591,0
23.546 sec,0.0152800416514579,0
23.547 sec,0.0152800416514579,0
23.548 sec,0.0152800416514579,0
23.549 sec,0.0152800416514579,0
23.55 sec,0.0152485084122124,0
23.551 sec,0.0152485084122124,0
23.552 sec,0.0152169762160309,0
23.553 sec,0.0152169762160309,0
23.554 sec,0.0152800416514579,0
23.555 sec,0.0152800416514579,0
23.556 sec,0.0152800416514579,0
23.557 sec,0.0152485084122124,0
23.558 sec,0.0152485084122124,0
23.559 sec,0.0152485084122124,0
23.56 sec,0.0152485084122124,0
23.561 sec,0.0152485084122124,0
23.562 sec,0.0152169762160309,0
23.563 sec,0.0152169762160309,0
23.564 sec,0.015153914953692,0
23.565 sec,0.0152169762160309,0
23.566 sec,0.0152485084122124,0
23.567 sec,0.0152485084122124,0
23.568 sec,0.0152485084122124,0
23.569 sec,0.0152169762160309,0
23.57 sec,0.0152485084122124,0
23.571 sec,0.0152485084122124,0
23.572 sec,0.0153115759335591,0
23.573 sec,0.0153115759335591,0
23.574 sec,0.0153115759335591,0
23.575 sec,0.0153115759335591,0
23.576 sec,0.0153115759335591,0
23.577 sec,0.0153115759335591,0
23.578 sec,0.0153115759335591,0
23.579 sec,0.0152800416514579,0
23.58 sec,0.0152800416514579,0
23.581 sec,0.0152800416514579,0
23.582 sec,0.0153115759335591,0
23.583 sec,0.0153115759335591,0
23.584 sec,0.0152800416514579,0
23.585 sec,0.0152800416514579,0
23.586 sec,0.0152485084122124,0
23.587 sec,0.0153115759335591,0
23.588 sec,0.0153115759335591,0
23.589 sec,0.0153115759335591,0
23.59 sec,0.015343111258308,0
23.591 sec,0.0153115759335591,0
23.592 sec,0.0152800416514579,0
23.593 sec,0.0152800416514579,0
23.594 sec,0.0153115759335591,0
23.595 sec,0.0152800416514579,0
23.596 sec,0.0152800416514579,0
23.597 sec,0.0152169762160309,0
23.598 sec,0.0152169762160309,0
23.599 sec,0.0152485084122124,0
23.6 sec,0.0152485084122124,0
23.601 sec,0.0152800416514579,0
23.602 sec,0.0152800416514579,0
23.603 sec,0.0153115759335591,0
23.604 sec,0.0152800416514579,0
23.605 sec,0.0152800416514579,0
23.606 sec,0.0152485084122124,0
23.607 sec,0.0152485084122124,0
23.608 sec,0.0152485084122124,0
23.609 sec,0.0152485084122124,0
23.61 sec,0.0152169762160309,0
23.611 sec,0.0152169762160309,0
23.612 sec,0.0152485084122124,0
23.613 sec,0.0152169762160309,0
23.614 sec,0.0152485084122124,0
23.615 sec,0.0152800416514579,0
23.616 sec,0.0152800416514579,0
23.617 sec,0.0153115759335591,0
23.618 sec,0.0152485084122124,0
23.619 sec,0.0152485084122124,0
23.62 sec,0.0152485084122124,0
23.621 sec,0.0152485084122124,0
23.622 sec,0.0152169762160309,0
23.623 sec,0.0152169762160309,0
23.624 sec,0.0152485084122124,0
23.625 sec,0.0152485084122124,0
23.626 sec,0.0152485084122124,0
23.627 sec,0.0152485084122124,0
23.628 sec,0.0152169762160309,0
23.629 sec,0.015153914953692,0
23.63 sec,0.0152169762160309,0
23.631 sec,0.0152169762160309,0
23.632 sec,0.0152169762160309,0
23.633 sec,0.0152485084122124,0
23.634 sec,0.0152485084122124,0
23.635 sec,0.0152485084122124,0
23.636 sec,0.0152485084122124,0
23.637 sec,0.015153914953692,0
23.638 sec,0.0152169762160309,0
23.639 sec,0.015153914953692,0
23.64 sec,0.0152169762160309,0
23.641 sec,0.0152169762160309,0
23.642 sec,0.0152485084122124,0
23.643 sec,0.0152800416514579,0
23.644 sec,0.0153115759335591,-0.575863678804855
23.645 sec,0.0153115759335591,-1
23.646 sec,0.0152800416514579,-1
23.647 sec,0.0153115759335591,-1
23.648 sec,0.0153115759335591,-1
23.649 sec,0.0153115759335591,-1
23.65 sec,0.0152800416514579,-1
23.651 sec,0.0152800416514579,-1
23.652 sec,0.0152800416514579,-1
23.653 sec,0.0152800416514579,-1
23.654 sec,0.0153115759335591,-1
23.655 sec,0.015343111258308,-1
23.656 sec,0.0152800416514579,-1
23.657 sec,0.0152800416514579,-1
23.658 sec,0.0152485084122124,-1
23.659 sec,0.0152485084122124,-1
23.66 sec,0.0152800416514579,-1
23.661 sec,0.0152800416514579,-1
23.662 sec,0.0152800416514579,-1
23.663 sec,0.0153115759335591,-1
23.664 sec,0.0152485084122124,-1
23.665 sec,0.0152485084122124,-1
23.666 sec,0.0152800416514579,-1
23.667 sec,0.0152800416514579,-1
23.668 sec,0.0152800416514579,-1
23.669 sec,0.0152800416514579,-1
23.67 sec,0.0152485084122124,-1
23.671 sec,0.0152485084122124,-1
23.672 sec,0.0152169762160309,-1
23.673 sec,0.0152485084122124,-1
23.674 sec,0.0152800416514579,-1
23.675 sec,0.0152800416514579,-1
23.676 sec,0.0153115759335591,-1
23.677 sec,0.0152800416514579,-1
23.678 sec,0.0152800416514579,-1
23.679 sec,0.0152800416514579,-1
23.68 sec,0.0152800416514579,-1
23.681 sec,0.0152800416514579,-1
23.682 sec,0.0152800416514579,-1
23.683 sec,0.0152800416514579,-1
23.684 sec,0.0152169762160309,-1
23.685 sec,0.0152169762160309,-1
23.686 sec,0.0152169762160309,-1
23.687 sec,0.0152169762160309,-1
23.688 sec,0.0152800416514579,-1
23.689 sec,0.0152800416514579,-1
23.69 sec,0.0152800416514579,-1
23.691 sec,0.0153115759335591,-1
23.692 sec,0.0152800416514579,-1
23.693 sec,0.0152485084122124,-1
23.694 sec,0.0152485084122124,-1
23.695 sec,0.0152169762160309,-1
23.696 sec,0.015153914953692,-1
23.697 sec,0.0152169762160309,-1
23.698 sec,0.0152800416514579,-1
23.699 sec,0.0153115759335591,-1
23.7 sec,0.0153115759335591,-1
23.701 sec,0.0153115759335591,-1
23.702 sec,0.0152800416514579,-1
23.703 sec,0.0153115759335591,-1
23.704 sec,0.015343111258308,-1
23.705 sec,0.0153746476254965,-1
23.706 sec,0.0153746476254965,-1
23.707 sec,0.015343111258308,-1
23.708 sec,0.015343111258308,-1
23.709 sec,0.0153115759335591,-1
23.71 sec,0.0152485084122124,-1
23.711 sec,0.0152485084122124,-1
23.712 sec,0.0152485084122124,-1
23.713 sec,0.0152800416514579,-1
23.714 sec,0.0152800416514579,-1
23.715 sec,0.0153115759335591,-1
23.716 sec,0.0152800416514579,-1
23.717 sec,0.0152800416514579,-1
23.718 sec,0.0152800416514579,-1
23.719 sec,0.0152800416514579,-1
23.72 sec,0.0153115759335591,-1
23.721 sec,0.0153115759335591,-1
23.722 sec,0.0153115759335591,-1
23.723 sec,0.0152485084122124,-1
23.724 sec,0.0152800416514579,-1
23.725 sec,0.0152485084122124,-1
23.726 sec,0.0152800416514579,-1
23.727 sec,0.0152800416514579,-1
23.728 sec,0.0152800416514579,-1
23.729 sec,0.0153115759335591,-1
23.73 sec,0.0152800416514579,-1
23.731 sec,0.0152800416514579,-1
23.732 sec,0.0152800416514579,-1
23.733 sec,0.0152800416514579,-1
23.734 sec,0.0152800416514579,-1
23.735 sec,0.0152800416514579,-1
23.736 sec,0.0152800416514579,-1
23.737 sec,0.0152800416514579,-1
23.738 sec,0.0152485084122124,-1
23.739 sec,0.0152485084122124,-1
23.74 sec,0.0152485084122124,-1
23.741 sec,0.0152485084122124,-1
23.742 sec,0.0152800416514579,-1
23.743 sec,0.0153115759335591,-1
23.744 sec,0.0152800416514579,-1
23.745 sec,0.0152800416514579,-1
23.746 sec,0.0153115759335591,-1
23.747 sec,0.0152800416514579,-1
23.748 sec,0.0153115759335591,-1
23.749 sec,0.0153115759335591,-1
23.75 sec,0.0152485084122124,-1
23.751 sec,0.0152485084122124,-1
23.752 sec,0.0152800416514579,-1
23.753 sec,0.0152800416514579,-1
23.754 sec,0.0153115759335591,-1
23.755 sec,0.0153115759335591,-1
23.756 sec,0.0153115759335591,-1
23.757 sec,0.0152800416514579,-1
23.758 sec,0.0153115759335591,-1
23.759 sec,0.0152800416514579,-1
23.76 sec,0.0152800416514579,-1
23.761 sec,0.0152485084122124,-1
23.762 sec,0.0152169762160309,-1
23.763 sec,0.0152485084122124,-1
23.764 sec,0.0152485084122124,-1
23.765 sec,0.0153115759335591,-1
23.766 sec,0.0152800416514579,-1
23.767 sec,0.0153115759335591,-1
23.768 sec,0.0152800416514579,-1
23.769 sec,0.0152485084122124,-1
23.77 sec,0.0152800416514579,-1
23.771 sec,0.0153115759335591,-1
23.772 sec,0.0153115759335591,-1
23.773 sec,0.0153115759335591,-1
23.774 sec,0.0153115759335591,-1
23.775 sec,0.0152800416514579,-1
23.776 sec,0.0152800416514579,-1
23.777 sec,0.0152800416514579,-1
23.778 sec,0.0152800416514579,-1
23.779 sec,0.0152485084122124,-1
23.78 sec,0.0152800416514579,-1
23.781 sec,0.0152800416514579,-1
23.782 sec,0.0153115759335591,-1
23.783 sec,0.0153115759335591,-1
23.784 sec,0.0152800416514579,-1
23.785 sec,0.0152800416514579,-1
23.786 sec,0.0152485084122124,-1
23.787 sec,0.0152800416514579,-1
23.788 sec,0.0152800416514579,-1
23.789 sec,0.0153115759335591,-1
23.79 sec,0.0152800416514579,-1
23.791 sec,0.0153115759335591,-1
23.792 sec,0.0153115759335591,-1
23.793 sec,0.0153115759335591,-1
23.794 sec,0.0153115759335591,-1
23.795 sec,0.0153115759335591,-1
23.796 sec,0.015343111258308,-1
23.797 sec,0.0153115759335591,-1
23.798 sec,0.0153115759335591,-1
23.799 sec,0.0153115759335591,-1
23.8 sec,0.0153115759335591,-1
23.801 sec,0.0152800416514579,-1
23.802 sec,0.0152485084122124,-1
23.803 sec,0.0152169762160309,-1
23.804 sec,0.0152485084122124,-1
23.805 sec,0.0152485084122124,-1
23.806 sec,0.0153115759335591,-1
23.807 sec,0.0153115759335591,-1
23.808 sec,0.0153115759335591,-1
23.809 sec,0.0153115759335591,-1
23.81 sec,0.0153115759335591,-1
23.811 sec,0.0152800416514579,-1
23.812 sec,0.0152485084122124,-1
23.813 sec,0.0152169762160309,-1
23.814 sec,0.0152485084122124,-1
23.815 sec,0.0152485084122124,-1
23.816 sec,0.0152800416514579,-1
23.817 sec,0.0152800416514579,-1
23.818 sec,0.0152485084122124,-1
23.819 sec,0.0152169762160309,-1
23.82 sec,0.0152485084122124,-1
23.821 sec,0.0152800416514579,-1
23.822 sec,0.0152800416514579,-1
23.823 sec,0.0153115759335591,-1
23.824 sec,0.0152800416514579,-1
23.825 sec,0.0152485084122124,-1
23.826 sec,0.0152485084122124,-1
23.827 sec,0.0152485084122124,-1
23.828 sec,0.0152485084122124,-1
23.829 sec,0.0152800416514579,-1
23.83 sec,0.0152485084122124,-1
23.831 sec,0.0153115759335591,-1
23.832 sec,0.0153115759335591,-1
23.833 sec,0.0152800416514579,-1
23.834 sec,0.0153115759335591,-1
23.835 sec,0.0153115759335591,-1
23.836 sec,0.0153115759335591,-1
23.837 sec,0.015343111258308,-1
23.838 sec,0.0153115759335591,-1
23.839 sec,0.0153115759335591,-1
23.84 sec,0.0153115759335591,-1
23.841 sec,0.0152800416514579,-1
23.842 sec,0.0153115759335591,-1
23.843 sec,0.0152800416514579,-1
23.844 sec,0.0153115759335591,-1
23.845 sec,0.0152800416514579,-1
23.846 sec,0.0152485084122124,-1
23.847 sec,0.0152485084122124,-1
23.848 sec,0.0152169762160309,-1
23.849 sec,0.0152800416514579,-1
23.85 sec,0.0152485084122124,-1
23.851 sec,0.0152800416514579,-1
23.852 sec,0.0152800416514579,-1
23.853 sec,0.0152800416514579,-1
23.854 sec,0.0152800416514579,-1
23.855 sec,0.0152485084122124,-1
23.856 sec,0.0152485084122124,-1
23.857 sec,0.0152169762160309,-1
23.858 sec,0.0152485084122124,-1
23.859 sec,0.0152800416514579,-1
23.86 sec,0.0152800416514579,-1
23.861 sec,0.0152800416514579,-1
23.862 sec,0.0152800416514579,-1
23.863 sec,0.0152485084122124,-1
23.864 sec,0.0152800416514579,-1
23.865 sec,0.0153115759335591,-1
23.866 sec,0.015343111258308,-1
23.867 sec,0.015343111258308,-1
23.868 sec,0.0153115759335591,-1
23.869 sec,0.0152800416514579,-1
23.87 sec,0.0152485084122124,-1
23.871 sec,0.0152485084122124,-1
23.872 sec,0.0152800416514579,-1
23.873 sec,0.0153115759335591,-1
23.874 sec,0.0152485084122124,-1
23.875 sec,0.0152485084122124,-1
23.876 sec,0.0152800416514579,-1
23.877 sec,0.0153115759335591,-1
23.878 sec,0.015343111258308,-1
23.879 sec,0.015343111258308,-1
23.88 sec,0.0153115759335591,-1
23.881 sec,0.0153115759335591,-1
23.882 sec,0.0153115759335591,-1
23.883 sec,0.0152800416514579,-1
23.884 sec,0.0152800416514579,-1
23.885 sec,0.0153115759335591,-1
23.886 sec,0.0152485084122124,-1
23.887 sec,0.0152800416514579,-1
23.888 sec,0.0153115759335591,-1
23.889 sec,0.0153115759335591,-1
23.89 sec,0.0153115759335591,-1
23.891 sec,0.0153115759335591,-1
23.892 sec,0.0152800416514579,-1
23.893 sec,0.0152800416514579,-1
23.894 sec,0.0152800416514579,-1
23.895 sec,0.0152800416514579,-1
23.896 sec,0.0152485084122124,-1
23.897 sec,0.0152485084122124,-1
23.898 sec,0.0152800416514579,-1
23.899 sec,0.0152800416514579,-1
23.9 sec,0.0152800416514579,-1
23.901 sec,0.0152485084122124,-1
23.902 sec,0.0152169762160309,-1
23.903 sec,0.0152169762160309,-1
23.904 sec,0.0152485084122124,-1
23.905 sec,0.0152485084122124,-1
23.906 sec,0.0152485084122124,-1
23.907 sec,0.0152800416514579,-1
23.908 sec,0.0152800416514579,-1
23.909 sec,0.0152485084122124,-1
23.91 sec,0.0152485084122124,-1
23.911 sec,0.0152169762160309,-1
23.912 sec,0.0152485084122124,-1
23.913 sec,0.0152485084122124,-1
23.914 sec,0.0152800416514579,-1
23.915 sec,0.0152485084122124,-1
23.916 sec,0.0152485084122124,-1
23.917 sec,0.0152485084122124,-1
23.918 sec,0.0152485084122124,-1
23.919 sec,0.0152485084122124,-1
23.92 sec,0.0153115759335591,-1
23.921 sec,0.0153115759335591,-1
23.922 sec,0.0153115759335591,-1
23.923 sec,0.0152800416514579,-1
23.924 sec,0.0152800416514579,-1
23.925 sec,0.0152800416514579,-1
23.926 sec,0.0153115759335591,-1
23.927 sec,0.0152485084122124,-1
23.928 sec,0.0152485084122124,-1
23.929 sec,0.0152169762160309,-1
23.93 sec,0.0152485084122124,-1
23.931 sec,0.0153115759335591,-1
23.932 sec,0.0153746476254965,-1
23.933 sec,0.015343111258308,-1
23.934 sec,0.0153115759335591,-1
23.935 sec,0.0152800416514579,-1
23.936 sec,0.0153115759335591,-1
23.937 sec,0.0153115759335591,-1
23.938 sec,0.0153115759335591,-1
23.939 sec,0.0153115759335591,-1
23.94 sec,0.0152800416514579,-1
23.941 sec,0.0152800416514579,-1
23.942 sec,0.0152800416514579,-1
23.943 sec,0.0152485084122124,-1
23.944 sec,0.0152485084122124,-1
23.945 sec,0.0152485084122124,-1
23.946 sec,0.0152485084122124,-1
23.947 sec,0.0152169762160309,-1
23.948 sec,0.0152169762160309,-1
23.949 sec,0.0152485084122124,-1
23.95 sec,0.0153115759335591,-1
23.951 sec,0.0153115759335591,-1
23.952 sec,0.0152800416514579,-1
23.953 sec,0.0152485084122124,-1
23.954 sec,0.0152485084122124,-1
23.955 sec,0.0152169762160309,-1
23.956 sec,0.0152485084122124,-1
23.957 sec,0.0152169762160309,-1
23.958 sec,0.0152485084122124,-1
23.959 sec,0.0152485084122124,-1
23.96 sec,0.0152485084122124,-1
23.961 sec,0.0152800416514579,-1
23.962 sec,0.0152800416514579,-1
23.963 sec,0.0152800416514579,-1
23.964 sec,0.0152485084122124,-1
23.965 sec,0.0152800416514579,-1
23.966 sec,0.0152800416514579,-1
23.967 sec,0.0153115759335591,-1
23.968 sec,0.015343111258308,-1
23.969 sec,0.015343111258308,-1
23.97 sec,0.015343111258308,-1
23.971 sec,0.0153115759335591,-1
23.972 sec,0.0153115759335591,-1
23.973 sec,0.0153115759335591,-1
23.974 sec,0.0152800416514579,-1
23.975 sec,0.0152800416514579,-1
23.976 sec,0.0152485084122124,-1
23.977 sec,0.0152800416514579,-1
23.978 sec,0.0152800416514579,-1
23.979 sec,0.0152800416514579,-1
23.98 sec,0.0153115759335591,-1
23.981 sec,0.0153115759335591,-1
23.982 sec,0.0153115759335591,-1
23.983 sec,0.0153115759335591,-1
23.984 sec,0.0153115759335591,-1
23.985 sec,0.0153115759335591,-1
23.986 sec,0.0152800416514579,-1
23.987 sec,0.0152485084122124,-1
23.988 sec,0.0152485084122124,-1
23.989 sec,0.0152800416514579,-1
23.99 sec,0.0153115759335591,-1
23.991 sec,0.015343111258308,-1
23.992 sec,0.015343111258308,-1
23.993 sec,0.015343111258308,-1
23.994 sec,0.0152800416514579,-1
23.995 sec,0.0152800416514579,-1
23.996 sec,0.0153115759335591,-1
23.997 sec,0.015343111258308,-1
23.998 sec,0.0153115759335591,-1
23.999 sec,0.0152800416514579,-1
24 sec,0.0152800416514579,-1
24.001 sec,0.0152800416514579,-1
24.002 sec,0.0152800416514579,-1
24.003 sec,0.0152485084122124,-1
24.004 sec,0.0152485084122124,-1
24.005 sec,0.0152485084122124,-1
24.006 sec,0.0152485084122124,-1
24.007 sec,0.0152800416514579,-1
24.008 sec,0.0152800416514579,-1
24.009 sec,0.0152800416514579,-1
24.01 sec,0.0152485084122124,-1
24.011 sec,0.0152485084122124,-1
24.012 sec,0.0152800416514579,-1
24.013 sec,0.0152800416514579,-1
24.014 sec,0.0152800416514579,-1
24.015 sec,0.0152800416514579,-1
24.016 sec,0.0152800416514579,-1
24.017 sec,0.0153115759335591,-1
24.018 sec,0.0152800416514579,-1
24.019 sec,0.0152485084122124,-1
24.02 sec,0.0152485084122124,-1
24.021 sec,0.0152800416514579,-1
24.022 sec,0.0153115759335591,-1
24.023 sec,0.0153115759335591,-1
24.024 sec,0.0152800416514579,-1
24.025 sec,0.0152800416514579,-1
24.026 sec,0.0152800416514579,-1
24.027 sec,0.0152485084122124,-1
24.028 sec,0.0152485084122124,-1
24.029 sec,0.0152800416514579,-1
24.03 sec,0.0152800416514579,-1
24.031 sec,0.0152800416514579,-1
24.032 sec,0.0152485084122124,-1
24.033 sec,0.0152485084122124,-1
24.034 sec,0.0152485084122124,-1
24.035 sec,0.0152800416514579,-1
24.036 sec,0.0153115759335591,-1
24.037 sec,0.015343111258308,-1
24.038 sec,0.0153115759335591,-1
24.039 sec,0.015343111258308,-1
24.04 sec,0.015343111258308,-1
24.041 sec,0.015343111258308,-1
24.042 sec,0.0153115759335591,-1
24.043 sec,0.0152485084122124,-1
24.044 sec,0.0152485084122124,-1
24.045 sec,0.0152485084122124,-1
24.046 sec,0.0153115759335591,-1
24.047 sec,0.0152800416514579,-1
24.048 sec,0.0152800416514579,-1
24.049 sec,0.0152169762160309,-1
24.05 sec,0.0152169762160309,-1
24.051 sec,0.0152485084122124,-1
24.052 sec,0.0152485084122124,-1
24.053 sec,0.0152800416514579,-1
24.054 sec,0.0152485084122124,-1
24.055 sec,0.0152800416514579,-1
24.056 sec,0.0153115759335591,-1
24.057 sec,0.0152800416514579,-1
24.058 sec,0.0153115759335591,-1
24.059 sec,0.0153115759335591,-1
24.06 sec,0.0153115759335591,-1
24.061 sec,0.0153115759335591,-1
24.062 sec,0.0153115759335591,-1
24.063 sec,0.015343111258308,-1
24.064 sec,0.0153115759335591,-1
24.065 sec,0.0153115759335591,-1
24.066 sec,0.0152800416514579,-1
24.067 sec,0.0152800416514579,-1
24.068 sec,0.0153115759335591,-1
24.069 sec,0.015343111258308,-1
24.07 sec,0.015343111258308,-1
24.071 sec,0.0153115759335591,-1
24.072 sec,0.0153115759335591,-1
24.073 sec,0.0153115759335591,-1
24.074 sec,0.0153115759335591,-1
24.075 sec,0.0152800416514579,-1
24.076 sec,0.0152800416514579,-1
24.077 sec,0.0153115759335591,-1
24.078 sec,0.015343111258308,-1
24.079 sec,0.015343111258308,-1
24.08 sec,0.0153115759335591,-1
24.081 sec,0.0152800416514579,-1
24.082 sec,0.0152800416514579,-1
24.083 sec,0.0153115759335591,-1
24.084 sec,0.015343111258308,-1
24.085 sec,0.0153115759335591,-1
24.086 sec,0.0153115759335591,-1
24.087 sec,0.0152800416514579,-1
24.088 sec,0.0152485084122124,-1
24.089 sec,0.0152485084122124,-1
24.09 sec,0.0152485084122124,-1
24.091 sec,0.0152800416514579,-1
24.092 sec,0.0152485084122124,-1
24.093 sec,0.0152485084122124,-1
24.094 sec,0.0152800416514579,-1
24.095 sec,0.0152800416514579,-1
24.096 sec,0.0152800416514579,-1
24.097 sec,0.0152800416514579,-1
24.098 sec,0.0152800416514579,-1
24.099 sec,0.0152800416514579,-1
24.1 sec,0.0152485084122124,-1
24.101 sec,0.0152485084122124,-1
24.102 sec,0.0152485084122124,-1
24.103 sec,0.0153115759335591,-1
24.104 sec,0.0152800416514579,-1
24.105 sec,0.0152485084122124,-1
24.106 sec,0.0152485084122124,-1
24.107 sec,0.0152800416514579,-1
24.108 sec,0.0152800416514579,-1
24.109 sec,0.0152485084122124,-1
24.11 sec,0.0152800416514579,-1
24.111 sec,0.0152800416514579,-1
24.112 sec,0.0152800416514579,-1
24.113 sec,0.0153115759335591,-1
24.114 sec,0.0152800416514579,-1
24.115 sec,0.0152800416514579,-1
24.116 sec,0.0152800416514579,-1
24.117 sec,0.0152485084122124,-1
24.118 sec,0.0153115759335591,-1
24.119 sec,0.0152800416514579,-1
24.12 sec,0.0152485084122124,-1
24.121 sec,0.0152485084122124,-1
24.122 sec,0.0152800416514579,-1
24.123 sec,0.0152800416514579,-1
24.124 sec,0.0152800416514579,-1
24.125 sec,0.0152800416514579,-1
24.126 sec,0.0152800416514579,-1
24.127 sec,0.0152485084122124,-1
24.128 sec,0.0152800416514579,-1
24.129 sec,0.0152800416514579,-1
24.13 sec,0.0153115759335591,-1
24.131 sec,0.015343111258308,-1
24.132 sec,0.0152800416514579,-1
24.133 sec,0.0152800416514579,-1
24.134 sec,0.0152485084122124,-1
24.135 sec,0.0152485084122124,-1
24.136 sec,0.0152800416514579,-1
24.137 sec,0.0152800416514579,-1
24.138 sec,0.0152800416514579,-1
24.139 sec,0.0152800416514579,-1
24.14 sec,0.0152800416514579,-1
24.141 sec,0.0152485084122124,-1
24.142 sec,0.0152485084122124,-1
24.143 sec,0.0152800416514579,-1
24.144 sec,0.0152800416514579,-1
24.145 sec,0.0152800416514579,-1
24.146 sec,0.0152485084122124,-1
24.147 sec,0.0152169762160309,-1
24.148 sec,0.0152800416514579,-1
24.149 sec,0.0152800416514579,-1
24.15 sec,0.0152485084122124,-1
24.151 sec,0.0152800416514579,-1
24.152 sec,0.0153115759335591,-1
24.153 sec,0.0153115759335591,-1
24.154 sec,0.0153115759335591,-1
24.155 sec,0.0152800416514579,-1
24.156 sec,0.0153115759335591,-1
24.157 sec,0.015343111258308,-1
24.158 sec,0.015343111258308,-1
24.159 sec,0.0153115759335591,-1
24.16 sec,0.0153115759335591,-1
24.161 sec,0.0153115759335591,-1
24.162 sec,0.0152800416514579,-1
24.163 sec,0.0152800416514579,-1
24.164 sec,0.0152485084122124,-1
24.165 sec,0.0152485084122124,-1
24.166 sec,0.0152485084122124,-1
24.167 sec,0.0152800416514579,-1
24.168 sec,0.0152800416514579,-1
24.169 sec,0.0152800416514579,-1
24.17 sec,0.0152800416514579,-1
24.171 sec,0.0153115759335591,-1
24.172 sec,0.0153115759335591,-1
24.173 sec,0.0153115759335591,-1
24.174 sec,0.0153115759335591,-1
24.175 sec,0.0152800416514579,-1
24.176 sec,0.0152800416514579,-1
24.177 sec,0.0152485084122124,-1
24.178 sec,0.0152800416514579,-1
24.179 sec,0.0152800416514579,-1
24.18 sec,0.015343111258308,-1
24.181 sec,0.0153115759335591,-1
24.182 sec,0.0153115759335591,-1
24.183 sec,0.0152800416514579,-1
24.184 sec,0.0152800416514579,-1
24.185 sec,0.0152800416514579,-1
24.186 sec,0.0152800416514579,-1
24.187 sec,0.0152485084122124,-1
24.188 sec,0.0152485084122124,-1
24.189 sec,0.0152485084122124,-1
24.19 sec,0.0152485084122124,-1
24.191 sec,0.0152800416514579,-1
24.192 sec,0.0152485084122124,-1
24.193 sec,0.0153115759335591,-1
24.194 sec,0.0152800416514579,-1
24.195 sec,0.0152800416514579,-1
24.196 sec,0.0153115759335591,-1
24.197 sec,0.0152800416514579,-1
24.198 sec,0.0153115759335591,-1
24.199 sec,0.0152800416514579,-1
24.2 sec,0.0152485084122124,-1
24.201 sec,0.0152800416514579,-1
24.202 sec,0.0152485084122124,-1
24.203 sec,0.0152485084122124,-1
24.204 sec,0.0152169762160309,-1
24.205 sec,0.0152169762160309,-1
24.206 sec,0.0152169762160309,-1
24.207 sec,0.0152485084122124,-1
24.208 sec,0.0152485084122124,-1
24.209 sec,0.0152800416514579,-1
24.21 sec,0.0152485084122124,-1
24.211 sec,0.0152485084122124,-1
24.212 sec,0.0152485084122124,-1
24.213 sec,0.0152800416514579,-1
24.214 sec,0.0153115759335591,-1
24.215 sec,0.0153115759335591,-1
24.216 sec,0.015343111258308,-1
24.217 sec,0.0153115759335591,-1
24.218 sec,0.0152800416514579,-1
24.219 sec,0.0152800416514579,-1
24.22 sec,0.0152800416514579,-1
24.221 sec,0.0152800416514579,-1
24.222 sec,0.0152800416514579,-1
24.223 sec,0.0152800416514579,-1
24.224 sec,0.0153115759335591,-1
24.225 sec,0.0153115759335591,-1
24.226 sec,0.0152800416514579,-1
24.227 sec,0.0152485084122124,-1
24.228 sec,0.0152485084122124,-1
24.229 sec,0.0152800416514579,-1
24.23 sec,0.0152800416514579,-1
24.231 sec,0.0153115759335591,-1
24.232 sec,0.0153115759335591,-1
24.233 sec,0.0153115759335591,-1
24.234 sec,0.0152800416514579,-1
24.235 sec,0.0152800416514579,-1
24.236 sec,0.0153115759335591,-1
24.237 sec,0.0153746476254965,-1
24.238 sec,0.0153746476254965,-1
24.239 sec,0.0153115759335591,-1
24.24 sec,0.0152800416514579,-1
24.241 sec,0.0152800416514579,-1
24.242 sec,0.0152800416514579,-1
24.243 sec,0.0153115759335591,-1
24.244 sec,0.0152800416514579,-1
24.245 sec,0.0153115759335591,-1
24.246 sec,0.0153115759335591,-1
24.247 sec,0.015343111258308,-1
24.248 sec,0.0152800416514579,-1
24.249 sec,0.0152485084122124,-1
24.25 sec,0.0152485084122124,-1
24.251 sec,0.0152485084122124,-1
24.252 sec,0.0152800416514579,-1
24.253 sec,0.0153115759335591,-1
24.254 sec,0.0152800416514579,-1
24.255 sec,0.0153115759335591,-1
24.256 sec,0.0152800416514579,-1
24.257 sec,0.0153115759335591,-1
24.258 sec,0.0153115759335591,-1
24.259 sec,0.0152800416514579,-1
24.26 sec,0.0152800416514579,-1
24.261 sec,0.0152485084122124,-1
24.262 sec,0.0152485084122124,-1
24.263 sec,0.0153115759335591,-1
24.264 sec,0.0152800416514579,-1
24.265 sec,0.0152800416514579,-1
24.266 sec,0.0153115759335591,-1
24.267 sec,0.0153115759335591,-1
24.268 sec,0.0153115759335591,-1
24.269 sec,0.0152800416514579,-1
24.27 sec,0.0153115759335591,-1
24.271 sec,0.0152800416514579,-1
24.272 sec,0.0152800416514579,-1
24.273 sec,0.0152485084122124,-1
24.274 sec,0.0152485084122124,-1
24.275 sec,0.0152800416514579,-1
24.276 sec,0.0152485084122124,-1
24.277 sec,0.0152800416514579,-1
24.278 sec,0.0152485084122124,-1
24.279 sec,0.0152800416514579,-1
24.28 sec,0.0152800416514579,-1
24.281 sec,0.0152800416514579,-1
24.282 sec,0.0152800416514579,-1
24.283 sec,0.0152485084122124,-1
24.284 sec,0.0152169762160309,-1
24.285 sec,0.0152169762160309,-1
24.286 sec,0.0152800416514579,-1
24.287 sec,0.0153115759335591,-1
24.288 sec,0.0152800416514579,-1
24.289 sec,0.0152485084122124,-1
24.29 sec,0.0152169762160309,-1
24.291 sec,0.0152800416514579,-1
24.292 sec,0.0153115759335591,-1
24.293 sec,0.0153115759335591,-1
24.294 sec,0.0153115759335591,-1
24.295 sec,0.0153115759335591,-1
24.296 sec,0.0152800416514579,-1
24.297 sec,0.0152485084122124,-1
24.298 sec,0.0152169762160309,-1
24.299 sec,0.0152485084122124,-1
24.3 sec,0.0152800416514579,-1
24.301 sec,0.0152800416514579,-1
24.302 sec,0.0152800416514579,-1
24.303 sec,0.0152800416514579,-1
24.304 sec,0.015343111258308,-1
24.305 sec,0.015343111258308,-1
24.306 sec,0.0153115759335591,-1
24.307 sec,0.0153115759335591,-1
24.308 sec,0.0152800416514579,-1
24.309 sec,0.0152800416514579,-1
24.31 sec,0.0152800416514579,-1
24.311 sec,0.0152800416514579,-1
24.312 sec,0.0152485084122124,-1
24.313 sec,0.0152800416514579,-1
24.314 sec,0.0153115759335591,-1
24.315 sec,0.015343111258308,-1
24.316 sec,0.015343111258308,-1
24.317 sec,0.015343111258308,-1
24.318 sec,0.015343111258308,-1
24.319 sec,0.015343111258308,-1
24.32 sec,0.0153115759335591,-1
24.321 sec,0.0152800416514579,-1
24.322 sec,0.0152800416514579,-1
24.323 sec,0.0152485084122124,-1
24.324 sec,0.0152485084122124,-1
24.325 sec,0.0152485084122124,-1
24.326 sec,0.0152800416514579,-1
24.327 sec,0.0153115759335591,-1
24.328 sec,0.0152800416514579,-1
24.329 sec,0.0152800416514579,-1
24.33 sec,0.0152169762160309,-1
24.331 sec,0.0152485084122124,-1
24.332 sec,0.0152485084122124,-1
24.333 sec,0.0152800416514579,-1
24.334 sec,0.0153115759335591,-1
24.335 sec,0.0153115759335591,-1
24.336 sec,0.0152800416514579,-1
24.337 sec,0.0152800416514579,-1
24.338 sec,0.0152485084122124,-1
24.339 sec,0.0152800416514579,-1
24.34 sec,0.0153115759335591,-1
24.341 sec,0.015343111258308,-1
24.342 sec,0.0152800416514579,-1
24.343 sec,0.0152800416514579,-1
24.344 sec,0.0152485084122124,-1
24.345 sec,0.0152800416514579,-1
24.346 sec,0.0152800416514579,-1
24.347 sec,0.0152485084122124,-1
24.348 sec,0.0152169762160309,-1
24.349 sec,0.0152485084122124,-1
24.35 sec,0.0152485084122124,-1
24.351 sec,0.0152800416514579,-1
24.352 sec,0.0152485084122124,-1
24.353 sec,0.0152169762160309,-1
24.354 sec,0.015153914953692,-1
24.355 sec,0.015153914953692,-1
24.356 sec,0.0152485084122124,-1
24.357 sec,0.0152800416514579,-1
24.358 sec,0.0153115759335591,-1
24.359 sec,0.0152485084122124,-1
24.36 sec,0.0152485084122124,-1
24.361 sec,0.0152169762160309,-1
24.362 sec,0.0152800416514579,-1
24.363 sec,0.0153115759335591,-1
24.364 sec,0.0152800416514579,-1
24.365 sec,0.0152485084122124,-1
24.366 sec,0.0152800416514579,-1
24.367 sec,0.0152485084122124,-1
24.368 sec,0.0152485084122124,-1
24.369 sec,0.0152485084122124,-1
24.37 sec,0.0153115759335591,-1
24.371 sec,0.0153115759335591,-1
24.372 sec,0.015343111258308,-1
24.373 sec,0.015343111258308,-1
24.374 sec,0.015343111258308,-1
24.375 sec,0.015343111258308,-1
24.376 sec,0.0153115759335591,-1
24.377 sec,0.0153115759335591,-1
24.378 sec,0.0152800416514579,-1
24.379 sec,0.0152800416514579,-1
24.38 sec,0.0152800416514579,-1
24.381 sec,0.0152800416514579,-1
24.382 sec,0.0152485084122124,-1
24.383 sec,0.0152485084122124,-1
24.384 sec,0.0152800416514579,-1
24.385 sec,0.0152800416514579,-1
24.386 sec,0.015343111258308,-1
24.387 sec,0.015343111258308,-1
24.388 sec,0.015343111258308,-1
24.389 sec,0.0153115759335591,-1
24.39 sec,0.0153115759335591,-1
24.391 sec,0.0152800416514579,-1
24.392 sec,0.0152800416514579,-1
24.393 sec,0.0152800416514579,-1
24.394 sec,0.0152800416514579,-1
24.395 sec,0.0153115759335591,-1
24.396 sec,0.0153115759335591,-1
24.397 sec,0.015343111258308,-1
24.398 sec,0.0153115759335591,-1
24.399 sec,0.0153115759335591,-1
24.4 sec,0.0153115759335591,-1
24.401 sec,0.0152800416514579,-1
24.402 sec,0.0152169762160309,-1
24.403 sec,0.0152485084122124,-1
24.404 sec,0.0152485084122124,-1
24.405 sec,0.0152800416514579,-1
24.406 sec,0.0152800416514579,-1
24.407 sec,0.0152800416514579,-1
24.408 sec,0.0152485084122124,-1
24.409 sec,0.0152169762160309,-1
24.41 sec,0.0152169762160309,-1
24.411 sec,0.0152169762160309,-1
24.412 sec,0.0152485084122124,-1
24.413 sec,0.0152800416514579,-1
24.414 sec,0.0153115759335591,-1
24.415 sec,0.0153115759335591,-1
24.416 sec,0.0152800416514579,-1
24.417 sec,0.0152485084122124,-1
24.418 sec,0.0152485084122124,-1
24.419 sec,0.0152485084122124,-1
24.42 sec,0.0152169762160309,-1
24.421 sec,0.0152800416514579,-1
24.422 sec,0.0152485084122124,-1
24.423 sec,0.0152800416514579,-1
24.424 sec,0.0152800416514579,-1
24.425 sec,0.0153115759335591,-1
24.426 sec,0.0152800416514579,-1
24.427 sec,0.0153115759335591,-1
24.428 sec,0.0153115759335591,-1
24.429 sec,0.0153115759335591,-1
24.43 sec,0.0152485084122124,-1
24.431 sec,0.0152800416514579,-1
24.432 sec,0.0152800416514579,-1
24.433 sec,0.0152800416514579,-1
24.434 sec,0.0152800416514579,-1
24.435 sec,0.0152800416514579,-1
24.436 sec,0.0153115759335591,-1
24.437 sec,0.0153115759335591,-1
24.438 sec,0.015343111258308,-1
24.439 sec,0.0153115759335591,-1
24.44 sec,0.0153115759335591,-1
24.441 sec,0.0152800416514579,-1
24.442 sec,0.0152800416514579,-1
24.443 sec,0.0152800416514579,-1
24.444 sec,0.0152485084122124,-1
24.445 sec,0.0152485084122124,-1
24.446 sec,0.0152485084122124,-1
24.447 sec,0.0152485084122124,-1
24.448 sec,0.0152800416514579,-1
24.449 sec,0.0152800416514579,-1
24.45 sec,0.0152800416514579,-1
24.451 sec,0.0152485084122124,-1
24.452 sec,0.0152800416514579,-1
24.453 sec,0.0152485084122124,-1
24.454 sec,0.0152485084122124,-1
24.455 sec,0.0152800416514579,-1
24.456 sec,0.0153115759335591,-1
24.457 sec,0.0153115759335591,-1
24.458 sec,0.0152800416514579,-1
24.459 sec,0.0152800416514579,-1
24.46 sec,0.0152485084122124,-1
24.461 sec,0.0152485084122124,-1
24.462 sec,0.0152485084122124,-1
24.463 sec,0.0152485084122124,-1
24.464 sec,0.0152800416514579,-1
24.465 sec,0.0152485084122124,-1
24.466 sec,0.0152800416514579,-1
24.467 sec,0.0152800416514579,-1
24.468 sec,0.0152800416514579,-1
24.469 sec,0.0153115759335591,-1
24.47 sec,0.0152800416514579,-1
24.471 sec,0.0152800416514579,-1
24.472 sec,0.0153115759335591,-1
24.473 sec,0.0152485084122124,-1
24.474 sec,0.0152485084122124,-1
24.475 sec,0.0152485084122124,-1
24.476 sec,0.0152485084122124,-1
24.477 sec,0.0152800416514579,-1
24.478 sec,0.0152485084122124,-1
24.479 sec,0.0152800416514579,-1
24.48 sec,0.0152800416514579,-1
24.481 sec,0.0152800416514579,-1
24.482 sec,0.0152800416514579,-1
24.483 sec,0.0152800416514579,-1
24.484 sec,0.0153115759335591,-1
24.485 sec,0.0152800416514579,-1
24.486 sec,0.0153115759335591,-1
24.487 sec,0.0153115759335591,-1
24.488 sec,0.0152800416514579,-1
24.489 sec,0.0152800416514579,-1
24.49 sec,0.0152800416514579,-1
24.491 sec,0.0152800416514579,-1
24.492 sec,0.0152800416514579,-1
24.493 sec,0.0152800416514579,-1
24.494 sec,0.0152485084122124,-1
24.495 sec,0.0152485084122124,-1
24.496 sec,0.0152800416514579,-1
24.497 sec,0.0153115759335591,-1
24.498 sec,0.0153115759335591,-1
24.499 sec,0.0152800416514579,-1
24.5 sec,0.0152485084122124,-1
24.501 sec,0.0152169762160309,-1
24.502 sec,0.0152169762160309,-1
24.503 sec,0.0152485084122124,-1
24.504 sec,0.0152485084122124,-1
24.505 sec,0.0152800416514579,-1
24.506 sec,0.0152800416514579,-1
24.507 sec,0.0152485084122124,-1
24.508 sec,0.0152800416514579,-1
24.509 sec,0.0152485084122124,-1
24.51 sec,0.0152169762160309,-1
24.511 sec,0.0152485084122124,-1
24.512 sec,0.0152800416514579,-1
24.513 sec,0.0153115759335591,-1
24.514 sec,0.015343111258308,-1
24.515 sec,0.0153115759335591,-1
24.516 sec,0.0152800416514579,-1
24.517 sec,0.0152800416514579,-1
24.518 sec,0.0152485084122124,-1
24.519 sec,0.0152485084122124,-1
24.52 sec,0.0152800416514579,-1
24.521 sec,0.0152800416514579,-1
24.522 sec,0.0152800416514579,-1
24.523 sec,0.0152800416514579,-1
24.524 sec,0.0152800416514579,-1
24.525 sec,0.0153115759335591,-1
24.526 sec,0.0152800416514579,-1
24.527 sec,0.0152485084122124,-1
24.528 sec,0.0152169762160309,-1
24.529 sec,0.0152485084122124,-1
24.53 sec,0.0152485084122124,-1
24.531 sec,0.0152800416514579,-1
24.532 sec,0.0152800416514579,-1
24.533 sec,0.0152800416514579,-1
24.534 sec,0.0152800416514579,-1
24.535 sec,0.0152800416514579,-1
24.536 sec,0.015343111258308,-1
24.537 sec,0.0152800416514579,-1
24.538 sec,0.0152485084122124,-1
24.539 sec,0.0152485084122124,-1
24.54 sec,0.0152169762160309,-1
24.541 sec,0.0152800416514579,-1
24.542 sec,0.0153115759335591,-1
24.543 sec,0.0153115759335591,-1
24.544 sec,0.0153115759335591,-1
24.545 sec,0.0152800416514579,-1
24.546 sec,0.0152800416514579,-1
24.547 sec,0.0152800416514579,-1
24.548 sec,0.0152485084122124,-1
24.549 sec,0.0152485084122124,-1
24.55 sec,0.0152485084122124,-1
24.551 sec,0.0152485084122124,-1
24.552 sec,0.0152485084122124,-1
24.553 sec,0.0152169762160309,-1
24.554 sec,0.0152169762160309,-1
24.555 sec,0.0152800416514579,-1
24.556 sec,0.0153115759335591,-1
24.557 sec,0.0152800416514579,-1
24.558 sec,0.0153115759335591,-1
24.559 sec,0.0152485084122124,-1
24.56 sec,0.0152485084122124,-1
24.561 sec,0.0152800416514579,-1
24.562 sec,0.0152485084122124,-1
24.563 sec,0.0152800416514579,-1
24.564 sec,0.0152800416514579,-1
24.565 sec,0.0152800416514579,-1
24.566 sec,0.0153115759335591,-1
24.567 sec,0.0153115759335591,-1
24.568 sec,0.0152800416514579,-1
24.569 sec,0.0152800416514579,-1
24.57 sec,0.0152485084122124,-1
24.571 sec,0.0152169762160309,-1
24.572 sec,0.0152800416514579,-1
24.573 sec,0.0152800416514579,-1
24.574 sec,0.0153115759335591,-1
24.575 sec,0.0153115759335591,-1
24.576 sec,0.0153115759335591,-1
24.577 sec,0.0153115759335591,-1
24.578 sec,0.0152800416514579,-1
24.579 sec,0.0152800416514579,-1
24.58 sec,0.0152485084122124,-1
24.581 sec,0.0152800416514579,-1
24.582 sec,0.0152800416514579,-1
24.583 sec,0.0152800416514579,-1
24.584 sec,0.0152800416514579,-1
24.585 sec,0.0152800416514579,-1
24.586 sec,0.0152800416514579,-1
24.587 sec,0.0152800416514579,-1
24.588 sec,0.0152800416514579,-1
24.589 sec,0.0153115759335591,-1
24.59 sec,0.0152800416514579,-1
24.591 sec,0.0152485084122124,-1
24.592 sec,0.0152800416514579,-1
24.593 sec,0.0152800416514579,-1
24.594 sec,0.0152800416514579,-1
24.595 sec,0.0152800416514579,-1
24.596 sec,0.0153115759335591,-1
24.597 sec,0.0152800416514579,-1
24.598 sec,0.0152800416514579,-1
24.599 sec,0.0152800416514579,-1
24.6 sec,0.0152800416514579,-1
24.601 sec,0.0152800416514579,-1
24.602 sec,0.0152800416514579,-1
24.603 sec,0.0152800416514579,-1
24.604 sec,0.0153115759335591,-1
24.605 sec,0.0153115759335591,-1
24.606 sec,0.0152800416514579,-1
24.607 sec,0.0153115759335591,-1
24.608 sec,0.0152800416514579,-1
24.609 sec,0.0152800416514579,-1
24.61 sec,0.0152800416514579,-1
24.611 sec,0.0152800416514579,-1
24.612 sec,0.0152485084122124,-1
24.613 sec,0.0153115759335591,-1
24.614 sec,0.0152800416514579,-1
24.615 sec,0.0153115759335591,-1
24.616 sec,0.0153115759335591,-1
24.617 sec,0.0153115759335591,-1
24.618 sec,0.0153115759335591,-1
24.619 sec,0.0152800416514579,-1
24.62 sec,0.0152800416514579,-1
24.621 sec,0.0152800416514579,-1
24.622 sec,0.0152485084122124,-1
24.623 sec,0.0152485084122124,-1
24.624 sec,0.0152800416514579,-1
24.625 sec,0.0153115759335591,-1
24.626 sec,0.0153115759335591,-1
24.627 sec,0.0153115759335591,-1
24.628 sec,0.0153115759335591,-1
24.629 sec,0.0152800416514579,-1
24.63 sec,0.0153115759335591,-1
24.631 sec,0.0153115759335591,-1
24.632 sec,0.0153115759335591,-1
24.633 sec,0.0153115759335591,-1
24.634 sec,0.0153115759335591,-1
24.635 sec,0.0153115759335591,-1
24.636 sec,0.0153115759335591,-1
24.637 sec,0.0152800416514579,-1
24.638 sec,0.0152800416514579,-1
24.639 sec,0.0152800416514579,-1
24.64 sec,0.0152800416514579,-1
24.641 sec,0.0152485084122124,-1
24.642 sec,0.0152800416514579,-1
24.643 sec,0.0152800416514579,-1
24.644 sec,0.0152800416514579,-1
24.645 sec,0.0152800416514579,-1
24.646 sec,0.0153115759335591,-1
24.647 sec,0.015343111258308,-1
24.648 sec,0.0152800416514579,-1
24.649 sec,0.0153115759335591,-1
24.65 sec,0.0152800416514579,-1
24.651 sec,0.0152800416514579,-1
24.652 sec,0.0152800416514579,-1
24.653 sec,0.0152485084122124,-1
24.654 sec,0.0152485084122124,-1
24.655 sec,0.0152485084122124,-1
24.656 sec,0.0152800416514579,-1
24.657 sec,0.0152800416514579,-1
24.658 sec,0.0152485084122124,-1
24.659 sec,0.0152485084122124,-1
24.66 sec,0.0152485084122124,-1
24.661 sec,0.0152800416514579,-1
24.662 sec,0.0152800416514579,-1
24.663 sec,0.0152800416514579,-1
24.664 sec,0.0153115759335591,-1
24.665 sec,0.0152485084122124,-1
24.666 sec,0.0152800416514579,-1
24.667 sec,0.0152485084122124,-1
24.668 sec,0.0152800416514579,-1
24.669 sec,0.0152800416514579,-1
24.67 sec,0.0153115759335591,-1
24.671 sec,0.0153115759335591,-1
24.672 sec,0.0152800416514579,-1
24.673 sec,0.0152800416514579,-1
24.674 sec,0.0152485084122124,-1
24.675 sec,0.0152485084122124,-1
24.676 sec,0.0152485084122124,-1
24.677 sec,0.0152800416514579,-1
24.678 sec,0.0152800416514579,-1
24.679 sec,0.0153115759335591,-1
24.68 sec,0.0153115759335591,-1
24.681 sec,0.0152800416514579,-1
24.682 sec,0.0152485084122124,-1
24.683 sec,0.0152485084122124,-1
24.684 sec,0.0152169762160309,-1
24.685 sec,0.0152485084122124,-1
24.686 sec,0.0152800416514579,-1
24.687 sec,0.0152485084122124,-1
24.688 sec,0.0152169762160309,-1
24.689 sec,0.0152169762160309,-1
24.69 sec,0.0152485084122124,-1
24.691 sec,0.0152800416514579,-1
24.692 sec,0.015343111258308,-1
24.693 sec,0.0153115759335591,-1
24.694 sec,0.0153115759335591,-1
24.695 sec,0.0152800416514579,-1
24.696 sec,0.0153115759335591,-1
24.697 sec,0.0153115759335591,-1
24.698 sec,0.0152800416514579,-1
24.699 sec,0.0152800416514579,-1
24.7 sec,0.0152800416514579,-1
24.701 sec,0.0153115759335591,-1
24.702 sec,0.0153115759335591,-1
24.703 sec,0.0153115759335591,-1
24.704 sec,0.0152485084122124,-1
24.705 sec,0.0152169762160309,-1
24.706 sec,0.0152485084122124,-1
24.707 sec,0.0152485084122124,-1
24.708 sec,0.0152485084122124,-1
24.709 sec,0.0152800416514579,-1
24.71 sec,0.0152800416514579,-1
24.711 sec,0.0152800416514579,-1
24.712 sec,0.0152485084122124,-1
24.713 sec,0.0152485084122124,-1
24.714 sec,0.0153115759335591,-1
24.715 sec,0.0152800416514579,-1
24.716 sec,0.0152800416514579,-1
24.717 sec,0.0152485084122124,-1
24.718 sec,0.0152485084122124,-1
24.719 sec,0.0152169762160309,-1
24.72 sec,0.0152800416514579,-1
24.721 sec,0.0152800416514579,-1
24.722 sec,0.0152800416514579,-1
24.723 sec,0.0152800416514579,-1
24.724 sec,0.0152800416514579,-1
24.725 sec,0.0152485084122124,-1
24.726 sec,0.0152800416514579,-1
24.727 sec,0.0152485084122124,-1
24.728 sec,0.0152800416514579,-1
24.729 sec,0.0152800416514579,-1
24.73 sec,0.0152485084122124,-1
24.731 sec,0.0152485084122124,-1
24.732 sec,0.0152485084122124,-1
24.733 sec,0.0152485084122124,-1
24.734 sec,0.0152169762160309,-1
24.735 sec,0.0152485084122124,-1
24.736 sec,0.0153115759335591,-1
24.737 sec,0.0153115759335591,-1
24.738 sec,0.0153115759335591,-1
24.739 sec,0.0152800416514579,-1
24.74 sec,0.0152800416514579,-1
24.741 sec,0.0153115759335591,-1
24.742 sec,0.0153115759335591,-1
24.743 sec,0.0153115759335591,-1
24.744 sec,0.0153115759335591,-1
24.745 sec,0.0152800416514579,-1
24.746 sec,0.0152485084122124,-1
24.747 sec,0.0152485084122124,-1
24.748 sec,0.0152485084122124,-1
24.749 sec,0.0152800416514579,-1
24.75 sec,0.0152800416514579,-1
24.751 sec,0.0152800416514579,-1
24.752 sec,0.0152485084122124,-1
24.753 sec,0.0152800416514579,-1
24.754 sec,0.0153115759335591,-1
24.755 sec,0.0153115759335591,-1
24.756 sec,0.0153115759335591,-1
24.757 sec,0.0153115759335591,-1
24.758 sec,0.0153115759335591,-1
24.759 sec,0.0153115759335591,-1
24.76 sec,0.0153115759335591,-1
24.761 sec,0.0152485084122124,-1
24.762 sec,0.0152169762160309,-1
24.763 sec,0.0152485084122124,-1
24.764 sec,0.0152169762160309,-1
24.765 sec,0.0152800416514579,-1
24.766 sec,0.0152800416514579,-1
24.767 sec,0.0152169762160309,-1
24.768 sec,0.0152485084122124,-1
24.769 sec,0.0152800416514579,-1
24.77 sec,0.0152800416514579,-1
24.771 sec,0.0153115759335591,-1
24.772 sec,0.0152800416514579,-1
24.773 sec,0.0152800416514579,-1
24.774 sec,0.0152800416514579,-1
24.775 sec,0.0152485084122124,-1
24.776 sec,0.0152800416514579,-1
24.777 sec,0.0152485084122124,-1
24.778 sec,0.0152485084122124,-1
24.779 sec,0.0152485084122124,-1
24.78 sec,0.0152485084122124,-1
24.781 sec,0.0152485084122124,-1
24.782 sec,0.0152800416514579,-1
24.783 sec,0.0152485084122124,-1
24.784 sec,0.0152485084122124,-1
24.785 sec,0.0152485084122124,-1
24.786 sec,0.0152169762160309,-1
24.787 sec,0.0152485084122124,-1
24.788 sec,0.0152485084122124,-1
24.789 sec,0.0152800416514579,-1
24.79 sec,0.0152485084122124,-1
24.791 sec,0.0152800416514579,-1
24.792 sec,0.0152800416514579,-1
24.793 sec,0.0153115759335591,-1
24.794 sec,0.0153115759335591,-1
24.795 sec,0.0152800416514579,-1
24.796 sec,0.0153115759335591,-1
24.797 sec,0.0152800416514579,-1
24.798 sec,0.0152800416514579,-1
24.799 sec,0.0152800416514579,-1
24.8 sec,0.0152800416514579,-1
24.801 sec,0.0152800416514579,-1
24.802 sec,0.0153115759335591,-1
24.803 sec,0.0153115759335591,-1
24.804 sec,0.0152800416514579,-1
24.805 sec,0.0152800416514579,-1
24.806 sec,0.0153115759335591,-1
24.807 sec,0.0153115759335591,-1
24.808 sec,0.0153115759335591,-1
24.809 sec,0.0152800416514579,-1
24.81 sec,0.0152485084122124,-1
24.811 sec,0.0153115759335591,-1
24.812 sec,0.0152800416514579,-1
24.813 sec,0.0153115759335591,-1
24.814 sec,0.0153115759335591,-1
24.815 sec,0.0153115759335591,-1
24.816 sec,0.0152800416514579,-1
24.817 sec,0.0152485084122124,-1
24.818 sec,0.0152485084122124,-1
24.819 sec,0.0152169762160309,-1
24.82 sec,0.0152485084122124,-1
24.821 sec,0.0152485084122124,-1
24.822 sec,0.0152800416514579,-1
24.823 sec,0.0152800416514579,-1
24.824 sec,0.0152485084122124,-1
24.825 sec,0.0152485084122124,-1
24.826 sec,0.0152485084122124,-1
24.827 sec,0.0152800416514579,-1
24.828 sec,0.0152800416514579,-1
24.829 sec,0.0152800416514579,-1
24.83 sec,0.0152800416514579,-1
24.831 sec,0.0152800416514579,-1
24.832 sec,0.0152800416514579,-1
24.833 sec,0.0152800416514579,-1
24.834 sec,0.0152485084122124,-1
24.835 sec,0.0152485084122124,-1
24.836 sec,0.0152800416514579,-1
24.837 sec,0.0152800416514579,-1
24.838 sec,0.0152800416514579,-1
24.839 sec,0.0152800416514579,-1
24.84 sec,0.0152800416514579,-1
24.841 sec,0.0152800416514579,-1
24.842 sec,0.0152800416514579,-1
24.843 sec,0.0152485084122124,-1
24.844 sec,0.0152485084122124,-1
24.845 sec,0.0152800416514579,-1
24.846 sec,0.0152800416514579,-1
24.847 sec,0.0152800416514579,-1
24.848 sec,0.0152800416514579,-1
24.849 sec,0.0152800416514579,-1
24.85 sec,0.0153115759335591,-1
24.851 sec,0.0153115759335591,-1
24.852 sec,0.0152800416514579,-1
24.853 sec,0.0152800416514579,-1
24.854 sec,0.0152800416514579,-1
24.855 sec,0.0153115759335591,-1
24.856 sec,0.0153115759335591,-1
24.857 sec,0.0153115759335591,-1
24.858 sec,0.0153115759335591,-1
24.859 sec,0.0152800416514579,-1
24.86 sec,0.0152800416514579,-1
24.861 sec,0.0152485084122124,-1
24.862 sec,0.0152169762160309,-1
24.863 sec,0.0152169762160309,-1
24.864 sec,0.0152485084122124,-1
24.865 sec,0.0152485084122124,-1
24.866 sec,0.0152800416514579,-1
24.867 sec,0.0152485084122124,-1
24.868 sec,0.0152800416514579,-1
24.869 sec,0.0153115759335591,-1
24.87 sec,0.0152800416514579,-1
24.871 sec,0.0152800416514579,-1
24.872 sec,0.0152485084122124,-1
24.873 sec,0.0152485084122124,-1
24.874 sec,0.0152800416514579,-1
24.875 sec,0.0152800416514579,-1
24.876 sec,0.0152485084122124,-1
24.877 sec,0.0152169762160309,-1
24.878 sec,0.0152169762160309,-1
24.879 sec,0.015153914953692,-1
24.88 sec,0.0152169762160309,-1
24.881 sec,0.015153914953692,-1
24.882 sec,0.0152485084122124,-1
24.883 sec,0.0152485084122124,-1
24.884 sec,0.0152800416514579,-1
24.885 sec,0.0153115759335591,-1
24.886 sec,0.0153115759335591,-1
24.887 sec,0.015343111258308,-1
24.888 sec,0.0153115759335591,-1
24.889 sec,0.0153115759335591,-1
24.89 sec,0.0153115759335591,-1
24.891 sec,0.0153115759335591,-1
24.892 sec,0.0152800416514579,-1
24.893 sec,0.0152800416514579,-1
24.894 sec,0.0152485084122124,-1
24.895 sec,0.0152800416514579,-1
24.896 sec,0.0152800416514579,-1
24.897 sec,0.0153115759335591,-1
24.898 sec,0.0153115759335591,-1
24.899 sec,0.0152800416514579,-1
24.9 sec,0.0152800416514579,-1
24.901 sec,0.0152800416514579,-1
24.902 sec,0.0153115759335591,-1
24.903 sec,0.0153115759335591,-1
24.904 sec,0.015343111258308,-1
24.905 sec,0.015343111258308,-1
24.906 sec,0.015343111258308,-1
24.907 sec,0.015343111258308,-1
24.908 sec,0.0153115759335591,-1
24.909 sec,0.0152800416514579,-1
24.91 sec,0.0152800416514579,-1
24.911 sec,0.0152800416514579,-1
24.912 sec,0.0152800416514579,-1
24.913 sec,0.0152800416514579,-1
24.914 sec,0.0152485084122124,-1
24.915 sec,0.0152485084122124,-1
24.916 sec,0.0152800416514579,-1
24.917 sec,0.0152485084122124,-1
24.918 sec,0.0152800416514579,-1
24.919 sec,0.0152800416514579,-1
24.92 sec,0.0152800416514579,-1
24.921 sec,0.0152800416514579,-1
24.922 sec,0.0152800416514579,-1
24.923 sec,0.0153115759335591,-1
24.924 sec,0.0153115759335591,-1
24.925 sec,0.0153115759335591,-1
24.926 sec,0.0152485084122124,-1
24.927 sec,0.0152169762160309,-1
24.928 sec,0.0152169762160309,-1
24.929 sec,0.0152169762160309,-1
24.93 sec,0.0152800416514579,-1
24.931 sec,0.0152800416514579,-1
24.932 sec,0.0152800416514579,-1
24.933 sec,0.0152800416514579,-1
24.934 sec,0.0152485084122124,-1
24.935 sec,0.0152485084122124,-1
24.936 sec,0.0152169762160309,-1
24.937 sec,0.0152485084122124,-1
24.938 sec,0.0152485084122124,-1
24.939 sec,0.0152800416514579,-1
24.94 sec,0.0152485084122124,-1
24.941 sec,0.0152485084122124,-1
24.942 sec,0.0152485084122124,-1
24.943 sec,0.0152800416514579,-1
24.944 sec,0.0152800416514579,-1
24.945 sec,0.0152800416514579,-1
24.946 sec,0.0152485084122124,-1
24.947 sec,0.0152169762160309,-1
24.948 sec,0.0152169762160309,-1
24.949 sec,0.0152485084122124,-1
24.95 sec,0.0152800416514579,-1
24.951 sec,0.0153115759335591,-1
24.952 sec,0.015343111258308,-1
24.953 sec,0.015343111258308,-1
24.954 sec,0.0153115759335591,-1
24.955 sec,0.0152485084122124,-1
24.956 sec,0.0152169762160309,-1
24.957 sec,0.0152169762160309,-1
24.958 sec,0.0152485084122124,-1
24.959 sec,0.0152485084122124,-1
24.96 sec,0.0152800416514579,-1
24.961 sec,0.0153115759335591,-1
24.962 sec,0.0153115759335591,-1
24.963 sec,0.0153115759335591,-1
24.964 sec,0.0153115759335591,-1
24.965 sec,0.0152485084122124,-1
24.966 sec,0.0152800416514579,-1
24.967 sec,0.0152169762160309,-1
24.968 sec,0.0152485084122124,-1
24.969 sec,0.0152800416514579,-1
24.97 sec,0.0153115759335591,-1
24.971 sec,0.0153115759335591,-1
24.972 sec,0.0153115759335591,-1
24.973 sec,0.0153115759335591,-1
24.974 sec,0.0153115759335591,-1
24.975 sec,0.0152800416514579,-1
24.976 sec,0.0152800416514579,-1
24.977 sec,0.0152485084122124,-1
24.978 sec,0.0152485084122124,-1
24.979 sec,0.0152800416514579,-1
24.98 sec,0.0152800416514579,-1
24.981 sec,0.0152800416514579,-1
24.982 sec,0.0152800416514579,-1
24.983 sec,0.0152800416514579,-1
24.984 sec,0.0152800416514579,-1
24.985 sec,0.0152800416514579,-1
24.986 sec,0.0152485084122124,-1
24.987 sec,0.0152485084122124,-1
24.988 sec,0.0152485084122124,-1
24.989 sec,0.0152485084122124,-1
24.99 sec,0.0152485084122124,-1
24.991 sec,0.0152485084122124,-1
24.992 sec,0.0152169762160309,-1
24.993 sec,0.0152485084122124,-1
24.994 sec,0.0152800416514579,-1
24.995 sec,0.0152485084122124,-1
24.996 sec,0.0152485084122124,-1
24.997 sec,0.0152485084122124,-1
24.998 sec,0.0153115759335591,-1
24.999 sec,0.0152800416514579,-1
25 sec,0.0152800416514579,-1
25.001 sec,0.0153115759335591,-1
25.002 sec,0.0153115759335591,-1
25.003 sec,0.0153115759335591,-1
25.004 sec,0.0152800416514579,-1
25.005 sec,0.0152800416514579,-1
25.006 sec,0.0152800416514579,-1
25.007 sec,0.0153115759335591,-1
25.008 sec,0.0153115759335591,-1
25.009 sec,0.0153115759335591,-1
25.01 sec,0.0152800416514579,-1
25.011 sec,0.0152800416514579,-1
25.012 sec,0.0152485084122124,-1
25.013 sec,0.0152485084122124,-1
25.014 sec,0.0153115759335591,-1
25.015 sec,0.0153115759335591,-1
25.016 sec,0.0152800416514579,-1
25.017 sec,0.0153115759335591,-1
25.018 sec,0.0152800416514579,-1
25.019 sec,0.0152800416514579,-1
25.02 sec,0.0152800416514579,-1
25.021 sec,0.0153115759335591,-1
25.022 sec,0.0152800416514579,-1
25.023 sec,0.0152485084122124,-1
25.024 sec,0.0152485084122124,-1
25.025 sec,0.0152800416514579,-1
25.026 sec,0.0153115759335591,-1
25.027 sec,0.0152800416514579,-1
25.028 sec,0.0152800416514579,-1
25.029 sec,0.0152485084122124,-1
25.03 sec,0.0152800416514579,-1
25.031 sec,0.0152800416514579,-1
25.032 sec,0.0153115759335591,-1
25.033 sec,0.0153115759335591,-1
25.034 sec,0.0152800416514579,-1
25.035 sec,0.0152485084122124,-1
25.036 sec,0.0152485084122124,-1
25.037 sec,0.0152485084122124,-1
25.038 sec,0.0152800416514579,-1
25.039 sec,0.0152800416514579,-1
25.04 sec,0.0153115759335591,-1
25.041 sec,0.0153115759335591,-1
25.042 sec,0.0152800416514579,-1
25.043 sec,0.0152800416514579,-1
25.044 sec,0.0152800416514579,-1
25.045 sec,0.0152485084122124,-1
25.046 sec,0.0152169762160309,-1
25.047 sec,0.0152169762160309,-1
25.048 sec,0.0152169762160309,-1
25.049 sec,0.0152485084122124,-1
25.05 sec,0.0152169762160309,-1
25.051 sec,0.0152485084122124,-1
25.052 sec,0.0152485084122124,-1
25.053 sec,0.0152800416514579,-1
25.054 sec,0.0153115759335591,-1
25.055 sec,0.0152800416514579,-1
25.056 sec,0.0152800416514579,-1
25.057 sec,0.0152485084122124,-1
25.058 sec,0.0152800416514579,-1
25.059 sec,0.0152800416514579,-1
25.06 sec,0.0152800416514579,-1
25.061 sec,0.0152800416514579,-1
25.062 sec,0.0152800416514579,-1
25.063 sec,0.0153115759335591,-1
25.064 sec,0.0152800416514579,-1
25.065 sec,0.0153115759335591,-1
25.066 sec,0.0152800416514579,-1
25.067 sec,0.0153115759335591,-1
25.068 sec,0.0153115759335591,-1
25.069 sec,0.015343111258308,-1
25.07 sec,0.0153115759335591,-1
25.071 sec,0.0153115759335591,-1
25.072 sec,0.0153115759335591,-1
25.073 sec,0.0153115759335591,-1
25.074 sec,0.0152800416514579,-1
25.075 sec,0.0152485084122124,-1
25.076 sec,0.0152485084122124,-1
25.077 sec,0.0152485084122124,-1
25.078 sec,0.0153115759335591,-1
25.079 sec,0.0152485084122124,-1
25.08 sec,0.0152800416514579,-1
25.081 sec,0.0152800416514579,-1
25.082 sec,0.0153115759335591,-1
25.083 sec,0.0153115759335591,-1
25.084 sec,0.0153115759335591,-1
25.085 sec,0.0153115759335591,-1
25.086 sec,0.0152800416514579,-1
25.087 sec,0.0152800416514579,-1
25.088 sec,0.0152485084122124,-1
25.089 sec,0.0152800416514579,-1
25.09 sec,0.0153115759335591,-1
25.091 sec,0.0152800416514579,-1
25.092 sec,0.0152800416514579,-1
25.093 sec,0.0152485084122124,-1
25.094 sec,0.0152800416514579,-1
25.095 sec,0.0152800416514579,-1
25.096 sec,0.0153115759335591,-1
25.097 sec,0.0152800416514579,-1
25.098 sec,0.0152800416514579,-1
25.099 sec,0.0152800416514579,-1
25.1 sec,0.0153115759335591,-1
25.101 sec,0.0152800416514579,-1
25.102 sec,0.0152800416514579,-1
25.103 sec,0.0152800416514579,-1
25.104 sec,0.0152800416514579,-1
25.105 sec,0.0152800416514579,-1
25.106 sec,0.0152800416514579,-1
25.107 sec,0.0152485084122124,-1
25.108 sec,0.0152800416514579,-1
25.109 sec,0.0153115759335591,-1
25.11 sec,0.0153115759335591,-1
25.111 sec,0.0152800416514579,-1
25.112 sec,0.0152800416514579,-1
25.113 sec,0.0152800416514579,-1
25.114 sec,0.0153115759335591,-1
25.115 sec,0.015343111258308,-1
25.116 sec,0.0153115759335591,-1
25.117 sec,0.0153115759335591,-1
25.118 sec,0.015343111258308,-1
25.119 sec,0.015343111258308,-1
25.12 sec,0.0153115759335591,-1
25.121 sec,0.0152800416514579,-1
25.122 sec,0.0152800416514579,-1
25.123 sec,0.0152800416514579,-1
25.124 sec,0.0152800416514579,-1
25.125 sec,0.0152800416514579,-1
25.126 sec,0.0152800416514579,-1
25.127 sec,0.0153115759335591,-1
25.128 sec,0.0153115759335591,-1
25.129 sec,0.0153115759335591,-1
25.13 sec,0.0153115759335591,-1
25.131 sec,0.0152800416514579,-1
25.132 sec,0.0152485084122124,-1
25.133 sec,0.0152800416514579,-1
25.134 sec,0.0152800416514579,-1
25.135 sec,0.0153115759335591,-1
25.136 sec,0.0153115759335591,-1
25.137 sec,0.0153115759335591,-1
25.138 sec,0.0153115759335591,-1
25.139 sec,0.0152800416514579,-1
25.14 sec,0.0152485084122124,-1
25.141 sec,0.0152485084122124,-1
25.142 sec,0.0152485084122124,-1
25.143 sec,0.0152800416514579,-1
25.144 sec,0.0153115759335591,-1
25.145 sec,0.015343111258308,-1
25.146 sec,0.0153115759335591,-1
25.147 sec,0.0153115759335591,-1
25.148 sec,0.0152800416514579,-1
25.149 sec,0.0152800416514579,-1
25.15 sec,0.0152800416514579,-1
25.151 sec,0.0152485084122124,-1
25.152 sec,0.0152485084122124,-1
25.153 sec,0.0152169762160309,-1
25.154 sec,0.0152800416514579,-1
25.155 sec,0.0152485084122124,-1
25.156 sec,0.0152485084122124,-1
25.157 sec,0.0152169762160309,-1
25.158 sec,0.0152485084122124,-1
25.159 sec,0.0152169762160309,-1
25.16 sec,0.0152485084122124,-1
25.161 sec,0.0152485084122124,-1
25.162 sec,0.0152800416514579,-1
25.163 sec,0.0152800416514579,-1
25.164 sec,0.015343111258308,-1
25.165 sec,0.0153115759335591,-1
25.166 sec,0.0152485084122124,-1
25.167 sec,0.0152485084122124,-1
25.168 sec,0.0152485084122124,-1
25.169 sec,0.0152800416514579,-1
25.17 sec,0.0152485084122124,-1
25.171 sec,0.0152800416514579,-1
25.172 sec,0.0152800416514579,-1
25.173 sec,0.0152800416514579,-1
25.174 sec,0.0153115759335591,-1
25.175 sec,0.0153115759335591,-1
25.176 sec,0.0153115759335591,-1
25.177 sec,0.0152800416514579,-1
25.178 sec,0.0153115759335591,-1
25.179 sec,0.0152800416514579,-1
25.18 sec,0.0152800416514579,-1
25.181 sec,0.0152485084122124,-1
25.182 sec,0.0152800416514579,-1
25.183 sec,0.0152800416514579,-1
25.184 sec,0.0153115759335591,-1
25.185 sec,0.0152800416514579,-1
25.186 sec,0.0152800416514579,-1
25.187 sec,0.0152800416514579,-1
25.188 sec,0.0152800416514579,-1
25.189 sec,0.0153115759335591,-1
25.19 sec,0.0152800416514579,-1
25.191 sec,0.0152800416514579,-1
25.192 sec,0.0152800416514579,-1
25.193 sec,0.0153115759335591,-1
25.194 sec,0.0153115759335591,-1
25.195 sec,0.0152800416514579,-1
25.196 sec,0.0152800416514579,-1
25.197 sec,0.0152800416514579,-1
25.198 sec,0.015343111258308,-1
25.199 sec,0.015343111258308,-1
25.2 sec,0.015343111258308,-1
25.201 sec,0.0153115759335591,-1
25.202 sec,0.0153115759335591,-1
25.203 sec,0.0152800416514579,-1
25.204 sec,0.0152485084122124,-1
25.205 sec,0.0152800416514579,-1
25.206 sec,0.0152485084122124,-1
25.207 sec,0.0152800416514579,-1
25.208 sec,0.0152800416514579,-1
25.209 sec,0.0152800416514579,-1
25.21 sec,0.0153115759335591,-1
25.211 sec,0.0153115759335591,-1
25.212 sec,0.015343111258308,-1
25.213 sec,0.015343111258308,-1
25.214 sec,0.0153115759335591,-1
25.215 sec,0.0152800416514579,-1
25.216 sec,0.0152485084122124,-1
25.217 sec,0.0152485084122124,-1
25.218 sec,0.0152800416514579,-1
25.219 sec,0.0152800416514579,-1
25.22 sec,0.0152800416514579,-1
25.221 sec,0.0152800416514579,-1
25.222 sec,0.0152800416514579,-1
25.223 sec,0.0152800416514579,-1
25.224 sec,0.0152800416514579,-1
25.225 sec,0.0152800416514579,-1
25.226 sec,0.0153115759335591,-1
25.227 sec,0.0153115759335591,-1
25.228 sec,0.0153115759335591,-1
25.229 sec,0.0152800416514579,-1
25.23 sec,0.0152800416514579,-1
25.231 sec,0.0152485084122124,-1
25.232 sec,0.0152485084122124,-1
25.233 sec,0.0152485084122124,-1
25.234 sec,0.0152485084122124,-1
25.235 sec,0.0152485084122124,-1
25.236 sec,0.0152800416514579,-1
25.237 sec,0.0152800416514579,-1
25.238 sec,0.0152485084122124,-1
25.239 sec,0.0152485084122124,-1
25.24 sec,0.0152485084122124,-1
25.241 sec,0.0153115759335591,-1
25.242 sec,0.0152800416514579,-1
25.243 sec,0.0152800416514579,-1
25.244 sec,0.0153115759335591,-1
25.245 sec,0.0153115759335591,-1
25.246 sec,0.0152800416514579,-1
25.247 sec,0.0152485084122124,-1
25.248 sec,0.0152800416514579,-1
25.249 sec,0.0153115759335591,-1
25.25 sec,0.0152800416514579,-1
25.251 sec,0.0152800416514579,-1
25.252 sec,0.0152485084122124,-1
25.253 sec,0.0152169762160309,-1
25.254 sec,0.0152485084122124,-1
25.255 sec,0.0152800416514579,-1
25.256 sec,0.0152800416514579,-1
25.257 sec,0.0152485084122124,-1
25.258 sec,0.0152800416514579,-1
25.259 sec,0.0152485084122124,-1
25.26 sec,0.0152800416514579,-1
25.261 sec,0.0152800416514579,-1
25.262 sec,0.0153115759335591,-1
25.263 sec,0.015343111258308,-1
25.264 sec,0.015343111258308,-1
25.265 sec,0.015343111258308,-1
25.266 sec,0.0153115759335591,-1
25.267 sec,0.0153115759335591,-1
25.268 sec,0.0152800416514579,-1
25.269 sec,0.0152485084122124,-1
25.27 sec,0.0152485084122124,-1
25.271 sec,0.0152485084122124,-1
25.272 sec,0.0152485084122124,-1
25.273 sec,0.0152800416514579,-1
25.274 sec,0.0152800416514579,-1
25.275 sec,0.0152800416514579,-1
25.276 sec,0.0153115759335591,-1
25.277 sec,0.0152485084122124,-1
25.278 sec,0.0152485084122124,-1
25.279 sec,0.0152485084122124,-1
25.28 sec,0.0152169762160309,-1
25.281 sec,0.0152485084122124,-1
25.282 sec,0.0152800416514579,-1
25.283 sec,0.0153115759335591,-1
25.284 sec,0.0152800416514579,-1
25.285 sec,0.0152800416514579,-1
25.286 sec,0.0152800416514579,-1
25.287 sec,0.0152485084122124,-1
25.288 sec,0.0152800416514579,-1
25.289 sec,0.0152800416514579,-1
25.29 sec,0.0152800416514579,-1
25.291 sec,0.015343111258308,-1
25.292 sec,0.015343111258308,-1
25.293 sec,0.015343111258308,-1
25.294 sec,0.0153115759335591,-1
25.295 sec,0.0152485084122124,-1
25.296 sec,0.0152485084122124,-1
25.297 sec,0.0152800416514579,-1
25.298 sec,0.0152800416514579,-1
25.299 sec,0.0152800416514579,-1
25.3 sec,0.0152800416514579,-1
25.301 sec,0.0152800416514579,-1
25.302 sec,0.0153115759335591,-1
25.303 sec,0.0153115759335591,-1
25.304 sec,0.0153115759335591,-1
25.305 sec,0.0153115759335591,-1
25.306 sec,0.0152800416514579,-1
25.307 sec,0.0152800416514579,-1
25.308 sec,0.0153115759335591,-1
25.309 sec,0.0153115759335591,-1
25.31 sec,0.015343111258308,-1
25.311 sec,0.0153115759335591,-1
25.312 sec,0.0152800416514579,-1
25.313 sec,0.0152800416514579,-1
25.314 sec,0.0152800416514579,-1
25.315 sec,0.0152485084122124,-1
25.316 sec,0.0152800416514579,-1
25.317 sec,0.0153115759335591,-1
25.318 sec,0.0153115759335591,-1
25.319 sec,0.015343111258308,-1
25.32 sec,0.015343111258308,-1
25.321 sec,0.015343111258308,-1
25.322 sec,0.015343111258308,-1
25.323 sec,0.0153115759335591,-1
25.324 sec,0.0153115759335591,-1
25.325 sec,0.0152800416514579,-1
25.326 sec,0.0152169762160309,-1
25.327 sec,0.0152485084122124,-1
25.328 sec,0.0152485084122124,-1
25.329 sec,0.0152800416514579,-1
25.33 sec,0.0153115759335591,-1
25.331 sec,0.0152800416514579,-1
25.332 sec,0.0152800416514579,-1
25.333 sec,0.0152485084122124,-1
25.334 sec,0.0152800416514579,-1
25.335 sec,0.0152800416514579,-1
25.336 sec,0.0152800416514579,-1
25.337 sec,0.0152800416514579,-1
25.338 sec,0.0152800416514579,-1
25.339 sec,0.0153115759335591,-1
25.34 sec,0.0153115759335591,-1
25.341 sec,0.0152800416514579,-1
25.342 sec,0.0152800416514579,-1
25.343 sec,0.0152800416514579,-1
25.344 sec,0.0152800416514579,-1
25.345 sec,0.0152800416514579,-1
25.346 sec,0.0152800416514579,-1
25.347 sec,0.0152800416514579,-1
25.348 sec,0.0153115759335591,-1
25.349 sec,0.0153115759335591,-1
25.35 sec,0.0153115759335591,-1
25.351 sec,0.0153115759335591,-1
25.352 sec,0.0152800416514579,-1
25.353 sec,0.0152800416514579,-1
25.354 sec,0.0152485084122124,-1
25.355 sec,0.0152485084122124,-1
25.356 sec,0.0152800416514579,-1
25.357 sec,0.0153115759335591,-1
25.358 sec,0.015343111258308,-1
25.359 sec,0.015343111258308,-1
25.36 sec,0.0153115759335591,-1
25.361 sec,0.0152800416514579,-1
25.362 sec,0.0152800416514579,-1
25.363 sec,0.0152485084122124,-1
25.364 sec,0.0152800416514579,-1
25.365 sec,0.0152485084122124,-1
25.366 sec,0.0152485084122124,-1
25.367 sec,0.0152800416514579,-1
25.368 sec,0.0152800416514579,-1
25.369 sec,0.0153115759335591,-1
25.37 sec,0.0153115759335591,-1
25.371 sec,0.0153115759335591,-1
25.372 sec,0.015343111258308,-1
25.373 sec,0.0153115759335591,-1
25.374 sec,0.0152800416514579,-1
25.375 sec,0.0152485084122124,-1
25.376 sec,0.0152485084122124,-1
25.377 sec,0.0153115759335591,-1
25.378 sec,0.0152800416514579,-1
25.379 sec,0.0152800416514579,-1
25.38 sec,0.0152800416514579,-1
25.381 sec,0.0152800416514579,-1
25.382 sec,0.0152800416514579,-1
25.383 sec,0.0153115759335591,-1
25.384 sec,0.0152800416514579,-1
25.385 sec,0.0152800416514579,-1
25.386 sec,0.0152800416514579,-1
25.387 sec,0.0152800416514579,-1
25.388 sec,0.0153115759335591,-1
25.389 sec,0.0153115759335591,-1
25.39 sec,0.0153115759335591,-1
25.391 sec,0.0152800416514579,-1
25.392 sec,0.0152800416514579,-1
25.393 sec,0.0152800416514579,-1
25.394 sec,0.0153115759335591,-1
25.395 sec,0.0152800416514579,-1
25.396 sec,0.0152800416514579,-1
25.397 sec,0.0152800416514579,-1
25.398 sec,0.0152485084122124,-1
25.399 sec,0.0152800416514579,-1
25.4 sec,0.0153115759335591,-1
25.401 sec,0.0152800416514579,-1
25.402 sec,0.0153115759335591,-1
25.403 sec,0.0153115759335591,-1
25.404 sec,0.0152800416514579,-1
25.405 sec,0.0152800416514579,-1
25.406 sec,0.0152485084122124,-1
25.407 sec,0.0152485084122124,-1
25.408 sec,0.0152800416514579,-1
25.409 sec,0.0152800416514579,-1
25.41 sec,0.0152800416514579,-1
25.411 sec,0.0152800416514579,-1
25.412 sec,0.0153115759335591,-1
25.413 sec,0.015343111258308,-1
25.414 sec,0.0153115759335591,-1
25.415 sec,0.0153115759335591,-1
25.416 sec,0.0153115759335591,-1
25.417 sec,0.0153115759335591,-1
25.418 sec,0.0153115759335591,-1
25.419 sec,0.0152800416514579,-1
25.42 sec,0.0152800416514579,-1
25.421 sec,0.0153115759335591,-1
25.422 sec,0.0152485084122124,-1
25.423 sec,0.0152800416514579,-1
25.424 sec,0.0153115759335591,-1
25.425 sec,0.0152800416514579,-1
25.426 sec,0.0152800416514579,-1
25.427 sec,0.0153115759335591,-1
25.428 sec,0.0153115759335591,-1
25.429 sec,0.0152800416514579,-1
25.43 sec,0.0152800416514579,-1
25.431 sec,0.0152485084122124,-1
25.432 sec,0.0152485084122124,-1
25.433 sec,0.0152800416514579,-1
25.434 sec,0.0152800416514579,-1
25.435 sec,0.0152800416514579,-1
25.436 sec,0.0153115759335591,-1
25.437 sec,0.0152800416514579,-1
25.438 sec,0.0153115759335591,-1
25.439 sec,0.0153115759335591,-1
25.44 sec,0.0152800416514579,-1
25.441 sec,0.0152800416514579,-1
25.442 sec,0.0152485084122124,-1
25.443 sec,0.0152800416514579,-1
25.444 sec,0.0152800416514579,-1
25.445 sec,0.0153115759335591,-1
25.446 sec,0.0153115759335591,-1
25.447 sec,0.0153115759335591,-1
25.448 sec,0.0152800416514579,-1
25.449 sec,0.0153115759335591,-1
25.45 sec,0.0153115759335591,-1
25.451 sec,0.0153115759335591,-1
25.452 sec,0.0153115759335591,-1
25.453 sec,0.0152800416514579,-1
25.454 sec,0.0152800416514579,-1
25.455 sec,0.0153115759335591,-1
25.456 sec,0.0152800416514579,-1
25.457 sec,0.0153115759335591,-1
25.458 sec,0.0152800416514579,-1
25.459 sec,0.0152800416514579,-1
25.46 sec,0.0152800416514579,-1
25.461 sec,0.0152485084122124,-1
25.462 sec,0.0152800416514579,-1
25.463 sec,0.0152800416514579,-1
25.464 sec,0.0152800416514579,-1
25.465 sec,0.0152800416514579,-1
25.466 sec,0.0152800416514579,-1
25.467 sec,0.0152800416514579,-1
25.468 sec,0.0153115759335591,-1
25.469 sec,0.0153115759335591,-1
25.47 sec,0.0152800416514579,-1
25.471 sec,0.0153115759335591,-1
25.472 sec,0.0153115759335591,-1
25.473 sec,0.0153115759335591,-1
25.474 sec,0.0153115759335591,-1
25.475 sec,0.0153115759335591,-1
25.476 sec,0.0152800416514579,-1
25.477 sec,0.0152800416514579,-1
25.478 sec,0.0152800416514579,-1
25.479 sec,0.0152485084122124,-1
25.48 sec,0.0152169762160309,-1
25.481 sec,0.0152485084122124,-1
25.482 sec,0.0152485084122124,-1
25.483 sec,0.0152800416514579,-1
25.484 sec,0.0153115759335591,-1
25.485 sec,0.0153115759335591,-1
25.486 sec,0.0153115759335591,-1
25.487 sec,0.0153115759335591,-1
25.488 sec,0.0152800416514579,-1
25.489 sec,0.0152485084122124,-1
25.49 sec,0.0152800416514579,-1
25.491 sec,0.0152800416514579,-1
25.492 sec,0.0152800416514579,-1
25.493 sec,0.0153115759335591,-1
25.494 sec,0.0153115759335591,-1
25.495 sec,0.0153115759335591,-1
25.496 sec,0.0152800416514579,-1
25.497 sec,0.0152800416514579,-1
25.498 sec,0.0152485084122124,-1
25.499 sec,0.0152485084122124,-1
25.5 sec,0.0152485084122124,-1
25.501 sec,0.0152800416514579,-1
25.502 sec,0.0152800416514579,-1
25.503 sec,0.0152800416514579,-1
25.504 sec,0.0152800416514579,-1
25.505 sec,0.0152169762160309,-1
25.506 sec,0.0152485084122124,-1
25.507 sec,0.0152485084122124,-1
25.508 sec,0.0152485084122124,-1
25.509 sec,0.0152485084122124,-1
25.51 sec,0.0152169762160309,-1
25.511 sec,0.0152485084122124,-1
25.512 sec,0.0152169762160309,-1
25.513 sec,0.0152169762160309,-1
25.514 sec,0.0152485084122124,-1
25.515 sec,0.0152169762160309,-1
25.516 sec,0.0152485084122124,-1
25.517 sec,0.0152800416514579,-1
25.518 sec,0.0152800416514579,-1
25.519 sec,0.0152800416514579,-1
25.52 sec,0.0152800416514579,-1
25.521 sec,0.0152800416514579,-1
25.522 sec,0.0153115759335591,-1
25.523 sec,0.0153115759335591,-1
25.524 sec,0.0153115759335591,-1
25.525 sec,0.0153115759335591,-1
25.526 sec,0.0152800416514579,-1
25.527 sec,0.0152800416514579,-1
25.528 sec,0.0152800416514579,-1
25.529 sec,0.0152485084122124,-1
25.53 sec,0.0152485084122124,-1
25.531 sec,0.0152485084122124,-1
25.532 sec,0.0152800416514579,-1
25.533 sec,0.0153115759335591,-1
25.534 sec,0.0153746476254965,-1
25.535 sec,0.015343111258308,-1
25.536 sec,0.015343111258308,-1
25.537 sec,0.0153115759335591,-1
25.538 sec,0.0152800416514579,-1
25.539 sec,0.0152800416514579,-1
25.54 sec,0.0152800416514579,-1
25.541 sec,0.0152800416514579,-1
25.542 sec,0.0152800416514579,-1
25.543 sec,0.0152485084122124,-1
25.544 sec,0.0153115759335591,-1
25.545 sec,0.0152800416514579,-1
25.546 sec,0.0153115759335591,-1
25.547 sec,0.0152800416514579,-1
25.548 sec,0.0152800416514579,-1
25.549 sec,0.0152800416514579,-1
25.55 sec,0.0152485084122124,-1
25.551 sec,0.0152800416514579,-1
25.552 sec,0.0152800416514579,-1
25.553 sec,0.015343111258308,-1
25.554 sec,0.0153115759335591,-1
25.555 sec,0.0152800416514579,-1
25.556 sec,0.0152800416514579,-1
25.557 sec,0.0152169762160309,-1
25.558 sec,0.0152169762160309,-1
25.559 sec,0.0152800416514579,-1
25.56 sec,0.0153115759335591,-1
25.561 sec,0.0152800416514579,-1
25.562 sec,0.0152800416514579,-1
25.563 sec,0.0152169762160309,-1
25.564 sec,0.0152485084122124,-1
25.565 sec,0.0152485084122124,-1
25.566 sec,0.0152485084122124,-1
25.567 sec,0.0152485084122124,-1
25.568 sec,0.0152485084122124,-1
25.569 sec,0.0152485084122124,-1
25.57 sec,0.0152485084122124,-1
25.571 sec,0.0152800416514579,-1
25.572 sec,0.0152800416514579,-1
25.573 sec,0.0152800416514579,-1
25.574 sec,0.0152800416514579,-1
25.575 sec,0.0152800416514579,-1
25.576 sec,0.0152800416514579,-1
25.577 sec,0.0152485084122124,-1
25.578 sec,0.0152800416514579,-1
25.579 sec,0.0153115759335591,-1
25.58 sec,0.0152800416514579,-1
25.581 sec,0.0152800416514579,-1
25.582 sec,0.0152800416514579,-1
25.583 sec,0.0152800416514579,-1
25.584 sec,0.0153115759335591,-1
25.585 sec,0.0152800416514579,-1
25.586 sec,0.0152800416514579,-1
25.587 sec,0.0152800416514579,-1
25.588 sec,0.0153115759335591,-1
25.589 sec,0.015343111258308,-1
25.59 sec,0.0153115759335591,-1
25.591 sec,0.0152800416514579,-1
25.592 sec,0.0152800416514579,-1
25.593 sec,0.0153115759335591,-1
25.594 sec,0.0153115759335591,-1
25.595 sec,0.0153115759335591,-1
25.596 sec,0.0153115759335591,-1
25.597 sec,0.0153115759335591,-1
25.598 sec,0.0153115759335591,-1
25.599 sec,0.0152800416514579,-1
25.6 sec,0.0152800416514579,-1
25.601 sec,0.0152800416514579,-1
25.602 sec,0.0153115759335591,-1
25.603 sec,0.0153115759335591,-1
25.604 sec,0.0153115759335591,-1
25.605 sec,0.015343111258308,-1
25.606 sec,0.0152800416514579,-1
25.607 sec,0.0152800416514579,-1
25.608 sec,0.0152485084122124,-1
25.609 sec,0.0152169762160309,-1
25.61 sec,0.0152800416514579,-1
25.611 sec,0.0152800416514579,-1
25.612 sec,0.0153115759335591,-1
25.613 sec,0.0153115759335591,-1
25.614 sec,0.0153115759335591,-1
25.615 sec,0.0153115759335591,-1
25.616 sec,0.0152485084122124,-1
25.617 sec,0.0152485084122124,-1
25.618 sec,0.0152800416514579,-1
25.619 sec,0.0152800416514579,-1
25.62 sec,0.0153115759335591,-1
25.621 sec,0.0152800416514579,-1
25.622 sec,0.0152485084122124,-1
25.623 sec,0.0152485084122124,-1
25.624 sec,0.0152485084122124,-1
25.625 sec,0.0152800416514579,-1
25.626 sec,0.0153115759335591,-1
25.627 sec,0.015343111258308,-1
25.628 sec,0.0152800416514579,-1
25.629 sec,0.0152800416514579,-1
25.63 sec,0.0152800416514579,-1
25.631 sec,0.0152800416514579,-1
25.632 sec,0.0153115759335591,-1
25.633 sec,0.0153115759335591,-1
25.634 sec,0.0153115759335591,-1
25.635 sec,0.0153115759335591,-1
25.636 sec,0.0153115759335591,-1
25.637 sec,0.0152800416514579,-1
25.638 sec,0.0152800416514579,-1
25.639 sec,0.0152485084122124,-1
25.64 sec,0.0152800416514579,-1
25.641 sec,0.0152485084122124,-1
25.642 sec,0.0152485084122124,-1
25.643 sec,0.0152485084122124,-1
25.644 sec,0.0152485084122124,-1
25.645 sec,0.0152485084122124,-1
25.646 sec,0.0152800416514579,-1
25.647 sec,0.0152485084122124,-1
25.648 sec,0.0152485084122124,-1
25.649 sec,0.0152169762160309,-1
25.65 sec,0.0152485084122124,-1
25.651 sec,0.0152800416514579,-1
25.652 sec,0.0153115759335591,-1
25.653 sec,0.0153115759335591,-1
25.654 sec,0.0153115759335591,-1
25.655 sec,0.0153115759335591,-1
25.656 sec,0.0152800416514579,-1
25.657 sec,0.0153115759335591,-1
25.658 sec,0.0153115759335591,-1
25.659 sec,0.0152800416514579,-1
25.66 sec,0.0153115759335591,-1
25.661 sec,0.0152800416514579,-1
25.662 sec,0.0152800416514579,-1
25.663 sec,0.0152485084122124,-1
25.664 sec,0.0152169762160309,-1
25.665 sec,0.0152800416514579,-1
25.666 sec,0.0153115759335591,-1
25.667 sec,0.015343111258308,-1
25.668 sec,0.0153115759335591,-1
25.669 sec,0.0152800416514579,-1
25.67 sec,0.0152485084122124,-1
25.671 sec,0.0152800416514579,-1
25.672 sec,0.0152800416514579,-1
25.673 sec,0.0152800416514579,-1
25.674 sec,0.0152800416514579,-1
25.675 sec,0.0153115759335591,-1
25.676 sec,0.0152800416514579,-1
25.677 sec,0.0152800416514579,-1
25.678 sec,0.0152800416514579,-1
25.679 sec,0.0152800416514579,-1
25.68 sec,0.0152800416514579,-1
25.681 sec,0.0152800416514579,-1
25.682 sec,0.0153115759335591,-1
25.683 sec,0.0153115759335591,-1
25.684 sec,0.0153115759335591,-1
25.685 sec,0.0152800416514579,-1
25.686 sec,0.0152485084122124,-1
25.687 sec,0.0152169762160309,-1
25.688 sec,0.0152485084122124,-1
25.689 sec,0.0152800416514579,-1
25.69 sec,0.0153115759335591,-1
25.691 sec,0.0153115759335591,-1
25.692 sec,0.0153115759335591,-1
25.693 sec,0.0153115759335591,-1
25.694 sec,0.0153115759335591,-1
25.695 sec,0.0153115759335591,-1
25.696 sec,0.0153115759335591,-1
25.697 sec,0.0153115759335591,-1
25.698 sec,0.015343111258308,-1
25.699 sec,0.015343111258308,-1
25.7 sec,0.0153115759335591,-1
25.701 sec,0.0152800416514579,-1
25.702 sec,0.0152485084122124,-1
25.703 sec,0.0153115759335591,-1
25.704 sec,0.0152800416514579,-1
25.705 sec,0.0152485084122124,-1
25.706 sec,0.0152800416514579,-1
25.707 sec,0.0152800416514579,-1
25.708 sec,0.0153115759335591,-1
25.709 sec,0.0153115759335591,-1
25.71 sec,0.0152800416514579,-1
25.711 sec,0.0152800416514579,-1
25.712 sec,0.0152800416514579,-1
25.713 sec,0.0152485084122124,-1
25.714 sec,0.0152800416514579,-1
25.715 sec,0.0153115759335591,-1
25.716 sec,0.0153115759335591,-1
25.717 sec,0.0152800416514579,-1
25.718 sec,0.0152485084122124,-1
25.719 sec,0.0152485084122124,-1
25.72 sec,0.0152800416514579,-1
25.721 sec,0.0152800416514579,-1
25.722 sec,0.0152800416514579,-1
25.723 sec,0.0152800416514579,-1
25.724 sec,0.0152800416514579,-1
25.725 sec,0.0152800416514579,-1
25.726 sec,0.0152800416514579,-1
25.727 sec,0.0152485084122124,-1
25.728 sec,0.0152485084122124,-1
25.729 sec,0.0152800416514579,-1
25.73 sec,0.0152800416514579,-1
25.731 sec,0.0153115759335591,-1
25.732 sec,0.0152485084122124,-1
25.733 sec,0.0152800416514579,-1
25.734 sec,0.0152485084122124,-1
25.735 sec,0.0152800416514579,-1
25.736 sec,0.0152800416514579,-1
25.737 sec,0.0152800416514579,-1
25.738 sec,0.0152485084122124,-1
25.739 sec,0.0152169762160309,-1
25.74 sec,0.0152169762160309,-1
25.741 sec,0.0152485084122124,-1
25.742 sec,0.0152800416514579,-1
25.743 sec,0.0152800416514579,-1
25.744 sec,0.0152800416514579,-1
25.745 sec,0.0152800416514579,-1
25.746 sec,0.0153115759335591,-1
25.747 sec,0.0152800416514579,-1
25.748 sec,0.0153115759335591,-1
25.749 sec,0.0152800416514579,-1
25.75 sec,0.0153115759335591,-1
25.751 sec,0.0152800416514579,-1
25.752 sec,0.0152800416514579,-1
25.753 sec,0.0152485084122124,-1
25.754 sec,0.0152800416514579,-1
25.755 sec,0.0152800416514579,-1
25.756 sec,0.0152800416514579,-1
25.757 sec,0.0152800416514579,-1
25.758 sec,0.0152485084122124,-1
25.759 sec,0.0152800416514579,-1
25.76 sec,0.0152800416514579,-1
25.761 sec,0.0152800416514579,-1
25.762 sec,0.0152800416514579,-1
25.763 sec,0.0153115759335591,-1
25.764 sec,0.0153115759335591,-1
25.765 sec,0.015343111258308,-1
25.766 sec,0.0153115759335591,-1
25.767 sec,0.0153115759335591,-1
25.768 sec,0.015343111258308,-1
25.769 sec,0.015343111258308,-1
25.77 sec,0.0153115759335591,-1
25.771 sec,0.0152800416514579,-1
25.772 sec,0.0152800416514579,-1
25.773 sec,0.0153115759335591,-1
25.774 sec,0.0153115759335591,-1
25.775 sec,0.0153115759335591,-1
25.776 sec,0.0152800416514579,-1
25.777 sec,0.0152800416514579,-1
25.778 sec,0.0153115759335591,-1
25.779 sec,0.0153115759335591,-1
25.78 sec,0.0153115759335591,-1
25.781 sec,0.0152800416514579,-1
25.782 sec,0.0152800416514579,-1
25.783 sec,0.0152800416514579,-1
25.784 sec,0.0153115759335591,-1
25.785 sec,0.0152800416514579,-1
25.786 sec,0.0152800416514579,-1
25.787 sec,0.0152485084122124,-1
25.788 sec,0.0152800416514579,-1
25.789 sec,0.0152485084122124,-1
25.79 sec,0.0152800416514579,-1
25.791 sec,0.0152800416514579,-1
25.792 sec,0.0152800416514579,-1
25.793 sec,0.0152485084122124,-1
25.794 sec,0.0152485084122124,-1
25.795 sec,0.0152485084122124,-1
25.796 sec,0.0152485084122124,-1
25.797 sec,0.0152800416514579,-1
25.798 sec,0.0152800416514579,-1
25.799 sec,0.0152800416514579,-1
25.8 sec,0.0152485084122124,-1
25.801 sec,0.0152485084122124,-1
25.802 sec,0.0152485084122124,-1
25.803 sec,0.0152485084122124,-1
25.804 sec,0.0152485084122124,-1
25.805 sec,0.0152485084122124,-1
25.806 sec,0.0152800416514579,-1
25.807 sec,0.0152485084122124,-1
25.808 sec,0.0152485084122124,-1
25.809 sec,0.0152485084122124,-1
25.81 sec,0.0152800416514579,-1
25.811 sec,0.0153115759335591,-1
25.812 sec,0.0152800416514579,-1
25.813 sec,0.0153115759335591,-1
25.814 sec,0.0152485084122124,-1
25.815 sec,0.0152485084122124,-1
25.816 sec,0.0152485084122124,-1
25.817 sec,0.0152485084122124,-1
25.818 sec,0.0152485084122124,-1
25.819 sec,0.0152169762160309,-1
25.82 sec,0.0152485084122124,-1
25.821 sec,0.0152800416514579,-1
25.822 sec,0.0152800416514579,-1
25.823 sec,0.0152485084122124,-1
25.824 sec,0.015153914953692,-1
25.825 sec,0.0152169762160309,-1
25.826 sec,0.0152485084122124,-1
25.827 sec,0.0152485084122124,-1
25.828 sec,0.0152485084122124,-1
25.829 sec,0.0152800416514579,-1
25.83 sec,0.0152800416514579,-1
25.831 sec,0.0152800416514579,-1
25.832 sec,0.0152800416514579,-1
25.833 sec,0.0152800416514579,-1
25.834 sec,0.0153115759335591,-1
25.835 sec,0.0152485084122124,-1
25.836 sec,0.0152485084122124,-1
25.837 sec,0.0152485084122124,-1
25.838 sec,0.0152800416514579,-1
25.839 sec,0.0152800416514579,-1
25.84 sec,0.0152800416514579,-1
25.841 sec,0.0152485084122124,-1
25.842 sec,0.0152800416514579,-1
25.843 sec,0.0153115759335591,-1
25.844 sec,0.0152800416514579,-1
25.845 sec,0.0153115759335591,-1
25.846 sec,0.0152800416514579,-1
25.847 sec,0.0152485084122124,-1
25.848 sec,0.0152485084122124,-1
25.849 sec,0.0152485084122124,-1
25.85 sec,0.0153115759335591,-1
25.851 sec,0.0153115759335591,-1
25.852 sec,0.0153115759335591,-1
25.853 sec,0.0153115759335591,-1
25.854 sec,0.0153115759335591,-1
25.855 sec,0.0152800416514579,-1
25.856 sec,0.0152800416514579,-1
25.857 sec,0.0152800416514579,-1
25.858 sec,0.0152800416514579,-1
25.859 sec,0.0152800416514579,-1
25.86 sec,0.0152485084122124,-1
25.861 sec,0.0152169762160309,-1
25.862 sec,0.0152169762160309,-1
25.863 sec,0.0152169762160309,-1
25.864 sec,0.0152485084122124,-1
25.865 sec,0.0152485084122124,-1
25.866 sec,0.0152800416514579,-1
25.867 sec,0.0152800416514579,-1
25.868 sec,0.0152800416514579,-1
25.869 sec,0.0152800416514579,-1
25.87 sec,0.0152800416514579,-1
25.871 sec,0.0152169762160309,-1
25.872 sec,0.0152485084122124,-1
25.873 sec,0.0152800416514579,-1
25.874 sec,0.0153115759335591,-1
25.875 sec,0.0153115759335591,-1
25.876 sec,0.0152800416514579,-1
25.877 sec,0.0152800416514579,-1
25.878 sec,0.0152800416514579,-1
25.879 sec,0.0153115759335591,-1
25.88 sec,0.0152800416514579,-1
25.881 sec,0.0152800416514579,-1
25.882 sec,0.0152800416514579,-1
25.883 sec,0.0152485084122124,-1
25.884 sec,0.0152800416514579,-1
25.885 sec,0.0152800416514579,-1
25.886 sec,0.0152800416514579,-1
25.887 sec,0.0152800416514579,-1
25.888 sec,0.0152800416514579,-1
25.889 sec,0.0153115759335591,-1
25.89 sec,0.0153115759335591,-1
25.891 sec,0.0153115759335591,-1
25.892 sec,0.0153115759335591,-1
25.893 sec,0.0153115759335591,-1
25.894 sec,0.0152800416514579,-1
25.895 sec,0.0152800416514579,-1
25.896 sec,0.0152800416514579,-1
25.897 sec,0.0153115759335591,-1
25.898 sec,0.0152485084122124,-1
25.899 sec,0.0152485084122124,-1
25.9 sec,0.0152485084122124,-1
25.901 sec,0.0152800416514579,-1
25.902 sec,0.015343111258308,-1
25.903 sec,0.0153115759335591,-1
25.904 sec,0.0153115759335591,-1
25.905 sec,0.0153115759335591,-1
25.906 sec,0.0153115759335591,-1
25.907 sec,0.0153115759335591,-1
25.908 sec,0.0153115759335591,-1
25.909 sec,0.0153115759335591,-1
25.91 sec,0.0152800416514579,-1
25.911 sec,0.0152485084122124,-1
25.912 sec,0.0152800416514579,-1
25.913 sec,0.0152800416514579,-1
25.914 sec,0.0153115759335591,-1
25.915 sec,0.0153115759335591,-1
25.916 sec,0.015343111258308,-1
25.917 sec,0.0153115759335591,-1
25.918 sec,0.0153115759335591,-1
25.919 sec,0.0152800416514579,-1
25.92 sec,0.0153115759335591,-1
25.921 sec,0.0153115759335591,-1
25.922 sec,0.0152800416514579,-1
25.923 sec,0.0152800416514579,-1
25.924 sec,0.0152800416514579,-1
25.925 sec,0.0152800416514579,-1
25.926 sec,0.0152800416514579,-1
25.927 sec,0.0152800416514579,-1
25.928 sec,0.0152800416514579,-1
25.929 sec,0.0152800416514579,-1
25.93 sec,0.0152800416514579,-1
25.931 sec,0.0153115759335591,-1
25.932 sec,0.0153115759335591,-1
25.933 sec,0.0153115759335591,-1
25.934 sec,0.0153115759335591,-1
25.935 sec,0.0152800416514579,-1
25.936 sec,0.0152800416514579,-1
25.937 sec,0.0152800416514579,-1
25.938 sec,0.0153115759335591,-1
25.939 sec,0.0153115759335591,-1
25.94 sec,0.0153115759335591,-1
25.941 sec,0.0152800416514579,-1
25.942 sec,0.0152485084122124,-1
25.943 sec,0.0152485084122124,-1
25.944 sec,0.0152485084122124,-1
25.945 sec,0.0152169762160309,-1
25.946 sec,0.0152485084122124,-1
25.947 sec,0.0152800416514579,-1
25.948 sec,0.0152800416514579,-1
25.949 sec,0.0152800416514579,-1
25.95 sec,0.0152485084122124,-1
25.951 sec,0.0152485084122124,-1
25.952 sec,0.0152485084122124,-1
25.953 sec,0.0152485084122124,-1
25.954 sec,0.0152485084122124,-1
25.955 sec,0.0152800416514579,-1
25.956 sec,0.0152800416514579,-1
25.957 sec,0.0153115759335591,-1
25.958 sec,0.0153115759335591,-1
25.959 sec,0.0153115759335591,-1
25.96 sec,0.0153115759335591,-1
25.961 sec,0.0153115759335591,-1
25.962 sec,0.0152485084122124,-1
25.963 sec,0.0152169762160309,-1
25.964 sec,0.0152169762160309,-1
25.965 sec,0.0152485084122124,-1
25.966 sec,0.0152800416514579,-1
25.967 sec,0.0153115759335591,-1
25.968 sec,0.0152800416514579,-1
25.969 sec,0.0152485084122124,-1
25.97 sec,0.0152169762160309,-1
25.971 sec,0.0152800416514579,-1
25.972 sec,0.0153115759335591,-1
25.973 sec,0.0153115759335591,-1
25.974 sec,0.0152800416514579,-1
25.975 sec,0.0152485084122124,-1
25.976 sec,0.0152485084122124,-1
25.977 sec,0.0152169762160309,-1
25.978 sec,0.0152169762160309,-1
25.979 sec,0.0152169762160309,-1
25.98 sec,0.0152485084122124,-1
25.981 sec,0.0152485084122124,-1
25.982 sec,0.0152169762160309,-1
25.983 sec,0.0152485084122124,-1
25.984 sec,0.0152485084122124,-1
25.985 sec,0.0152800416514579,-1
25.986 sec,0.0152800416514579,-1
25.987 sec,0.0153115759335591,-1
25.988 sec,0.0152800416514579,-1
25.989 sec,0.0152800416514579,-1
25.99 sec,0.0152800416514579,-1
25.991 sec,0.0152485084122124,-1
25.992 sec,0.0152800416514579,-1
25.993 sec,0.0152800416514579,-1
25.994 sec,0.0152485084122124,-1
25.995 sec,0.0152800416514579,-1
25.996 sec,0.0152485084122124,-1
25.997 sec,0.0152485084122124,-1
25.998 sec,0.0152800416514579,-1
25.999 sec,0.0152800416514579,-1
26 sec,0.0153115759335591,-1
26.001 sec,0.0153115759335591,-1
26.002 sec,0.0153115759335591,-1
26.003 sec,0.0152800416514579,-1
26.004 sec,0.0152485084122124,-1
26.005 sec,0.0152169762160309,-1
26.006 sec,0.0152485084122124,-1
26.007 sec,0.0153115759335591,-1
26.008 sec,0.0153115759335591,-1
26.009 sec,0.0153115759335591,-1
26.01 sec,0.0152485084122124,-1
26.011 sec,0.0152800416514579,-1
26.012 sec,0.0152485084122124,-1
26.013 sec,0.0152485084122124,-1
26.014 sec,0.0152485084122124,-1
26.015 sec,0.0152800416514579,-1
26.016 sec,0.0153115759335591,-1
26.017 sec,0.0152800416514579,-1
26.018 sec,0.0152485084122124,-1
26.019 sec,0.0152169762160309,-1
26.02 sec,0.0152485084122124,-1
26.021 sec,0.0153115759335591,-1
26.022 sec,0.0152800416514579,-1
26.023 sec,0.0152800416514579,-1
26.024 sec,0.0152485084122124,-1
26.025 sec,0.0153115759335591,-1
26.026 sec,0.0153115759335591,-1
26.027 sec,0.0153115759335591,-1
26.028 sec,0.0153115759335591,-1
26.029 sec,0.0152800416514579,-1
26.03 sec,0.0152800416514579,-1
26.031 sec,0.0152485084122124,-1
26.032 sec,0.0152800416514579,-1
26.033 sec,0.0152800416514579,-1
26.034 sec,0.0152800416514579,-1
26.035 sec,0.0152800416514579,-1
26.036 sec,0.0152800416514579,-1
26.037 sec,0.0152485084122124,-1
26.038 sec,0.0152485084122124,-1
26.039 sec,0.0152485084122124,-1
26.04 sec,0.0152485084122124,-1
26.041 sec,0.0152485084122124,-1
26.042 sec,0.0152485084122124,-1
26.043 sec,0.0152800416514579,-1
26.044 sec,0.0153115759335591,-1
26.045 sec,0.0152800416514579,-1
26.046 sec,0.0152485084122124,-1
26.047 sec,0.0152800416514579,-1
26.048 sec,0.0152800416514579,-1
26.049 sec,0.0152800416514579,-1
26.05 sec,0.0152800416514579,-1
26.051 sec,0.0153115759335591,-1
26.052 sec,0.0153115759335591,-1
26.053 sec,0.0153115759335591,-1
26.054 sec,0.0153115759335591,-1
26.055 sec,0.0153115759335591,-1
26.056 sec,0.0153115759335591,-1
26.057 sec,0.0153115759335591,-1
26.058 sec,0.0152800416514579,-1
26.059 sec,0.0152800416514579,-1
26.06 sec,0.0152485084122124,-1
26.061 sec,0.0152800416514579,-1
26.062 sec,0.0152485084122124,-1
26.063 sec,0.0152800416514579,-1
26.064 sec,0.0152800416514579,-1
26.065 sec,0.0153115759335591,-1
26.066 sec,0.0152800416514579,-1
26.067 sec,0.0152485084122124,-1
26.068 sec,0.0152485084122124,-1
26.069 sec,0.0152485084122124,-1
26.07 sec,0.0153115759335591,-1
26.071 sec,0.0153115759335591,-1
26.072 sec,0.0153115759335591,-1
26.073 sec,0.0152800416514579,-1
26.074 sec,0.0152485084122124,-1
26.075 sec,0.0152485084122124,-1
26.076 sec,0.0152800416514579,-1
26.077 sec,0.0152800416514579,-1
26.078 sec,0.0152485084122124,-1
26.079 sec,0.015153914953692,-1
26.08 sec,0.0152485084122124,-1
26.081 sec,0.0152169762160309,-1
26.082 sec,0.0152800416514579,-1
26.083 sec,0.0152485084122124,-1
26.084 sec,0.0152485084122124,-1
26.085 sec,0.0152485084122124,-1
26.086 sec,0.0152800416514579,-1
26.087 sec,0.0152800416514579,-1
26.088 sec,0.0152800416514579,-1
26.089 sec,0.0152485084122124,-1
26.09 sec,0.0152800416514579,-1
26.091 sec,0.015343111258308,-1
26.092 sec,0.0153115759335591,-1
26.093 sec,0.0152800416514579,-1
26.094 sec,0.0152800416514579,-1
26.095 sec,0.0153115759335591,-1
26.096 sec,0.0153746476254965,-1
26.097 sec,0.015343111258308,-1
26.098 sec,0.0153115759335591,-1
26.099 sec,0.0152485084122124,-1
26.1 sec,0.0152485084122124,-1
26.101 sec,0.0152169762160309,-1
26.102 sec,0.0152800416514579,-1
26.103 sec,0.0152485084122124,-1
26.104 sec,0.0152800416514579,-1
26.105 sec,0.0152800416514579,-1
26.106 sec,0.0153115759335591,-1
26.107 sec,0.0153115759335591,-1
26.108 sec,0.0153115759335591,-1
26.109 sec,0.0152800416514579,-1
26.11 sec,0.0153115759335591,-1
26.111 sec,0.0153115759335591,-1
26.112 sec,0.0152800416514579,-1
26.113 sec,0.0152485084122124,-1
26.114 sec,0.0152485084122124,-1
26.115 sec,0.0152800416514579,-1
26.116 sec,0.0152800416514579,-1
26.117 sec,0.0153115759335591,-1
26.118 sec,0.0153115759335591,-1
26.119 sec,0.0152800416514579,-1
26.12 sec,0.0152485084122124,-1
26.121 sec,0.0152485084122124,-1
26.122 sec,0.0152800416514579,-1
26.123 sec,0.0152800416514579,-1
26.124 sec,0.0153115759335591,-1
26.125 sec,0.0153115759335591,-1
26.126 sec,0.0152800416514579,-1
26.127 sec,0.0153115759335591,-1
26.128 sec,0.0152800416514579,-1
26.129 sec,0.0152800416514579,-1
26.13 sec,0.0153115759335591,-1
26.131 sec,0.0152800416514579,-1
26.132 sec,0.0153115759335591,-1
26.133 sec,0.0152800416514579,-1
26.134 sec,0.0152485084122124,-1
26.135 sec,0.0152800416514579,-1
26.136 sec,0.0152800416514579,-1
26.137 sec,0.0152800416514579,-1
26.138 sec,0.0152485084122124,-1
26.139 sec,0.0152485084122124,-1
26.14 sec,0.0152485084122124,-1
26.141 sec,0.0152485084122124,-1
26.142 sec,0.0153115759335591,-1
26.143 sec,0.0153115759335591,-1
26.144 sec,0.0153115759335591,-1
26.145 sec,0.0153115759335591,-1
26.146 sec,0.0153115759335591,-1
26.147 sec,0.0153115759335591,-1
26.148 sec,0.0153115759335591,-1
26.149 sec,0.015343111258308,-1
26.15 sec,0.0153115759335591,-1
26.151 sec,0.0153115759335591,-1
26.152 sec,0.0152800416514579,-1
26.153 sec,0.0153115759335591,-1
26.154 sec,0.0153115759335591,-1
26.155 sec,0.0153115759335591,-1
26.156 sec,0.0153115759335591,-1
26.157 sec,0.0153115759335591,-1
26.158 sec,0.0153115759335591,-1
26.159 sec,0.0152800416514579,-1
26.16 sec,0.0152800416514579,-1
26.161 sec,0.0153115759335591,-1
26.162 sec,0.0153115759335591,-1
26.163 sec,0.0152800416514579,-1
26.164 sec,0.0152800416514579,-1
26.165 sec,0.0152800416514579,-1
26.166 sec,0.0152800416514579,-1
26.167 sec,0.0152800416514579,-1
26.168 sec,0.0152800416514579,-1
26.169 sec,0.0152485084122124,-1
26.17 sec,0.0152485084122124,-1
26.171 sec,0.0152800416514579,-1
26.172 sec,0.0152800416514579,-1
26.173 sec,0.0153115759335591,-1
26.174 sec,0.0153115759335591,-1
26.175 sec,0.0152800416514579,-1
26.176 sec,0.0152800416514579,-1
26.177 sec,0.0153115759335591,-1
26.178 sec,0.0152800416514579,-1
26.179 sec,0.0153115759335591,-1
26.18 sec,0.0153115759335591,-1
26.181 sec,0.0152800416514579,-1
26.182 sec,0.0153115759335591,-1
26.183 sec,0.0153115759335591,-1
26.184 sec,0.0153115759335591,-1
26.185 sec,0.0152800416514579,-1
26.186 sec,0.0152485084122124,-1
26.187 sec,0.0152485084122124,-1
26.188 sec,0.0152485084122124,-1
26.189 sec,0.0153115759335591,-1
26.19 sec,0.015343111258308,-1
26.191 sec,0.0153115759335591,-1
26.192 sec,0.0152800416514579,-1
26.193 sec,0.0152800416514579,-1
26.194 sec,0.0152800416514579,-1
26.195 sec,0.0153115759335591,-1
26.196 sec,0.0152800416514579,-1
26.197 sec,0.0152485084122124,-1
26.198 sec,0.0152485084122124,-1
26.199 sec,0.0152485084122124,-1
26.2 sec,0.0152800416514579,-1
26.201 sec,0.0152800416514579,-1
26.202 sec,0.0153115759335591,-1
26.203 sec,0.0153115759335591,-1
26.204 sec,0.015343111258308,-1
26.205 sec,0.015343111258308,-1
26.206 sec,0.0152800416514579,-1
26.207 sec,0.0152800416514579,-1
26.208 sec,0.0152800416514579,-1
26.209 sec,0.0152800416514579,-1
26.21 sec,0.0153115759335591,-1
26.211 sec,0.0153115759335591,-1
26.212 sec,0.0153115759335591,-1
26.213 sec,0.0153115759335591,-1
26.214 sec,0.0153115759335591,-1
26.215 sec,0.0153115759335591,-1
26.216 sec,0.0152800416514579,-1
26.217 sec,0.0152800416514579,-1
26.218 sec,0.0152800416514579,-1
26.219 sec,0.0152485084122124,-1
26.22 sec,0.0152800416514579,-1
26.221 sec,0.0152800416514579,-1
26.222 sec,0.0153115759335591,-1
26.223 sec,0.0152800416514579,-1
26.224 sec,0.0152800416514579,-1
26.225 sec,0.0153115759335591,-1
26.226 sec,0.0152800416514579,-1
26.227 sec,0.0152800416514579,-1
26.228 sec,0.0152800416514579,-1
26.229 sec,0.0152485084122124,-1
26.23 sec,0.0152800416514579,-1
26.231 sec,0.0152485084122124,-1
26.232 sec,0.0152485084122124,-1
26.233 sec,0.0152169762160309,-1
26.234 sec,0.0152169762160309,-1
26.235 sec,0.0152485084122124,-1
26.236 sec,0.0152800416514579,-1
26.237 sec,0.0152485084122124,-1
26.238 sec,0.0152485084122124,-1
26.239 sec,0.0152485084122124,-1
26.24 sec,0.0152485084122124,-1
26.241 sec,0.0152800416514579,-1
26.242 sec,0.0152800416514579,-1
26.243 sec,0.0152485084122124,-1
26.244 sec,0.0152485084122124,-1
26.245 sec,0.0152800416514579,-1
26.246 sec,0.0153115759335591,-1
26.247 sec,0.0152800416514579,-1
26.248 sec,0.0152485084122124,-1
26.249 sec,0.0152485084122124,-1
26.25 sec,0.0152169762160309,-1
26.251 sec,0.0152800416514579,-1
26.252 sec,0.0152800416514579,-1
26.253 sec,0.0153115759335591,-1
26.254 sec,0.0153115759335591,-1
26.255 sec,0.0152800416514579,-1
26.256 sec,0.0152800416514579,-1
26.257 sec,0.0152800416514579,-1
26.258 sec,0.0152485084122124,-1
26.259 sec,0.0152485084122124,-1
26.26 sec,0.0152800416514579,-1
26.261 sec,0.0153115759335591,-1
26.262 sec,0.0152800416514579,-1
26.263 sec,0.0153115759335591,-1
26.264 sec,0.0153115759335591,-1
26.265 sec,0.0152800416514579,-1
26.266 sec,0.0152800416514579,-1
26.267 sec,0.0152800416514579,-1
26.268 sec,0.0152485084122124,-1
26.269 sec,0.0152800416514579,-1
26.27 sec,0.0152800416514579,-1
26.271 sec,0.0152800416514579,-1
26.272 sec,0.0152800416514579,-1
26.273 sec,0.0152800416514579,-1
26.274 sec,0.0153115759335591,-1
26.275 sec,0.0152800416514579,-1
26.276 sec,0.0152800416514579,-1
26.277 sec,0.0152485084122124,-1
26.278 sec,0.0152485084122124,-1
26.279 sec,0.0152800416514579,-1
26.28 sec,0.0152800416514579,-1
26.281 sec,0.0152800416514579,-1
26.282 sec,0.0152800416514579,-1
26.283 sec,0.0152800416514579,-1
26.284 sec,0.0153115759335591,-1
26.285 sec,0.0153115759335591,-1
26.286 sec,0.0153115759335591,-1
26.287 sec,0.0152485084122124,-1
26.288 sec,0.0152485084122124,-1
26.289 sec,0.0152485084122124,-1
26.29 sec,0.0153115759335591,-1
26.291 sec,0.0153115759335591,-1
26.292 sec,0.0153115759335591,-1
26.293 sec,0.0153115759335591,-1
26.294 sec,0.0152800416514579,-1
26.295 sec,0.0152800416514579,-1
26.296 sec,0.0152800416514579,-1
26.297 sec,0.0152800416514579,-1
26.298 sec,0.0152800416514579,-1
26.299 sec,0.0153115759335591,-1
26.3 sec,0.0152800416514579,-1
26.301 sec,0.015343111258308,-1
26.302 sec,0.015343111258308,-1
26.303 sec,0.015343111258308,-1
26.304 sec,0.015343111258308,-1
26.305 sec,0.0153115759335591,-1
26.306 sec,0.0153115759335591,-1
26.307 sec,0.0153115759335591,-1
26.308 sec,0.0152800416514579,-1
26.309 sec,0.0153115759335591,-1
26.31 sec,0.0153115759335591,-1
26.311 sec,0.0153115759335591,-1
26.312 sec,0.0152800416514579,-1
26.313 sec,0.0152800416514579,-1
26.314 sec,0.0152800416514579,-1
26.315 sec,0.0153115759335591,-1
26.316 sec,0.015343111258308,-1
26.317 sec,0.0153115759335591,-1
26.318 sec,0.015343111258308,-1
26.319 sec,0.0153115759335591,-1
26.32 sec,0.0152800416514579,-1
26.321 sec,0.0152800416514579,-1
26.322 sec,0.0152800416514579,-1
26.323 sec,0.0153115759335591,-1
26.324 sec,0.0153115759335591,-1
26.325 sec,0.0152800416514579,-1
26.326 sec,0.0152485084122124,-1
26.327 sec,0.0152485084122124,-1
26.328 sec,0.0152485084122124,-1
26.329 sec,0.0152485084122124,-1
26.33 sec,0.0152800416514579,-1
26.331 sec,0.0152800416514579,-1
26.332 sec,0.0152800416514579,-1
26.333 sec,0.0152800416514579,-1
26.334 sec,0.0152800416514579,-1
26.335 sec,0.0152485084122124,-1
26.336 sec,0.0152800416514579,-1
26.337 sec,0.0152800416514579,-1
26.338 sec,0.0153115759335591,-1
26.339 sec,0.0153115759335591,-1
26.34 sec,0.0152485084122124,-1
26.341 sec,0.0152485084122124,-1
26.342 sec,0.0152485084122124,-1
26.343 sec,0.0152800416514579,-1
26.344 sec,0.0153115759335591,-1
26.345 sec,0.0152800416514579,-1
26.346 sec,0.0152800416514579,-1
26.347 sec,0.0152800416514579,-1
26.348 sec,0.0152800416514579,-1
26.349 sec,0.0152800416514579,-1
26.35 sec,0.0153115759335591,-1
26.351 sec,0.0153115759335591,-1
26.352 sec,0.015343111258308,-1
26.353 sec,0.0153115759335591,-1
26.354 sec,0.0153115759335591,-1
26.355 sec,0.0152800416514579,-1
26.356 sec,0.0152800416514579,-1
26.357 sec,0.0152800416514579,-1
26.358 sec,0.0152485084122124,-1
26.359 sec,0.0152169762160309,-1
26.36 sec,0.0152485084122124,-1
26.361 sec,0.0152485084122124,-1
26.362 sec,0.0153115759335591,-1
26.363 sec,0.0153115759335591,-1
26.364 sec,0.0153115759335591,-1
26.365 sec,0.0153115759335591,-1
26.366 sec,0.0153115759335591,-1
26.367 sec,0.0153115759335591,-1
26.368 sec,0.0153115759335591,-1
26.369 sec,0.0153115759335591,-1
26.37 sec,0.015343111258308,-1
26.371 sec,0.015343111258308,-1
26.372 sec,0.0153115759335591,-1
26.373 sec,0.0153115759335591,-1
26.374 sec,0.0153115759335591,-1
26.375 sec,0.0153115759335591,-1
26.376 sec,0.0152800416514579,-1
26.377 sec,0.0152800416514579,-1
26.378 sec,0.0152800416514579,-1
26.379 sec,0.0152485084122124,-1
26.38 sec,0.0152800416514579,-1
26.381 sec,0.0152800416514579,-1
26.382 sec,0.0152800416514579,-1
26.383 sec,0.0153115759335591,-1
26.384 sec,0.0152800416514579,-1
26.385 sec,0.0153115759335591,-1
26.386 sec,0.0152800416514579,-1
26.387 sec,0.0152485084122124,-1
26.388 sec,0.0152485084122124,-1
26.389 sec,0.0152485084122124,-1
26.39 sec,0.0152800416514579,-1
26.391 sec,0.0152800416514579,-1
26.392 sec,0.0152485084122124,-1
26.393 sec,0.0152485084122124,-1
26.394 sec,0.0152485084122124,-1
26.395 sec,0.0153115759335591,-1
26.396 sec,0.015343111258308,-1
26.397 sec,0.0153115759335591,-1
26.398 sec,0.0152800416514579,-1
26.399 sec,0.0152800416514579,-1
26.4 sec,0.0152800416514579,-1
26.401 sec,0.0153115759335591,-1
26.402 sec,0.0152800416514579,-1
26.403 sec,0.0152800416514579,-1
26.404 sec,0.0152800416514579,-1
26.405 sec,0.0152800416514579,-1
26.406 sec,0.0153115759335591,-1
26.407 sec,0.0153115759335591,-1
26.408 sec,0.0152800416514579,-1
26.409 sec,0.0152800416514579,-1
26.41 sec,0.0152800416514579,-1
26.411 sec,0.0152485084122124,-1
26.412 sec,0.0152485084122124,-1
26.413 sec,0.0152169762160309,-1
26.414 sec,0.0152485084122124,-1
26.415 sec,0.0152169762160309,-1
26.416 sec,0.015153914953692,-1
26.417 sec,0.015153914953692,-1
26.418 sec,0.0152169762160309,-1
26.419 sec,0.0152800416514579,-1
26.42 sec,0.0153115759335591,-1
26.421 sec,0.0153115759335591,-1
26.422 sec,0.0153115759335591,-1
26.423 sec,0.0153115759335591,-1
26.424 sec,0.0153115759335591,-1
26.425 sec,0.0153115759335591,-1
26.426 sec,0.0152800416514579,-1
26.427 sec,0.0152485084122124,-1
26.428 sec,0.0152485084122124,-1
26.429 sec,0.0152800416514579,-1
26.43 sec,0.0152800416514579,-1
26.431 sec,0.0152800416514579,-1
26.432 sec,0.0152800416514579,-1
26.433 sec,0.0152169762160309,-1
26.434 sec,0.0152169762160309,-1
26.435 sec,0.0152485084122124,-1
26.436 sec,0.0152800416514579,-1
26.437 sec,0.0153115759335591,-1
26.438 sec,0.0153115759335591,-1
26.439 sec,0.0152800416514579,-1
26.44 sec,0.0152800416514579,-1
26.441 sec,0.0153115759335591,-1
26.442 sec,0.0153115759335591,-1
26.443 sec,0.0153115759335591,-1
26.444 sec,0.0153115759335591,-1
26.445 sec,0.0153115759335591,-1
26.446 sec,0.0152800416514579,-1
26.447 sec,0.0152800416514579,-1
26.448 sec,0.0152800416514579,-1
26.449 sec,0.0152485084122124,-1
26.45 sec,0.0152485084122124,-1
26.451 sec,0.0152800416514579,-1
26.452 sec,0.0153115759335591,-1
26.453 sec,0.0152800416514579,-1
26.454 sec,0.0152485084122124,-1
26.455 sec,0.0152169762160309,-1
26.456 sec,0.0152485084122124,-1
26.457 sec,0.0153115759335591,-1
26.458 sec,0.0153115759335591,-1
26.459 sec,0.0152800416514579,-1
26.46 sec,0.0152800416514579,-1
26.461 sec,0.0152485084122124,-1
26.462 sec,0.0152485084122124,-1
26.463 sec,0.0152800416514579,-1
26.464 sec,0.0152485084122124,-1
26.465 sec,0.0152800416514579,-1
26.466 sec,0.0152800416514579,-1
26.467 sec,0.0153115759335591,-1
26.468 sec,0.0153115759335591,-1
26.469 sec,0.0153115759335591,-1
26.47 sec,0.015343111258308,-1
26.471 sec,0.0152800416514579,-1
26.472 sec,0.0152800416514579,-1
26.473 sec,0.0152800416514579,-1
26.474 sec,0.0153115759335591,-1
26.475 sec,0.0153115759335591,-1
26.476 sec,0.0152800416514579,-1
26.477 sec,0.0152800416514579,-1
26.478 sec,0.0152485084122124,-1
26.479 sec,0.0152485084122124,-1
26.48 sec,0.0152800416514579,-1
26.481 sec,0.0152485084122124,-1
26.482 sec,0.0152800416514579,-1
26.483 sec,0.0153115759335591,-1
26.484 sec,0.0153115759335591,-1
26.485 sec,0.0153115759335591,-1
26.486 sec,0.0152800416514579,-1
26.487 sec,0.0152800416514579,-1
26.488 sec,0.0152800416514579,-1
26.489 sec,0.0152800416514579,-1
26.49 sec,0.0152800416514579,-1
26.491 sec,0.0152800416514579,-1
26.492 sec,0.0152485084122124,-1
26.493 sec,0.0152485084122124,-1
26.494 sec,0.0153115759335591,-1
26.495 sec,0.0152800416514579,-1
26.496 sec,0.0152800416514579,-1
26.497 sec,0.0152800416514579,-1
26.498 sec,0.0153115759335591,-1
26.499 sec,0.015343111258308,-1
26.5 sec,0.0153115759335591,-1
26.501 sec,0.0153115759335591,-1
26.502 sec,0.0152800416514579,-1
26.503 sec,0.0152800416514579,-1
26.504 sec,0.0153115759335591,-1
26.505 sec,0.0153115759335591,-1
26.506 sec,0.0152800416514579,-1
26.507 sec,0.0152800416514579,-1
26.508 sec,0.0153115759335591,-1
26.509 sec,0.0153115759335591,-1
26.51 sec,0.0152800416514579,-1
26.511 sec,0.0152485084122124,-1
26.512 sec,0.0152485084122124,-1
26.513 sec,0.0152485084122124,-1
26.514 sec,0.0153115759335591,-1
26.515 sec,0.0152800416514579,-1
26.516 sec,0.0152485084122124,-1
26.517 sec,0.0152485084122124,-1
26.518 sec,0.0152485084122124,-1
26.519 sec,0.0152485084122124,-1
26.52 sec,0.0152800416514579,-1
26.521 sec,0.0152800416514579,-1
26.522 sec,0.0153115759335591,-1
26.523 sec,0.0153115759335591,-1
26.524 sec,0.0152800416514579,-1
26.525 sec,0.0152800416514579,-1
26.526 sec,0.0152800416514579,-1
26.527 sec,0.0153115759335591,-1
26.528 sec,0.015343111258308,-1
26.529 sec,0.015343111258308,-1
26.53 sec,0.0153115759335591,-1
26.531 sec,0.0153115759335591,-1
26.532 sec,0.0153115759335591,-1
26.533 sec,0.0153115759335591,-1
26.534 sec,0.0152800416514579,-1
26.535 sec,0.0152485084122124,-1
26.536 sec,0.0152485084122124,-1
26.537 sec,0.015153914953692,-1
26.538 sec,0.0152485084122124,-1
26.539 sec,0.0152800416514579,-1
26.54 sec,0.0152800416514579,-1
26.541 sec,0.0152485084122124,-1
26.542 sec,0.0152485084122124,-1
26.543 sec,0.0152485084122124,-1
26.544 sec,0.0152485084122124,-1
26.545 sec,0.0152485084122124,-1
26.546 sec,0.015153914953692,-1
26.547 sec,0.0152169762160309,-1
26.548 sec,0.0152169762160309,-1
26.549 sec,0.0152800416514579,-1
26.55 sec,0.0152800416514579,-1
26.551 sec,0.0152485084122124,-1
26.552 sec,0.0152800416514579,-1
26.553 sec,0.0152800416514579,-1
26.554 sec,0.0153115759335591,-1
26.555 sec,0.0152800416514579,-1
26.556 sec,0.0152800416514579,-1
26.557 sec,0.0152800416514579,-1
26.558 sec,0.0153115759335591,-1
26.559 sec,0.0152800416514579,-1
26.56 sec,0.0152800416514579,-1
26.561 sec,0.0153115759335591,-1
26.562 sec,0.0153115759335591,-1
26.563 sec,0.0153115759335591,-1
26.564 sec,0.0152800416514579,-1
26.565 sec,0.0152485084122124,-1
26.566 sec,0.0152485084122124,-1
26.567 sec,0.0152485084122124,-1
26.568 sec,0.0152485084122124,-1
26.569 sec,0.0152800416514579,-1
26.57 sec,0.0152800416514579,-1
26.571 sec,0.0152800416514579,-1
26.572 sec,0.0153115759335591,-1
26.573 sec,0.0152800416514579,-1
26.574 sec,0.0152800416514579,-1
26.575 sec,0.0152485084122124,-1
26.576 sec,0.0152800416514579,-1
26.577 sec,0.0152485084122124,-1
26.578 sec,0.0152485084122124,-1
26.579 sec,0.0152800416514579,-1
26.58 sec,0.0152800416514579,-1
26.581 sec,0.0152800416514579,-1
26.582 sec,0.0152485084122124,-1
26.583 sec,0.0152485084122124,-1
26.584 sec,0.0152485084122124,-1
26.585 sec,0.0152485084122124,-1
26.586 sec,0.0152485084122124,-1
26.587 sec,0.0152800416514579,-1
26.588 sec,0.0152800416514579,-1
26.589 sec,0.0153115759335591,-1
26.59 sec,0.0152800416514579,-1
26.591 sec,0.0152800416514579,-1
26.592 sec,0.0152485084122124,-1
26.593 sec,0.0152800416514579,-1
26.594 sec,0.0152800416514579,-1
26.595 sec,0.0152485084122124,-1
26.596 sec,0.0152800416514579,-1
26.597 sec,0.0152485084122124,-1
26.598 sec,0.0153115759335591,-1
26.599 sec,0.0152800416514579,-1
26.6 sec,0.0152800416514579,-1
26.601 sec,0.0152800416514579,-1
26.602 sec,0.0152800416514579,-1
26.603 sec,0.0152800416514579,-1
26.604 sec,0.0152800416514579,-1
26.605 sec,0.0152485084122124,-1
26.606 sec,0.0152800416514579,-1
26.607 sec,0.0152800416514579,-1
26.608 sec,0.0153115759335591,-1
26.609 sec,0.015343111258308,-1
26.61 sec,0.0153115759335591,-1
26.611 sec,0.0153115759335591,-1
26.612 sec,0.0152800416514579,-1
26.613 sec,0.0152800416514579,-1
26.614 sec,0.0152800416514579,-1
26.615 sec,0.0153115759335591,-1
26.616 sec,0.0153115759335591,-1
26.617 sec,0.0153115759335591,-1
26.618 sec,0.0153115759335591,-1
26.619 sec,0.0152485084122124,-1
26.62 sec,0.0152485084122124,-1
26.621 sec,0.0152485084122124,-1
26.622 sec,0.0152485084122124,-1
26.623 sec,0.0152800416514579,-1
26.624 sec,0.0153115759335591,-1
26.625 sec,0.0153115759335591,-1
26.626 sec,0.0153115759335591,-1
26.627 sec,0.0152485084122124,-1
26.628 sec,0.0152485084122124,-1
26.629 sec,0.0152169762160309,-1
26.63 sec,0.0152485084122124,-1
26.631 sec,0.0152169762160309,-1
26.632 sec,0.0152485084122124,-1
26.633 sec,0.0152800416514579,-1
26.634 sec,0.0152800416514579,-1
26.635 sec,0.0153115759335591,-1
26.636 sec,0.0152800416514579,-1
26.637 sec,0.0152800416514579,-1
26.638 sec,0.0153115759335591,-1
26.639 sec,0.0152800416514579,-1
26.64 sec,0.0152800416514579,-1
26.641 sec,0.0152485084122124,-1
26.642 sec,0.0152800416514579,-1
26.643 sec,0.0153115759335591,-1
26.644 sec,0.015343111258308,-1
26.645 sec,0.0153115759335591,-1
26.646 sec,0.0153115759335591,-1
26.647 sec,0.0153115759335591,-1
26.648 sec,0.0153115759335591,-1
26.649 sec,0.0153115759335591,-1
26.65 sec,0.0153115759335591,-1
26.651 sec,0.0152800416514579,-1
26.652 sec,0.0152485084122124,-1
26.653 sec,0.0152485084122124,-1
26.654 sec,0.0152169762160309,-1
26.655 sec,0.0152485084122124,-1
26.656 sec,0.0152169762160309,-1
26.657 sec,0.0152169762160309,-1
26.658 sec,0.0152485084122124,-1
26.659 sec,0.0152800416514579,-1
26.66 sec,0.0152800416514579,-1
26.661 sec,0.0153115759335591,-1
26.662 sec,0.0153115759335591,-1
26.663 sec,0.0152800416514579,-1
26.664 sec,0.0153115759335591,-1
26.665 sec,0.0152800416514579,-1
26.666 sec,0.0152800416514579,-1
26.667 sec,0.0153115759335591,-1
26.668 sec,0.0152485084122124,-1
26.669 sec,0.0152800416514579,-1
26.67 sec,0.0153115759335591,-1
26.671 sec,0.0153115759335591,-1
26.672 sec,0.0153115759335591,-1
26.673 sec,0.0153115759335591,-1
26.674 sec,0.0152800416514579,-1
26.675 sec,0.0152800416514579,-1
26.676 sec,0.0152800416514579,-1
26.677 sec,0.0152485084122124,-1
26.678 sec,0.0152485084122124,-1
26.679 sec,0.0152485084122124,-1
26.68 sec,0.0152800416514579,-1
26.681 sec,0.0152800416514579,-1
26.682 sec,0.0153115759335591,-1
26.683 sec,0.0153115759335591,-1
26.684 sec,0.015343111258308,-1
26.685 sec,0.0153115759335591,-1
26.686 sec,0.0152800416514579,-1
26.687 sec,0.0152800416514579,-1
26.688 sec,0.0152800416514579,-1
26.689 sec,0.0152800416514579,-1
26.69 sec,0.0152800416514579,-1
26.691 sec,0.0152800416514579,-1
26.692 sec,0.0153115759335591,-1
26.693 sec,0.0153115759335591,-1
26.694 sec,0.0153115759335591,-1
26.695 sec,0.0152800416514579,-1
26.696 sec,0.0152800416514579,-1
26.697 sec,0.0152485084122124,-1
26.698 sec,0.0152800416514579,-1
26.699 sec,0.0152485084122124,-1
26.7 sec,0.0152800416514579,-1
26.701 sec,0.0152485084122124,-1
26.702 sec,0.0152800416514579,-1
26.703 sec,0.0152485084122124,-1
26.704 sec,0.0152485084122124,-1
26.705 sec,0.0152485084122124,-1
26.706 sec,0.0152485084122124,-1
26.707 sec,0.0152800416514579,-1
26.708 sec,0.0152800416514579,-1
26.709 sec,0.0152800416514579,-1
26.71 sec,0.0153115759335591,-1
26.711 sec,0.0153115759335591,-1
26.712 sec,0.0152800416514579,-1
26.713 sec,0.0153115759335591,-1
26.714 sec,0.0153115759335591,-1
26.715 sec,0.015343111258308,-1
26.716 sec,0.0152800416514579,-1
26.717 sec,0.0152800416514579,-1
26.718 sec,0.0152485084122124,-1
26.719 sec,0.0152485084122124,-1
26.72 sec,0.0152485084122124,-1
26.721 sec,0.0152485084122124,-1
26.722 sec,0.0152800416514579,-1
26.723 sec,0.0152800416514579,-1
26.724 sec,0.0153115759335591,-1
26.725 sec,0.0153115759335591,-1
26.726 sec,0.0152800416514579,-1
26.727 sec,0.0152800416514579,-1
26.728 sec,0.0152800416514579,-1
26.729 sec,0.0152800416514579,-1
26.73 sec,0.0152800416514579,-1
26.731 sec,0.0152800416514579,-1
26.732 sec,0.0152800416514579,-1
26.733 sec,0.0152800416514579,-1
26.734 sec,0.0152485084122124,-1
26.735 sec,0.0152800416514579,-1
26.736 sec,0.0153115759335591,-1
26.737 sec,0.0153115759335591,-1
26.738 sec,0.0153115759335591,-1
26.739 sec,0.0153115759335591,-1
26.74 sec,0.0153115759335591,-1
26.741 sec,0.015343111258308,-1
26.742 sec,0.0152800416514579,-1
26.743 sec,0.0152485084122124,-1
26.744 sec,0.0152485084122124,-1
26.745 sec,0.0152485084122124,-1
26.746 sec,0.0152800416514579,-1
26.747 sec,0.0153115759335591,-1
26.748 sec,0.0153115759335591,-1
26.749 sec,0.0153115759335591,-1
26.75 sec,0.0153115759335591,-1
26.751 sec,0.0152800416514579,-1
26.752 sec,0.0152800416514579,-1
26.753 sec,0.0152169762160309,-1
26.754 sec,0.0152485084122124,-1
26.755 sec,0.0152485084122124,-1
26.756 sec,0.0152800416514579,-1
26.757 sec,0.0152800416514579,-1
26.758 sec,0.0152800416514579,-1
26.759 sec,0.0152485084122124,-1
26.76 sec,0.0152800416514579,-1
26.761 sec,0.0153115759335591,-1
26.762 sec,0.0152800416514579,-1
26.763 sec,0.0152800416514579,-1
26.764 sec,0.0152485084122124,-1
26.765 sec,0.0152169762160309,-1
26.766 sec,0.0152485084122124,-1
26.767 sec,0.0153115759335591,-1
26.768 sec,0.0153115759335591,-1
26.769 sec,0.015343111258308,-1
26.77 sec,0.0153115759335591,-1
26.771 sec,0.0153115759335591,-1
26.772 sec,0.0152800416514579,-1
26.773 sec,0.0152485084122124,-1
26.774 sec,0.0152485084122124,-1
26.775 sec,0.0152800416514579,-1
26.776 sec,0.0152800416514579,-1
26.777 sec,0.015343111258308,-1
26.778 sec,0.015343111258308,-1
26.779 sec,0.015343111258308,-1
26.78 sec,0.0152800416514579,-1
26.781 sec,0.0152800416514579,-1
26.782 sec,0.0152800416514579,-1
26.783 sec,0.0152800416514579,-1
26.784 sec,0.0152800416514579,-1
26.785 sec,0.0152800416514579,-1
26.786 sec,0.0152800416514579,-1
26.787 sec,0.0153115759335591,-1
26.788 sec,0.0152800416514579,-1
26.789 sec,0.0152800416514579,-1
26.79 sec,0.0152800416514579,-1
26.791 sec,0.0153115759335591,-1
26.792 sec,0.0153115759335591,-1
26.793 sec,0.0152800416514579,-1
26.794 sec,0.0152485084122124,-1
26.795 sec,0.0152800416514579,-1
26.796 sec,0.0152485084122124,-1
26.797 sec,0.0152485084122124,-1
26.798 sec,0.0152485084122124,-1
26.799 sec,0.0152800416514579,-1
26.8 sec,0.0152800416514579,-1
26.801 sec,0.0152800416514579,-1
26.802 sec,0.0152485084122124,-1
26.803 sec,0.0152485084122124,-1
26.804 sec,0.0152485084122124,-1
26.805 sec,0.0152485084122124,-1
26.806 sec,0.0153115759335591,-1
26.807 sec,0.0152800416514579,-1
26.808 sec,0.0153115759335591,-1
26.809 sec,0.0153115759335591,-1
26.81 sec,0.0152800416514579,-1
26.811 sec,0.0153115759335591,-1
26.812 sec,0.0153115759335591,-1
26.813 sec,0.0153115759335591,-1
26.814 sec,0.0153115759335591,-1
26.815 sec,0.0153115759335591,-1
26.816 sec,0.0152800416514579,-1
26.817 sec,0.0152800416514579,-1
26.818 sec,0.0152485084122124,-1
26.819 sec,0.0152485084122124,-1
26.82 sec,0.0152485084122124,-1
26.821 sec,0.0152485084122124,-1
26.822 sec,0.0152800416514579,-1
26.823 sec,0.0153115759335591,-1
26.824 sec,0.0153115759335591,-1
26.825 sec,0.0152800416514579,-1
26.826 sec,0.0152800416514579,-1
26.827 sec,0.0152485084122124,-1
26.828 sec,0.0152800416514579,-1
26.829 sec,0.0152800416514579,-1
26.83 sec,0.0152800416514579,-1
26.831 sec,0.0152800416514579,-1
26.832 sec,0.0152800416514579,-1
26.833 sec,0.0153115759335591,-1
26.834 sec,0.0153115759335591,-1
26.835 sec,0.0152800416514579,-1
26.836 sec,0.0152800416514579,-1
26.837 sec,0.0152485084122124,-1
26.838 sec,0.0152485084122124,-1
26.839 sec,0.0152485084122124,-1
26.84 sec,0.0152485084122124,-1
26.841 sec,0.0152169762160309,-1
26.842 sec,0.0152485084122124,-1
26.843 sec,0.0152800416514579,-1
26.844 sec,0.0152485084122124,-1
26.845 sec,0.0152169762160309,-1
26.846 sec,0.015153914953692,-1
26.847 sec,0.0152169762160309,-1
26.848 sec,0.0152485084122124,-1
26.849 sec,0.0152169762160309,-1
26.85 sec,0.0152485084122124,-1
26.851 sec,0.0152485084122124,-1
26.852 sec,0.0153115759335591,-1
26.853 sec,0.0153115759335591,-1
26.854 sec,0.0153115759335591,-1
26.855 sec,0.0152800416514579,-1
26.856 sec,0.0152800416514579,-1
26.857 sec,0.0152485084122124,-1
26.858 sec,0.0152800416514579,-1
26.859 sec,0.0152800416514579,-1
26.86 sec,0.0152800416514579,-1
26.861 sec,0.0153115759335591,-1
26.862 sec,0.0153115759335591,-1
26.863 sec,0.0152800416514579,-1
26.864 sec,0.0152800416514579,-1
26.865 sec,0.0152485084122124,-1
26.866 sec,0.0152485084122124,-1
26.867 sec,0.0152485084122124,-1
26.868 sec,0.0152800416514579,-1
26.869 sec,0.0152800416514579,-1
26.87 sec,0.0153115759335591,-1
26.871 sec,0.0153115759335591,-1
26.872 sec,0.0152800416514579,-1
26.873 sec,0.0152485084122124,-1
26.874 sec,0.0152485084122124,-1
26.875 sec,0.0153115759335591,-1
26.876 sec,0.0153115759335591,-1
26.877 sec,0.0153115759335591,-1
26.878 sec,0.0153115759335591,-1
26.879 sec,0.015343111258308,-1
26.88 sec,0.015343111258308,-1
26.881 sec,0.0153115759335591,-1
26.882 sec,0.0152800416514579,-1
26.883 sec,0.0153115759335591,-1
26.884 sec,0.0152800416514579,-1
26.885 sec,0.0152485084122124,-1
26.886 sec,0.0152485084122124,-1
26.887 sec,0.0152485084122124,-1
26.888 sec,0.0152485084122124,-1
26.889 sec,0.0152485084122124,-1
26.89 sec,0.0152169762160309,-1
26.891 sec,0.0152800416514579,-1
26.892 sec,0.0152800416514579,-1
26.893 sec,0.0153115759335591,-1
26.894 sec,0.0152800416514579,-1
26.895 sec,0.0152800416514579,-1
26.896 sec,0.0152800416514579,-1
26.897 sec,0.0152485084122124,-1
26.898 sec,0.0152800416514579,-1
26.899 sec,0.0152800416514579,-1
26.9 sec,0.0152800416514579,-1
26.901 sec,0.0152800416514579,-1
26.902 sec,0.0152800416514579,-1
26.903 sec,0.0152800416514579,-1
26.904 sec,0.0153115759335591,-1
26.905 sec,0.0152485084122124,-1
26.906 sec,0.0152800416514579,-1
26.907 sec,0.0152485084122124,-1
26.908 sec,0.0153115759335591,-1
26.909 sec,0.0153115759335591,-1
26.91 sec,0.0152800416514579,-1
26.911 sec,0.0152485084122124,-1
26.912 sec,0.0152485084122124,-1
26.913 sec,0.0152485084122124,-1
26.914 sec,0.0152485084122124,-1
26.915 sec,0.0152800416514579,-1
26.916 sec,0.0153115759335591,-1
26.917 sec,0.0152800416514579,-1
26.918 sec,0.0152485084122124,-1
26.919 sec,0.0152800416514579,-1
26.92 sec,0.0152800416514579,-1
26.921 sec,0.0152800416514579,-1
26.922 sec,0.0152485084122124,-1
26.923 sec,0.0152800416514579,-1
26.924 sec,0.0152800416514579,-1
26.925 sec,0.0153115759335591,-1
26.926 sec,0.015343111258308,-1
26.927 sec,0.015343111258308,-1
26.928 sec,0.015343111258308,-1
26.929 sec,0.0153115759335591,-1
26.93 sec,0.0152800416514579,-1
26.931 sec,0.0153115759335591,-1
26.932 sec,0.0153115759335591,-1
26.933 sec,0.0152800416514579,-1
26.934 sec,0.0152800416514579,-1
26.935 sec,0.0152800416514579,-1
26.936 sec,0.0153115759335591,-1
26.937 sec,0.0152800416514579,-1
26.938 sec,0.0153115759335591,-1
26.939 sec,0.0152485084122124,-1
26.94 sec,0.0152800416514579,-1
26.941 sec,0.0152800416514579,-1
26.942 sec,0.0152485084122124,-1
26.943 sec,0.0152485084122124,-1
26.944 sec,0.0152485084122124,-1
26.945 sec,0.0152169762160309,-1
26.946 sec,0.0152169762160309,-1
26.947 sec,0.0152485084122124,-1
26.948 sec,0.0152485084122124,-1
26.949 sec,0.0152485084122124,-1
26.95 sec,0.0152485084122124,-1
26.951 sec,0.0152485084122124,-1
26.952 sec,0.0153115759335591,-1
26.953 sec,0.0153115759335591,-1
26.954 sec,0.0152800416514579,-1
26.955 sec,0.0152485084122124,-1
26.956 sec,0.0152485084122124,-1
26.957 sec,0.0152485084122124,-1
26.958 sec,0.0152485084122124,-1
26.959 sec,0.0152485084122124,-1
26.96 sec,0.0152485084122124,-1
26.961 sec,0.0152485084122124,-1
26.962 sec,0.0152800416514579,-1
26.963 sec,0.0152800416514579,-1
26.964 sec,0.0153115759335591,-1
26.965 sec,0.0152800416514579,-1
26.966 sec,0.0152800416514579,-1
26.967 sec,0.0152485084122124,-1
26.968 sec,0.0152800416514579,-1
26.969 sec,0.0152800416514579,-1
26.97 sec,0.0153115759335591,-1
26.971 sec,0.0153115759335591,-1
26.972 sec,0.0152800416514579,-1
26.973 sec,0.0153115759335591,-1
26.974 sec,0.015343111258308,-1
26.975 sec,0.0153115759335591,-1
26.976 sec,0.0153115759335591,-1
26.977 sec,0.0153115759335591,-1
26.978 sec,0.0153115759335591,-1
26.979 sec,0.0153115759335591,-1
26.98 sec,0.0153115759335591,-1
26.981 sec,0.0152800416514579,-1
26.982 sec,0.0152485084122124,-1
26.983 sec,0.0152485084122124,-1
26.984 sec,0.0152485084122124,-1
26.985 sec,0.0152485084122124,-1
26.986 sec,0.0152485084122124,-1
26.987 sec,0.0152485084122124,-1
26.988 sec,0.0152800416514579,-1
26.989 sec,0.0152800416514579,-1
26.99 sec,0.0153115759335591,-1
26.991 sec,0.0152800416514579,-1
26.992 sec,0.0153115759335591,-1
26.993 sec,0.0153115759335591,-1
26.994 sec,0.0152800416514579,-1
26.995 sec,0.0153115759335591,-1
26.996 sec,0.0152800416514579,-1
26.997 sec,0.0153115759335591,-1
26.998 sec,0.0153115759335591,-1
26.999 sec,0.0152800416514579,-1
27 sec,0.0152485084122124,-1
27.001 sec,0.0152485084122124,-1
27.002 sec,0.0152800416514579,-1
27.003 sec,0.0152485084122124,-1
27.004 sec,0.0152485084122124,-1
27.005 sec,0.0152169762160309,-1
27.006 sec,0.0152485084122124,-1
27.007 sec,0.0152800416514579,-1
27.008 sec,0.0152800416514579,-1
27.009 sec,0.0153115759335591,-1
27.01 sec,0.0152800416514579,-1
27.011 sec,0.0152800416514579,-1
27.012 sec,0.0153115759335591,-1
27.013 sec,0.015343111258308,-1
27.014 sec,0.0153115759335591,-1
27.015 sec,0.0152485084122124,-1
27.016 sec,0.0152485084122124,-1
27.017 sec,0.0152485084122124,-1
27.018 sec,0.0153115759335591,-1
27.019 sec,0.0152800416514579,-1
27.02 sec,0.0152800416514579,-1
27.021 sec,0.0152800416514579,-1
27.022 sec,0.0152800416514579,-1
27.023 sec,0.0153115759335591,-1
27.024 sec,0.0152800416514579,-1
27.025 sec,0.0152800416514579,-1
27.026 sec,0.0152485084122124,-1
27.027 sec,0.0152485084122124,-1
27.028 sec,0.0152800416514579,-1
27.029 sec,0.0152485084122124,-1
27.03 sec,0.0152800416514579,-1
27.031 sec,0.0152800416514579,-1
27.032 sec,0.0152800416514579,-1
27.033 sec,0.0153115759335591,-1
27.034 sec,0.0153115759335591,-1
27.035 sec,0.0153115759335591,-1
27.036 sec,0.0152800416514579,-1
27.037 sec,0.0153115759335591,-1
27.038 sec,0.0152800416514579,-1
27.039 sec,0.0153115759335591,-1
27.04 sec,0.0153115759335591,-1
27.041 sec,0.0152800416514579,-1
27.042 sec,0.0152800416514579,-1
27.043 sec,0.0152800416514579,-1
27.044 sec,0.0152485084122124,-1
27.045 sec,0.0152800416514579,-1
27.046 sec,0.0152800416514579,-1
27.047 sec,0.0152800416514579,-1
27.048 sec,0.0152485084122124,-1
27.049 sec,0.0152169762160309,-1
27.05 sec,0.0152485084122124,-1
27.051 sec,0.0152485084122124,-1
27.052 sec,0.0152800416514579,-1
27.053 sec,0.0152485084122124,-1
27.054 sec,0.0152169762160309,-1
27.055 sec,0.0152485084122124,-1
27.056 sec,0.0152800416514579,-1
27.057 sec,0.0153115759335591,-1
27.058 sec,0.0153115759335591,-1
27.059 sec,0.0153115759335591,-1
27.06 sec,0.0153115759335591,-1
27.061 sec,0.0152485084122124,-1
27.062 sec,0.0152800416514579,-1
27.063 sec,0.0152800416514579,-1
27.064 sec,0.0152800416514579,-1
27.065 sec,0.0153115759335591,-1
27.066 sec,0.0152800416514579,-1
27.067 sec,0.0152485084122124,-1
27.068 sec,0.0152800416514579,-1
27.069 sec,0.0152485084122124,-1
27.07 sec,0.0152485084122124,-1
27.071 sec,0.0152485084122124,-1
27.072 sec,0.0152169762160309,-1
27.073 sec,0.0152800416514579,-1
27.074 sec,0.0152485084122124,-1
27.075 sec,0.0152485084122124,-1
27.076 sec,0.0152169762160309,-1
27.077 sec,0.0152169762160309,-1
27.078 sec,0.0152169762160309,-1
27.079 sec,0.0152485084122124,-1
27.08 sec,0.0153115759335591,-1
27.081 sec,0.015343111258308,-1
27.082 sec,0.0153746476254965,-1
27.083 sec,0.015343111258308,-1
27.084 sec,0.0153115759335591,-1
27.085 sec,0.0152800416514579,-1
27.086 sec,0.0152800416514579,-1
27.087 sec,0.0152800416514579,-1
27.088 sec,0.0152800416514579,-1
27.089 sec,0.0153115759335591,-1
27.09 sec,0.0153115759335591,-1
27.091 sec,0.0152800416514579,-1
27.092 sec,0.0152800416514579,-1
27.093 sec,0.0153115759335591,-1
27.094 sec,0.0152800416514579,-1
27.095 sec,0.0152800416514579,-1
27.096 sec,0.0153115759335591,-1
27.097 sec,0.0152800416514579,-1
27.098 sec,0.015343111258308,-1
27.099 sec,0.015343111258308,-1
27.1 sec,0.0153115759335591,-1
27.101 sec,0.0152800416514579,-1
27.102 sec,0.0152800416514579,-1
27.103 sec,0.0152800416514579,-1
27.104 sec,0.0153115759335591,-1
27.105 sec,0.0153115759335591,-1
27.106 sec,0.0152800416514579,-1
27.107 sec,0.0152800416514579,-1
27.108 sec,0.0152800416514579,-1
27.109 sec,0.0153115759335591,-1
27.11 sec,0.0153115759335591,-1
27.111 sec,0.0152800416514579,-1
27.112 sec,0.0152800416514579,-1
27.113 sec,0.0152800416514579,-1
27.114 sec,0.0153115759335591,-1
27.115 sec,0.0152800416514579,-1
27.116 sec,0.0152800416514579,-1
27.117 sec,0.0152485084122124,-1
27.118 sec,0.0152169762160309,-1
27.119 sec,0.0152485084122124,-1
27.12 sec,0.0152800416514579,-1
27.121 sec,0.0152800416514579,-1
27.122 sec,0.0153115759335591,-1
27.123 sec,0.015343111258308,-1
27.124 sec,0.0153115759335591,-1
27.125 sec,0.0153115759335591,-1
27.126 sec,0.0152800416514579,-1
27.127 sec,0.0152800416514579,-1
27.128 sec,0.0152800416514579,-1
27.129 sec,0.0153115759335591,-1
27.13 sec,0.0153115759335591,-1
27.131 sec,0.0153115759335591,-1
27.132 sec,0.0152800416514579,-1
27.133 sec,0.0152485084122124,-1
27.134 sec,0.0152485084122124,-1
27.135 sec,0.0152169762160309,-1
27.136 sec,0.0152169762160309,-1
27.137 sec,0.0152485084122124,-1
27.138 sec,0.0152800416514579,-1
27.139 sec,0.0152800416514579,-1
27.14 sec,0.0152800416514579,-1
27.141 sec,0.0152800416514579,-1
27.142 sec,0.0152800416514579,-1
27.143 sec,0.0153115759335591,-1
27.144 sec,0.0153115759335591,-1
27.145 sec,0.0153115759335591,-1
27.146 sec,0.0153115759335591,-1
27.147 sec,0.0153115759335591,-1
27.148 sec,0.0153115759335591,-1
27.149 sec,0.0153115759335591,-1
27.15 sec,0.0153115759335591,-1
27.151 sec,0.0153115759335591,-1
27.152 sec,0.0152800416514579,-1
27.153 sec,0.0152800416514579,-1
27.154 sec,0.0152485084122124,-1
27.155 sec,0.0152800416514579,-1
27.156 sec,0.0152485084122124,-1
27.157 sec,0.0152800416514579,-1
27.158 sec,0.0152800416514579,-1
27.159 sec,0.0152800416514579,-1
27.16 sec,0.0153115759335591,-1
27.161 sec,0.0152800416514579,-1
27.162 sec,0.0152800416514579,-1
27.163 sec,0.0152800416514579,-1
27.164 sec,0.0152800416514579,-1
27.165 sec,0.0152800416514579,-1
27.166 sec,0.0152800416514579,-1
27.167 sec,0.0152800416514579,-1
27.168 sec,0.0152485084122124,-1
27.169 sec,0.0152800416514579,-1
27.17 sec,0.0152800416514579,-1
27.171 sec,0.0153115759335591,-1
27.172 sec,0.0152800416514579,-1
27.173 sec,0.0152485084122124,-1
27.174 sec,0.0152800416514579,-1
27.175 sec,0.0152485084122124,-1
27.176 sec,0.0152485084122124,-1
27.177 sec,0.0152485084122124,-1
27.178 sec,0.0152485084122124,-1
27.179 sec,0.0152485084122124,-1
27.18 sec,0.0152800416514579,-1
27.181 sec,0.0152485084122124,-1
27.182 sec,0.0152485084122124,-1
27.183 sec,0.0152485084122124,-1
27.184 sec,0.0152800416514579,-1
27.185 sec,0.0153115759335591,-1
27.186 sec,0.015343111258308,-1
27.187 sec,0.0153115759335591,-1
27.188 sec,0.0153115759335591,-1
27.189 sec,0.0152800416514579,-1
27.19 sec,0.0152485084122124,-1
27.191 sec,0.015153914953692,-1
27.192 sec,0.0152169762160309,-1
27.193 sec,0.0152485084122124,-1
27.194 sec,0.0152800416514579,-1
27.195 sec,0.0153115759335591,-1
27.196 sec,0.0152800416514579,-1
27.197 sec,0.0152800416514579,-1
27.198 sec,0.0152800416514579,-1
27.199 sec,0.0152800416514579,-1
27.2 sec,0.0152800416514579,-1
27.201 sec,0.0152800416514579,-1
27.202 sec,0.0152800416514579,-1
27.203 sec,0.0152485084122124,-1
27.204 sec,0.0152485084122124,-1
27.205 sec,0.0152800416514579,-1
27.206 sec,0.0153115759335591,-1
27.207 sec,0.0153115759335591,-1
27.208 sec,0.0152800416514579,-1
27.209 sec,0.0152485084122124,-1
27.21 sec,0.0152485084122124,-1
27.211 sec,0.0152800416514579,-1
27.212 sec,0.0152800416514579,-1
27.213 sec,0.0153115759335591,-1
27.214 sec,0.0153115759335591,-1
27.215 sec,0.0152800416514579,-1
27.216 sec,0.0153115759335591,-1
27.217 sec,0.0152800416514579,-1
27.218 sec,0.0152485084122124,-1
27.219 sec,0.0152800416514579,-1
27.22 sec,0.0152800416514579,-1
27.221 sec,0.0153115759335591,-1
27.222 sec,0.0152800416514579,-1
27.223 sec,0.0153115759335591,-1
27.224 sec,0.0153115759335591,-1
27.225 sec,0.0153115759335591,-1
27.226 sec,0.015343111258308,-1
27.227 sec,0.0153115759335591,-1
27.228 sec,0.0152800416514579,-1
27.229 sec,0.0152800416514579,-1
27.23 sec,0.0152800416514579,-1
27.231 sec,0.0152485084122124,-1
27.232 sec,0.0152485084122124,-1
27.233 sec,0.0152485084122124,-1
27.234 sec,0.0152485084122124,-1
27.235 sec,0.0152800416514579,-1
27.236 sec,0.0152485084122124,-1
27.237 sec,0.0152800416514579,-1
27.238 sec,0.0153115759335591,-1
27.239 sec,0.0152800416514579,-1
27.24 sec,0.0152485084122124,-1
27.241 sec,0.0152169762160309,-1
27.242 sec,0.0152485084122124,-1
27.243 sec,0.0152485084122124,-1
27.244 sec,0.0152800416514579,-1
27.245 sec,0.0152800416514579,-1
27.246 sec,0.0153115759335591,-1
27.247 sec,0.0152800416514579,-1
27.248 sec,0.0152800416514579,-1
27.249 sec,0.0152800416514579,-1
27.25 sec,0.0152800416514579,-1
27.251 sec,0.0152800416514579,-1
27.252 sec,0.0152485084122124,-1
27.253 sec,0.0152485084122124,-1
27.254 sec,0.0152485084122124,-1
27.255 sec,0.0152485084122124,-1
27.256 sec,0.0152800416514579,-1
27.257 sec,0.0153115759335591,-1
27.258 sec,0.0153115759335591,-1
27.259 sec,0.015343111258308,-1
27.26 sec,0.0152800416514579,-1
27.261 sec,0.0152485084122124,-1
27.262 sec,0.0152800416514579,-1
27.263 sec,0.0152800416514579,-1
27.264 sec,0.0152800416514579,-1
27.265 sec,0.0152800416514579,-1
27.266 sec,0.0152800416514579,-1
27.267 sec,0.0152800416514579,-1
27.268 sec,0.0152800416514579,-1
27.269 sec,0.0152800416514579,-1
27.27 sec,0.0152800416514579,-1
27.271 sec,0.0152485084122124,-1
27.272 sec,0.0152800416514579,-1
27.273 sec,0.0152800416514579,-1
27.274 sec,0.0153115759335591,-1
27.275 sec,0.0153115759335591,-1
27.276 sec,0.0153115759335591,-1
27.277 sec,0.0152800416514579,-1
27.278 sec,0.0152800416514579,-1
27.279 sec,0.0153115759335591,-1
27.28 sec,0.0153115759335591,-1
27.281 sec,0.0153115759335591,-1
27.282 sec,0.0153115759335591,-1
27.283 sec,0.0153115759335591,-1
27.284 sec,0.0152800416514579,-1
27.285 sec,0.0152800416514579,-1
27.286 sec,0.0152485084122124,-1
27.287 sec,0.0152485084122124,-1
27.288 sec,0.0152485084122124,-1
27.289 sec,0.0152800416514579,-1
27.29 sec,0.0153115759335591,-1
27.291 sec,0.0153115759335591,-1
27.292 sec,0.0152485084122124,-1
27.293 sec,0.0152169762160309,-1
27.294 sec,0.0152169762160309,-1
27.295 sec,0.0152485084122124,-1
27.296 sec,0.0152800416514579,-1
27.297 sec,0.0152800416514579,-1
27.298 sec,0.0152485084122124,-1
27.299 sec,0.0152800416514579,-1
27.3 sec,0.0152485084122124,-1
27.301 sec,0.0152169762160309,-1
27.302 sec,0.0152485084122124,-1
27.303 sec,0.0152800416514579,-1
27.304 sec,0.0152800416514579,-1
27.305 sec,0.0152800416514579,-1
27.306 sec,0.0153115759335591,-1
27.307 sec,0.0152800416514579,-1
27.308 sec,0.0153115759335591,-1
27.309 sec,0.0153115759335591,-1
27.31 sec,0.015343111258308,-1
27.311 sec,0.015343111258308,-1
27.312 sec,0.015343111258308,-1
27.313 sec,0.0153115759335591,-1
27.314 sec,0.0152800416514579,-1
27.315 sec,0.0152485084122124,-1
27.316 sec,0.0152485084122124,-1
27.317 sec,0.0152800416514579,-1
27.318 sec,0.0152800416514579,-1
27.319 sec,0.0153115759335591,-1
27.32 sec,0.0153115759335591,-1
27.321 sec,0.0152800416514579,-1
27.322 sec,0.0152485084122124,-1
27.323 sec,0.0152169762160309,-1
27.324 sec,0.0152169762160309,-1
27.325 sec,0.0152169762160309,-1
27.326 sec,0.0152800416514579,-1
27.327 sec,0.0152800416514579,-1
27.328 sec,0.0153115759335591,-1
27.329 sec,0.0153115759335591,-1
27.33 sec,0.0152800416514579,-1
27.331 sec,0.0152800416514579,-1
27.332 sec,0.0152800416514579,-1
27.333 sec,0.0152800416514579,-1
27.334 sec,0.0152800416514579,-1
27.335 sec,0.0152800416514579,-1
27.336 sec,0.0152800416514579,-1
27.337 sec,0.0153115759335591,-1
27.338 sec,0.0153115759335591,-1
27.339 sec,0.0153115759335591,-1
27.34 sec,0.0152800416514579,-1
27.341 sec,0.0152485084122124,-1
27.342 sec,0.0152800416514579,-1
27.343 sec,0.0153115759335591,-1
27.344 sec,0.015343111258308,-1
27.345 sec,0.0153115759335591,-1
27.346 sec,0.0153115759335591,-1
27.347 sec,0.0152800416514579,-1
27.348 sec,0.0152800416514579,-1
27.349 sec,0.0152169762160309,-1
27.35 sec,0.0152169762160309,-1
27.351 sec,0.0151223858879508,-1
27.352 sec,0.015153914953692,-1
27.353 sec,0.0152485084122124,-1
27.354 sec,0.0152800416514579,-1
27.355 sec,0.0152800416514579,-1
27.356 sec,0.0152485084122124,-1
27.357 sec,0.0152485084122124,-1
27.358 sec,0.0152485084122124,-1
27.359 sec,0.0152485084122124,-1
27.36 sec,0.0152800416514579,-1
27.361 sec,0.0153115759335591,-1
27.362 sec,0.0152485084122124,-1
27.363 sec,0.0152800416514579,-1
27.364 sec,0.0152800416514579,-1
27.365 sec,0.0152800416514579,-1
27.366 sec,0.0152485084122124,-1
27.367 sec,0.0152800416514579,-1
27.368 sec,0.0152800416514579,-1
27.369 sec,0.0152800416514579,-1
27.37 sec,0.0153115759335591,-1
27.371 sec,0.0153115759335591,-1
27.372 sec,0.0153115759335591,-1
27.373 sec,0.0153115759335591,-1
27.374 sec,0.0152800416514579,-1
27.375 sec,0.0152800416514579,-1
27.376 sec,0.0152800416514579,-1
27.377 sec,0.0153115759335591,-1
27.378 sec,0.0152800416514579,-1
27.379 sec,0.0153115759335591,-1
27.38 sec,0.0152800416514579,-1
27.381 sec,0.0152800416514579,-1
27.382 sec,0.0152800416514579,-1
27.383 sec,0.0152485084122124,-1
27.384 sec,0.0152485084122124,-1
27.385 sec,0.0152169762160309,-1
27.386 sec,0.0152169762160309,-1
27.387 sec,0.0152485084122124,-1
27.388 sec,0.0152800416514579,-1
27.389 sec,0.0152800416514579,-1
27.39 sec,0.0152800416514579,-1
27.391 sec,0.0152485084122124,-1
27.392 sec,0.0152800416514579,-1
27.393 sec,0.0152485084122124,-1
27.394 sec,0.015153914953692,-1
27.395 sec,0.0151223858879508,-1
27.396 sec,0.015153914953692,-1
27.397 sec,0.0152800416514579,-1
27.398 sec,0.0152800416514579,-1
27.399 sec,0.0152800416514579,-1
27.4 sec,0.0152485084122124,-1
27.401 sec,0.0152485084122124,-1
27.402 sec,0.0152800416514579,-1
27.403 sec,0.0152800416514579,-1
27.404 sec,0.0152800416514579,-1
27.405 sec,0.0153115759335591,-1
27.406 sec,0.0152800416514579,-1
27.407 sec,0.0153115759335591,-1
27.408 sec,0.0153115759335591,-1
27.409 sec,0.0153115759335591,-1
27.41 sec,0.0152800416514579,-1
27.411 sec,0.0152800416514579,-1
27.412 sec,0.0152485084122124,-1
27.413 sec,0.0152485084122124,-1
27.414 sec,0.0152169762160309,-1
27.415 sec,0.0152169762160309,-1
27.416 sec,0.0152169762160309,-1
27.417 sec,0.0152169762160309,-1
27.418 sec,0.0152485084122124,-1
27.419 sec,0.0152485084122124,-1
27.42 sec,0.0152800416514579,-1
27.421 sec,0.0152800416514579,-1
27.422 sec,0.0153115759335591,-1
27.423 sec,0.015343111258308,-1
27.424 sec,0.015343111258308,-1
27.425 sec,0.0152800416514579,-1
27.426 sec,0.0152485084122124,-1
27.427 sec,0.0152169762160309,-1
27.428 sec,0.0152800416514579,-1
27.429 sec,0.0152800416514579,-1
27.43 sec,0.0153115759335591,-1
27.431 sec,0.0153115759335591,-1
27.432 sec,0.0152800416514579,-1
27.433 sec,0.0152485084122124,-1
27.434 sec,0.0152485084122124,-1
27.435 sec,0.0152169762160309,-1
27.436 sec,0.0152485084122124,-1
27.437 sec,0.0152800416514579,-1
27.438 sec,0.0152800416514579,-1
27.439 sec,0.0152800416514579,-1
27.44 sec,0.0153115759335591,-1
27.441 sec,0.0153115759335591,-1
27.442 sec,0.0152800416514579,-1
27.443 sec,0.0153115759335591,-1
27.444 sec,0.0153115759335591,-1
27.445 sec,0.0152800416514579,-1
27.446 sec,0.0152485084122124,-1
27.447 sec,0.0152169762160309,-1
27.448 sec,0.0152169762160309,-1
27.449 sec,0.0152800416514579,-1
27.45 sec,0.0153115759335591,-1
27.451 sec,0.0153115759335591,-1
27.452 sec,0.0152800416514579,-1
27.453 sec,0.0152800416514579,-1
27.454 sec,0.0152485084122124,-1
27.455 sec,0.0152485084122124,-1
27.456 sec,0.0152485084122124,-1
27.457 sec,0.0152800416514579,-1
27.458 sec,0.0153115759335591,-1
27.459 sec,0.0153115759335591,-1
27.46 sec,0.0153115759335591,-1
27.461 sec,0.0153115759335591,-1
27.462 sec,0.0153115759335591,-1
27.463 sec,0.015343111258308,-1
27.464 sec,0.015343111258308,-1
27.465 sec,0.015343111258308,-1
27.466 sec,0.0153115759335591,-1
27.467 sec,0.0152800416514579,-1
27.468 sec,0.0152485084122124,-1
27.469 sec,0.0152800416514579,-1
27.47 sec,0.0152800416514579,-1
27.471 sec,0.0152800416514579,-1
27.472 sec,0.0153115759335591,-1
27.473 sec,0.0153115759335591,-1
27.474 sec,0.0153115759335591,-1
27.475 sec,0.0153115759335591,-1
27.476 sec,0.0153115759335591,-1
27.477 sec,0.0153115759335591,-1
27.478 sec,0.0152800416514579,-1
27.479 sec,0.0152485084122124,-1
27.48 sec,0.0152485084122124,-1
27.481 sec,0.0153115759335591,-1
27.482 sec,0.0152800416514579,-1
27.483 sec,0.0152800416514579,-1
27.484 sec,0.0152485084122124,-1
27.485 sec,0.0152485084122124,-1
27.486 sec,0.0152485084122124,-1
27.487 sec,0.0152485084122124,-1
27.488 sec,0.0152800416514579,-1
27.489 sec,0.0152485084122124,-1
27.49 sec,0.0152169762160309,-1
27.491 sec,0.0152485084122124,-1
27.492 sec,0.0152485084122124,-1
27.493 sec,0.0153115759335591,-1
27.494 sec,0.0152485084122124,-1
27.495 sec,0.0152485084122124,-1
27.496 sec,0.0152800416514579,-1
27.497 sec,0.0152800416514579,-1
27.498 sec,0.0153115759335591,-1
27.499 sec,0.0153115759335591,-1
27.5 sec,0.0153115759335591,-1
27.501 sec,0.0152800416514579,-1
27.502 sec,0.0152800416514579,-1
27.503 sec,0.0153115759335591,-1
27.504 sec,0.0153115759335591,-1
27.505 sec,0.0153115759335591,-1
27.506 sec,0.0152800416514579,-1
27.507 sec,0.0152485084122124,-1
27.508 sec,0.0152485084122124,-1
27.509 sec,0.0153115759335591,-1
27.51 sec,0.0153115759335591,-1
27.511 sec,0.0153115759335591,-1
27.512 sec,0.0153115759335591,-1
27.513 sec,0.0152485084122124,-1
27.514 sec,0.0152485084122124,-1
27.515 sec,0.0152485084122124,-1
27.516 sec,0.0153115759335591,-1
27.517 sec,0.0153115759335591,-1
27.518 sec,0.0153115759335591,-1
27.519 sec,0.0153115759335591,-1
27.52 sec,0.0152800416514579,-1
27.521 sec,0.0152485084122124,-1
27.522 sec,0.0152800416514579,-1
27.523 sec,0.0152800416514579,-1
27.524 sec,0.0152800416514579,-1
27.525 sec,0.0152800416514579,-1
27.526 sec,0.0152800416514579,-1
27.527 sec,0.0152485084122124,-1
27.528 sec,0.0152800416514579,-1
27.529 sec,0.0152800416514579,-1
27.53 sec,0.0153115759335591,-1
27.531 sec,0.0153115759335591,-1
27.532 sec,0.0153115759335591,-1
27.533 sec,0.0152800416514579,-1
27.534 sec,0.0152800416514579,-1
27.535 sec,0.0153115759335591,-1
27.536 sec,0.0153115759335591,-1
27.537 sec,0.0152800416514579,-1
27.538 sec,0.0152485084122124,-1
27.539 sec,0.0152485084122124,-1
27.54 sec,0.0152485084122124,-1
27.541 sec,0.0152800416514579,-1
27.542 sec,0.0153115759335591,-1
27.543 sec,0.0152800416514579,-1
27.544 sec,0.0152485084122124,-1
27.545 sec,0.0152485084122124,-1
27.546 sec,0.0152485084122124,-1
27.547 sec,0.0152485084122124,-1
27.548 sec,0.0152800416514579,-1
27.549 sec,0.0153115759335591,-1
27.55 sec,0.0152800416514579,-1
27.551 sec,0.0152800416514579,-1
27.552 sec,0.0152169762160309,-1
27.553 sec,0.0152169762160309,-1
27.554 sec,0.0152485084122124,-1
27.555 sec,0.0152800416514579,-1
27.556 sec,0.0152800416514579,-1
27.557 sec,0.0152485084122124,-1
27.558 sec,0.0152485084122124,-1
27.559 sec,0.0152800416514579,-1
27.56 sec,0.0152800416514579,-1
27.561 sec,0.0153115759335591,-1
27.562 sec,0.0153115759335591,-1
27.563 sec,0.0152800416514579,-1
27.564 sec,0.0152485084122124,-1
27.565 sec,0.0152169762160309,-1
27.566 sec,0.0152485084122124,-1
27.567 sec,0.0152800416514579,-1
27.568 sec,0.0152800416514579,-1
27.569 sec,0.0152800416514579,-1
27.57 sec,0.0152485084122124,-1
27.571 sec,0.0152169762160309,-1
27.572 sec,0.015153914953692,-1
27.573 sec,0.0152169762160309,-1
27.574 sec,0.0152485084122124,-1
27.575 sec,0.0152800416514579,-1
27.576 sec,0.0153115759335591,-1
27.577 sec,0.0153115759335591,-1
27.578 sec,0.0153115759335591,-1
27.579 sec,0.0152800416514579,-1
27.58 sec,0.0152800416514579,-1
27.581 sec,0.0152485084122124,-1
27.582 sec,0.0152485084122124,-1
27.583 sec,0.0152485084122124,-1
27.584 sec,0.0152800416514579,-1
27.585 sec,0.0153115759335591,-1
27.586 sec,0.0153115759335591,-1
27.587 sec,0.0152800416514579,-1
27.588 sec,0.0152800416514579,-1
27.589 sec,0.0153115759335591,-1
27.59 sec,0.0153115759335591,-1
27.591 sec,0.015343111258308,-1
27.592 sec,0.015343111258308,-1
27.593 sec,0.0152800416514579,-1
27.594 sec,0.0152485084122124,-1
27.595 sec,0.0152485084122124,-1
27.596 sec,0.0152485084122124,-1
27.597 sec,0.0152800416514579,-1
27.598 sec,0.0153115759335591,-1
27.599 sec,0.0153115759335591,-1
27.6 sec,0.0152800416514579,-1
27.601 sec,0.0152485084122124,-1
27.602 sec,0.0152169762160309,-1
27.603 sec,0.0152485084122124,-1
27.604 sec,0.0152800416514579,-1
27.605 sec,0.0153115759335591,-1
27.606 sec,0.0153115759335591,-1
27.607 sec,0.0152485084122124,-1
27.608 sec,0.0152485084122124,-1
27.609 sec,0.0152485084122124,-1
27.61 sec,0.0152800416514579,-1
27.611 sec,0.0153115759335591,-1
27.612 sec,0.0153115759335591,-1
27.613 sec,0.0153115759335591,-1
27.614 sec,0.0152800416514579,-1
27.615 sec,0.0152800416514579,-1
27.616 sec,0.0152800416514579,-1
27.617 sec,0.0153115759335591,-1
27.618 sec,0.0153115759335591,-1
27.619 sec,0.0153115759335591,-1
27.62 sec,0.0152800416514579,-1
27.621 sec,0.0153115759335591,-1
27.622 sec,0.0153115759335591,-1
27.623 sec,0.015343111258308,-1
27.624 sec,0.015343111258308,-1
27.625 sec,0.0153115759335591,-1
27.626 sec,0.0153115759335591,-1
27.627 sec,0.0153115759335591,-1
27.628 sec,0.0153115759335591,-1
27.629 sec,0.0153115759335591,-1
27.63 sec,0.0152800416514579,-1
27.631 sec,0.0152800416514579,-1
27.632 sec,0.0152800416514579,-1
27.633 sec,0.0152800416514579,-1
27.634 sec,0.0153115759335591,-1
27.635 sec,0.0152485084122124,-1
27.636 sec,0.0152800416514579,-1
27.637 sec,0.0152800416514579,-1
27.638 sec,0.0153115759335591,-1
27.639 sec,0.0152800416514579,-1
27.64 sec,0.0152800416514579,-1
27.641 sec,0.0152800416514579,-1
27.642 sec,0.0153115759335591,-1
27.643 sec,0.0153115759335591,-1
27.644 sec,0.0153115759335591,-1
27.645 sec,0.0153115759335591,-1
27.646 sec,0.0153115759335591,-1
27.647 sec,0.0152800416514579,-1
27.648 sec,0.0152800416514579,-1
27.649 sec,0.0152800416514579,-1
27.65 sec,0.0153115759335591,-1
27.651 sec,0.0152800416514579,-1
27.652 sec,0.0153115759335591,-1
27.653 sec,0.0152800416514579,-1
27.654 sec,0.0153115759335591,-1
27.655 sec,0.0152800416514579,-1
27.656 sec,0.0153115759335591,-1
27.657 sec,0.0152800416514579,-1
27.658 sec,0.0152800416514579,-1
27.659 sec,0.0152485084122124,-1
27.66 sec,0.0152800416514579,-1
27.661 sec,0.0153115759335591,-1
27.662 sec,0.015343111258308,-1
27.663 sec,0.015343111258308,-1
27.664 sec,0.0153115759335591,-1
27.665 sec,0.015343111258308,-1
27.666 sec,0.0153115759335591,-1
27.667 sec,0.015343111258308,-1
27.668 sec,0.0153115759335591,-1
27.669 sec,0.0152800416514579,-1
27.67 sec,0.0152800416514579,-1
27.671 sec,0.0152800416514579,-1
27.672 sec,0.0152800416514579,-1
27.673 sec,0.0152485084122124,-1
27.674 sec,0.0152169762160309,-1
27.675 sec,0.0152485084122124,-1
27.676 sec,0.0152800416514579,-1
27.677 sec,0.0152800416514579,-1
27.678 sec,0.0152800416514579,-1
27.679 sec,0.0153115759335591,-1
27.68 sec,0.0152800416514579,-1
27.681 sec,0.0152485084122124,-1
27.682 sec,0.0152485084122124,-1
27.683 sec,0.0152800416514579,-1
27.684 sec,0.0152485084122124,-1
27.685 sec,0.0152485084122124,-1
27.686 sec,0.0152485084122124,-1
27.687 sec,0.0152800416514579,-1
27.688 sec,0.0152485084122124,-1
27.689 sec,0.0152800416514579,-1
27.69 sec,0.0152800416514579,-1
27.691 sec,0.0153115759335591,-1
27.692 sec,0.0153115759335591,-1
27.693 sec,0.0152800416514579,-1
27.694 sec,0.0152800416514579,-1
27.695 sec,0.0152800416514579,-1
27.696 sec,0.0152800416514579,-1
27.697 sec,0.0152800416514579,-1
27.698 sec,0.0152800416514579,-1
27.699 sec,0.0152800416514579,-1
27.7 sec,0.0153115759335591,-1
27.701 sec,0.0153115759335591,-1
27.702 sec,0.015343111258308,-1
27.703 sec,0.0153115759335591,-1
27.704 sec,0.0152800416514579,-1
27.705 sec,0.0152485084122124,-1
27.706 sec,0.0152800416514579,-1
27.707 sec,0.0153115759335591,-1
27.708 sec,0.0153115759335591,-1
27.709 sec,0.0152800416514579,-1
27.71 sec,0.0152800416514579,-1
27.711 sec,0.0152485084122124,-1
27.712 sec,0.0152485084122124,-1
27.713 sec,0.0152169762160309,-1
27.714 sec,0.0152485084122124,-1
27.715 sec,0.0152485084122124,-1
27.716 sec,0.0152485084122124,-1
27.717 sec,0.0152485084122124,-1
27.718 sec,0.0152485084122124,-1
27.719 sec,0.0152169762160309,-1
27.72 sec,0.0152485084122124,-1
27.721 sec,0.0152800416514579,-1
27.722 sec,0.0152485084122124,-1
27.723 sec,0.0152169762160309,-1
27.724 sec,0.015153914953692,-1
27.725 sec,0.0152169762160309,-1
27.726 sec,0.0152485084122124,-1
27.727 sec,0.0152800416514579,-1
27.728 sec,0.015343111258308,-1
27.729 sec,0.015343111258308,-1
27.73 sec,0.015343111258308,-1
27.731 sec,0.0153115759335591,-1
27.732 sec,0.0152800416514579,-1
27.733 sec,0.0152485084122124,-1
27.734 sec,0.0152485084122124,-1
27.735 sec,0.0152169762160309,-1
27.736 sec,0.0152485084122124,-1
27.737 sec,0.0153115759335591,-1
27.738 sec,0.0152800416514579,-1
27.739 sec,0.0153115759335591,-1
27.74 sec,0.0153115759335591,-1
27.741 sec,0.0153115759335591,-1
27.742 sec,0.0153115759335591,-1
27.743 sec,0.0152485084122124,-1
27.744 sec,0.0152485084122124,-1
27.745 sec,0.0152800416514579,-1
27.746 sec,0.0153115759335591,-1
27.747 sec,0.015343111258308,-1
27.748 sec,0.015343111258308,-1
27.749 sec,0.0153115759335591,-1
27.75 sec,0.0152800416514579,-1
27.751 sec,0.0152800416514579,-1
27.752 sec,0.0153115759335591,-1
27.753 sec,0.015343111258308,-1
27.754 sec,0.0153115759335591,-1
27.755 sec,0.0152800416514579,-1
27.756 sec,0.0152485084122124,-1
27.757 sec,0.0152485084122124,-1
27.758 sec,0.0152485084122124,-1
27.759 sec,0.0152800416514579,-1
27.76 sec,0.0153115759335591,-1
27.761 sec,0.015343111258308,-1
27.762 sec,0.0153115759335591,-1
27.763 sec,0.0153115759335591,-1
27.764 sec,0.0153115759335591,-1
27.765 sec,0.0152800416514579,-1
27.766 sec,0.0152485084122124,-1
27.767 sec,0.0152485084122124,-1
27.768 sec,0.0152485084122124,-1
27.769 sec,0.0152800416514579,-1
27.77 sec,0.0152800416514579,-1
27.771 sec,0.0152485084122124,-1
27.772 sec,0.0153115759335591,-1
27.773 sec,0.0152800416514579,-1
27.774 sec,0.0152485084122124,-1
27.775 sec,0.015153914953692,-1
27.776 sec,0.0152169762160309,-1
27.777 sec,0.0152800416514579,-1
27.778 sec,0.0153115759335591,-1
27.779 sec,0.0153115759335591,-1
27.78 sec,0.015343111258308,-1
27.781 sec,0.015343111258308,-1
27.782 sec,0.0153115759335591,-1
27.783 sec,0.0152800416514579,-1
27.784 sec,0.0152485084122124,-1
27.785 sec,0.0152169762160309,-1
27.786 sec,0.0152169762160309,-1
27.787 sec,0.0152485084122124,-1
27.788 sec,0.0153115759335591,-1
27.789 sec,0.0152485084122124,-1
27.79 sec,0.0152169762160309,-1
27.791 sec,0.0152169762160309,-1
27.792 sec,0.0152485084122124,-1
27.793 sec,0.0153115759335591,-1
27.794 sec,0.0152800416514579,-1
27.795 sec,0.0152800416514579,-1
27.796 sec,0.0152800416514579,-1
27.797 sec,0.0152800416514579,-1
27.798 sec,0.0152800416514579,-1
27.799 sec,0.0152800416514579,-1
27.8 sec,0.0152800416514579,-1
27.801 sec,0.0152800416514579,-1
27.802 sec,0.0152800416514579,-1
27.803 sec,0.0152485084122124,-1
27.804 sec,0.0152169762160309,-1
27.805 sec,0.0152485084122124,-1
27.806 sec,0.0152485084122124,-1
27.807 sec,0.0152800416514579,-1
27.808 sec,0.0152485084122124,-1
27.809 sec,0.0152800416514579,-1
27.81 sec,0.0152800416514579,-1
27.811 sec,0.0152800416514579,-1
27.812 sec,0.0152800416514579,-1
27.813 sec,0.0152485084122124,-1
27.814 sec,0.0152800416514579,-1
27.815 sec,0.0152800416514579,-1
27.816 sec,0.0152485084122124,-1
27.817 sec,0.0152485084122124,-1
27.818 sec,0.0152169762160309,-1
27.819 sec,0.0152485084122124,-1
27.82 sec,0.0152169762160309,-1
27.821 sec,0.0152485084122124,-1
27.822 sec,0.0152800416514579,-1
27.823 sec,0.0153115759335591,-1
27.824 sec,0.0153115759335591,-1
27.825 sec,0.0153115759335591,-1
27.826 sec,0.0153115759335591,-1
27.827 sec,0.0153115759335591,-1
27.828 sec,0.0153115759335591,-1
27.829 sec,0.0152800416514579,-1
27.83 sec,0.0152800416514579,-1
27.831 sec,0.0152485084122124,-1
27.832 sec,0.0152485084122124,-1
27.833 sec,0.0152485084122124,-1
27.834 sec,0.0152800416514579,-1
27.835 sec,0.0152800416514579,-1
27.836 sec,0.0152485084122124,-1
27.837 sec,0.0152485084122124,-1
27.838 sec,0.0152800416514579,-1
27.839 sec,0.0152800416514579,-1
27.84 sec,0.0152800416514579,-1
27.841 sec,0.0152800416514579,-1
27.842 sec,0.0153115759335591,-1
27.843 sec,0.0152800416514579,-1
27.844 sec,0.0152800416514579,-1
27.845 sec,0.0153115759335591,-1
27.846 sec,0.0152800416514579,-1
27.847 sec,0.0152800416514579,-1
27.848 sec,0.0152800416514579,-1
27.849 sec,0.0152800416514579,-1
27.85 sec,0.0153115759335591,-1
27.851 sec,0.0152800416514579,-1
27.852 sec,0.0152800416514579,-1
27.853 sec,0.0152485084122124,-1
27.854 sec,0.0152485084122124,-1
27.855 sec,0.0152169762160309,-1
27.856 sec,0.0152485084122124,-1
27.857 sec,0.0152800416514579,-1
27.858 sec,0.0152800416514579,-1
27.859 sec,0.0152800416514579,-1
27.86 sec,0.0152800416514579,-1
27.861 sec,0.0152485084122124,-1
27.862 sec,0.0152485084122124,-1
27.863 sec,0.0152800416514579,-1
27.864 sec,0.0152800416514579,-1
27.865 sec,0.0153115759335591,-1
27.866 sec,0.0152800416514579,-1
27.867 sec,0.0152800416514579,-1
27.868 sec,0.0152485084122124,-1
27.869 sec,0.0152485084122124,-1
27.87 sec,0.0152485084122124,-1
27.871 sec,0.0152800416514579,-1
27.872 sec,0.0153115759335591,-1
27.873 sec,0.015343111258308,-1
27.874 sec,0.0153115759335591,-1
27.875 sec,0.0152800416514579,-1
27.876 sec,0.0152800416514579,-1
27.877 sec,0.015343111258308,-1
27.878 sec,0.0153115759335591,-1
27.879 sec,0.0153115759335591,-1
27.88 sec,0.0153115759335591,-1
27.881 sec,0.0152800416514579,-1
27.882 sec,0.0152485084122124,-1
27.883 sec,0.0152485084122124,-1
27.884 sec,0.0152485084122124,-1
27.885 sec,0.0152800416514579,-1
27.886 sec,0.0152800416514579,-1
27.887 sec,0.0152485084122124,-1
27.888 sec,0.0152800416514579,-1
27.889 sec,0.0153115759335591,-1
27.89 sec,0.015343111258308,-1
27.891 sec,0.0153115759335591,-1
27.892 sec,0.0153115759335591,-1
27.893 sec,0.0152800416514579,-1
27.894 sec,0.0152800416514579,-1
27.895 sec,0.0153115759335591,-1
27.896 sec,0.0153115759335591,-1
27.897 sec,0.0153115759335591,-1
27.898 sec,0.0153115759335591,-1
27.899 sec,0.0153115759335591,-1
27.9 sec,0.0152485084122124,-1
27.901 sec,0.0152485084122124,-1
27.902 sec,0.0152485084122124,-1
27.903 sec,0.0152485084122124,-1
27.904 sec,0.0152485084122124,-1
27.905 sec,0.0152485084122124,-1
27.906 sec,0.0152485084122124,-1
27.907 sec,0.0152485084122124,-1
27.908 sec,0.0152800416514579,-1
27.909 sec,0.0152800416514579,-1
27.91 sec,0.0153115759335591,-1
27.911 sec,0.0153115759335591,-1
27.912 sec,0.0153115759335591,-1
27.913 sec,0.015343111258308,-1
27.914 sec,0.0153115759335591,-1
27.915 sec,0.0153115759335591,-1
27.916 sec,0.0152485084122124,-1
27.917 sec,0.0152485084122124,-1
27.918 sec,0.0152485084122124,-1
27.919 sec,0.0152800416514579,-1
27.92 sec,0.0153115759335591,-1
27.921 sec,0.015343111258308,-1
27.922 sec,0.015343111258308,-1
27.923 sec,0.0152800416514579,-1
27.924 sec,0.0152485084122124,-1
27.925 sec,0.0152800416514579,-1
27.926 sec,0.0152485084122124,-1
27.927 sec,0.0152485084122124,-1
27.928 sec,0.0152169762160309,-1
27.929 sec,0.0152169762160309,-1
27.93 sec,0.0152485084122124,-1
27.931 sec,0.0152485084122124,-1
27.932 sec,0.0152800416514579,-1
27.933 sec,0.015343111258308,-1
27.934 sec,0.0153115759335591,-1
27.935 sec,0.0153115759335591,-1
27.936 sec,0.0153115759335591,-1
27.937 sec,0.0153115759335591,-1
27.938 sec,0.0153115759335591,-1
27.939 sec,0.0153115759335591,-1
27.94 sec,0.0153115759335591,-1
27.941 sec,0.0152800416514579,-1
27.942 sec,0.0152485084122124,-1
27.943 sec,0.0152169762160309,-1
27.944 sec,0.0152485084122124,-1
27.945 sec,0.0152800416514579,-1
27.946 sec,0.0153115759335591,-1
27.947 sec,0.0153115759335591,-1
27.948 sec,0.0152800416514579,-1
27.949 sec,0.0153115759335591,-1
27.95 sec,0.0152800416514579,-1
27.951 sec,0.0152485084122124,-1
27.952 sec,0.0152485084122124,-1
27.953 sec,0.0152485084122124,-1
27.954 sec,0.0152800416514579,-1
27.955 sec,0.0152800416514579,-1
27.956 sec,0.0152485084122124,-1
27.957 sec,0.0152800416514579,-1
27.958 sec,0.0152800416514579,-1
27.959 sec,0.0152800416514579,-1
27.96 sec,0.0152800416514579,-1
27.961 sec,0.0152485084122124,-1
27.962 sec,0.0152485084122124,-1
27.963 sec,0.0152800416514579,-1
27.964 sec,0.0152800416514579,-1
27.965 sec,0.0152800416514579,-1
27.966 sec,0.0152800416514579,-1
27.967 sec,0.0152800416514579,-1
27.968 sec,0.0152800416514579,-1
27.969 sec,0.0153115759335591,-1
27.97 sec,0.0152800416514579,-1
27.971 sec,0.0153115759335591,-1
27.972 sec,0.0153115759335591,-1
27.973 sec,0.0152800416514579,-1
27.974 sec,0.0153115759335591,-1
27.975 sec,0.0153115759335591,-1
27.976 sec,0.0153115759335591,-1
27.977 sec,0.015343111258308,-1
27.978 sec,0.015343111258308,-1
27.979 sec,0.015343111258308,-1
27.98 sec,0.0152800416514579,-1
27.981 sec,0.0152800416514579,-1
27.982 sec,0.0152485084122124,-1
27.983 sec,0.0152800416514579,-1
27.984 sec,0.0152800416514579,-1
27.985 sec,0.0152485084122124,-1
27.986 sec,0.0152485084122124,-1
27.987 sec,0.0152485084122124,-1
27.988 sec,0.0152485084122124,-1
27.989 sec,0.0153115759335591,-1
27.99 sec,0.0152800416514579,-1
27.991 sec,0.0152485084122124,-1
27.992 sec,0.0152485084122124,-1
27.993 sec,0.0152485084122124,-1
27.994 sec,0.0152800416514579,-1
27.995 sec,0.015343111258308,-1
27.996 sec,0.0152800416514579,-1
27.997 sec,0.0152800416514579,-1
27.998 sec,0.0152485084122124,-1
27.999 sec,0.0152485084122124,-1
28 sec,0.0152800416514579,-1
28.001 sec,0.0153115759335591,-1
28.002 sec,0.0152800416514579,-1
28.003 sec,0.0152485084122124,-1
28.004 sec,0.0152169762160309,-1
28.005 sec,0.0152169762160309,-1
28.006 sec,0.0152485084122124,-1
28.007 sec,0.0152485084122124,-1
28.008 sec,0.0152800416514579,-1
28.009 sec,0.0152800416514579,-1
28.01 sec,0.0152485084122124,-1
28.011 sec,0.0152800416514579,-1
28.012 sec,0.0152485084122124,-1
28.013 sec,0.0152485084122124,-1
28.014 sec,0.0152169762160309,-1
28.015 sec,0.0152169762160309,-1
28.016 sec,0.0152169762160309,-1
28.017 sec,0.0152800416514579,-1
28.018 sec,0.0152800416514579,-1
28.019 sec,0.0152800416514579,-1
28.02 sec,0.0152800416514579,-1
28.021 sec,0.0153115759335591,-1
28.022 sec,0.0152800416514579,-1
28.023 sec,0.0152800416514579,-1
28.024 sec,0.0152800416514579,-1
28.025 sec,0.0152485084122124,-1
28.026 sec,0.0152485084122124,-1
28.027 sec,0.0152485084122124,-1
28.028 sec,0.0152485084122124,-1
28.029 sec,0.0152485084122124,-1
28.03 sec,0.0152485084122124,-1
28.031 sec,0.0152800416514579,-1
28.032 sec,0.0152485084122124,-1
28.033 sec,0.0152169762160309,-1
28.034 sec,0.0152485084122124,-1
28.035 sec,0.0152800416514579,-1
28.036 sec,0.0153115759335591,-1
28.037 sec,0.0152800416514579,-1
28.038 sec,0.0152485084122124,-1
28.039 sec,0.0152800416514579,-1
28.04 sec,0.0153115759335591,-1
28.041 sec,0.015343111258308,-1
28.042 sec,0.0153115759335591,-1
28.043 sec,0.0153115759335591,-1
28.044 sec,0.0153115759335591,-1
28.045 sec,0.0153115759335591,-1
28.046 sec,0.0153115759335591,-1
28.047 sec,0.0153115759335591,-1
28.048 sec,0.0152800416514579,-1
28.049 sec,0.0152800416514579,-1
28.05 sec,0.0152800416514579,-1
28.051 sec,0.0152800416514579,-1
28.052 sec,0.0153115759335591,-1
28.053 sec,0.0153115759335591,-1
28.054 sec,0.0152485084122124,-1
28.055 sec,0.0152485084122124,-1
28.056 sec,0.0152800416514579,-1
28.057 sec,0.0152800416514579,-1
28.058 sec,0.0152800416514579,-1
28.059 sec,0.0152800416514579,-1
28.06 sec,0.0153115759335591,-1
28.061 sec,0.0153115759335591,-1
28.062 sec,0.0152800416514579,-1
28.063 sec,0.0152800416514579,-1
28.064 sec,0.0152800416514579,-1
28.065 sec,0.0153115759335591,-1
28.066 sec,0.0152800416514579,-1
28.067 sec,0.0152800416514579,-1
28.068 sec,0.0153115759335591,-1
28.069 sec,0.0153115759335591,-1
28.07 sec,0.015343111258308,-1
28.071 sec,0.0152800416514579,-1
28.072 sec,0.0152800416514579,-1
28.073 sec,0.0152800416514579,-1
28.074 sec,0.0152800416514579,-1
28.075 sec,0.0153115759335591,-1
28.076 sec,0.015343111258308,-1
28.077 sec,0.015343111258308,-1
28.078 sec,0.015343111258308,-1
28.079 sec,0.0153115759335591,-1
28.08 sec,0.0153115759335591,-1
28.081 sec,0.0152800416514579,-1
28.082 sec,0.0152800416514579,-1
28.083 sec,0.0152485084122124,-1
28.084 sec,0.0152800416514579,-1
28.085 sec,0.0152800416514579,-1
28.086 sec,0.0152800416514579,-1
28.087 sec,0.0152485084122124,-1
28.088 sec,0.0152800416514579,-1
28.089 sec,0.0153115759335591,-1
28.09 sec,0.015343111258308,-1
28.091 sec,0.015343111258308,-1
28.092 sec,0.015343111258308,-1
28.093 sec,0.015343111258308,-1
28.094 sec,0.0153115759335591,-1
28.095 sec,0.0152800416514579,-1
28.096 sec,0.0152800416514579,-1
28.097 sec,0.0152800416514579,-1
28.098 sec,0.0152800416514579,-1
28.099 sec,0.0152800416514579,-1
28.1 sec,0.0152800416514579,-1
28.101 sec,0.0152800416514579,-1
28.102 sec,0.0152800416514579,-1
28.103 sec,0.0153115759335591,-1
28.104 sec,0.0152800416514579,-1
28.105 sec,0.0152800416514579,-1
28.106 sec,0.0152800416514579,-1
28.107 sec,0.0152485084122124,-1
28.108 sec,0.0152485084122124,-1
28.109 sec,0.0152485084122124,-1
28.11 sec,0.0152800416514579,-1
28.111 sec,0.0152800416514579,-1
28.112 sec,0.0152800416514579,-1
28.113 sec,0.0152169762160309,-1
28.114 sec,0.015153914953692,-1
28.115 sec,0.0152485084122124,-1
28.116 sec,0.0152169762160309,-1
28.117 sec,0.0152800416514579,-1
28.118 sec,0.0152800416514579,-1
28.119 sec,0.0152800416514579,-1
28.12 sec,0.0153115759335591,-1
28.121 sec,0.0152800416514579,-1
28.122 sec,0.0152485084122124,-1
28.123 sec,0.0152485084122124,-1
28.124 sec,0.0152800416514579,-1
28.125 sec,0.0152800416514579,-1
28.126 sec,0.0152800416514579,-1
28.127 sec,0.0153115759335591,-1
28.128 sec,0.015343111258308,-1
28.129 sec,0.0153115759335591,-1
28.13 sec,0.0152800416514579,-1
28.131 sec,0.0152800416514579,-1
28.132 sec,0.0152800416514579,-1
28.133 sec,0.0152800416514579,-1
28.134 sec,0.0153115759335591,-1
28.135 sec,0.0152800416514579,-1
28.136 sec,0.0152800416514579,-1
28.137 sec,0.0152800416514579,-1
28.138 sec,0.0152485084122124,-1
28.139 sec,0.0152485084122124,-1
28.14 sec,0.0152800416514579,-1
28.141 sec,0.0152800416514579,-1
28.142 sec,0.0152800416514579,-1
28.143 sec,0.0153115759335591,-1
28.144 sec,0.0152800416514579,-1
28.145 sec,0.0152169762160309,-1
28.146 sec,0.0152169762160309,-1
28.147 sec,0.0152169762160309,-1
28.148 sec,0.0152800416514579,-1
28.149 sec,0.0152800416514579,-1
28.15 sec,0.0152800416514579,-1
28.151 sec,0.0153115759335591,-1
28.152 sec,0.0153115759335591,-1
28.153 sec,0.0153115759335591,-1
28.154 sec,0.0152485084122124,-1
28.155 sec,0.0152169762160309,-1
28.156 sec,0.0152169762160309,-1
28.157 sec,0.0152169762160309,-1
28.158 sec,0.0152485084122124,-1
28.159 sec,0.0152800416514579,-1
28.16 sec,0.0152800416514579,-1
28.161 sec,0.0152485084122124,-1
28.162 sec,0.0152485084122124,-1
28.163 sec,0.0152485084122124,-0.986227824463119
28.164 sec,0.0152800416514579,-0.00396825396825397
28.165 sec,0.0152485084122124,0
28.166 sec,0.0152485084122124,0
28.167 sec,0.0152485084122124,0
28.168 sec,0.0152485084122124,0
28.169 sec,0.0152800416514579,0
28.17 sec,0.0152485084122124,0
28.171 sec,0.0152169762160309,0
28.172 sec,0.015153914953692,0
28.173 sec,0.015153914953692,0
28.174 sec,0.0152169762160309,0
28.175 sec,0.0152169762160309,0
28.176 sec,0.0152485084122124,0
28.177 sec,0.0152169762160309,0
28.178 sec,0.0152169762160309,0
28.179 sec,0.0152169762160309,0
28.18 sec,0.0152485084122124,0
28.181 sec,0.0152800416514579,0
28.182 sec,0.0152485084122124,0
28.183 sec,0.0152169762160309,0
28.184 sec,0.0152169762160309,0
28.185 sec,0.0152169762160309,0
28.186 sec,0.0152485084122124,0
28.187 sec,0.0152169762160309,0
28.188 sec,0.0152485084122124,0
28.189 sec,0.0152800416514579,0
28.19 sec,0.0152800416514579,0
28.191 sec,0.0152800416514579,0
28.192 sec,0.0152800416514579,0
28.193 sec,0.0152800416514579,0
28.194 sec,0.0152800416514579,0
28.195 sec,0.0152800416514579,0
28.196 sec,0.0152485084122124,0
28.197 sec,0.0152485084122124,0
28.198 sec,0.0152485084122124,0
28.199 sec,0.0152485084122124,0
28.2 sec,0.0152169762160309,0
28.201 sec,0.015153914953692,0
28.202 sec,0.0152169762160309,0
28.203 sec,0.0152485084122124,0
28.204 sec,0.0152800416514579,0
28.205 sec,0.0152485084122124,0
28.206 sec,0.0152485084122124,0
28.207 sec,0.0152485084122124,0
28.208 sec,0.0152169762160309,0
28.209 sec,0.015153914953692,0
28.21 sec,0.0152169762160309,0
28.211 sec,0.0152169762160309,0
28.212 sec,0.0152800416514579,0
28.213 sec,0.0152800416514579,0
28.214 sec,0.0152800416514579,0
28.215 sec,0.0152800416514579,0
28.216 sec,0.0152485084122124,0
28.217 sec,0.0152169762160309,0
28.218 sec,0.015153914953692,0
28.219 sec,0.0152169762160309,0
28.22 sec,0.0152169762160309,0
28.221 sec,0.0152169762160309,0
28.222 sec,0.0152485084122124,0
28.223 sec,0.0152800416514579,0
28.224 sec,0.0152485084122124,0
28.225 sec,0.0152485084122124,0
28.226 sec,0.0152169762160309,0
28.227 sec,0.0152485084122124,0
28.228 sec,0.0152800416514579,0
28.229 sec,0.0152800416514579,0
28.23 sec,0.0153115759335591,0
28.231 sec,0.0152485084122124,0
28.232 sec,0.0152169762160309,0
28.233 sec,0.0152169762160309,0
28.234 sec,0.0152169762160309,0
28.235 sec,0.0152485084122124,0
28.236 sec,0.0152485084122124,0
28.237 sec,0.0152169762160309,0
28.238 sec,0.0152485084122124,0
28.239 sec,0.0152800416514579,0
28.24 sec,0.0152485084122124,0
28.241 sec,0.0152169762160309,0
28.242 sec,0.0152485084122124,0
28.243 sec,0.0152800416514579,0
28.244 sec,0.0153115759335591,0
28.245 sec,0.0153115759335591,0
28.246 sec,0.0152800416514579,0
28.247 sec,0.0152485084122124,0
28.248 sec,0.0152169762160309,0
28.249 sec,0.0152169762160309,0
28.25 sec,0.0152169762160309,0
28.251 sec,0.0152485084122124,0
28.252 sec,0.0152485084122124,0
28.253 sec,0.0152800416514579,0
28.254 sec,0.0152485084122124,0
28.255 sec,0.0152485084122124,0
28.256 sec,0.0152485084122124,0
28.257 sec,0.0152169762160309,0
28.258 sec,0.0152169762160309,0
28.259 sec,0.0152485084122124,0
28.26 sec,0.0152485084122124,0
28.261 sec,0.0152800416514579,0
28.262 sec,0.0152485084122124,0
28.263 sec,0.0152485084122124,0
28.264 sec,0.0152485084122124,0
28.265 sec,0.0152485084122124,0
28.266 sec,0.0152800416514579,0
28.267 sec,0.0152800416514579,0
28.268 sec,0.0153115759335591,0
28.269 sec,0.0153115759335591,0
28.27 sec,0.0152485084122124,0
28.271 sec,0.0152169762160309,0
28.272 sec,0.0152485084122124,0
28.273 sec,0.0152169762160309,0
28.274 sec,0.0152800416514579,0
28.275 sec,0.0152485084122124,0
28.276 sec,0.0152485084122124,0
28.277 sec,0.0152800416514579,0
28.278 sec,0.0152169762160309,0
28.279 sec,0.0152485084122124,0
28.28 sec,0.0152485084122124,0
28.281 sec,0.0152169762160309,0
28.282 sec,0.0152485084122124,0
28.283 sec,0.0152485084122124,0
28.284 sec,0.0152485084122124,0
28.285 sec,0.015153914953692,0
28.286 sec,0.015153914953692,0
28.287 sec,0.015153914953692,0
28.288 sec,0.0152169762160309,0
28.289 sec,0.0152169762160309,0
28.29 sec,0.0152169762160309,0
28.291 sec,0.0152169762160309,0
28.292 sec,0.0152169762160309,0
28.293 sec,0.0152169762160309,0
28.294 sec,0.0152169762160309,0
28.295 sec,0.0152485084122124,0
28.296 sec,0.0152800416514579,0
28.297 sec,0.0152800416514579,0
28.298 sec,0.0152800416514579,0
28.299 sec,0.0152485084122124,0
28.3 sec,0.0152169762160309,0
28.301 sec,0.0152169762160309,0
28.302 sec,0.0152485084122124,0
28.303 sec,0.0152800416514579,0
28.304 sec,0.0152800416514579,0
28.305 sec,0.0152169762160309,0
28.306 sec,0.015153914953692,0
28.307 sec,0.0152169762160309,0
28.308 sec,0.0152169762160309,0
28.309 sec,0.0152169762160309,0
28.31 sec,0.015153914953692,0
28.311 sec,0.015153914953692,0
28.312 sec,0.0152485084122124,0
28.313 sec,0.0152485084122124,0
28.314 sec,0.0152485084122124,0
28.315 sec,0.0152800416514579,0
28.316 sec,0.0152800416514579,0
28.317 sec,0.0152800416514579,0
28.318 sec,0.0153115759335591,0
28.319 sec,0.0153115759335591,0
28.32 sec,0.0152800416514579,0
28.321 sec,0.0152800416514579,0
28.322 sec,0.0152485084122124,0
28.323 sec,0.0152169762160309,0
28.324 sec,0.0152169762160309,0
28.325 sec,0.0152169762160309,0
28.326 sec,0.0152800416514579,0
28.327 sec,0.0152485084122124,0
28.328 sec,0.0152800416514579,0
28.329 sec,0.0152485084122124,0
28.33 sec,0.0152485084122124,0
28.331 sec,0.0152800416514579,0
28.332 sec,0.0152485084122124,0
28.333 sec,0.0152485084122124,0
28.334 sec,0.0152485084122124,0
28.335 sec,0.0152169762160309,0
28.336 sec,0.0152485084122124,0
28.337 sec,0.0152169762160309,0
28.338 sec,0.0152485084122124,0
28.339 sec,0.0152800416514579,0
28.34 sec,0.0152169762160309,0
28.341 sec,0.0152169762160309,0
28.342 sec,0.0152485084122124,0
28.343 sec,0.0152169762160309,0
28.344 sec,0.0152485084122124,0
28.345 sec,0.0152485084122124,0
28.346 sec,0.0152485084122124,0
28.347 sec,0.0152485084122124,0
28.348 sec,0.0152800416514579,0
28.349 sec,0.0153115759335591,0
28.35 sec,0.0153115759335591,0
28.351 sec,0.0152800416514579,0
28.352 sec,0.0152800416514579,0
28.353 sec,0.0152800416514579,0
28.354 sec,0.0152800416514579,0
28.355 sec,0.0152800416514579,0
28.356 sec,0.0152800416514579,0
28.357 sec,0.0152169762160309,0
28.358 sec,0.0152485084122124,0
28.359 sec,0.0152485084122124,0
28.36 sec,0.0152800416514579,0
28.361 sec,0.0152800416514579,0
28.362 sec,0.0152800416514579,0
28.363 sec,0.0152800416514579,0
28.364 sec,0.0153115759335591,0
28.365 sec,0.0153115759335591,0
28.366 sec,0.0153115759335591,0
28.367 sec,0.0152800416514579,0
28.368 sec,0.0152800416514579,0
28.369 sec,0.0152485084122124,0
28.37 sec,0.0152485084122124,0
28.371 sec,0.0152485084122124,0
28.372 sec,0.0152485084122124,0
28.373 sec,0.0153115759335591,0
28.374 sec,0.0152800416514579,0
28.375 sec,0.0153115759335591,0
28.376 sec,0.0152485084122124,0
28.377 sec,0.0152485084122124,0
28.378 sec,0.0152169762160309,0
28.379 sec,0.0152800416514579,0
28.38 sec,0.0153115759335591,0
28.381 sec,0.0153115759335591,0
28.382 sec,0.0153115759335591,0
28.383 sec,0.0152485084122124,0
28.384 sec,0.0152169762160309,0
28.385 sec,0.0152169762160309,0
28.386 sec,0.0152485084122124,0
28.387 sec,0.0152800416514579,0
28.388 sec,0.0152800416514579,0
28.389 sec,0.0152800416514579,0
28.39 sec,0.0152485084122124,0
28.391 sec,0.0152485084122124,0
28.392 sec,0.0152169762160309,0
28.393 sec,0.015153914953692,0
28.394 sec,0.0152169762160309,0
28.395 sec,0.0152485084122124,0
28.396 sec,0.0152800416514579,0
28.397 sec,0.0152800416514579,0
28.398 sec,0.0152485084122124,0
28.399 sec,0.0152485084122124,0
28.4 sec,0.0152169762160309,0
28.401 sec,0.015153914953692,0
28.402 sec,0.0152169762160309,0
28.403 sec,0.0152800416514579,0
28.404 sec,0.0152485084122124,0
28.405 sec,0.0153115759335591,0
28.406 sec,0.0152800416514579,0
28.407 sec,0.0152800416514579,0
28.408 sec,0.0152485084122124,0
28.409 sec,0.0152485084122124,0
28.41 sec,0.0152485084122124,0
28.411 sec,0.0152485084122124,0
28.412 sec,0.0152800416514579,0
28.413 sec,0.0152485084122124,0
28.414 sec,0.0152485084122124,0
28.415 sec,0.0152485084122124,0
28.416 sec,0.0152485084122124,0
28.417 sec,0.0152800416514579,0
28.418 sec,0.0152800416514579,0
28.419 sec,0.0152800416514579,0
28.42 sec,0.0153115759335591,0
28.421 sec,0.0152800416514579,0
28.422 sec,0.0152485084122124,0
28.423 sec,0.0152485084122124,0
28.424 sec,0.0152485084122124,0
28.425 sec,0.0152800416514579,0
28.426 sec,0.0152485084122124,0
28.427 sec,0.0152485084122124,0
28.428 sec,0.0152800416514579,0
28.429 sec,0.0152485084122124,0
28.43 sec,0.0152800416514579,0
28.431 sec,0.0152800416514579,0
28.432 sec,0.0152800416514579,0
28.433 sec,0.0152800416514579,0
28.434 sec,0.0152800416514579,0
28.435 sec,0.0152485084122124,0
28.436 sec,0.0152485084122124,0
28.437 sec,0.0152485084122124,0
28.438 sec,0.0152485084122124,0
28.439 sec,0.0152800416514579,0
28.44 sec,0.0152485084122124,0
28.441 sec,0.0152485084122124,0
28.442 sec,0.0152485084122124,0
28.443 sec,0.0152485084122124,0
28.444 sec,0.0152800416514579,0
28.445 sec,0.0152800416514579,0
28.446 sec,0.0152800416514579,0
28.447 sec,0.0152800416514579,0
28.448 sec,0.0152800416514579,0
28.449 sec,0.0152485084122124,0
28.45 sec,0.0152169762160309,0
28.451 sec,0.0152169762160309,0
28.452 sec,0.0152169762160309,0
28.453 sec,0.0152169762160309,0
28.454 sec,0.0152169762160309,0
28.455 sec,0.0152169762160309,0
28.456 sec,0.0152485084122124,0
28.457 sec,0.0152485084122124,0
28.458 sec,0.0152800416514579,0
28.459 sec,0.0152485084122124,0
28.46 sec,0.0152800416514579,0
28.461 sec,0.0152800416514579,0
28.462 sec,0.0152800416514579,0
28.463 sec,0.0152800416514579,0
28.464 sec,0.0152800416514579,0
28.465 sec,0.0152485084122124,0
28.466 sec,0.0152485084122124,0
28.467 sec,0.0152485084122124,0
28.468 sec,0.0152485084122124,0
28.469 sec,0.0152485084122124,0
28.47 sec,0.0152800416514579,0
28.471 sec,0.0152800416514579,0
28.472 sec,0.0153115759335591,0
28.473 sec,0.0152800416514579,0
28.474 sec,0.0152800416514579,0
28.475 sec,0.0152485084122124,0
28.476 sec,0.0152800416514579,0
28.477 sec,0.0152800416514579,0
28.478 sec,0.0152485084122124,0
28.479 sec,0.0152800416514579,0
28.48 sec,0.0152800416514579,0
28.481 sec,0.0152800416514579,0
28.482 sec,0.0152800416514579,0
28.483 sec,0.0152800416514579,0
28.484 sec,0.0153115759335591,0
28.485 sec,0.0152800416514579,0
28.486 sec,0.0152485084122124,0
28.487 sec,0.0152485084122124,0
28.488 sec,0.0152485084122124,0
28.489 sec,0.0152485084122124,0
28.49 sec,0.0152485084122124,0
28.491 sec,0.0152485084122124,0
28.492 sec,0.015153914953692,0
28.493 sec,0.0152169762160309,0
28.494 sec,0.0152169762160309,0
28.495 sec,0.0152800416514579,0
28.496 sec,0.0152800416514579,0
28.497 sec,0.0152169762160309,0
28.498 sec,0.0152485084122124,0
28.499 sec,0.0152800416514579,0
28.5 sec,0.0152800416514579,0
28.501 sec,0.0152485084122124,0
28.502 sec,0.0152485084122124,0
28.503 sec,0.0152800416514579,0
28.504 sec,0.0152485084122124,0
28.505 sec,0.0152485084122124,0
28.506 sec,0.0152485084122124,0
28.507 sec,0.0152485084122124,0
28.508 sec,0.0152800416514579,0
28.509 sec,0.0152485084122124,0
28.51 sec,0.0152485084122124,0
28.511 sec,0.0152800416514579,0
28.512 sec,0.0152800416514579,0
28.513 sec,0.0152800416514579,0
28.514 sec,0.0152485084122124,0
28.515 sec,0.0152169762160309,0
28.516 sec,0.0152169762160309,0
28.517 sec,0.0152485084122124,0
28.518 sec,0.0152485084122124,0
28.519 sec,0.0152800416514579,0
28.52 sec,0.0152800416514579,0
28.521 sec,0.0152485084122124,0
28.522 sec,0.0152485084122124,0
28.523 sec,0.0152169762160309,0
28.524 sec,0.0152169762160309,0
28.525 sec,0.0152169762160309,0
28.526 sec,0.0152800416514579,0
28.527 sec,0.0153115759335591,0
28.528 sec,0.0153115759335591,0
28.529 sec,0.0153115759335591,0
28.53 sec,0.0152800416514579,0
28.531 sec,0.0152800416514579,0
28.532 sec,0.0153115759335591,0
28.533 sec,0.0152800416514579,0
28.534 sec,0.0152485084122124,0
28.535 sec,0.0152169762160309,0
28.536 sec,0.015153914953692,0
28.537 sec,0.015153914953692,0
28.538 sec,0.0152169762160309,0
28.539 sec,0.015153914953692,0
28.54 sec,0.015153914953692,0
28.541 sec,0.0152169762160309,0
28.542 sec,0.0152485084122124,0
28.543 sec,0.0152800416514579,0
28.544 sec,0.0152800416514579,0
28.545 sec,0.0152800416514579,0
28.546 sec,0.0152485084122124,0
28.547 sec,0.0152485084122124,0
28.548 sec,0.0152169762160309,0
28.549 sec,0.015153914953692,0
28.55 sec,0.0151223858879508,0
28.551 sec,0.015153914953692,0
28.552 sec,0.015153914953692,0
28.553 sec,0.0152485084122124,0
28.554 sec,0.0152485084122124,0
28.555 sec,0.0152800416514579,0
28.556 sec,0.0152800416514579,0
28.557 sec,0.0152800416514579,0
28.558 sec,0.0152800416514579,0
28.559 sec,0.0152800416514579,0
28.56 sec,0.0152485084122124,0
28.561 sec,0.0152485084122124,0
28.562 sec,0.0152169762160309,0
28.563 sec,0.0152485084122124,0
28.564 sec,0.0152800416514579,0
28.565 sec,0.0152485084122124,0
28.566 sec,0.0152485084122124,0
28.567 sec,0.0152485084122124,0
28.568 sec,0.0152485084122124,0
28.569 sec,0.0152485084122124,0
28.57 sec,0.0152485084122124,0
28.571 sec,0.0152169762160309,0
28.572 sec,0.0152485084122124,0
28.573 sec,0.0152485084122124,0
28.574 sec,0.0152485084122124,0
28.575 sec,0.0152485084122124,0
28.576 sec,0.015153914953692,0
28.577 sec,0.015153914953692,0
28.578 sec,0.0151223858879508,0
28.579 sec,0.0152169762160309,0
28.58 sec,0.0152169762160309,0
28.581 sec,0.0152485084122124,0
28.582 sec,0.0152485084122124,0
28.583 sec,0.0152485084122124,0
28.584 sec,0.0152485084122124,0
28.585 sec,0.0152485084122124,0
28.586 sec,0.0152485084122124,0
28.587 sec,0.0152800416514579,0
28.588 sec,0.0152800416514579,0
28.589 sec,0.0153115759335591,0
28.59 sec,0.0153115759335591,0
28.591 sec,0.0153115759335591,0
28.592 sec,0.0152800416514579,0
28.593 sec,0.0152485084122124,0
28.594 sec,0.0152485084122124,0
28.595 sec,0.0152169762160309,0
28.596 sec,0.0152485084122124,0
28.597 sec,0.0152485084122124,0
28.598 sec,0.0152800416514579,0
28.599 sec,0.0152800416514579,0
28.6 sec,0.0152485084122124,0
28.601 sec,0.0152169762160309,0
28.602 sec,0.0152485084122124,0
28.603 sec,0.0152800416514579,0
28.604 sec,0.0152485084122124,0
28.605 sec,0.0152169762160309,0
28.606 sec,0.0152485084122124,0
28.607 sec,0.0152800416514579,0
28.608 sec,0.0153115759335591,0
28.609 sec,0.0153115759335591,0
28.61 sec,0.0152800416514579,0
28.611 sec,0.0153115759335591,0
28.612 sec,0.0153115759335591,0
28.613 sec,0.0152800416514579,0
28.614 sec,0.0152800416514579,0
28.615 sec,0.0152485084122124,0
28.616 sec,0.0152800416514579,0
28.617 sec,0.0152485084122124,0
28.618 sec,0.0152485084122124,0
28.619 sec,0.0152800416514579,0
28.62 sec,0.0152485084122124,0
28.621 sec,0.0152800416514579,0
28.622 sec,0.0152800416514579,0
28.623 sec,0.0153115759335591,0
28.624 sec,0.0152800416514579,0
28.625 sec,0.0152800416514579,0
28.626 sec,0.0152800416514579,0
28.627 sec,0.0153115759335591,0
28.628 sec,0.0152800416514579,0
28.629 sec,0.0152800416514579,0
28.63 sec,0.0152800416514579,0
28.631 sec,0.0153115759335591,0
28.632 sec,0.0152800416514579,0
28.633 sec,0.0152800416514579,0
28.634 sec,0.0152169762160309,0
28.635 sec,0.0152169762160309,0
28.636 sec,0.0152169762160309,0
28.637 sec,0.0152169762160309,0
28.638 sec,0.015153914953692,0
28.639 sec,0.0152169762160309,0
28.64 sec,0.0152485084122124,0
28.641 sec,0.0152800416514579,0
28.642 sec,0.0152485084122124,0
28.643 sec,0.0152169762160309,0
28.644 sec,0.0152169762160309,0
28.645 sec,0.0152485084122124,0
28.646 sec,0.0152800416514579,0
28.647 sec,0.0153115759335591,0
28.648 sec,0.0152800416514579,0
28.649 sec,0.0153115759335591,0
28.65 sec,0.0152800416514579,0
28.651 sec,0.0152485084122124,0
28.652 sec,0.0152485084122124,0
28.653 sec,0.015153914953692,0
28.654 sec,0.015153914953692,0
28.655 sec,0.015153914953692,0
28.656 sec,0.0152485084122124,0
28.657 sec,0.0152485084122124,0
28.658 sec,0.0152485084122124,0
28.659 sec,0.0152485084122124,0
28.66 sec,0.0152800416514579,0
28.661 sec,0.0152800416514579,0
28.662 sec,0.0152800416514579,0
28.663 sec,0.0152485084122124,0
28.664 sec,0.0152485084122124,0
28.665 sec,0.0152485084122124,0
28.666 sec,0.0152485084122124,0
28.667 sec,0.0152485084122124,0
28.668 sec,0.0152800416514579,0
28.669 sec,0.0152800416514579,0
28.67 sec,0.0152800416514579,0
28.671 sec,0.0153115759335591,0
28.672 sec,0.0152800416514579,0
28.673 sec,0.0152800416514579,0
28.674 sec,0.0152169762160309,0
28.675 sec,0.0152169762160309,0
28.676 sec,0.015153914953692,0
28.677 sec,0.0152485084122124,0
28.678 sec,0.0152485084122124,0
28.679 sec,0.0152485084122124,0
28.68 sec,0.0152169762160309,0
28.681 sec,0.0152485084122124,0
28.682 sec,0.0152800416514579,0
28.683 sec,0.0152800416514579,0
28.684 sec,0.0152800416514579,0
28.685 sec,0.0152800416514579,0
28.686 sec,0.0152485084122124,0
28.687 sec,0.0152169762160309,0
28.688 sec,0.0152169762160309,0
28.689 sec,0.0152169762160309,0
28.69 sec,0.0152169762160309,0
28.691 sec,0.0152800416514579,0
28.692 sec,0.0152485084122124,0
28.693 sec,0.0152485084122124,0
28.694 sec,0.0152169762160309,0
28.695 sec,0.0152169762160309,0
28.696 sec,0.0152485084122124,0
28.697 sec,0.0152485084122124,0
28.698 sec,0.0152800416514579,0
28.699 sec,0.0152800416514579,0
28.7 sec,0.0153115759335591,0
28.701 sec,0.0152485084122124,0
28.702 sec,0.0152485084122124,0
28.703 sec,0.0152485084122124,0
28.704 sec,0.0152169762160309,0
28.705 sec,0.0152485084122124,0
28.706 sec,0.0152800416514579,0
28.707 sec,0.0152800416514579,0
28.708 sec,0.0153115759335591,0
28.709 sec,0.0152800416514579,0
28.71 sec,0.0152800416514579,0
28.711 sec,0.0152485084122124,0
28.712 sec,0.0152800416514579,0
28.713 sec,0.0152485084122124,0
28.714 sec,0.0152169762160309,0
28.715 sec,0.0152169762160309,0
28.716 sec,0.0152485084122124,0
28.717 sec,0.0152485084122124,0
28.718 sec,0.0152485084122124,0
28.719 sec,0.0152485084122124,0
28.72 sec,0.0152169762160309,0
28.721 sec,0.0152169762160309,0
28.722 sec,0.0152169762160309,0
28.723 sec,0.0152169762160309,0
28.724 sec,0.0152485084122124,0
28.725 sec,0.0152169762160309,0
28.726 sec,0.0152485084122124,0
28.727 sec,0.0152485084122124,0
28.728 sec,0.0152485084122124,0
28.729 sec,0.0152485084122124,0
28.73 sec,0.0152169762160309,0
28.731 sec,0.0152485084122124,0
28.732 sec,0.0152485084122124,0
28.733 sec,0.0152800416514579,0
28.734 sec,0.015343111258308,0
28.735 sec,0.015343111258308,0
28.736 sec,0.0153115759335591,0
28.737 sec,0.0152800416514579,0
28.738 sec,0.0152485084122124,0
28.739 sec,0.0152169762160309,0
28.74 sec,0.0152169762160309,0
28.741 sec,0.0152485084122124,0
28.742 sec,0.0152485084122124,0
28.743 sec,0.0152485084122124,0
28.744 sec,0.0152800416514579,0
28.745 sec,0.0152485084122124,0
28.746 sec,0.0152485084122124,0
28.747 sec,0.0152485084122124,0
28.748 sec,0.0152485084122124,0
28.749 sec,0.0152485084122124,0
28.75 sec,0.0152485084122124,0
28.751 sec,0.0152800416514579,0
28.752 sec,0.0152800416514579,0
28.753 sec,0.0153115759335591,0
28.754 sec,0.0152800416514579,0
28.755 sec,0.0152485084122124,0
28.756 sec,0.0152485084122124,0
28.757 sec,0.0152169762160309,0
28.758 sec,0.0152485084122124,0
28.759 sec,0.0152485084122124,0
28.76 sec,0.0152485084122124,0
28.761 sec,0.0152800416514579,0
28.762 sec,0.0152485084122124,0
28.763 sec,0.0152800416514579,0
28.764 sec,0.0152485084122124,0
28.765 sec,0.0152485084122124,0
28.766 sec,0.0152800416514579,0
28.767 sec,0.0152485084122124,0
28.768 sec,0.0152169762160309,0
28.769 sec,0.0152169762160309,0
28.77 sec,0.0152485084122124,0
28.771 sec,0.0152485084122124,0
28.772 sec,0.0152800416514579,0
28.773 sec,0.0152800416514579,0
28.774 sec,0.0152169762160309,0
28.775 sec,0.0152169762160309,0
28.776 sec,0.0152169762160309,0
28.777 sec,0.0152169762160309,0
28.778 sec,0.0152169762160309,0
28.779 sec,0.0152485084122124,0
28.78 sec,0.0152800416514579,0
28.781 sec,0.0152800416514579,0
28.782 sec,0.0153115759335591,0
28.783 sec,0.0152485084122124,0
28.784 sec,0.0152485084122124,0
28.785 sec,0.0152169762160309,0
28.786 sec,0.015153914953692,0
28.787 sec,0.0152169762160309,0
28.788 sec,0.0152169762160309,0
28.789 sec,0.0152485084122124,0
28.79 sec,0.0152800416514579,0
28.791 sec,0.0152485084122124,0.00372960372960373
28.792 sec,0.0152485084122124,0
28.793 sec,0.0152485084122124,0
28.794 sec,0.0152485084122124,0
28.795 sec,0.0152800416514579,0
28.796 sec,0.0152485084122124,0
28.797 sec,0.0152485084122124,0
28.798 sec,0.0152485084122124,0
28.799 sec,0.0152485084122124,0
28.8 sec,0.0152800416514579,0
28.801 sec,0.0152800416514579,0
28.802 sec,0.0152800416514579,0
28.803 sec,0.0152800416514579,0
28.804 sec,0.0152485084122124,0
28.805 sec,0.0152485084122124,0
28.806 sec,0.0152485084122124,0
28.807 sec,0.0152169762160309,0
28.808 sec,0.0152169762160309,0
28.809 sec,0.015153914953692,0
28.81 sec,0.015153914953692,0
28.811 sec,0.015153914953692,0
28.812 sec,0.0152169762160309,0
28.813 sec,0.0152169762160309,0
28.814 sec,0.0152169762160309,0
28.815 sec,0.0152169762160309,0
28.816 sec,0.015153914953692,0
28.817 sec,0.0152169762160309,0
28.818 sec,0.0152485084122124,0
28.819 sec,0.0153115759335591,0
28.82 sec,0.0152485084122124,0
28.821 sec,0.0152169762160309,0
28.822 sec,0.0152485084122124,0
28.823 sec,0.0152169762160309,0
28.824 sec,0.0152485084122124,0
28.825 sec,0.0152169762160309,0
28.826 sec,0.015153914953692,0
28.827 sec,0.0152169762160309,0
28.828 sec,0.0152169762160309,0
28.829 sec,0.0152169762160309,0
28.83 sec,0.0152485084122124,0
28.831 sec,0.0152169762160309,0
28.832 sec,0.0152485084122124,0
28.833 sec,0.0152485084122124,0
28.834 sec,0.0152800416514579,0
28.835 sec,0.0152800416514579,0
28.836 sec,0.0153115759335591,0
28.837 sec,0.0152485084122124,0
28.838 sec,0.0152485084122124,0
28.839 sec,0.0152485084122124,0
28.84 sec,0.0152485084122124,0
28.841 sec,0.0152485084122124,0
28.842 sec,0.0152485084122124,0
28.843 sec,0.0152800416514579,0
28.844 sec,0.0152485084122124,0
28.845 sec,0.0152485084122124,0
28.846 sec,0.0152485084122124,0
28.847 sec,0.0152169762160309,0
28.848 sec,0.0152169762160309,0
28.849 sec,0.0152485084122124,0
28.85 sec,0.0152169762160309,0
28.851 sec,0.0152169762160309,0
28.852 sec,0.0152485084122124,0
28.853 sec,0.0152169762160309,0
28.854 sec,0.0152485084122124,0
28.855 sec,0.0152485084122124,0
28.856 sec,0.0152485084122124,0
28.857 sec,0.0152485084122124,0
28.858 sec,0.0152485084122124,0
28.859 sec,0.0152485084122124,0
28.86 sec,0.0152800416514579,0
28.861 sec,0.0153115759335591,0
28.862 sec,0.0153115759335591,0
28.863 sec,0.0152800416514579,0
28.864 sec,0.0152485084122124,0
28.865 sec,0.0152485084122124,0
28.866 sec,0.0152169762160309,0
28.867 sec,0.0152485084122124,0
28.868 sec,0.0152485084122124,0
28.869 sec,0.0152485084122124,0
28.87 sec,0.0152169762160309,0
28.871 sec,0.0152485084122124,0
28.872 sec,0.0152485084122124,0
28.873 sec,0.0152485084122124,0
28.874 sec,0.0152800416514579,0
28.875 sec,0.0152485084122124,0
28.876 sec,0.0152485084122124,0
28.877 sec,0.0152800416514579,0
28.878 sec,0.0152485084122124,0
28.879 sec,0.0152169762160309,0
28.88 sec,0.0152485084122124,0
28.881 sec,0.0152800416514579,0
28.882 sec,0.0152800416514579,0
28.883 sec,0.0152800416514579,0
28.884 sec,0.0152800416514579,0
28.885 sec,0.0152800416514579,0
28.886 sec,0.0152800416514579,0
28.887 sec,0.0152800416514579,0
28.888 sec,0.0152485084122124,0
28.889 sec,0.0152485084122124,0
28.89 sec,0.0152485084122124,0
28.891 sec,0.0152800416514579,0
28.892 sec,0.0152485084122124,0
28.893 sec,0.0152169762160309,0
28.894 sec,0.0152169762160309,0
28.895 sec,0.0152169762160309,0
28.896 sec,0.0152485084122124,0
28.897 sec,0.0152800416514579,0
28.898 sec,0.0152800416514579,0
28.899 sec,0.0152800416514579,0
28.9 sec,0.0152800416514579,0
28.901 sec,0.0152800416514579,0
28.902 sec,0.0152800416514579,0
28.903 sec,0.0153115759335591,0
28.904 sec,0.0153115759335591,0
28.905 sec,0.0153115759335591,0
28.906 sec,0.0152485084122124,0
28.907 sec,0.0152485084122124,0
28.908 sec,0.0152485084122124,0
28.909 sec,0.0152485084122124,0
28.91 sec,0.0152800416514579,0
28.911 sec,0.0152800416514579,0
28.912 sec,0.0152485084122124,0
28.913 sec,0.0152800416514579,0
28.914 sec,0.0152485084122124,0
28.915 sec,0.0152169762160309,0
28.916 sec,0.0152485084122124,0
28.917 sec,0.0152169762160309,0
28.918 sec,0.0152169762160309,0
28.919 sec,0.0152485084122124,0
28.92 sec,0.0152800416514579,0
28.921 sec,0.0152485084122124,0
28.922 sec,0.0152485084122124,0
28.923 sec,0.0152169762160309,0
28.924 sec,0.0152485084122124,0
28.925 sec,0.0152485084122124,0
28.926 sec,0.0152485084122124,0
28.927 sec,0.0152169762160309,0
28.928 sec,0.0152485084122124,0
28.929 sec,0.0152485084122124,0
28.93 sec,0.0152800416514579,0
28.931 sec,0.0153115759335591,0
28.932 sec,0.0152800416514579,0
28.933 sec,0.0152800416514579,0
28.934 sec,0.0152800416514579,0
28.935 sec,0.0152800416514579,0
28.936 sec,0.0152800416514579,0
28.937 sec,0.0152485084122124,0
28.938 sec,0.0152485084122124,0
28.939 sec,0.0152169762160309,0
28.94 sec,0.0152485084122124,0
28.941 sec,0.0152485084122124,0
28.942 sec,0.0152169762160309,0
28.943 sec,0.0152169762160309,0
28.944 sec,0.0152169762160309,0
28.945 sec,0.0152169762160309,0
28.946 sec,0.0152169762160309,0
28.947 sec,0.0152485084122124,0
28.948 sec,0.0152485084122124,0
28.949 sec,0.0152485084122124,0
28.95 sec,0.0152169762160309,0
28.951 sec,0.0151223858879508,0
28.952 sec,0.0151223858879508,0
28.953 sec,0.0152169762160309,0
28.954 sec,0.0152485084122124,0
28.955 sec,0.0152800416514579,0
28.956 sec,0.0153115759335591,0
28.957 sec,0.0153115759335591,0
28.958 sec,0.0153115759335591,0
28.959 sec,0.0152800416514579,0
28.96 sec,0.0152800416514579,0
28.961 sec,0.0152800416514579,0
28.962 sec,0.0152800416514579,0
28.963 sec,0.0152800416514579,0
28.964 sec,0.0152800416514579,0
28.965 sec,0.0152800416514579,0
28.966 sec,0.0152800416514579,0
28.967 sec,0.0153115759335591,0
28.968 sec,0.0152800416514579,0
28.969 sec,0.0152485084122124,0
28.97 sec,0.0152485084122124,0
28.971 sec,0.0152169762160309,0
28.972 sec,0.0152169762160309,0
28.973 sec,0.015153914953692,0
28.974 sec,0.0152169762160309,0
28.975 sec,0.0152169762160309,0
28.976 sec,0.0152169762160309,0
28.977 sec,0.0152169762160309,0
28.978 sec,0.015153914953692,0
28.979 sec,0.015153914953692,0
28.98 sec,0.0152169762160309,0
28.981 sec,0.0152485084122124,0
28.982 sec,0.0152485084122124,0
28.983 sec,0.0152485084122124,0
28.984 sec,0.0152485084122124,0
28.985 sec,0.0152485084122124,0
28.986 sec,0.0152485084122124,0
28.987 sec,0.0152169762160309,0
28.988 sec,0.0152169762160309,0
28.989 sec,0.0152169762160309,0
28.99 sec,0.0152485084122124,0
28.991 sec,0.0152169762160309,0
28.992 sec,0.0152169762160309,0
28.993 sec,0.015153914953692,0
28.994 sec,0.0152169762160309,0
28.995 sec,0.0152169762160309,0
28.996 sec,0.0152169762160309,0
28.997 sec,0.0152169762160309,0
28.998 sec,0.0152169762160309,0
28.999 sec,0.0152169762160309,0
29 sec,0.0152169762160309,0
29.001 sec,0.0152485084122124,0
29.002 sec,0.0152485084122124,0
29.003 sec,0.0152485084122124,0
29.004 sec,0.0152485084122124,0
29.005 sec,0.0152485084122124,0
29.006 sec,0.0152169762160309,0
29.007 sec,0.0152485084122124,0
29.008 sec,0.0152485084122124,0
29.009 sec,0.0152169762160309,0
29.01 sec,0.0152485084122124,0
29.011 sec,0.0152169762160309,0
29.012 sec,0.0152169762160309,0
29.013 sec,0.0152169762160309,0
29.014 sec,0.0152169762160309,0
29.015 sec,0.0152485084122124,0
29.016 sec,0.0152485084122124,0
29.017 sec,0.0152485084122124,0
29.018 sec,0.0152800416514579,0
29.019 sec,0.0152800416514579,0
29.02 sec,0.0153115759335591,0
29.021 sec,0.0152800416514579,0
29.022 sec,0.0152485084122124,0
29.023 sec,0.0152485084122124,0
29.024 sec,0.0152485084122124,0
29.025 sec,0.0152800416514579,0
29.026 sec,0.0153115759335591,0
29.027 sec,0.0152800416514579,0
29.028 sec,0.0152485084122124,0
29.029 sec,0.0152800416514579,0
29.03 sec,0.0153115759335591,0
29.031 sec,0.0153115759335591,0
29.032 sec,0.0153115759335591,0
29.033 sec,0.0152485084122124,0
29.034 sec,0.0152485084122124,0
29.035 sec,0.0152485084122124,0
29.036 sec,0.0152800416514579,0
29.037 sec,0.0152800416514579,0
29.038 sec,0.0152485084122124,0
29.039 sec,0.0152800416514579,0
29.04 sec,0.0152800416514579,0
29.041 sec,0.0152800416514579,0
29.042 sec,0.0152485084122124,0
29.043 sec,0.0152485084122124,0
29.044 sec,0.0152800416514579,0
29.045 sec,0.0152800416514579,0
29.046 sec,0.0152800416514579,0
29.047 sec,0.0152485084122124,0
29.048 sec,0.0152169762160309,0
29.049 sec,0.015153914953692,0
29.05 sec,0.015153914953692,0
29.051 sec,0.0152485084122124,0
29.052 sec,0.0152485084122124,0
29.053 sec,0.0152485084122124,0
29.054 sec,0.0152485084122124,0
29.055 sec,0.0152800416514579,0
29.056 sec,0.0153115759335591,0
29.057 sec,0.0152485084122124,0
29.058 sec,0.0152800416514579,0
29.059 sec,0.0152485084122124,0
29.06 sec,0.0153115759335591,0
29.061 sec,0.0152800416514579,0
29.062 sec,0.0152169762160309,0
29.063 sec,0.0152169762160309,0
29.064 sec,0.0152169762160309,0
29.065 sec,0.0152485084122124,0
29.066 sec,0.0152485084122124,0
29.067 sec,0.0152485084122124,0
29.068 sec,0.0152485084122124,0
29.069 sec,0.0152485084122124,0
29.07 sec,0.0152800416514579,0
29.071 sec,0.0152800416514579,0
29.072 sec,0.0152800416514579,0
29.073 sec,0.0152800416514579,0
29.074 sec,0.0152800416514579,0
29.075 sec,0.0152800416514579,0
29.076 sec,0.0152485084122124,0
29.077 sec,0.0152485084122124,0
29.078 sec,0.0152485084122124,0
29.079 sec,0.0152485084122124,0
29.08 sec,0.0152800416514579,0
29.081 sec,0.0152800416514579,0
29.082 sec,0.0152800416514579,0
29.083 sec,0.0152485084122124,0
29.084 sec,0.0152485084122124,0
29.085 sec,0.0152485084122124,0
29.086 sec,0.0152485084122124,0
29.087 sec,0.0152485084122124,0
29.088 sec,0.0152169762160309,0
29.089 sec,0.0152485084122124,0
29.09 sec,0.0152169762160309,0
29.091 sec,0.0152485084122124,0
29.092 sec,0.0152169762160309,0
29.093 sec,0.0152485084122124,0
29.094 sec,0.0152485084122124,0
29.095 sec,0.0152485084122124,0
29.096 sec,0.0152800416514579,0
29.097 sec,0.0152800416514579,0
29.098 sec,0.0153746476254965,0
29.099 sec,0.0153115759335591,0
29.1 sec,0.0153115759335591,0
29.101 sec,0.0152800416514579,0
29.102 sec,0.0152800416514579,0
29.103 sec,0.0152485084122124,0
29.104 sec,0.0152485084122124,0
29.105 sec,0.0152169762160309,0
29.106 sec,0.015153914953692,0
29.107 sec,0.0152169762160309,0
29.108 sec,0.0152485084122124,0
29.109 sec,0.0152485084122124,0
29.11 sec,0.0152169762160309,0
29.111 sec,0.0152485084122124,0
29.112 sec,0.0152169762160309,0
29.113 sec,0.0152800416514579,0
29.114 sec,0.0152800416514579,0
29.115 sec,0.0152800416514579,0
29.116 sec,0.0152800416514579,0
29.117 sec,0.0152485084122124,0
29.118 sec,0.0152485084122124,0
29.119 sec,0.0152485084122124,0
29.12 sec,0.0152800416514579,0
29.121 sec,0.0152485084122124,0
29.122 sec,0.0152800416514579,0
29.123 sec,0.0152800416514579,0
29.124 sec,0.0152485084122124,0
29.125 sec,0.0152485084122124,0
29.126 sec,0.0152485084122124,0
29.127 sec,0.0152169762160309,0
29.128 sec,0.0152800416514579,0
29.129 sec,0.0152800416514579,0
29.13 sec,0.0152485084122124,0
29.131 sec,0.0152485084122124,0
29.132 sec,0.0152169762160309,0
29.133 sec,0.0152169762160309,0
29.134 sec,0.0152485084122124,0
29.135 sec,0.0152485084122124,0
29.136 sec,0.0152485084122124,0
29.137 sec,0.0152485084122124,0
29.138 sec,0.0152485084122124,0
29.139 sec,0.0152800416514579,0
29.14 sec,0.0153115759335591,0
29.141 sec,0.015343111258308,0
29.142 sec,0.0153115759335591,0
29.143 sec,0.0152800416514579,0
29.144 sec,0.0152485084122124,0
29.145 sec,0.0152485084122124,0
29.146 sec,0.0152800416514579,0
29.147 sec,0.0152485084122124,0
29.148 sec,0.0152485084122124,0
29.149 sec,0.0152169762160309,0
29.15 sec,0.0152485084122124,0
29.151 sec,0.0152800416514579,0
29.152 sec,0.0152485084122124,0
29.153 sec,0.0152800416514579,0
29.154 sec,0.0152485084122124,0
29.155 sec,0.0152800416514579,0
29.156 sec,0.0152485084122124,0
29.157 sec,0.0152169762160309,0
29.158 sec,0.0152169762160309,0
29.159 sec,0.0152169762160309,0
29.16 sec,0.0152800416514579,0
29.161 sec,0.0152485084122124,0
29.162 sec,0.0152169762160309,0
29.163 sec,0.0152485084122124,0
29.164 sec,0.0152485084122124,0
29.165 sec,0.0152169762160309,0
29.166 sec,0.0152485084122124,0
29.167 sec,0.0152485084122124,0
29.168 sec,0.0152800416514579,0
29.169 sec,0.0152485084122124,0
29.17 sec,0.0152169762160309,0
29.171 sec,0.0152169762160309,0
29.172 sec,0.0152485084122124,0
29.173 sec,0.0152485084122124,0
29.174 sec,0.0153115759335591,0
29.175 sec,0.0152800416514579,0
29.176 sec,0.0152800416514579,0
29.177 sec,0.0152800416514579,0
29.178 sec,0.0152485084122124,0
29.179 sec,0.0152169762160309,0
29.18 sec,0.015153914953692,0
29.181 sec,0.0152169762160309,0
29.182 sec,0.015153914953692,0
29.183 sec,0.0152169762160309,0
29.184 sec,0.0152169762160309,0
29.185 sec,0.0152169762160309,0
29.186 sec,0.0152169762160309,0
29.187 sec,0.0152485084122124,0
29.188 sec,0.0152800416514579,0
29.189 sec,0.0152800416514579,0
29.19 sec,0.0153115759335591,0
29.191 sec,0.0152800416514579,0
29.192 sec,0.0152800416514579,0
29.193 sec,0.0152169762160309,0
29.194 sec,0.0152169762160309,0
29.195 sec,0.0152485084122124,0
29.196 sec,0.0152485084122124,0
29.197 sec,0.0152485084122124,0
29.198 sec,0.0152485084122124,0
29.199 sec,0.0152485084122124,0
29.2 sec,0.0152485084122124,0
29.201 sec,0.0152169762160309,0
29.202 sec,0.015153914953692,0
29.203 sec,0.0152169762160309,0
29.204 sec,0.0152169762160309,0
29.205 sec,0.0152800416514579,0
29.206 sec,0.0152485084122124,0
29.207 sec,0.0152485084122124,0
29.208 sec,0.0152485084122124,0
29.209 sec,0.0152169762160309,0
29.21 sec,0.0152485084122124,0
29.211 sec,0.0152485084122124,0
29.212 sec,0.0152485084122124,0
29.213 sec,0.0152800416514579,0
29.214 sec,0.0152485084122124,0
29.215 sec,0.0152485084122124,0
29.216 sec,0.0152169762160309,0
29.217 sec,0.0152485084122124,0
29.218 sec,0.0152485084122124,0
29.219 sec,0.0152800416514579,0
29.22 sec,0.0152800416514579,0
29.221 sec,0.0152800416514579,0
29.222 sec,0.0152800416514579,0
29.223 sec,0.0152485084122124,0
29.224 sec,0.0152800416514579,0
29.225 sec,0.0152800416514579,0
29.226 sec,0.0152800416514579,0
29.227 sec,0.0152485084122124,0
29.228 sec,0.0152169762160309,0
29.229 sec,0.0152485084122124,0
29.23 sec,0.0152485084122124,0
29.231 sec,0.0152800416514579,0
29.232 sec,0.0152485084122124,0
29.233 sec,0.0152169762160309,0
29.234 sec,0.0152485084122124,0
29.235 sec,0.0152169762160309,0
29.236 sec,0.0152485084122124,0
29.237 sec,0.0152485084122124,0
29.238 sec,0.0152800416514579,0
29.239 sec,0.0152800416514579,0
29.24 sec,0.0152485084122124,0
29.241 sec,0.0153115759335591,0
29.242 sec,0.0153115759335591,0
29.243 sec,0.0153115759335591,0
29.244 sec,0.0152800416514579,0
29.245 sec,0.0152800416514579,0
29.246 sec,0.0153115759335591,0
29.247 sec,0.0153115759335591,0
29.248 sec,0.0153115759335591,0
29.249 sec,0.0152800416514579,0
29.25 sec,0.0152485084122124,0
29.251 sec,0.0152169762160309,0
29.252 sec,0.0152800416514579,0
29.253 sec,0.0152800416514579,0
29.254 sec,0.0152800416514579,0
29.255 sec,0.0152485084122124,0
29.256 sec,0.0152485084122124,0
29.257 sec,0.0152485084122124,0
29.258 sec,0.0152485084122124,0
29.259 sec,0.0152169762160309,0
29.26 sec,0.015153914953692,0
29.261 sec,0.0152485084122124,0
29.262 sec,0.0152485084122124,0
29.263 sec,0.0152800416514579,0
29.264 sec,0.0153115759335591,0
29.265 sec,0.0152800416514579,0
29.266 sec,0.0152800416514579,0
29.267 sec,0.0152800416514579,0
29.268 sec,0.0152800416514579,0
29.269 sec,0.0152800416514579,0
29.27 sec,0.0152169762160309,0
29.271 sec,0.015153914953692,0
29.272 sec,0.015153914953692,0
29.273 sec,0.0152485084122124,0
29.274 sec,0.0153115759335591,0
29.275 sec,0.015343111258308,0
29.276 sec,0.0153115759335591,0
29.277 sec,0.0153115759335591,0
29.278 sec,0.0152800416514579,0
29.279 sec,0.0152800416514579,0
29.28 sec,0.0152485084122124,0
29.281 sec,0.0152485084122124,0
29.282 sec,0.0152485084122124,0
29.283 sec,0.0152485084122124,0
29.284 sec,0.0152169762160309,0
29.285 sec,0.0152169762160309,0
29.286 sec,0.0152485084122124,0
29.287 sec,0.0152169762160309,0
29.288 sec,0.0152485084122124,0
29.289 sec,0.0152800416514579,0
29.29 sec,0.0152800416514579,0
29.291 sec,0.0152800416514579,0
29.292 sec,0.0152485084122124,0
29.293 sec,0.0152485084122124,0
29.294 sec,0.0152485084122124,0
29.295 sec,0.0152485084122124,0
29.296 sec,0.0152485084122124,0
29.297 sec,0.0152485084122124,0
29.298 sec,0.0152485084122124,0
29.299 sec,0.0152169762160309,0
29.3 sec,0.0152485084122124,0
29.301 sec,0.0152485084122124,0
29.302 sec,0.0152169762160309,0
29.303 sec,0.0152169762160309,0
29.304 sec,0.0152169762160309,0
29.305 sec,0.0152169762160309,0
29.306 sec,0.0152169762160309,0
29.307 sec,0.0152169762160309,0
29.308 sec,0.0152169762160309,0
29.309 sec,0.0152169762160309,0
29.31 sec,0.0152485084122124,0
29.311 sec,0.0152800416514579,0
29.312 sec,0.0153115759335591,0
29.313 sec,0.0153115759335591,0
29.314 sec,0.0153115759335591,0
29.315 sec,0.0152485084122124,0
29.316 sec,0.0152169762160309,0
29.317 sec,0.0151223858879508,0
29.318 sec,0.015153914953692,0
29.319 sec,0.0152485084122124,0
29.32 sec,0.0152800416514579,0
29.321 sec,0.0152800416514579,0
29.322 sec,0.0152800416514579,0
29.323 sec,0.0152800416514579,0
29.324 sec,0.0152800416514579,0
29.325 sec,0.0152485084122124,0
29.326 sec,0.0152800416514579,0
29.327 sec,0.0152800416514579,0
29.328 sec,0.0152800416514579,0
29.329 sec,0.0153115759335591,0
29.33 sec,0.0152800416514579,0
29.331 sec,0.0152485084122124,0
29.332 sec,0.0152485084122124,0
29.333 sec,0.015153914953692,0
29.334 sec,0.015153914953692,0
29.335 sec,0.0152169762160309,0
29.336 sec,0.0152485084122124,0
29.337 sec,0.0152485084122124,0
29.338 sec,0.0152800416514579,0
29.339 sec,0.0152485084122124,0
29.34 sec,0.0152800416514579,0
29.341 sec,0.0153115759335591,0
29.342 sec,0.0152800416514579,0
29.343 sec,0.0152800416514579,0
29.344 sec,0.0152800416514579,0
29.345 sec,0.0153115759335591,0
29.346 sec,0.0153115759335591,0
29.347 sec,0.0153115759335591,0
29.348 sec,0.0153115759335591,0
29.349 sec,0.015343111258308,0
29.35 sec,0.0153115759335591,0
29.351 sec,0.0152800416514579,0
29.352 sec,0.0152485084122124,0
29.353 sec,0.0152485084122124,0
29.354 sec,0.0152485084122124,0
29.355 sec,0.0152800416514579,0
29.356 sec,0.0152800416514579,0
29.357 sec,0.0152485084122124,0
29.358 sec,0.0152800416514579,0
29.359 sec,0.0152800416514579,0
29.36 sec,0.0152800416514579,0
29.361 sec,0.0152800416514579,0
29.362 sec,0.0152485084122124,0
29.363 sec,0.0152800416514579,0
29.364 sec,0.0152485084122124,0
29.365 sec,0.0152485084122124,0
29.366 sec,0.0152485084122124,0
29.367 sec,0.0152800416514579,0
29.368 sec,0.0153115759335591,0
29.369 sec,0.0152800416514579,0
29.37 sec,0.0152800416514579,0
29.371 sec,0.0152485084122124,0
29.372 sec,0.0152800416514579,0
29.373 sec,0.0152800416514579,0
29.374 sec,0.0152800416514579,0
29.375 sec,0.0152485084122124,0
29.376 sec,0.0152485084122124,0
29.377 sec,0.0152800416514579,0
29.378 sec,0.0153115759335591,0
29.379 sec,0.0152800416514579,0
29.38 sec,0.0153115759335591,0
29.381 sec,0.0153115759335591,0
29.382 sec,0.0152800416514579,0
29.383 sec,0.0152485084122124,0
29.384 sec,0.0152169762160309,0
29.385 sec,0.015153914953692,0
29.386 sec,0.0152169762160309,0
29.387 sec,0.0152485084122124,0
29.388 sec,0.0152485084122124,0
29.389 sec,0.0152485084122124,0
29.39 sec,0.0152485084122124,0
29.391 sec,0.0152485084122124,0
29.392 sec,0.0152485084122124,0
29.393 sec,0.0152169762160309,0
29.394 sec,0.0152485084122124,0
29.395 sec,0.0152169762160309,0
29.396 sec,0.0152169762160309,0
29.397 sec,0.015153914953692,0
29.398 sec,0.015153914953692,0
29.399 sec,0.0152169762160309,0
29.4 sec,0.0152800416514579,0
29.401 sec,0.0152800416514579,0
29.402 sec,0.015343111258308,0
29.403 sec,0.0153115759335591,0
29.404 sec,0.0153115759335591,0
29.405 sec,0.0153115759335591,0
29.406 sec,0.0153115759335591,0
29.407 sec,0.0152800416514579,0
29.408 sec,0.0152800416514579,0
29.409 sec,0.0153115759335591,0
29.41 sec,0.0152800416514579,0
29.411 sec,0.0152800416514579,0
29.412 sec,0.0152485084122124,0
29.413 sec,0.0152169762160309,0
29.414 sec,0.0152169762160309,0
29.415 sec,0.0152169762160309,0
29.416 sec,0.015153914953692,0
29.417 sec,0.015153914953692,0
29.418 sec,0.015153914953692,0
29.419 sec,0.0152169762160309,0
29.42 sec,0.0152169762160309,0
29.421 sec,0.0152169762160309,0
29.422 sec,0.0152485084122124,0
29.423 sec,0.0152169762160309,0
29.424 sec,0.0152800416514579,0
29.425 sec,0.0152485084122124,0
29.426 sec,0.0152485084122124,0
29.427 sec,0.015153914953692,0
29.428 sec,0.0152169762160309,0
29.429 sec,0.0152169762160309,0
29.43 sec,0.0152169762160309,0
29.431 sec,0.0152169762160309,0
29.432 sec,0.0152485084122124,0
29.433 sec,0.0152485084122124,0
29.434 sec,0.0152485084122124,0
29.435 sec,0.0152485084122124,0
29.436 sec,0.0152800416514579,0
29.437 sec,0.0152485084122124,0
29.438 sec,0.0152485084122124,0
29.439 sec,0.0152485084122124,0
29.44 sec,0.0152485084122124,0
29.441 sec,0.0152169762160309,0
29.442 sec,0.0152485084122124,0
29.443 sec,0.0152800416514579,0
29.444 sec,0.0153115759335591,0
29.445 sec,0.0153115759335591,0
29.446 sec,0.0152800416514579,0
29.447 sec,0.0152485084122124,0
29.448 sec,0.0152485084122124,0
29.449 sec,0.0152800416514579,0
29.45 sec,0.0152800416514579,0
29.451 sec,0.0152800416514579,0
29.452 sec,0.0152169762160309,0
29.453 sec,0.0152169762160309,0
29.454 sec,0.0152485084122124,0
29.455 sec,0.0153115759335591,0
29.456 sec,0.0153115759335591,0
29.457 sec,0.0153115759335591,0
29.458 sec,0.0152485084122124,0
29.459 sec,0.0152485084122124,0
29.46 sec,0.0152169762160309,0
29.461 sec,0.0152485084122124,0
29.462 sec,0.0152800416514579,0
29.463 sec,0.0152800416514579,0
29.464 sec,0.0152800416514579,0
29.465 sec,0.0152485084122124,0
29.466 sec,0.0152485084122124,0
29.467 sec,0.0152169762160309,0
29.468 sec,0.0152169762160309,0
29.469 sec,0.0152169762160309,0
29.47 sec,0.0152485084122124,0
29.471 sec,0.0152485084122124,0
29.472 sec,0.0152800416514579,0
29.473 sec,0.0152800416514579,0
29.474 sec,0.0152485084122124,0
29.475 sec,0.0152485084122124,0
29.476 sec,0.0152485084122124,0
29.477 sec,0.0152485084122124,0
29.478 sec,0.0152485084122124,0
29.479 sec,0.0152169762160309,0
29.48 sec,0.015153914953692,0
29.481 sec,0.015153914953692,0
29.482 sec,0.0152169762160309,0
29.483 sec,0.0152169762160309,0
29.484 sec,0.0152169762160309,0
29.485 sec,0.0152169762160309,0
29.486 sec,0.0152485084122124,0
29.487 sec,0.0152800416514579,0
29.488 sec,0.0152800416514579,0
29.489 sec,0.0152800416514579,0
29.49 sec,0.0152800416514579,0
29.491 sec,0.0152800416514579,0
29.492 sec,0.0152800416514579,0
29.493 sec,0.0152800416514579,0
29.494 sec,0.0152800416514579,0
29.495 sec,0.0152800416514579,0
29.496 sec,0.0152485084122124,0
29.497 sec,0.0152800416514579,0
29.498 sec,0.0152485084122124,0
29.499 sec,0.0152800416514579,0
29.5 sec,0.0152485084122124,0
29.501 sec,0.0152169762160309,0
29.502 sec,0.0152169762160309,0
29.503 sec,0.0152485084122124,0
29.504 sec,0.0152800416514579,0
29.505 sec,0.0152800416514579,0
29.506 sec,0.0152800416514579,0
29.507 sec,0.0152169762160309,0
29.508 sec,0.0152169762160309,0
29.509 sec,0.0152169762160309,0
29.51 sec,0.0152485084122124,0
29.511 sec,0.0152485084122124,0
29.512 sec,0.0152800416514579,0
29.513 sec,0.0152485084122124,0
29.514 sec,0.0152485084122124,0
29.515 sec,0.0152485084122124,0
29.516 sec,0.0152800416514579,0
29.517 sec,0.0152485084122124,0
29.518 sec,0.0152485084122124,0
29.519 sec,0.0152485084122124,0
29.52 sec,0.0152800416514579,0
29.521 sec,0.0152169762160309,0
29.522 sec,0.0152800416514579,0
29.523 sec,0.0152485084122124,0
29.524 sec,0.0152485084122124,0
29.525 sec,0.0152485084122124,0
29.526 sec,0.0152800416514579,0
29.527 sec,0.0153115759335591,0
29.528 sec,0.0153115759335591,0
29.529 sec,0.0153115759335591,0
29.53 sec,0.0152800416514579,0
29.531 sec,0.0152485084122124,0
29.532 sec,0.0152800416514579,0
29.533 sec,0.0152485084122124,0
29.534 sec,0.0152169762160309,0
29.535 sec,0.0151223858879508,0
29.536 sec,0.015153914953692,0
29.537 sec,0.0152169762160309,0
29.538 sec,0.0152485084122124,0
29.539 sec,0.0152800416514579,0
29.54 sec,0.0152169762160309,0
29.541 sec,0.0152485084122124,0
29.542 sec,0.0152485084122124,0
29.543 sec,0.0152485084122124,0
29.544 sec,0.0152800416514579,0
29.545 sec,0.0152800416514579,0
29.546 sec,0.0152485084122124,0
29.547 sec,0.0152485084122124,0
29.548 sec,0.0152485084122124,0
29.549 sec,0.0152800416514579,0
29.55 sec,0.0152800416514579,0
29.551 sec,0.0152485084122124,0
29.552 sec,0.0152169762160309,0
29.553 sec,0.0152169762160309,0
29.554 sec,0.0152169762160309,0
29.555 sec,0.0152485084122124,0
29.556 sec,0.0152800416514579,0
29.557 sec,0.0153115759335591,0
29.558 sec,0.0152800416514579,0
29.559 sec,0.0152485084122124,0
29.56 sec,0.0152485084122124,0
29.561 sec,0.0152800416514579,0
29.562 sec,0.0152485084122124,0
29.563 sec,0.0152800416514579,0
29.564 sec,0.0152800416514579,0
29.565 sec,0.0153115759335591,0
29.566 sec,0.0152800416514579,0
29.567 sec,0.0152800416514579,0
29.568 sec,0.0152485084122124,0
29.569 sec,0.0152485084122124,0
29.57 sec,0.0152169762160309,0
29.571 sec,0.0152485084122124,0
29.572 sec,0.0152485084122124,0
29.573 sec,0.0152800416514579,0
29.574 sec,0.0152800416514579,0
29.575 sec,0.0153115759335591,0
29.576 sec,0.0153115759335591,0
29.577 sec,0.0153115759335591,0
29.578 sec,0.0153115759335591,0
29.579 sec,0.0153115759335591,0
29.58 sec,0.0152800416514579,0
29.581 sec,0.0152800416514579,0
29.582 sec,0.0152800416514579,0
29.583 sec,0.0153115759335591,0
29.584 sec,0.0152800416514579,0
29.585 sec,0.0152800416514579,0
29.586 sec,0.0152485084122124,0
29.587 sec,0.0152800416514579,0
29.588 sec,0.0152800416514579,0
29.589 sec,0.0153115759335591,0
29.59 sec,0.0152800416514579,0
29.591 sec,0.0152485084122124,0
29.592 sec,0.0152169762160309,0
29.593 sec,0.0152485084122124,0
29.594 sec,0.0152800416514579,0
29.595 sec,0.0153115759335591,0
29.596 sec,0.015343111258308,0
29.597 sec,0.0152800416514579,0
29.598 sec,0.0152800416514579,0
29.599 sec,0.0152485084122124,0
29.6 sec,0.0152800416514579,0
29.601 sec,0.0152800416514579,0
29.602 sec,0.0152485084122124,0
29.603 sec,0.0152485084122124,0
29.604 sec,0.0152800416514579,0
29.605 sec,0.0152800416514579,0
29.606 sec,0.0152169762160309,0
29.607 sec,0.0152169762160309,0
29.608 sec,0.0152169762160309,0
29.609 sec,0.0152485084122124,0
29.61 sec,0.0152485084122124,0
29.611 sec,0.0152169762160309,0
29.612 sec,0.0152169762160309,0
29.613 sec,0.0152169762160309,0
29.614 sec,0.0152485084122124,0
29.615 sec,0.0152485084122124,0
29.616 sec,0.0152485084122124,0
29.617 sec,0.0152169762160309,0
29.618 sec,0.0152169762160309,0
29.619 sec,0.015153914953692,0
29.62 sec,0.0152169762160309,0
29.621 sec,0.0152169762160309,0
29.622 sec,0.0152169762160309,0
29.623 sec,0.0152169762160309,0
29.624 sec,0.0152800416514579,0
29.625 sec,0.0152800416514579,0
29.626 sec,0.0153115759335591,0
29.627 sec,0.0152800416514579,0
29.628 sec,0.0152800416514579,0
29.629 sec,0.0152800416514579,0
29.63 sec,0.0152485084122124,0
29.631 sec,0.0152485084122124,0
29.632 sec,0.0152485084122124,0
29.633 sec,0.0152800416514579,0
29.634 sec,0.0152800416514579,0
29.635 sec,0.0152485084122124,0
29.636 sec,0.0152485084122124,0
29.637 sec,0.015153914953692,0
29.638 sec,0.0151223858879508,0
29.639 sec,0.015153914953692,0
29.64 sec,0.0152169762160309,0
29.641 sec,0.0152485084122124,0
29.642 sec,0.0152169762160309,0
29.643 sec,0.0152169762160309,0
29.644 sec,0.0152169762160309,0
29.645 sec,0.0152169762160309,0
29.646 sec,0.0152169762160309,0
29.647 sec,0.0152485084122124,0
29.648 sec,0.0152485084122124,0
29.649 sec,0.0152485084122124,0
29.65 sec,0.0152169762160309,0
29.651 sec,0.0152169762160309,0
29.652 sec,0.0152169762160309,0
29.653 sec,0.0152169762160309,0
29.654 sec,0.0152169762160309,0
29.655 sec,0.0152800416514579,0
29.656 sec,0.0152800416514579,0
29.657 sec,0.0152485084122124,0
29.658 sec,0.0152485084122124,0
29.659 sec,0.015153914953692,0
29.66 sec,0.0152169762160309,0
29.661 sec,0.0152485084122124,0
29.662 sec,0.0152485084122124,0
29.663 sec,0.0152800416514579,0
29.664 sec,0.0153115759335591,0
29.665 sec,0.0153115759335591,0
29.666 sec,0.0153115759335591,0
29.667 sec,0.0152485084122124,0
29.668 sec,0.0152800416514579,0
29.669 sec,0.0152800416514579,0
29.67 sec,0.0152800416514579,0
29.671 sec,0.0152800416514579,0
29.672 sec,0.0152800416514579,0
29.673 sec,0.0152485084122124,0
29.674 sec,0.0152169762160309,0
29.675 sec,0.0152169762160309,0
29.676 sec,0.015153914953692,0
29.677 sec,0.0152169762160309,0
29.678 sec,0.0152169762160309,0
29.679 sec,0.0152485084122124,0
29.68 sec,0.0152800416514579,0
29.681 sec,0.0152800416514579,0
29.682 sec,0.0152800416514579,0
29.683 sec,0.0152485084122124,0
29.684 sec,0.0152485084122124,0
29.685 sec,0.0152485084122124,0
29.686 sec,0.0152485084122124,0
29.687 sec,0.0152169762160309,0
29.688 sec,0.0152169762160309,0
29.689 sec,0.0152169762160309,0
29.69 sec,0.0152169762160309,0
29.691 sec,0.0152169762160309,0
29.692 sec,0.015153914953692,0
29.693 sec,0.015153914953692,0
29.694 sec,0.0152485084122124,0
29.695 sec,0.0152800416514579,0
29.696 sec,0.0152485084122124,0
29.697 sec,0.0152485084122124,0
29.698 sec,0.0152485084122124,0
29.699 sec,0.0152485084122124,0
29.7 sec,0.0152485084122124,0
29.701 sec,0.0152485084122124,0
29.702 sec,0.0152169762160309,0
29.703 sec,0.015153914953692,0
29.704 sec,0.0152169762160309,0
29.705 sec,0.0152169762160309,0
29.706 sec,0.0152485084122124,0
29.707 sec,0.0152485084122124,0
29.708 sec,0.0152169762160309,0
29.709 sec,0.0152169762160309,0
29.71 sec,0.0152169762160309,0
29.711 sec,0.0152485084122124,0
29.712 sec,0.0152485084122124,0
29.713 sec,0.0152169762160309,0
29.714 sec,0.0152169762160309,0
29.715 sec,0.0152169762160309,0
29.716 sec,0.0152800416514579,0
29.717 sec,0.0152485084122124,0
29.718 sec,0.0152485084122124,0
29.719 sec,0.0152169762160309,0
29.72 sec,0.0152169762160309,0
29.721 sec,0.015153914953692,0
29.722 sec,0.015153914953692,0
29.723 sec,0.015153914953692,0
29.724 sec,0.0152169762160309,0
29.725 sec,0.0152800416514579,0
29.726 sec,0.0152800416514579,0
29.727 sec,0.0152800416514579,0
29.728 sec,0.0152800416514579,0
29.729 sec,0.0153115759335591,0
29.73 sec,0.0152800416514579,0
29.731 sec,0.0152800416514579,0
29.732 sec,0.0152485084122124,0
29.733 sec,0.0152169762160309,0
29.734 sec,0.0152169762160309,0
29.735 sec,0.0152169762160309,0
29.736 sec,0.0152169762160309,0
29.737 sec,0.0152485084122124,0
29.738 sec,0.0152485084122124,0
29.739 sec,0.0152485084122124,0
29.74 sec,0.0152485084122124,0
29.741 sec,0.0152485084122124,0
29.742 sec,0.0152169762160309,0
29.743 sec,0.0152169762160309,0
29.744 sec,0.015153914953692,0
29.745 sec,0.0152169762160309,0
29.746 sec,0.0152169762160309,0
29.747 sec,0.0152485084122124,0
29.748 sec,0.0152800416514579,0
29.749 sec,0.0152800416514579,0
29.75 sec,0.0152800416514579,0
29.751 sec,0.0153115759335591,0
29.752 sec,0.0153115759335591,0
29.753 sec,0.0152485084122124,0
29.754 sec,0.0152169762160309,0
29.755 sec,0.0152169762160309,0
29.756 sec,0.0152169762160309,0
29.757 sec,0.0152800416514579,0
29.758 sec,0.0152800416514579,0
29.759 sec,0.0152485084122124,0
29.76 sec,0.0152485084122124,0
29.761 sec,0.015153914953692,0
29.762 sec,0.0152169762160309,0
29.763 sec,0.0152485084122124,0
29.764 sec,0.0153115759335591,0
29.765 sec,0.0152800416514579,0
29.766 sec,0.0152169762160309,0
29.767 sec,0.0152485084122124,0
29.768 sec,0.0152800416514579,0
29.769 sec,0.0153115759335591,0
29.77 sec,0.0152800416514579,0
29.771 sec,0.0153115759335591,0
29.772 sec,0.0152800416514579,0
29.773 sec,0.0153115759335591,0
29.774 sec,0.0152800416514579,0
29.775 sec,0.0152800416514579,0
29.776 sec,0.0152485084122124,0
29.777 sec,0.0152485084122124,0
29.778 sec,0.0152169762160309,0
29.779 sec,0.0152169762160309,0
29.78 sec,0.0152169762160309,0
29.781 sec,0.0152485084122124,0
29.782 sec,0.0152169762160309,0
29.783 sec,0.0152485084122124,0
29.784 sec,0.0152169762160309,0
29.785 sec,0.0152169762160309,0
29.786 sec,0.0152169762160309,0
29.787 sec,0.0152169762160309,0
29.788 sec,0.0152485084122124,0
29.789 sec,0.0152169762160309,0
29.79 sec,0.0152485084122124,0
29.791 sec,0.0152485084122124,0
29.792 sec,0.0152485084122124,0
29.793 sec,0.0152800416514579,0
29.794 sec,0.0152800416514579,0
29.795 sec,0.0152485084122124,0
29.796 sec,0.0152485084122124,0
29.797 sec,0.0152169762160309,0
29.798 sec,0.0152485084122124,0
29.799 sec,0.0152800416514579,0
29.8 sec,0.0152800416514579,0
29.801 sec,0.0152800416514579,0
29.802 sec,0.0152169762160309,0
29.803 sec,0.015153914953692,0
29.804 sec,0.015153914953692,0
29.805 sec,0.0152169762160309,0
29.806 sec,0.0152485084122124,0
29.807 sec,0.0152800416514579,0
29.808 sec,0.0152485084122124,0
29.809 sec,0.0152485084122124,0
29.81 sec,0.0152800416514579,0
29.811 sec,0.0152485084122124,0
29.812 sec,0.0152485084122124,0
29.813 sec,0.0152485084122124,0
29.814 sec,0.0152800416514579,0
29.815 sec,0.0152800416514579,0
29.816 sec,0.0152485084122124,0
29.817 sec,0.0152485084122124,0
29.818 sec,0.0152485084122124,0
29.819 sec,0.0152169762160309,0
29.82 sec,0.0152485084122124,0
29.821 sec,0.0152800416514579,0
29.822 sec,0.0152800416514579,0
29.823 sec,0.0152485084122124,0
29.824 sec,0.0152485084122124,0
29.825 sec,0.0152169762160309,0
29.826 sec,0.0152485084122124,0
29.827 sec,0.0152485084122124,0
29.828 sec,0.0152485084122124,0
29.829 sec,0.0152800416514579,0
29.83 sec,0.0153115759335591,0
29.831 sec,0.0153115759335591,0
29.832 sec,0.0153115759335591,0
29.833 sec,0.0152800416514579,0
29.834 sec,0.0152485084122124,0
29.835 sec,0.0152169762160309,0
29.836 sec,0.0152485084122124,0
29.837 sec,0.0152169762160309,0
29.838 sec,0.0152485084122124,0
29.839 sec,0.0152485084122124,0
29.84 sec,0.0152485084122124,0
29.841 sec,0.0152485084122124,0
29.842 sec,0.0152485084122124,0
29.843 sec,0.0152485084122124,0
29.844 sec,0.0152485084122124,0
29.845 sec,0.0152485084122124,0
29.846 sec,0.0152485084122124,0
29.847 sec,0.0152485084122124,0
29.848 sec,0.0152485084122124,0
29.849 sec,0.0152485084122124,0
29.85 sec,0.0152485084122124,0
29.851 sec,0.0152485084122124,0
29.852 sec,0.0152800416514579,0
29.853 sec,0.0153115759335591,0
29.854 sec,0.0152800416514579,0
29.855 sec,0.0152169762160309,0
29.856 sec,0.015153914953692,0
29.857 sec,0.0152169762160309,0
29.858 sec,0.0152169762160309,0
29.859 sec,0.015153914953692,0
29.86 sec,0.0152169762160309,0
29.861 sec,0.0152169762160309,0
29.862 sec,0.0152485084122124,0
29.863 sec,0.0153115759335591,0
29.864 sec,0.0152800416514579,0
29.865 sec,0.0152485084122124,0
29.866 sec,0.0152485084122124,0
29.867 sec,0.0152485084122124,0
29.868 sec,0.0152800416514579,0
29.869 sec,0.0152800416514579,0
29.87 sec,0.0152485084122124,0
29.871 sec,0.0152485084122124,0
29.872 sec,0.0152169762160309,0
29.873 sec,0.0152485084122124,0
29.874 sec,0.0152169762160309,0
29.875 sec,0.0152169762160309,0
29.876 sec,0.0152485084122124,0
29.877 sec,0.0152800416514579,0
29.878 sec,0.0152800416514579,0
29.879 sec,0.0153115759335591,0
29.88 sec,0.0153115759335591,0
29.881 sec,0.0152800416514579,0
29.882 sec,0.0152800416514579,0
29.883 sec,0.0152485084122124,0
29.884 sec,0.0152485084122124,0
29.885 sec,0.0152485084122124,0
29.886 sec,0.0152485084122124,0
29.887 sec,0.0152485084122124,0
29.888 sec,0.0152169762160309,0
29.889 sec,0.0152485084122124,0
29.89 sec,0.0152485084122124,0
29.891 sec,0.0152800416514579,0
29.892 sec,0.0153115759335591,0
29.893 sec,0.0152800416514579,0
29.894 sec,0.0152485084122124,0
29.895 sec,0.0152169762160309,0
29.896 sec,0.0152485084122124,0
29.897 sec,0.0152800416514579,0
29.898 sec,0.0152485084122124,0
29.899 sec,0.0152800416514579,0
29.9 sec,0.0152485084122124,0
29.901 sec,0.0152485084122124,0
29.902 sec,0.0152485084122124,0
29.903 sec,0.0152800416514579,0
29.904 sec,0.0152800416514579,0
29.905 sec,0.0152800416514579,0
29.906 sec,0.0152485084122124,0
29.907 sec,0.0152485084122124,0
29.908 sec,0.0152169762160309,0
29.909 sec,0.015153914953692,0
29.91 sec,0.015153914953692,0
29.911 sec,0.0151223858879508,0
29.912 sec,0.015153914953692,0
29.913 sec,0.0152169762160309,0
29.914 sec,0.0152485084122124,0
29.915 sec,0.0152485084122124,0
29.916 sec,0.0153115759335591,0
29.917 sec,0.0153115759335591,0
29.918 sec,0.0152800416514579,0
29.919 sec,0.0152485084122124,0
29.92 sec,0.0152485084122124,0
29.921 sec,0.0152485084122124,0
29.922 sec,0.0152169762160309,0
29.923 sec,0.0152169762160309,0
29.924 sec,0.0152169762160309,0
29.925 sec,0.0152485084122124,0
29.926 sec,0.0153115759335591,0
29.927 sec,0.0153115759335591,0
29.928 sec,0.0153115759335591,0
29.929 sec,0.0152800416514579,0
29.93 sec,0.0152800416514579,0
29.931 sec,0.0153115759335591,0
29.932 sec,0.0152800416514579,0
29.933 sec,0.0152800416514579,0
29.934 sec,0.0152169762160309,0
29.935 sec,0.015153914953692,0
29.936 sec,0.0152169762160309,0
29.937 sec,0.015153914953692,0
29.938 sec,0.0152169762160309,0
29.939 sec,0.0152485084122124,0
29.94 sec,0.0152485084122124,0
29.941 sec,0.0152485084122124,0
29.942 sec,0.0152169762160309,0
29.943 sec,0.0152485084122124,0
29.944 sec,0.0152800416514579,0
29.945 sec,0.0152800416514579,0
29.946 sec,0.0152800416514579,0
29.947 sec,0.0152485084122124,0
29.948 sec,0.0152485084122124,0
29.949 sec,0.0152485084122124,0
29.95 sec,0.0152169762160309,0
29.951 sec,0.0152485084122124,0
29.952 sec,0.0152485084122124,0
29.953 sec,0.0152169762160309,0
29.954 sec,0.0152169762160309,0
29.955 sec,0.015153914953692,0
29.956 sec,0.0152169762160309,0
29.957 sec,0.0152169762160309,0
29.958 sec,0.0152485084122124,0
29.959 sec,0.0152485084122124,0
29.96 sec,0.0152485084122124,0
29.961 sec,0.0152485084122124,0
29.962 sec,0.0152800416514579,0
29.963 sec,0.0152485084122124,0
29.964 sec,0.0152800416514579,0
29.965 sec,0.0152169762160309,0
29.966 sec,0.0152169762160309,0
29.967 sec,0.0152169762160309,0
29.968 sec,0.0152485084122124,0
29.969 sec,0.0152800416514579,0
29.97 sec,0.0152800416514579,0
29.971 sec,0.0152485084122124,0
29.972 sec,0.0152485084122124,0
29.973 sec,0.0152800416514579,0
29.974 sec,0.0152485084122124,0
29.975 sec,0.0152485084122124,0
29.976 sec,0.0152169762160309,0
29.977 sec,0.0152169762160309,0
29.978 sec,0.0152485084122124,0
29.979 sec,0.0152485084122124,0
29.98 sec,0.0152485084122124,0
29.981 sec,0.0152485084122124,0
29.982 sec,0.0152800416514579,0
29.983 sec,0.0152800416514579,0
29.984 sec,0.0152800416514579,0
29.985 sec,0.0152485084122124,0
29.986 sec,0.0152800416514579,0
29.987 sec,0.0152800416514579,0
29.988 sec,0.0152485084122124,0
29.989 sec,0.0152485084122124,0
29.99 sec,0.015153914953692,0
29.991 sec,0.015153914953692,0
29.992 sec,0.015153914953692,0
29.993 sec,0.0152169762160309,0
29.994 sec,0.0152485084122124,0
29.995 sec,0.0152485084122124,0
29.996 sec,0.0152485084122124,0
29.997 sec,0.0152485084122124,0
29.998 sec,0.0152800416514579,0
29.999 sec,0.0152800416514579,0
30 sec,0.0152800416514579,0
30.001 sec,0.0152800416514579,0
30.002 sec,0.0152800416514579,0
30.003 sec,0.0152485084122124,0
30.004 sec,0.0152485084122124,0
30.005 sec,0.0152800416514579,0
30.006 sec,0.0152800416514579,0
30.007 sec,0.0153115759335591,0
30.008 sec,0.0153115759335591,0
30.009 sec,0.0152800416514579,0
30.01 sec,0.0152800416514579,0
30.011 sec,0.0152485084122124,0
30.012 sec,0.0152485084122124,0
30.013 sec,0.0152169762160309,0
30.014 sec,0.0152169762160309,0
30.015 sec,0.0152485084122124,0
30.016 sec,0.0152485084122124,0
30.017 sec,0.0152485084122124,0
30.018 sec,0.0152800416514579,0
30.019 sec,0.0152800416514579,0
30.02 sec,0.0152800416514579,0
30.021 sec,0.0152800416514579,0
30.022 sec,0.0152800416514579,0
30.023 sec,0.0152800416514579,0
30.024 sec,0.0152800416514579,0
30.025 sec,0.0152800416514579,0
30.026 sec,0.0153115759335591,0
30.027 sec,0.0152800416514579,0
30.028 sec,0.0152485084122124,0
30.029 sec,0.0152169762160309,0
30.03 sec,0.0152169762160309,0
30.031 sec,0.015153914953692,0
30.032 sec,0.015153914953692,0
30.033 sec,0.0152485084122124,0
30.034 sec,0.0152485084122124,0
30.035 sec,0.0153115759335591,0
30.036 sec,0.0153115759335591,0
30.037 sec,0.015343111258308,0
30.038 sec,0.0153115759335591,0
30.039 sec,0.0152800416514579,0
30.04 sec,0.0152800416514579,0
30.041 sec,0.0152485084122124,0
30.042 sec,0.0152800416514579,0
30.043 sec,0.0152800416514579,0
30.044 sec,0.0152800416514579,0
30.045 sec,0.0152485084122124,0
30.046 sec,0.0152800416514579,0
30.047 sec,0.0152485084122124,0
30.048 sec,0.0152800416514579,0
30.049 sec,0.0152800416514579,0
30.05 sec,0.0152800416514579,0
30.051 sec,0.0152485084122124,0
30.052 sec,0.0152485084122124,0
30.053 sec,0.0152485084122124,0
30.054 sec,0.0152169762160309,0
30.055 sec,0.0152485084122124,0
30.056 sec,0.0152485084122124,0
30.057 sec,0.0152800416514579,0
30.058 sec,0.0152800416514579,0
30.059 sec,0.0153115759335591,0
30.06 sec,0.0153115759335591,0
30.061 sec,0.0152800416514579,0
30.062 sec,0.0152485084122124,0
30.063 sec,0.0152169762160309,0
30.064 sec,0.0152169762160309,0
30.065 sec,0.0152485084122124,0
30.066 sec,0.0152485084122124,0
30.067 sec,0.0152800416514579,0
30.068 sec,0.0152169762160309,0
30.069 sec,0.0152485084122124,0
30.07 sec,0.0152169762160309,0
30.071 sec,0.0152169762160309,0
30.072 sec,0.0152169762160309,0
30.073 sec,0.0152485084122124,0
30.074 sec,0.0152485084122124,0
30.075 sec,0.0152485084122124,0
30.076 sec,0.0152485084122124,0
30.077 sec,0.0152485084122124,0
30.078 sec,0.0152800416514579,0
30.079 sec,0.0152485084122124,0
30.08 sec,0.0152169762160309,0
30.081 sec,0.0152169762160309,0
30.082 sec,0.0152485084122124,0
30.083 sec,0.0152800416514579,0
30.084 sec,0.0152485084122124,0
30.085 sec,0.0152485084122124,0
30.086 sec,0.0152485084122124,0
30.087 sec,0.0152800416514579,0
30.088 sec,0.0152800416514579,0
30.089 sec,0.0152169762160309,0
30.09 sec,0.0152485084122124,0
30.091 sec,0.0152485084122124,0
30.092 sec,0.0152800416514579,0
30.093 sec,0.0152800416514579,0
30.094 sec,0.0152800416514579,0
30.095 sec,0.0152800416514579,0
30.096 sec,0.0152800416514579,0
30.097 sec,0.0152485084122124,0
30.098 sec,0.0152800416514579,0
30.099 sec,0.0152485084122124,0
30.1 sec,0.0152800416514579,0
30.101 sec,0.0152800416514579,0
30.102 sec,0.0152800416514579,0
30.103 sec,0.0152800416514579,0
30.104 sec,0.0152800416514579,0
30.105 sec,0.0152485084122124,0
30.106 sec,0.0152485084122124,0
30.107 sec,0.0152485084122124,0
30.108 sec,0.0152485084122124,0
30.109 sec,0.0152800416514579,0
30.11 sec,0.0152485084122124,0
30.111 sec,0.0152800416514579,0
30.112 sec,0.0152800416514579,0
30.113 sec,0.0152800416514579,0
30.114 sec,0.0152485084122124,0
30.115 sec,0.0152485084122124,0
30.116 sec,0.0152800416514579,0
30.117 sec,0.0152800416514579,0
30.118 sec,0.0152485084122124,0
30.119 sec,0.0152169762160309,0
30.12 sec,0.0151223858879508,0
30.121 sec,0.0151223858879508,0
30.122 sec,0.0152169762160309,0
30.123 sec,0.0152169762160309,0
30.124 sec,0.0152800416514579,0
30.125 sec,0.0152800416514579,0
30.126 sec,0.0152800416514579,0
30.127 sec,0.0152800416514579,0
30.128 sec,0.0152169762160309,0
30.129 sec,0.0152485084122124,0
30.13 sec,0.0152169762160309,0
30.131 sec,0.0152485084122124,0
30.132 sec,0.0152169762160309,0
30.133 sec,0.0152485084122124,0
30.134 sec,0.0152485084122124,0
30.135 sec,0.0152169762160309,0
30.136 sec,0.0152485084122124,0
30.137 sec,0.0152800416514579,0
30.138 sec,0.0152485084122124,0
30.139 sec,0.0152800416514579,0
30.14 sec,0.0152800416514579,0
30.141 sec,0.0153115759335591,0
30.142 sec,0.0153115759335591,0
30.143 sec,0.0152800416514579,0
30.144 sec,0.0152485084122124,0
30.145 sec,0.0152485084122124,0
30.146 sec,0.0152485084122124,0
30.147 sec,0.0152800416514579,0
30.148 sec,0.0152800416514579,0
30.149 sec,0.0152169762160309,0
30.15 sec,0.0152485084122124,0
30.151 sec,0.0152800416514579,0
30.152 sec,0.0152800416514579,0
30.153 sec,0.0152800416514579,0
30.154 sec,0.0152800416514579,0
30.155 sec,0.0152800416514579,0
30.156 sec,0.0152800416514579,0
30.157 sec,0.0152800416514579,0
30.158 sec,0.0153115759335591,0
30.159 sec,0.0152800416514579,0
30.16 sec,0.0152485084122124,0
30.161 sec,0.0152169762160309,0
30.162 sec,0.015153914953692,0
30.163 sec,0.0152169762160309,0
30.164 sec,0.0152485084122124,0
30.165 sec,0.0152800416514579,0
30.166 sec,0.0152485084122124,0
30.167 sec,0.015153914953692,0
30.168 sec,0.015153914953692,0
30.169 sec,0.015153914953692,0
30.17 sec,0.015153914953692,0
30.171 sec,0.0152485084122124,0
30.172 sec,0.0152800416514579,0
30.173 sec,0.0152800416514579,0
30.174 sec,0.0152800416514579,0
30.175 sec,0.0152485084122124,0
30.176 sec,0.0152485084122124,0
30.177 sec,0.0152169762160309,0
30.178 sec,0.0152169762160309,0
30.179 sec,0.0152485084122124,0
30.18 sec,0.0152485084122124,0
30.181 sec,0.0152800416514579,0
30.182 sec,0.0153115759335591,0
30.183 sec,0.0152800416514579,0
30.184 sec,0.0152800416514579,0
30.185 sec,0.0152800416514579,0
30.186 sec,0.0153115759335591,0
30.187 sec,0.0153115759335591,0
30.188 sec,0.0152800416514579,0
30.189 sec,0.0152485084122124,0
30.19 sec,0.0152169762160309,0
30.191 sec,0.0152485084122124,0
30.192 sec,0.0152800416514579,0
30.193 sec,0.0152485084122124,0
30.194 sec,0.0153115759335591,0
30.195 sec,0.0152800416514579,0
30.196 sec,0.0152485084122124,0
30.197 sec,0.0152485084122124,0
30.198 sec,0.0152169762160309,0
30.199 sec,0.0152800416514579,0
30.2 sec,0.0152800416514579,0
30.201 sec,0.0152800416514579,0
30.202 sec,0.0152800416514579,0
30.203 sec,0.0153115759335591,0
30.204 sec,0.0152800416514579,0
30.205 sec,0.0153115759335591,0
30.206 sec,0.0153115759335591,0
30.207 sec,0.015343111258308,0
30.208 sec,0.0152800416514579,0
30.209 sec,0.0152169762160309,0
30.21 sec,0.0152169762160309,0
30.211 sec,0.0152800416514579,0
30.212 sec,0.0152800416514579,0
30.213 sec,0.0152800416514579,0
30.214 sec,0.0152485084122124,0
30.215 sec,0.0152800416514579,0
30.216 sec,0.0152800416514579,0
30.217 sec,0.0152800416514579,0
30.218 sec,0.0152800416514579,0
30.219 sec,0.0152800416514579,0
30.22 sec,0.0152485084122124,0
30.221 sec,0.0152800416514579,0
30.222 sec,0.0153115759335591,0
30.223 sec,0.0153115759335591,0
30.224 sec,0.0153115759335591,0
30.225 sec,0.0152800416514579,0
30.226 sec,0.0152800416514579,0
30.227 sec,0.0152169762160309,0
30.228 sec,0.0152169762160309,0
30.229 sec,0.0152169762160309,0
30.23 sec,0.0152485084122124,0
30.231 sec,0.0152800416514579,0
30.232 sec,0.0153115759335591,0
30.233 sec,0.0153115759335591,0
30.234 sec,0.0152800416514579,0
30.235 sec,0.0152800416514579,0
30.236 sec,0.0152485084122124,0
30.237 sec,0.0152800416514579,0
30.238 sec,0.015153914953692,0
30.239 sec,0.0152169762160309,0
30.24 sec,0.015153914953692,0
30.241 sec,0.0152169762160309,0
30.242 sec,0.0152485084122124,0
30.243 sec,0.0152485084122124,0
30.244 sec,0.0152800416514579,0
30.245 sec,0.0152485084122124,0
30.246 sec,0.0152485084122124,0
30.247 sec,0.0152800416514579,0
30.248 sec,0.0152800416514579,0
30.249 sec,0.0152800416514579,0
30.25 sec,0.0152485084122124,0
30.251 sec,0.0152485084122124,0
30.252 sec,0.0152485084122124,0
30.253 sec,0.0152800416514579,0
30.254 sec,0.0153115759335591,0
30.255 sec,0.0152800416514579,0
30.256 sec,0.0152485084122124,0
30.257 sec,0.0152169762160309,0
30.258 sec,0.015153914953692,0
30.259 sec,0.0152169762160309,0
30.26 sec,0.0152485084122124,0
30.261 sec,0.0152800416514579,0
30.262 sec,0.0152485084122124,0
30.263 sec,0.0152485084122124,0
30.264 sec,0.0152169762160309,0
30.265 sec,0.015153914953692,0
30.266 sec,0.0152169762160309,0
30.267 sec,0.0152485084122124,0
30.268 sec,0.0152485084122124,0
30.269 sec,0.0152169762160309,0
30.27 sec,0.0152169762160309,0
30.271 sec,0.0152485084122124,0
30.272 sec,0.0153115759335591,0
30.273 sec,0.0152800416514579,0
30.274 sec,0.0152800416514579,0
30.275 sec,0.0152485084122124,0
30.276 sec,0.0152169762160309,0
30.277 sec,0.0152169762160309,0
30.278 sec,0.0152169762160309,0
30.279 sec,0.0152485084122124,0
30.28 sec,0.0152800416514579,0
30.281 sec,0.0152485084122124,0
30.282 sec,0.0152485084122124,0
30.283 sec,0.0152485084122124,0
30.284 sec,0.0152169762160309,0
30.285 sec,0.0152169762160309,0
30.286 sec,0.0152485084122124,0
30.287 sec,0.0153115759335591,0
30.288 sec,0.0152800416514579,0
30.289 sec,0.0152485084122124,0
30.29 sec,0.0152800416514579,0
30.291 sec,0.0152800416514579,0
30.292 sec,0.0152800416514579,0
30.293 sec,0.0152485084122124,0
30.294 sec,0.0152169762160309,0
30.295 sec,0.0152485084122124,0
30.296 sec,0.0152800416514579,0
30.297 sec,0.0153115759335591,0
30.298 sec,0.0152800416514579,0
30.299 sec,0.0152485084122124,0
30.3 sec,0.0152800416514579,0
30.301 sec,0.0153115759335591,0
30.302 sec,0.0152800416514579,0
30.303 sec,0.0152800416514579,0
30.304 sec,0.0152800416514579,0
30.305 sec,0.0153115759335591,0
30.306 sec,0.0153115759335591,0
30.307 sec,0.0153115759335591,0
30.308 sec,0.015343111258308,0
30.309 sec,0.0153115759335591,0
30.31 sec,0.0152800416514579,0
30.311 sec,0.0152485084122124,0
30.312 sec,0.0152800416514579,0
30.313 sec,0.0153115759335591,0
30.314 sec,0.015343111258308,0
30.315 sec,0.0153115759335591,0
30.316 sec,0.0152485084122124,0
30.317 sec,0.0152485084122124,0
30.318 sec,0.0152485084122124,0
30.319 sec,0.0152485084122124,0
30.32 sec,0.0152169762160309,0
30.321 sec,0.015153914953692,0
30.322 sec,0.0152169762160309,0
30.323 sec,0.0152800416514579,0
30.324 sec,0.0152800416514579,0
30.325 sec,0.0152485084122124,0
30.326 sec,0.0152485084122124,0
30.327 sec,0.0152485084122124,0
30.328 sec,0.0152800416514579,0
30.329 sec,0.0153115759335591,0
30.33 sec,0.0153115759335591,0
30.331 sec,0.0152485084122124,0
30.332 sec,0.0152485084122124,0
30.333 sec,0.0152485084122124,0
30.334 sec,0.0152800416514579,0
30.335 sec,0.0152485084122124,0
30.336 sec,0.0152485084122124,0
30.337 sec,0.0152169762160309,0
30.338 sec,0.0152485084122124,0
30.339 sec,0.0152485084122124,0
30.34 sec,0.0152485084122124,0
30.341 sec,0.0152485084122124,0
30.342 sec,0.0152800416514579,0
30.343 sec,0.0152800416514579,0
30.344 sec,0.0152485084122124,0
30.345 sec,0.0152800416514579,0
30.346 sec,0.0152800416514579,0
30.347 sec,0.0152800416514579,0
30.348 sec,0.0152800416514579,0
30.349 sec,0.0152800416514579,0
30.35 sec,0.0153115759335591,0
30.351 sec,0.0152800416514579,0
30.352 sec,0.0152485084122124,0
30.353 sec,0.0152169762160309,0
30.354 sec,0.0152169762160309,0
30.355 sec,0.0152169762160309,0
30.356 sec,0.015153914953692,0
30.357 sec,0.0152169762160309,0
30.358 sec,0.0152485084122124,0
30.359 sec,0.0152485084122124,0
30.36 sec,0.0152800416514579,0
30.361 sec,0.0152800416514579,0
30.362 sec,0.0152485084122124,0
30.363 sec,0.0152485084122124,0
30.364 sec,0.0152485084122124,0
30.365 sec,0.0152485084122124,0
30.366 sec,0.0152800416514579,0
30.367 sec,0.0152800416514579,0
30.368 sec,0.0152485084122124,0
30.369 sec,0.0153115759335591,0
30.37 sec,0.0152800416514579,0
30.371 sec,0.0152800416514579,0
30.372 sec,0.0152485084122124,0
30.373 sec,0.0152800416514579,0
30.374 sec,0.0152800416514579,0
30.375 sec,0.0152800416514579,0
30.376 sec,0.0152169762160309,0
30.377 sec,0.0152169762160309,0
30.378 sec,0.0152169762160309,0
30.379 sec,0.015153914953692,0
30.38 sec,0.015153914953692,0
30.381 sec,0.0152169762160309,0
30.382 sec,0.0152485084122124,0
30.383 sec,0.0152800416514579,0
30.384 sec,0.0152800416514579,0
30.385 sec,0.0152485084122124,0
30.386 sec,0.0152169762160309,0
30.387 sec,0.0152485084122124,0
30.388 sec,0.0152169762160309,0
30.389 sec,0.015153914953692,0
30.39 sec,0.0152169762160309,0
30.391 sec,0.0152485084122124,0
30.392 sec,0.0152485084122124,0
30.393 sec,0.0152485084122124,0
30.394 sec,0.0152800416514579,0
30.395 sec,0.0152800416514579,0
30.396 sec,0.0152800416514579,0
30.397 sec,0.0152485084122124,0
30.398 sec,0.0152485084122124,0
30.399 sec,0.0152485084122124,0
30.4 sec,0.0152485084122124,0
30.401 sec,0.0152800416514579,0
30.402 sec,0.0152485084122124,0
30.403 sec,0.0152485084122124,0
30.404 sec,0.015153914953692,0
30.405 sec,0.0152169762160309,0
30.406 sec,0.0152485084122124,0
30.407 sec,0.0152485084122124,0
30.408 sec,0.0152485084122124,0
30.409 sec,0.0152800416514579,0
30.41 sec,0.0153115759335591,0
30.411 sec,0.015343111258308,0
30.412 sec,0.0153115759335591,0
30.413 sec,0.0152485084122124,0
30.414 sec,0.0152169762160309,0
30.415 sec,0.0152169762160309,0
30.416 sec,0.0152800416514579,0
30.417 sec,0.0152485084122124,0
30.418 sec,0.0152485084122124,0
30.419 sec,0.0152485084122124,0
30.42 sec,0.0152485084122124,0
30.421 sec,0.0152485084122124,0
30.422 sec,0.0152485084122124,0
30.423 sec,0.0152485084122124,0
30.424 sec,0.0152800416514579,0
30.425 sec,0.0152485084122124,0
30.426 sec,0.0152485084122124,0
30.427 sec,0.0152485084122124,0
30.428 sec,0.0152485084122124,0
30.429 sec,0.0152485084122124,0
30.43 sec,0.0152169762160309,0
30.431 sec,0.015153914953692,0
30.432 sec,0.0152169762160309,0
30.433 sec,0.015153914953692,0
30.434 sec,0.015153914953692,0
30.435 sec,0.015153914953692,0
30.436 sec,0.0152169762160309,0
30.437 sec,0.0152169762160309,0
30.438 sec,0.0152485084122124,0
30.439 sec,0.0152169762160309,0
30.44 sec,0.0152169762160309,0
30.441 sec,0.0152169762160309,0
30.442 sec,0.0152169762160309,0
30.443 sec,0.0152169762160309,0
30.444 sec,0.0152169762160309,0
30.445 sec,0.0152485084122124,0
30.446 sec,0.0152485084122124,0
30.447 sec,0.0152485084122124,0
30.448 sec,0.0152169762160309,0
30.449 sec,0.0152169762160309,0
30.45 sec,0.0152485084122124,0
30.451 sec,0.0152800416514579,0
30.452 sec,0.0152800416514579,0
30.453 sec,0.0152800416514579,0
30.454 sec,0.0152485084122124,0
30.455 sec,0.0152485084122124,0
30.456 sec,0.0152485084122124,0
30.457 sec,0.0153115759335591,0
30.458 sec,0.0152800416514579,0
30.459 sec,0.0152485084122124,0
30.46 sec,0.0152485084122124,0
30.461 sec,0.0152485084122124,0
30.462 sec,0.0152800416514579,0
30.463 sec,0.0152485084122124,0
30.464 sec,0.0152485084122124,0
30.465 sec,0.0152485084122124,0
30.466 sec,0.0152485084122124,0
30.467 sec,0.0152169762160309,0
30.468 sec,0.0152169762160309,0
30.469 sec,0.0152485084122124,0
30.47 sec,0.0152485084122124,0
30.471 sec,0.0152485084122124,0
30.472 sec,0.0152485084122124,0
30.473 sec,0.0152485084122124,0
30.474 sec,0.0152485084122124,0
30.475 sec,0.0152169762160309,0
30.476 sec,0.0152169762160309,0
30.477 sec,0.0152485084122124,0
30.478 sec,0.0152800416514579,0
30.479 sec,0.0152800416514579,0
30.48 sec,0.0152485084122124,0
30.481 sec,0.0152485084122124,0
30.482 sec,0.0152800416514579,0
30.483 sec,0.0152800416514579,0
30.484 sec,0.0152169762160309,0
30.485 sec,0.0152169762160309,0
30.486 sec,0.0152169762160309,0
30.487 sec,0.0152169762160309,0
30.488 sec,0.0152485084122124,0
30.489 sec,0.0152800416514579,0
30.49 sec,0.0153115759335591,0
30.491 sec,0.0153115759335591,0
30.492 sec,0.0152800416514579,0
30.493 sec,0.0152485084122124,0
30.494 sec,0.0152485084122124,0
30.495 sec,0.0152800416514579,0
30.496 sec,0.0152169762160309,0
30.497 sec,0.0152169762160309,0
30.498 sec,0.0152169762160309,0
30.499 sec,0.0152169762160309,0
30.5 sec,0.0152485084122124,0
30.501 sec,0.0152485084122124,0
30.502 sec,0.0152169762160309,0
30.503 sec,0.0152485084122124,0
30.504 sec,0.0152169762160309,0
30.505 sec,0.0152169762160309,0
30.506 sec,0.0152169762160309,0
30.507 sec,0.0152169762160309,0
30.508 sec,0.0152485084122124,0
30.509 sec,0.0152800416514579,0
30.51 sec,0.0152800416514579,0
30.511 sec,0.0152800416514579,0
30.512 sec,0.0152800416514579,0
30.513 sec,0.0153115759335591,0
30.514 sec,0.0152800416514579,0
30.515 sec,0.0152485084122124,0
30.516 sec,0.0152485084122124,0.00396270396270396
30.517 sec,0.0152169762160309,0
30.518 sec,0.0152169762160309,0
30.519 sec,0.0152485084122124,0
30.52 sec,0.0152800416514579,0
30.521 sec,0.0152800416514579,0
30.522 sec,0.0152800416514579,0
30.523 sec,0.0152800416514579,0
30.524 sec,0.0152169762160309,0
30.525 sec,0.015153914953692,0
30.526 sec,0.0152169762160309,0
30.527 sec,0.0152169762160309,0
30.528 sec,0.0152485084122124,0
30.529 sec,0.0152485084122124,0
30.53 sec,0.0152800416514579,0
30.531 sec,0.0152800416514579,0
30.532 sec,0.0152800416514579,0
30.533 sec,0.0152800416514579,0
30.534 sec,0.0152800416514579,0
30.535 sec,0.0152800416514579,0
30.536 sec,0.0152800416514579,0
30.537 sec,0.0152485084122124,0
30.538 sec,0.0152169762160309,0
30.539 sec,0.0152169762160309,0
30.54 sec,0.0152800416514579,0
30.541 sec,0.0152485084122124,0
30.542 sec,0.0152800416514579,0
30.543 sec,0.0152800416514579,0
30.544 sec,0.0152800416514579,0
30.545 sec,0.0152800416514579,0
30.546 sec,0.0152485084122124,0
30.547 sec,0.0152485084122124,0
30.548 sec,0.0152485084122124,0
30.549 sec,0.0152485084122124,0
30.55 sec,0.0153115759335591,0
30.551 sec,0.0152800416514579,0
30.552 sec,0.0152485084122124,0
30.553 sec,0.0152169762160309,0
30.554 sec,0.015153914953692,0
30.555 sec,0.0152169762160309,0
30.556 sec,0.0152485084122124,0
30.557 sec,0.0152485084122124,0
30.558 sec,0.0153115759335591,0
30.559 sec,0.0153115759335591,0
30.56 sec,0.0153115759335591,0
30.561 sec,0.0153115759335591,0
30.562 sec,0.0152800416514579,0
30.563 sec,0.0152800416514579,0
30.564 sec,0.0152485084122124,0
30.565 sec,0.0152169762160309,0
30.566 sec,0.0152485084122124,0
30.567 sec,0.0152485084122124,0
30.568 sec,0.0152800416514579,0
30.569 sec,0.0153115759335591,0
30.57 sec,0.0152800416514579,0
30.571 sec,0.0152169762160309,0
30.572 sec,0.0152169762160309,0
30.573 sec,0.0152169762160309,0
30.574 sec,0.0152169762160309,0
30.575 sec,0.0152169762160309,0
30.576 sec,0.0152485084122124,0
30.577 sec,0.0152485084122124,0
30.578 sec,0.0152485084122124,0
30.579 sec,0.0152485084122124,0
30.58 sec,0.0152800416514579,0
30.581 sec,0.0152800416514579,0
30.582 sec,0.0152800416514579,0
30.583 sec,0.0152800416514579,0
30.584 sec,0.0152485084122124,0
30.585 sec,0.0152485084122124,0
30.586 sec,0.0153115759335591,0
30.587 sec,0.0152800416514579,0
30.588 sec,0.0153115759335591,0
30.589 sec,0.0152800416514579,0
30.59 sec,0.0152800416514579,0
30.591 sec,0.0152485084122124,0
30.592 sec,0.0152485084122124,0
30.593 sec,0.0152800416514579,0
30.594 sec,0.0152800416514579,0
30.595 sec,0.0152485084122124,0
30.596 sec,0.0152485084122124,0
30.597 sec,0.0152485084122124,0
30.598 sec,0.0153115759335591,0
30.599 sec,0.0152800416514579,0
30.6 sec,0.0152485084122124,0
30.601 sec,0.0152485084122124,0
30.602 sec,0.0152485084122124,0
30.603 sec,0.0152169762160309,0
30.604 sec,0.0152169762160309,0
30.605 sec,0.0152485084122124,0
30.606 sec,0.0152169762160309,0
30.607 sec,0.0152169762160309,0
30.608 sec,0.0152169762160309,0
30.609 sec,0.0152169762160309,0
30.61 sec,0.0152169762160309,0
30.611 sec,0.0152485084122124,0
30.612 sec,0.0152485084122124,0
30.613 sec,0.0152485084122124,0
30.614 sec,0.0152485084122124,0
30.615 sec,0.0152485084122124,0
30.616 sec,0.0152800416514579,0
30.617 sec,0.0152485084122124,0
30.618 sec,0.0152169762160309,0
30.619 sec,0.0152169762160309,0
30.62 sec,0.0152169762160309,0
30.621 sec,0.0152485084122124,0
30.622 sec,0.0152800416514579,0
30.623 sec,0.0152800416514579,0
30.624 sec,0.0153115759335591,0
30.625 sec,0.0152800416514579,0
30.626 sec,0.0152485084122124,0
30.627 sec,0.0152800416514579,0
30.628 sec,0.0152800416514579,0
30.629 sec,0.0152485084122124,0
30.63 sec,0.0152485084122124,0
30.631 sec,0.0152169762160309,0
30.632 sec,0.0152485084122124,0
30.633 sec,0.0152485084122124,0
30.634 sec,0.0152485084122124,0
30.635 sec,0.0152485084122124,0
30.636 sec,0.0152485084122124,0
30.637 sec,0.0152485084122124,0
30.638 sec,0.0152485084122124,0
30.639 sec,0.0152800416514579,0
30.64 sec,0.0152800416514579,0
30.641 sec,0.0152800416514579,0
30.642 sec,0.0152800416514579,0
30.643 sec,0.0152485084122124,0
30.644 sec,0.0152485084122124,0
30.645 sec,0.0152169762160309,0
30.646 sec,0.015153914953692,0
30.647 sec,0.015153914953692,0
30.648 sec,0.015153914953692,0
30.649 sec,0.0152169762160309,0
30.65 sec,0.0152169762160309,0
30.651 sec,0.0152485084122124,0
30.652 sec,0.0152485084122124,0
30.653 sec,0.0152800416514579,0
30.654 sec,0.0152485084122124,0
30.655 sec,0.0152485084122124,0
30.656 sec,0.0152485084122124,0
30.657 sec,0.0152169762160309,0
30.658 sec,0.0152485084122124,0
30.659 sec,0.0152485084122124,0
30.66 sec,0.0152800416514579,0
30.661 sec,0.0152485084122124,0
30.662 sec,0.0152800416514579,0
30.663 sec,0.0152800416514579,0
30.664 sec,0.0152800416514579,0
30.665 sec,0.0152800416514579,0
30.666 sec,0.0152485084122124,0
30.667 sec,0.0152800416514579,0
30.668 sec,0.0152485084122124,0
30.669 sec,0.0152485084122124,0
30.67 sec,0.0152485084122124,0
30.671 sec,0.0152485084122124,0
30.672 sec,0.0152485084122124,0
30.673 sec,0.0152485084122124,0
30.674 sec,0.0152485084122124,0
30.675 sec,0.0152485084122124,0
30.676 sec,0.0152800416514579,0
30.677 sec,0.0153115759335591,0
30.678 sec,0.0152800416514579,0
30.679 sec,0.0152800416514579,0
30.68 sec,0.0152800416514579,0
30.681 sec,0.0152800416514579,0
30.682 sec,0.0152485084122124,0
30.683 sec,0.0152485084122124,0
30.684 sec,0.0152169762160309,0
30.685 sec,0.0152169762160309,0
30.686 sec,0.0152169762160309,0
30.687 sec,0.0152169762160309,0
30.688 sec,0.0152169762160309,0
30.689 sec,0.0152485084122124,0
30.69 sec,0.0152485084122124,0
30.691 sec,0.0152485084122124,0
30.692 sec,0.0152485084122124,0
30.693 sec,0.0152485084122124,0
30.694 sec,0.0152485084122124,0
30.695 sec,0.0152800416514579,0
30.696 sec,0.0152800416514579,0
30.697 sec,0.0153115759335591,0
30.698 sec,0.0153115759335591,0
30.699 sec,0.0152800416514579,0
30.7 sec,0.0152485084122124,0
30.701 sec,0.0152800416514579,0
30.702 sec,0.0152800416514579,0
30.703 sec,0.0152800416514579,0
30.704 sec,0.0152485084122124,0
30.705 sec,0.0152169762160309,0
30.706 sec,0.0152169762160309,0
30.707 sec,0.0152485084122124,0
30.708 sec,0.0152800416514579,0
30.709 sec,0.0152800416514579,0
30.71 sec,0.0152800416514579,0
30.711 sec,0.0152485084122124,0
30.712 sec,0.0152485084122124,0
30.713 sec,0.0152485084122124,0
30.714 sec,0.0152485084122124,0
30.715 sec,0.0152800416514579,0
30.716 sec,0.0152800416514579,0
30.717 sec,0.0153115759335591,0
30.718 sec,0.0152800416514579,0
30.719 sec,0.0152485084122124,0
30.72 sec,0.0152485084122124,0
30.721 sec,0.0152169762160309,0
30.722 sec,0.0152485084122124,0
30.723 sec,0.0152169762160309,0
30.724 sec,0.0152169762160309,0
30.725 sec,0.0152169762160309,0
30.726 sec,0.0152485084122124,0
30.727 sec,0.0152485084122124,0
30.728 sec,0.0152800416514579,0
30.729 sec,0.0153115759335591,0
30.73 sec,0.0152800416514579,0
30.731 sec,0.0153115759335591,0
30.732 sec,0.0152800416514579,0
30.733 sec,0.0152485084122124,0
30.734 sec,0.0152485084122124,0
30.735 sec,0.0152485084122124,0
30.736 sec,0.0152485084122124,0
30.737 sec,0.0152485084122124,0
30.738 sec,0.0152485084122124,0
30.739 sec,0.0152169762160309,0
30.74 sec,0.0152485084122124,0
30.741 sec,0.0152169762160309,0
30.742 sec,0.0152169762160309,0
30.743 sec,0.0152169762160309,0
30.744 sec,0.0152169762160309,0
30.745 sec,0.015153914953692,0
30.746 sec,0.015153914953692,0
30.747 sec,0.0152169762160309,0
30.748 sec,0.0152485084122124,0
30.749 sec,0.0152485084122124,0
30.75 sec,0.0152485084122124,0
30.751 sec,0.0152169762160309,0
30.752 sec,0.0152485084122124,0
30.753 sec,0.0152485084122124,0
30.754 sec,0.015153914953692,0
30.755 sec,0.0152485084122124,0
30.756 sec,0.0152485084122124,0
30.757 sec,0.0152800416514579,0
30.758 sec,0.0153115759335591,0
30.759 sec,0.0152800416514579,0
30.76 sec,0.0152800416514579,0
30.761 sec,0.0152485084122124,0
30.762 sec,0.0152485084122124,0
30.763 sec,0.0153115759335591,0
30.764 sec,0.0153115759335591,0
30.765 sec,0.0153115759335591,0
30.766 sec,0.0152800416514579,0
30.767 sec,0.0152485084122124,0
30.768 sec,0.0152169762160309,0
30.769 sec,0.0152169762160309,0
30.77 sec,0.0152169762160309,0
30.771 sec,0.0152485084122124,0
30.772 sec,0.0152485084122124,0
30.773 sec,0.0152485084122124,0
30.774 sec,0.0152800416514579,0
30.775 sec,0.0152485084122124,0
30.776 sec,0.0152485084122124,0
30.777 sec,0.0152800416514579,0
30.778 sec,0.0152800416514579,0
30.779 sec,0.0152800416514579,0
30.78 sec,0.0152169762160309,0
30.781 sec,0.015153914953692,0
30.782 sec,0.0152169762160309,0
30.783 sec,0.0152169762160309,0
30.784 sec,0.0152485084122124,0
30.785 sec,0.0152800416514579,0
30.786 sec,0.0152485084122124,0
30.787 sec,0.0152485084122124,0
30.788 sec,0.0152169762160309,0
30.789 sec,0.0152169762160309,0
30.79 sec,0.0152169762160309,0
30.791 sec,0.0152169762160309,0
30.792 sec,0.015153914953692,0
30.793 sec,0.0152169762160309,0
30.794 sec,0.0152485084122124,0
30.795 sec,0.0152800416514579,0
30.796 sec,0.0153115759335591,0
30.797 sec,0.0153115759335591,0
30.798 sec,0.0153115759335591,0
30.799 sec,0.0153115759335591,0
30.8 sec,0.0152800416514579,0
30.801 sec,0.0152800416514579,0
30.802 sec,0.0152485084122124,0
30.803 sec,0.0152485084122124,0
30.804 sec,0.0152485084122124,0
30.805 sec,0.0152485084122124,0
30.806 sec,0.0152800416514579,0
30.807 sec,0.0152800416514579,0
30.808 sec,0.0152800416514579,0
30.809 sec,0.0152800416514579,0
30.81 sec,0.0152169762160309,0
30.811 sec,0.0152169762160309,0
30.812 sec,0.015153914953692,0
30.813 sec,0.0152169762160309,0
30.814 sec,0.0152485084122124,0
30.815 sec,0.0153115759335591,0
30.816 sec,0.0152800416514579,0
30.817 sec,0.0152485084122124,0
30.818 sec,0.0152485084122124,0
30.819 sec,0.0152169762160309,0
30.82 sec,0.0152485084122124,0
30.821 sec,0.0152485084122124,0
30.822 sec,0.0152485084122124,0
30.823 sec,0.0152485084122124,0
30.824 sec,0.0152485084122124,0
30.825 sec,0.0152485084122124,0
30.826 sec,0.0152485084122124,0
30.827 sec,0.0152485084122124,0
30.828 sec,0.015153914953692,0
30.829 sec,0.015153914953692,0
30.83 sec,0.0152169762160309,0
30.831 sec,0.0152169762160309,0
30.832 sec,0.0152485084122124,0
30.833 sec,0.0152485084122124,0
30.834 sec,0.0152800416514579,0
30.835 sec,0.0153115759335591,0
30.836 sec,0.0152800416514579,0
30.837 sec,0.0152800416514579,0
30.838 sec,0.0152485084122124,0
30.839 sec,0.0152485084122124,0
30.84 sec,0.0152800416514579,0
30.841 sec,0.0153115759335591,0
30.842 sec,0.0153115759335591,0
30.843 sec,0.0152485084122124,0
30.844 sec,0.015153914953692,0
30.845 sec,0.0151223858879508,0
30.846 sec,0.015153914953692,0
30.847 sec,0.0152169762160309,0
30.848 sec,0.0152485084122124,0
30.849 sec,0.0152485084122124,0
30.85 sec,0.0152800416514579,0
30.851 sec,0.0153115759335591,0
30.852 sec,0.0153115759335591,0
30.853 sec,0.0152800416514579,0
30.854 sec,0.0153115759335591,0
30.855 sec,0.0153115759335591,0
30.856 sec,0.0152800416514579,0
30.857 sec,0.0152800416514579,0
30.858 sec,0.0152485084122124,0
30.859 sec,0.0152800416514579,0
30.86 sec,0.0152800416514579,0
30.861 sec,0.0152800416514579,0
30.862 sec,0.0152800416514579,0
30.863 sec,0.0152485084122124,0
30.864 sec,0.0152485084122124,0
30.865 sec,0.0152485084122124,0
30.866 sec,0.0152800416514579,0
30.867 sec,0.0152485084122124,0
30.868 sec,0.0152485084122124,0
30.869 sec,0.015153914953692,0
30.87 sec,0.0152169762160309,0
30.871 sec,0.0152485084122124,0
30.872 sec,0.0152800416514579,0
30.873 sec,0.0152485084122124,0
30.874 sec,0.0152485084122124,0
30.875 sec,0.0152485084122124,0
30.876 sec,0.0152485084122124,0
30.877 sec,0.0152485084122124,0
30.878 sec,0.0152485084122124,0
30.879 sec,0.0152800416514579,0
30.88 sec,0.0152800416514579,0
30.881 sec,0.0152800416514579,0
30.882 sec,0.0153115759335591,0
30.883 sec,0.0153115759335591,0
30.884 sec,0.0153115759335591,0
30.885 sec,0.0152800416514579,0
30.886 sec,0.0152800416514579,0
30.887 sec,0.0152800416514579,0
30.888 sec,0.0152800416514579,0
30.889 sec,0.0152800416514579,0
30.89 sec,0.0152800416514579,0
30.891 sec,0.0153115759335591,0
30.892 sec,0.0152800416514579,0
30.893 sec,0.0152485084122124,0
30.894 sec,0.0152485084122124,0
30.895 sec,0.0152485084122124,0
30.896 sec,0.0152485084122124,0
30.897 sec,0.0152800416514579,0
30.898 sec,0.0152485084122124,0
30.899 sec,0.0152800416514579,0
30.9 sec,0.0152485084122124,0
30.901 sec,0.0152169762160309,0
30.902 sec,0.0152485084122124,0
30.903 sec,0.0152800416514579,0
30.904 sec,0.0152485084122124,0
30.905 sec,0.0152800416514579,0
30.906 sec,0.0152485084122124,0
30.907 sec,0.0152800416514579,0
30.908 sec,0.0152800416514579,0
30.909 sec,0.0152800416514579,0
30.91 sec,0.0152800416514579,0
30.911 sec,0.0152485084122124,0
30.912 sec,0.0152169762160309,0
30.913 sec,0.015153914953692,0
30.914 sec,0.0152169762160309,0
30.915 sec,0.0152169762160309,0
30.916 sec,0.0152485084122124,0
30.917 sec,0.0152485084122124,0
30.918 sec,0.0152169762160309,0
30.919 sec,0.0152169762160309,0
30.92 sec,0.0152485084122124,0
30.921 sec,0.0152485084122124,0
30.922 sec,0.0152485084122124,0
30.923 sec,0.0152800416514579,0
30.924 sec,0.0152800416514579,0
30.925 sec,0.0152800416514579,0
30.926 sec,0.0152800416514579,0
30.927 sec,0.0152169762160309,0
30.928 sec,0.0152169762160309,0
30.929 sec,0.0152169762160309,0
30.93 sec,0.0152169762160309,0
30.931 sec,0.0152485084122124,0
30.932 sec,0.0152485084122124,0
30.933 sec,0.0152485084122124,0
30.934 sec,0.0152485084122124,0
30.935 sec,0.0152800416514579,0
30.936 sec,0.0152485084122124,0
30.937 sec,0.0152485084122124,0
30.938 sec,0.0152800416514579,0
30.939 sec,0.0152800416514579,0
30.94 sec,0.0153115759335591,0
30.941 sec,0.0153115759335591,0
30.942 sec,0.0152800416514579,0
30.943 sec,0.0152169762160309,0
30.944 sec,0.0152169762160309,0
30.945 sec,0.0152485084122124,0
30.946 sec,0.0152485084122124,0
30.947 sec,0.0152485084122124,0
30.948 sec,0.0152169762160309,0
30.949 sec,0.0152169762160309,0
30.95 sec,0.0152169762160309,0
30.951 sec,0.0152169762160309,0
30.952 sec,0.0152485084122124,0
30.953 sec,0.0152485084122124,0
30.954 sec,0.0152800416514579,0
30.955 sec,0.0152800416514579,0
30.956 sec,0.0152800416514579,0
30.957 sec,0.0152800416514579,0
30.958 sec,0.0152800416514579,0
30.959 sec,0.0152800416514579,0
30.96 sec,0.0153115759335591,0
30.961 sec,0.0152800416514579,0
30.962 sec,0.0152485084122124,0
30.963 sec,0.0152800416514579,0
30.964 sec,0.0152485084122124,0
30.965 sec,0.0152169762160309,0
30.966 sec,0.0152169762160309,0
30.967 sec,0.0152485084122124,0
30.968 sec,0.0152485084122124,0
30.969 sec,0.0152800416514579,0
30.97 sec,0.0152485084122124,0
30.971 sec,0.0152485084122124,0
30.972 sec,0.0152169762160309,0
30.973 sec,0.0152169762160309,0
30.974 sec,0.0152485084122124,0
30.975 sec,0.0152800416514579,0
30.976 sec,0.0152800416514579,0
30.977 sec,0.015153914953692,0
30.978 sec,0.0152169762160309,0
30.979 sec,0.015153914953692,0
30.98 sec,0.0152169762160309,0
30.981 sec,0.0152800416514579,0
30.982 sec,0.0152485084122124,0
30.983 sec,0.0152800416514579,0
30.984 sec,0.0152800416514579,0
30.985 sec,0.0152485084122124,0
30.986 sec,0.0152485084122124,0
30.987 sec,0.0152485084122124,0
30.988 sec,0.0152169762160309,0
30.989 sec,0.0152485084122124,0
30.99 sec,0.0152485084122124,0
30.991 sec,0.0152800416514579,0
30.992 sec,0.0152800416514579,0
30.993 sec,0.0152800416514579,0
30.994 sec,0.0153115759335591,0
30.995 sec,0.0153115759335591,0
30.996 sec,0.0152800416514579,0
30.997 sec,0.0152485084122124,0
30.998 sec,0.0152485084122124,0
30.999 sec,0.0152800416514579,0
31 sec,0.0152485084122124,0
31.001 sec,0.0152485084122124,0
31.002 sec,0.015153914953692,0
31.003 sec,0.0152169762160309,0
31.004 sec,0.0152169762160309,0
31.005 sec,0.0152485084122124,0
31.006 sec,0.0152485084122124,0
31.007 sec,0.0152800416514579,0
31.008 sec,0.0152485084122124,0
31.009 sec,0.0152800416514579,0
31.01 sec,0.0152485084122124,0
31.011 sec,0.0152800416514579,0
31.012 sec,0.0152485084122124,0
31.013 sec,0.0152485084122124,0
31.014 sec,0.0152169762160309,0
31.015 sec,0.0152485084122124,0
31.016 sec,0.0152800416514579,0
31.017 sec,0.0152485084122124,0
31.018 sec,0.0152800416514579,0
31.019 sec,0.0152169762160309,0
31.02 sec,0.0152169762160309,0
31.021 sec,0.0152800416514579,0
31.022 sec,0.0152800416514579,0
31.023 sec,0.0152800416514579,0
31.024 sec,0.0152800416514579,0
31.025 sec,0.0152485084122124,0
31.026 sec,0.0152169762160309,0
31.027 sec,0.0152169762160309,0
31.028 sec,0.0152485084122124,0
31.029 sec,0.0153115759335591,0
31.03 sec,0.0153115759335591,0
31.031 sec,0.0152485084122124,0
31.032 sec,0.0152485084122124,0
31.033 sec,0.0152169762160309,0
31.034 sec,0.0152485084122124,0
31.035 sec,0.0152800416514579,0
31.036 sec,0.0153115759335591,0
31.037 sec,0.0153115759335591,0
31.038 sec,0.0152485084122124,0
31.039 sec,0.0152169762160309,0
31.04 sec,0.015153914953692,0
31.041 sec,0.0152169762160309,0
31.042 sec,0.015153914953692,0
31.043 sec,0.0152485084122124,0
31.044 sec,0.0152169762160309,0
31.045 sec,0.0152485084122124,0
31.046 sec,0.0152800416514579,0
31.047 sec,0.0152485084122124,0
31.048 sec,0.0152485084122124,0
31.049 sec,0.015153914953692,0
31.05 sec,0.0152169762160309,0
31.051 sec,0.0152485084122124,0
31.052 sec,0.0152485084122124,0
31.053 sec,0.0152485084122124,0
31.054 sec,0.0152169762160309,0
31.055 sec,0.0152485084122124,0
31.056 sec,0.0152800416514579,0
31.057 sec,0.0152800416514579,0
31.058 sec,0.0152800416514579,0
31.059 sec,0.0153115759335591,0
31.06 sec,0.0153115759335591,0
31.061 sec,0.0152800416514579,0
31.062 sec,0.0152485084122124,0
31.063 sec,0.015153914953692,0
31.064 sec,0.0152169762160309,0
31.065 sec,0.0152169762160309,0
31.066 sec,0.0152169762160309,0
31.067 sec,0.0152485084122124,0
31.068 sec,0.0152485084122124,0
31.069 sec,0.0152169762160309,0
31.07 sec,0.0152800416514579,0
31.071 sec,0.0152800416514579,0
31.072 sec,0.0152800416514579,0
31.073 sec,0.0152485084122124,0
31.074 sec,0.0152169762160309,0
31.075 sec,0.015153914953692,0
31.076 sec,0.015153914953692,0
31.077 sec,0.015153914953692,0
31.078 sec,0.0152169762160309,0
31.079 sec,0.0152485084122124,0
31.08 sec,0.0152485084122124,0
31.081 sec,0.0152169762160309,0
31.082 sec,0.0152485084122124,0
31.083 sec,0.0152485084122124,0
31.084 sec,0.0152800416514579,0
31.085 sec,0.0152800416514579,0
31.086 sec,0.0152485084122124,0
31.087 sec,0.0152169762160309,0
31.088 sec,0.0152169762160309,0
31.089 sec,0.0152485084122124,0
31.09 sec,0.0152485084122124,0
31.091 sec,0.0152485084122124,0
31.092 sec,0.0152169762160309,0
31.093 sec,0.0152485084122124,0
31.094 sec,0.0152800416514579,0
31.095 sec,0.0152800416514579,0
31.096 sec,0.0152800416514579,0
31.097 sec,0.0152800416514579,0
31.098 sec,0.0152485084122124,0
31.099 sec,0.0152800416514579,0
31.1 sec,0.0152485084122124,0
31.101 sec,0.0152485084122124,0
31.102 sec,0.0152485084122124,0
31.103 sec,0.0152169762160309,0
31.104 sec,0.0152485084122124,0
31.105 sec,0.0152485084122124,0
31.106 sec,0.0152485084122124,0
31.107 sec,0.0152485084122124,0
31.108 sec,0.0152800416514579,0
31.109 sec,0.0152800416514579,0
31.11 sec,0.0152485084122124,0
31.111 sec,0.0152485084122124,0
31.112 sec,0.0152485084122124,0
31.113 sec,0.0152485084122124,0
31.114 sec,0.0152485084122124,0
31.115 sec,0.0152800416514579,0
31.116 sec,0.0152800416514579,0
31.117 sec,0.0153115759335591,0
31.118 sec,0.0152800416514579,0
31.119 sec,0.0152800416514579,0
31.12 sec,0.0152485084122124,0
31.121 sec,0.0152485084122124,0
31.122 sec,0.0152169762160309,0
31.123 sec,0.0152485084122124,0
31.124 sec,0.0152169762160309,0
31.125 sec,0.0152485084122124,0
31.126 sec,0.0152169762160309,0
31.127 sec,0.0152169762160309,0
31.128 sec,0.0152485084122124,0
31.129 sec,0.0152485084122124,0
31.13 sec,0.0152800416514579,0
31.131 sec,0.0152800416514579,0
31.132 sec,0.0152485084122124,0
31.133 sec,0.0152800416514579,0
31.134 sec,0.0152485084122124,0
31.135 sec,0.0152800416514579,0
31.136 sec,0.0152485084122124,0
31.137 sec,0.0152169762160309,0
31.138 sec,0.0152485084122124,0
31.139 sec,0.0152485084122124,0
31.14 sec,0.0152485084122124,0
31.141 sec,0.0152169762160309,0
31.142 sec,0.0152169762160309,0
31.143 sec,0.0152800416514579,0
31.144 sec,0.0153115759335591,0
31.145 sec,0.0153115759335591,0
31.146 sec,0.0153115759335591,0
31.147 sec,0.0152800416514579,0
31.148 sec,0.0152800416514579,0
31.149 sec,0.0152800416514579,0
31.15 sec,0.0152485084122124,0
31.151 sec,0.0152169762160309,0
31.152 sec,0.0152169762160309,0
31.153 sec,0.0152169762160309,0
31.154 sec,0.0152485084122124,0
31.155 sec,0.0152485084122124,0
31.156 sec,0.0152485084122124,0
31.157 sec,0.0152485084122124,0
31.158 sec,0.0152485084122124,0
31.159 sec,0.0152485084122124,0
31.16 sec,0.0152485084122124,0
31.161 sec,0.0152485084122124,0
31.162 sec,0.0152169762160309,0
31.163 sec,0.0152485084122124,0
31.164 sec,0.0152169762160309,0
31.165 sec,0.0152485084122124,0
31.166 sec,0.0152800416514579,0
31.167 sec,0.0153115759335591,0
31.168 sec,0.0153115759335591,0
31.169 sec,0.0152800416514579,0
31.17 sec,0.0152800416514579,0
31.171 sec,0.0152485084122124,0
31.172 sec,0.0152169762160309,0
31.173 sec,0.0152485084122124,0
31.174 sec,0.0153115759335591,0
31.175 sec,0.0153115759335591,0
31.176 sec,0.0152485084122124,0
31.177 sec,0.015153914953692,0
31.178 sec,0.015153914953692,0
31.179 sec,0.0152485084122124,0
31.18 sec,0.0152485084122124,0
31.181 sec,0.0152485084122124,0
31.182 sec,0.0152485084122124,0
31.183 sec,0.0152485084122124,0
31.184 sec,0.0152485084122124,0
31.185 sec,0.0152485084122124,0
31.186 sec,0.0152485084122124,0
31.187 sec,0.0152169762160309,0
31.188 sec,0.0152485084122124,0
31.189 sec,0.0152485084122124,0
31.19 sec,0.0152485084122124,0
31.191 sec,0.0152800416514579,0
31.192 sec,0.0152485084122124,0
31.193 sec,0.0152169762160309,0
31.194 sec,0.0152169762160309,0
31.195 sec,0.015153914953692,0
31.196 sec,0.0152169762160309,0
31.197 sec,0.0152169762160309,0
31.198 sec,0.0152485084122124,0
31.199 sec,0.0152485084122124,0
31.2 sec,0.0152485084122124,0
31.201 sec,0.0152485084122124,0
31.202 sec,0.0152485084122124,0
31.203 sec,0.0152169762160309,0
31.204 sec,0.015153914953692,0
31.205 sec,0.0151223858879508,0
31.206 sec,0.0151223858879508,0
31.207 sec,0.0152169762160309,0
31.208 sec,0.0152485084122124,0
31.209 sec,0.0152169762160309,0
31.21 sec,0.015153914953692,0
31.211 sec,0.015153914953692,0
31.212 sec,0.015153914953692,0
31.213 sec,0.0152169762160309,0
31.214 sec,0.0152485084122124,0
31.215 sec,0.0152800416514579,0
31.216 sec,0.0152800416514579,0
31.217 sec,0.0152800416514579,0
31.218 sec,0.0152800416514579,0
31.219 sec,0.0152800416514579,0
31.22 sec,0.0152800416514579,0
31.221 sec,0.0152800416514579,0
31.222 sec,0.0152485084122124,0
31.223 sec,0.0152169762160309,0
31.224 sec,0.0152169762160309,0
31.225 sec,0.0152485084122124,0
31.226 sec,0.0152485084122124,0
31.227 sec,0.0152485084122124,0
31.228 sec,0.0152169762160309,0
31.229 sec,0.015153914953692,0
31.23 sec,0.015153914953692,0
31.231 sec,0.0152169762160309,0
31.232 sec,0.0152485084122124,0
31.233 sec,0.0152800416514579,0
31.234 sec,0.0152485084122124,0
31.235 sec,0.0152800416514579,0
31.236 sec,0.0152169762160309,0
31.237 sec,0.0152169762160309,0
31.238 sec,0.0152169762160309,0
31.239 sec,0.0152800416514579,0
31.24 sec,0.0152800416514579,0
31.241 sec,0.0152800416514579,0
31.242 sec,0.0152169762160309,0
31.243 sec,0.0152485084122124,0
31.244 sec,0.0152169762160309,0
31.245 sec,0.0152169762160309,0.00372960372960373
31.246 sec,0.0152169762160309,0
31.247 sec,0.0152169762160309,0
31.248 sec,0.0152800416514579,0
31.249 sec,0.0152169762160309,0
31.25 sec,0.0152169762160309,0
31.251 sec,0.0152169762160309,0
31.252 sec,0.0152485084122124,0
31.253 sec,0.0152800416514579,0
31.254 sec,0.0152800416514579,0
31.255 sec,0.0152485084122124,0
31.256 sec,0.0152800416514579,0
31.257 sec,0.0152800416514579,0
31.258 sec,0.0153115759335591,0
31.259 sec,0.0153115759335591,0
31.26 sec,0.0152800416514579,0
31.261 sec,0.0152800416514579,0
31.262 sec,0.0152485084122124,0
31.263 sec,0.0152485084122124,0
31.264 sec,0.0152800416514579,0
31.265 sec,0.0152800416514579,0
31.266 sec,0.0152800416514579,0
31.267 sec,0.0152485084122124,0
31.268 sec,0.0152800416514579,0
31.269 sec,0.0152800416514579,0
31.27 sec,0.0153115759335591,0
31.271 sec,0.0153115759335591,0
31.272 sec,0.0152485084122124,0
31.273 sec,0.0152485084122124,0
31.274 sec,0.0152485084122124,0
31.275 sec,0.0152485084122124,0
31.276 sec,0.0152169762160309,0
31.277 sec,0.0152169762160309,0
31.278 sec,0.015153914953692,0
31.279 sec,0.0152485084122124,0
31.28 sec,0.0152169762160309,0
31.281 sec,0.0152169762160309,0
31.282 sec,0.015153914953692,0
31.283 sec,0.0152169762160309,0
31.284 sec,0.0152485084122124,0
31.285 sec,0.0152485084122124,0
31.286 sec,0.0152800416514579,0
31.287 sec,0.0152485084122124,0
31.288 sec,0.0152485084122124,0
31.289 sec,0.0152485084122124,0
31.29 sec,0.0152485084122124,0
31.291 sec,0.0152485084122124,0
31.292 sec,0.0152800416514579,0
31.293 sec,0.0152800416514579,0
31.294 sec,0.0152485084122124,0
31.295 sec,0.0152169762160309,0
31.296 sec,0.0152169762160309,0
31.297 sec,0.0152800416514579,0
31.298 sec,0.0152800416514579,0
31.299 sec,0.0152169762160309,0
31.3 sec,0.015153914953692,0
31.301 sec,0.0152169762160309,0
31.302 sec,0.0152169762160309,0
31.303 sec,0.0152485084122124,0
31.304 sec,0.0152800416514579,0
31.305 sec,0.0152800416514579,0
31.306 sec,0.0152800416514579,0
31.307 sec,0.0152800416514579,0
31.308 sec,0.0152485084122124,0
31.309 sec,0.0152485084122124,0
31.31 sec,0.0152485084122124,0
31.311 sec,0.0152485084122124,0
31.312 sec,0.0152485084122124,0
31.313 sec,0.0152800416514579,0
31.314 sec,0.0152800416514579,0
31.315 sec,0.0152169762160309,0
31.316 sec,0.0152169762160309,0
31.317 sec,0.0152169762160309,0
31.318 sec,0.0152485084122124,0
31.319 sec,0.0152800416514579,0
31.32 sec,0.0152800416514579,0
31.321 sec,0.0152800416514579,0
31.322 sec,0.0152800416514579,0
31.323 sec,0.0152485084122124,0
31.324 sec,0.0152800416514579,0
31.325 sec,0.0153115759335591,0
31.326 sec,0.015343111258308,0
31.327 sec,0.0153115759335591,0
31.328 sec,0.0152485084122124,0
31.329 sec,0.0152485084122124,0
31.33 sec,0.0152485084122124,0
31.331 sec,0.0152485084122124,0
31.332 sec,0.0152800416514579,0
31.333 sec,0.0152485084122124,0
31.334 sec,0.0152169762160309,0
31.335 sec,0.0152169762160309,0
31.336 sec,0.0152169762160309,0
31.337 sec,0.0152169762160309,0
31.338 sec,0.0152485084122124,0
31.339 sec,0.0152485084122124,0
31.34 sec,0.0152800416514579,0
31.341 sec,0.0152800416514579,0
31.342 sec,0.0152800416514579,0
31.343 sec,0.0152485084122124,0
31.344 sec,0.0152485084122124,0
31.345 sec,0.0152800416514579,0
31.346 sec,0.0153115759335591,0
31.347 sec,0.0153115759335591,0
31.348 sec,0.0152800416514579,0
31.349 sec,0.0152485084122124,0
31.35 sec,0.0152485084122124,0
31.351 sec,0.0153115759335591,0
31.352 sec,0.0152800416514579,0
31.353 sec,0.0152800416514579,0
31.354 sec,0.0152485084122124,0
31.355 sec,0.0152800416514579,0
31.356 sec,0.0153115759335591,0
31.357 sec,0.015343111258308,0
31.358 sec,0.0153115759335591,0
31.359 sec,0.0152485084122124,0
31.36 sec,0.0152169762160309,0
31.361 sec,0.0152169762160309,0
31.362 sec,0.0152169762160309,0
31.363 sec,0.0152169762160309,0
31.364 sec,0.0152485084122124,0
31.365 sec,0.0152169762160309,0
31.366 sec,0.0152169762160309,0
31.367 sec,0.0152169762160309,0
31.368 sec,0.0152169762160309,0
31.369 sec,0.0152485084122124,0
31.37 sec,0.0152485084122124,0
31.371 sec,0.0152485084122124,0
31.372 sec,0.0152169762160309,0
31.373 sec,0.0152169762160309,0
31.374 sec,0.0152485084122124,0
31.375 sec,0.0152485084122124,0
31.376 sec,0.0152800416514579,0
31.377 sec,0.0152800416514579,0
31.378 sec,0.0152800416514579,0
31.379 sec,0.0152485084122124,0
31.38 sec,0.015153914953692,0
31.381 sec,0.015153914953692,0
31.382 sec,0.015153914953692,0
31.383 sec,0.015153914953692,0
31.384 sec,0.0152169762160309,0
31.385 sec,0.0152485084122124,0.00652680652680653
31.386 sec,0.0152485084122124,0.00466200466200466
31.387 sec,0.0152485084122124,0.00442890442890443
31.388 sec,0.0152485084122124,0
31.389 sec,0.0152169762160309,0
31.39 sec,0.0152485084122124,0
31.391 sec,0.0152485084122124,-0.00373482726423903
31.392 sec,0.0152485084122124,-0.0151727357609711
31.393 sec,0.0152485084122124,-0.0340802987861811
31.394 sec,0.0152169762160309,-0.0651260504201681
31.395 sec,0.015153914953692,-0.0980392156862745
31.396 sec,0.0151223858879508,-0.131185807656396
31.397 sec,0.015153914953692,-0.169701213818861
31.398 sec,0.015153914953692,-0.192577030812325
31.399 sec,0.0152485084122124,-0.207516339869281
31.4 sec,0.0152800416514579,-0.219421101774043
31.401 sec,0.0152800416514579,-0.225023342670401
31.402 sec,0.0152485084122124,-0.230859010270775
31.403 sec,0.0152169762160309,-0.23202614379085
31.404 sec,0.0152169762160309,-0.230859010270775
31.405 sec,0.0152169762160309,-0.234827264239029
31.406 sec,0.0152169762160309,-0.238328664799253
31.407 sec,0.0152485084122124,-0.238562091503268
31.408 sec,0.0152485084122124,-0.236694677871148
31.409 sec,0.0152800416514579,-0.239028944911298
31.41 sec,0.0152800416514579,-0.239495798319328
31.411 sec,0.0152800416514579,-0.243930905695612
31.412 sec,0.0152800416514579,-0.242296918767507
31.413 sec,0.0152800416514579,-0.241830065359477
31.414 sec,0.0152485084122124,-0.243930905695612
31.415 sec,0.0152485084122124,-0.24906629318394
31.416 sec,0.0152800416514579,-0.249299719887955
31.417 sec,0.0152485084122124,-0.24813258636788
31.418 sec,0.0152485084122124,-0.251167133520075
31.419 sec,0.0152169762160309,-0.254435107376284
31.42 sec,0.0152169762160309,-0.255602240896359
31.421 sec,0.0152485084122124,-0.254668534080299
31.422 sec,0.0152800416514579,-0.256069094304388
31.423 sec,0.0152800416514579,-0.257236227824463
31.424 sec,0.0152485084122124,-0.260971055088702
31.425 sec,0.015153914953692,-0.261204481792717
31.426 sec,0.015153914953692,-0.258169934640523
31.427 sec,0.015153914953692,-0.260971055088702
31.428 sec,0.0152485084122124,-0.260037348272642
31.429 sec,0.0152800416514579,-0.263071895424837
31.43 sec,0.0152800416514579,-0.262371615312792
31.431 sec,0.0153115759335591,-0.259570494864613
31.432 sec,0.0153115759335591,-0.262371615312792
31.433 sec,0.0152800416514579,-0.262605042016807
31.434 sec,0.0153115759335591,-0.266806722689076
31.435 sec,0.015343111258308,-0.266339869281046
31.436 sec,0.0153115759335591,-0.264472455648926
31.437 sec,0.0152800416514579,-0.267740429505135
31.438 sec,0.0153115759335591,-0.271942110177404
31.439 sec,0.0152800416514579,-0.271942110177404
31.44 sec,0.0152800416514579,-0.270074696545285
31.441 sec,0.0152485084122124,-0.273109243697479
31.442 sec,0.0152485084122124,-0.275443510737628
31.443 sec,0.0152800416514579,-0.278011204481793
31.444 sec,0.015343111258308,-0.280578898225957
31.445 sec,0.015343111258308,-0.284547152194211
31.446 sec,0.0153746476254965,-0.283846872082166
31.447 sec,0.0154377234863599,-0.286414565826331
31.448 sec,0.0155008035144842,-0.28921568627451
31.449 sec,0.0155954313666434,-0.294117647058824
31.45 sec,0.0156585218056366,-0.292250233426704
31.451 sec,0.0156585218056366,-0.295518207282913
31.452 sec,0.0156585218056366,-0.298319327731092
31.453 sec,0.0157216164060638,-0.302287581699346
31.454 sec,0.0157216164060638,-0.302287581699346
31.455 sec,0.0157847151662603,-0.302754435107376
31.456 sec,0.0158478180845611,-0.304388422035481
31.457 sec,0.0159109251593013,-0.307422969187675
31.458 sec,0.0159740363888162,-0.307889822595705
31.459 sec,0.0159740363888162,-0.308823529411765
31.46 sec,0.0160371517714408,-0.311624649859944
31.461 sec,0.0161318326288166,-0.314425770308123
31.462 sec,0.0161633949893599,-0.319094304388422
31.463 sec,0.0162265228213246,-0.319327731092437
31.464 sec,0.0162896547997397,-0.318394024276377
31.465 sec,0.0164159311892614,-0.320961718020542
31.466 sec,0.0165106493534524,-0.323529411764706
31.467 sec,0.0166053768303,-0.328197945845005
31.468 sec,0.0166685336524551,-0.329598506069094
31.469 sec,0.0167316946094065,-0.329831932773109
31.47 sec,0.0168264437939348,-0.333333333333333
31.471 sec,0.0169527904962211,-0.337301587301587
31.472 sec,0.0169843797518782,-0.337301587301587
31.473 sec,0.0170791537077253,-0.338001867413632
31.474 sec,0.0171739369425156,-0.340802987861811
31.475 sec,0.0172687294506302,-0.341970121381886
31.476 sec,0.017331929605112,-0.345704948646125
31.477 sec,0.0174267375562807,-0.345238095238095
31.478 sec,0.0174899480009292,-0.34500466853408
31.479 sec,0.017553162558731,-0.349206349206349
31.48 sec,0.0176163812280211,-0.349906629318394
31.481 sec,0.0177428308944068,-0.354108309990663
31.482 sec,0.0178376789244706,-0.354108309990663
31.483 sec,0.0179009160748556,-0.352007469654529
31.484 sec,0.0179957794917846,-0.355742296918768
31.485 sec,0.0180906521333409,-0.357843137254902
31.486 sec,0.0181855339939055,-0.361111111111111
31.487 sec,0.0183120574722931,-0.359477124183007
31.488 sec,0.0184702348334608,-0.361344537815126
31.489 sec,0.0187866661675562,-0.367413632119514
31.49 sec,0.0189132672660137,-0.36484593837535
31.491 sec,0.0189765739296158,-0.367647058823529
31.492 sec,0.0191031994772423,-0.369047619047619
31.493 sec,0.0192298413076661,-0.372782446311858
31.494 sec,0.0193564994075685,-0.373482726423903
31.495 sec,0.0194515036513284,-0.374416433239963
31.496 sec,0.0196098643625334,-0.377684407096172
31.497 sec,0.019673215748888,-0.381185807656396
31.498 sec,0.0197365711909582,-0.382119514472456
31.499 sec,0.0198632942355861,-0.381652661064426
31.5 sec,0.0199266618348141,-0.382119514472456
31.501 sec,0.0200534091787738,-0.384920634920635
31.502 sec,0.0201801727056395,-0.390522875816993
31.503 sec,0.0203069524020924,-0.390289449112979
31.504 sec,0.0204020477777114,-0.390056022408964
31.505 sec,0.0205288557388932,-0.393323996265173
31.506 sec,0.020623972297763,-0.396825396825397
31.507 sec,0.0207825200468186,-0.398692810457516
31.508 sec,0.0209410929620032,-0.397992530345471
31.509 sec,0.0210362487800344,-0.401727357609711
31.51 sec,0.0211631372728289,-0.40359477124183
31.511 sec,0.0212900418319895,-0.407796451914099
31.512 sec,0.0214169624441971,-0.406862745098039
31.513 sec,0.0215438990961331,-0.407563025210084
31.514 sec,0.0217025924466305,-0.410130718954248
31.515 sec,0.0217978204659145,-0.412464985994398
31.516 sec,0.0219248051571222,-0.417366946778712
31.517 sec,0.022020054167366,-0.416900093370682
31.518 sec,0.0221470668261257,-0.417366946778712
31.519 sec,0.0222423367967377,-0.420868347338936
31.52 sec,0.0223693773822604,-0.425770308123249
31.521 sec,0.0224646682826488,-0.428104575163399
31.522 sec,0.0226552769594246,-0.428338001867414
31.523 sec,0.0228459214334068,-0.432539682539683
31.524 sec,0.02300481914105,-0.436507936507937
31.525 sec,0.0231637416506348,-0.440242763772176
31.526 sec,0.0233226889361478,-0.438842203548086
31.527 sec,0.0234816609715756,-0.44281045751634
31.528 sec,0.0236088564023754,-0.445611577964519
31.529 sec,0.0237360676431533,-0.449112978524743
31.53 sec,0.0238632946805904,-0.448646125116713
31.531 sec,0.0240223506711483,-0.449579831932773
31.532 sec,0.0242450704396683,-0.453314659197012
31.533 sec,0.0244041855116178,-0.457516339869281
31.534 sec,0.0245314952630032,-0.461017740429505
31.535 sec,0.0246906545476658,-0.46171802054155
31.536 sec,0.0247861618927041,-0.463585434173669
31.537 sec,0.0249453604067997,-0.467086834733894
31.538 sec,0.0250408912695195,-0.470121381886088
31.539 sec,0.0252319794158281,-0.471288515406162
31.54 sec,0.0253593910663452,-0.469187675070028
31.541 sec,0.0256779885309445,-0.474089635854342
31.542 sec,0.0258373238236258,-0.47922502334267
31.543 sec,0.0260604341169102,-0.480859010270775
31.544 sec,0.0262517094257352,-0.481792717086835
31.545 sec,0.0264111322167256,-0.484827264239029
31.546 sec,0.0265705792529711,-0.488562091503268
31.547 sec,0.0267619476635755,-0.489962651727358
31.548 sec,0.026921447947815,-0.489729225023343
31.549 sec,0.0271128801804694,-0.493230625583567
31.55 sec,0.0272405209763173,-0.496732026143791
31.551 sec,0.0274000936685533,-0.500233426704015
31.552 sec,0.0275277691640507,-0.500233426704015
31.553 sec,0.0277193112789282,-0.501633986928105
31.554 sec,0.0278789561450402,-0.503501400560224
31.555 sec,0.0281344378523363,-0.507002801120448
31.556 sec,0.0283260893986769,-0.506302521008403
31.557 sec,0.0284858253489389,-0.504901960784314
31.558 sec,0.028645585206282,-0.508870214752568
31.559 sec,0.0288373285558138,-0.510971055088702
31.56 sec,0.0290291062491318,-0.514705882352941
31.561 sec,0.0292528902380965,-0.513071895424837
31.562 sec,0.0294767208402061,-0.517040149393091
31.563 sec,0.0296046449422921,-0.5203081232493
31.564 sec,0.0298285486494111,-0.525910364145658
31.565 sec,0.0299885082992262,-0.525443510737628
31.566 sec,0.0301164930573667,-0.527310924369748
31.567 sec,0.0303084985605086,-0.529411764705882
31.568 sec,0.0305005380628114,-0.532679738562091
31.569 sec,0.0307566435424388,-0.531979458450047
31.57 sec,0.0309487622013071,-0.532212885154062
31.571 sec,0.0311409147094992,-0.535014005602241
31.572 sec,0.031365135357538,-0.539449112978525
31.573 sec,0.0315894019457032,-0.542250233426704
31.574 sec,0.0317175748805068,-0.540616246498599
31.575 sec,0.0318778120908999,-0.541549953314659
31.576 sec,0.0321021834170267,-0.544117647058823
31.577 sec,0.0322624766371506,-0.547852474323063
31.578 sec,0.0325189942283107,-0.549253034547152
31.579 sec,0.0327434959524594,-0.550420168067227
31.58 sec,0.0329038821891633,-0.553688141923436
31.581 sec,0.0330642916149787,-0.55812324929972
31.582 sec,0.0332247242038923,-0.558823529411765
31.583 sec,0.0334493686928467,-0.55812324929972
31.584 sec,0.0336740584591064,-0.561157796451914
31.585 sec,0.0338987934312908,-0.563958916900093
31.586 sec,0.0341556886621278,-0.566993464052288
31.587 sec,0.0342841583509646,-0.566993464052288
31.588 sec,0.0344447661293064,-0.569327731092437
31.589 sec,0.0346375257410131,-0.570961718020542
31.59 sec,0.0348624536443783,-0.57563025210084
31.591 sec,0.0350552846727526,-0.575863678804855
31.592 sec,0.0352160023228907,-0.57563025210084
31.593 sec,0.0354088936159321,-0.579365079365079
31.594 sec,0.0356661330334826,-0.583800186741363
31.595 sec,0.0359234306697371,-0.583800186741363
31.596 sec,0.0361486137752273,-0.583566760037348
31.597 sec,0.036373841301454,-0.586134453781513
31.598 sec,0.0366956718252162,-0.591269841269841
31.599 sec,0.0369210069331975,-0.591970121381886
31.6 sec,0.0371463862171815,-0.591970121381886
31.601 sec,0.0374362243791058,-0.59500466853408
31.602 sec,0.0376939193845859,-0.599439775910364
31.603 sec,0.0379194495872392,-0.601307189542484
31.604 sec,0.0381450236497804,-0.599906629318394
31.605 sec,0.0383384077010268,-0.602941176470588
31.606 sec,0.0385640630282681,-0.603641456582633
31.607 sec,0.0387897620114523,-0.608776844070962
31.608 sec,0.0389510022594575,-0.608543417366947
31.609 sec,0.0391445198733054,-0.608543417366947
31.61 sec,0.0394025930334008,-0.611577964519141
31.611 sec,0.0396607228672131,-0.615546218487395
31.612 sec,0.0399511865403859,-0.615546218487395
31.613 sec,0.0401448686880378,-0.6171802054155
31.614 sec,0.0404354513454429,-0.620915032679739
31.615 sec,0.0406615093033239,-0.623716153127918
31.616 sec,0.0409522184127485,-0.626050420168067
31.617 sec,0.0411783745357362,-0.624883286647993
31.618 sec,0.0414045734886897,-0.627450980392157
31.619 sec,0.0415984923405557,-0.629785247432306
31.62 sec,0.0418570995989715,-0.632352941176471
31.621 sec,0.0420834266135381,-0.63328664799253
31.622 sec,0.0423744809937039,-0.632586367880486
31.623 sec,0.0426009051478255,-0.63375350140056
31.624 sec,0.0427626626383726,-0.63562091503268
31.625 sec,0.0430215195343781,-0.63608776844071
31.626 sec,0.0432480645885135,-0.63562091503268
31.627 sec,0.0434746518199909,-0.638422035480859
31.628 sec,0.0437012811574294,-0.638888888888889
31.629 sec,0.0438631849952194,-0.642623716153128
31.63 sec,0.0441222756788802,-0.642156862745098
31.631 sec,0.0443490249257428,-0.642857142857143
31.632 sec,0.0446406211271434,-0.646358543417367
31.633 sec,0.0449322863254355,-0.651027077497666
31.634 sec,0.0452240203689091,-0.650793650793651
31.635 sec,0.0454509721244961,-0.649859943977591
31.636 sec,0.0457103963519384,-0.65266106442577
31.637 sec,0.0459374369142543,-0.655929038281979
31.638 sec,0.0461320760093088,-0.656395891690009
31.639 sec,0.0463267454250232,-0.654761904761905
31.64 sec,0.046586351733753,-0.656162464985994
31.641 sec,0.0467810917228635,-0.658263305322129
31.642 sec,0.0470407919662989,-0.662698412698413
31.643 sec,0.0473330187204936,-0.664799253034547
31.644 sec,0.0475603529380206,-0.662931839402428
31.645 sec,0.0477877279766554,-0.666199813258637
31.646 sec,0.0480801271792043,-0.666666666666667
31.647 sec,0.0482750973292038,-0.669701213818861
31.648 sec,0.0485026001980464,-0.668534080298786
31.649 sec,0.0487951634240777,-0.669000933706816
31.65 sec,0.0490552757416636,-0.671335200746965
31.651 sec,0.0492829172575159,-0.675303454715219
31.652 sec,0.0495756583843793,-0.676704014939309
31.653 sec,0.0497708560531402,-0.676470588235294
31.654 sec,0.0500637078201816,-0.679038281979458
31.655 sec,0.0503891762865208,-0.682072829131653
31.656 sec,0.0506170527165625,-0.684173669467787
31.657 sec,0.0508775317294684,-0.684873949579832
31.658 sec,0.0511706327207346,-0.684873949579832
31.659 sec,0.0513986455252565,-0.685807656395892
31.66 sec,0.051659280095037,-0.687908496732026
31.661 sec,0.0519851459123869,-0.689542483660131
31.662 sec,0.0522132998813998,-0.688608776844071
31.663 sec,0.0524740954698666,-0.691176470588235
31.664 sec,0.0527675518285492,-0.69234360410831
31.665 sec,0.0530284563153687,-0.694677871148459
31.666 sec,0.0532567896463743,-0.693510737628385
31.667 sec,0.0535504184218507,-0.693977591036415
31.668 sec,0.0538441115754895,-0.696311858076564
31.669 sec,0.0541052260797221,-0.700513538748833
31.67 sec,0.0543663912242305,-0.699112978524743
31.671 sec,0.0546602624100888,-0.696778711484594
31.672 sec,0.0551175221323809,-0.699579831932773
31.673 sec,0.0554115560740051,-0.704715219421102
31.674 sec,0.0556729728216298,-0.704715219421102
31.675 sec,0.0560325024700766,-0.704248366013072
31.676 sec,0.0563594294047909,-0.705882352941177
31.677 sec,0.0567191387563277,-0.709617180205416
31.678 sec,0.0569480935249482,-0.708450046685341
31.679 sec,0.0571770861778694,-0.707282913165266
31.68 sec,0.0574388383642945,-0.70985060690943
31.681 sec,0.057667911957496,-0.71078431372549
31.682 sec,0.0579297564598022,-0.712885154061625
31.683 sec,0.0581916500440781,-0.711484593837535
31.684 sec,0.0584535926037731,-0.71078431372549
31.685 sec,0.0588138433953052,-0.713585434173669
31.686 sec,0.0591741863025504,-0.716853408029879
31.687 sec,0.059436311571098,-0.716619981325864
31.688 sec,0.0597640363042527,-0.714052287581699
31.689 sec,0.0600590531440502,-0.716619981325864
31.69 sec,0.0603541310075318,-0.719187675070028
31.691 sec,0.0606164735488527,-0.721988795518207
31.692 sec,0.0609772728798057,-0.720121381886088
31.693 sec,0.0613053507718058,-0.722222222222222
31.694 sec,0.061666322546865,-0.723155929038282
31.695 sec,0.0619289039717961,-0.726890756302521
31.696 sec,0.0622243647955653,-0.724556489262372
31.697 sec,0.0625527248593192,-0.724789915966387
31.698 sec,0.0628811586793407,-0.725256769374416
31.699 sec,0.0631439587000227,-0.728524743230626
31.7 sec,0.0634068056849766,-0.728991596638655
31.701 sec,0.0636696995276515,-0.726657329598506
31.702 sec,0.0640312548754776,-0.729925303454715
31.703 sec,0.0643600180233781,-0.73109243697479
31.704 sec,0.0646559669454049,-0.733193277310924
31.705 sec,0.0650177619461079,-0.730392156862745
31.706 sec,0.0652809404673519,-0.73155929038282
31.707 sec,0.0656428861825979,-0.733660130718954
31.708 sec,0.0660707521961587,-0.737161531279178
31.709 sec,0.0664658127441334,-0.735060690943044
31.71 sec,0.0667951082904792,-0.736694677871149
31.711 sec,0.0671903567424064,-0.738562091503268
31.712 sec,0.067453912390122,-0.740662931839402
31.713 sec,0.0678493306149643,-0.740429505135388
31.714 sec,0.068112999111652,-0.740896358543417
31.715 sec,0.0684096798981509,-0.741596638655462
31.716 sec,0.0688053425193991,-0.743697478991597
31.717 sec,0.0690032115457044,-0.742063492063492
31.718 sec,0.0693000621033389,-0.740662931839402
31.719 sec,0.0695639765236468,-0.743930905695612
31.72 sec,0.0698609332737299,-0.744864612511671
31.721 sec,0.0705210374367573,-0.747665732959851
31.722 sec,0.0708511927024382,-0.747198879551821
31.723 sec,0.0712474694387404,-0.75
31.724 sec,0.0716108094741931,-0.753968253968254
31.725 sec,0.0720403174446133,-0.752801120448179
31.726 sec,0.0724038367309252,-0.75046685340803
31.727 sec,0.0727343797272329,-0.75186741363212
31.728 sec,0.073031925993364,-0.754435107376284
31.729 sec,0.0732964572221295,-0.755135387488329
31.73 sec,0.0736271815203785,-0.752801120448179
31.731 sec,0.0739248904778416,-0.755368814192344
31.732 sec,0.0741895659390397,-0.754435107376284
31.733 sec,0.0746197541659109,-0.758169934640523
31.734 sec,0.0749176422901364,-0.757002801120448
31.735 sec,0.0752818003075161,-0.755135387488329
31.736 sec,0.0756460378501294,-0.758169934640523
31.737 sec,0.0759441093424554,-0.760971055088702
31.738 sec,0.0762753619246575,-0.762138188608777
31.739 sec,0.0766398149464268,-0.760037348272642
31.74 sec,0.0770706333296764,-0.761671335200747
31.741 sec,0.077435257251383,-0.763772175536881
31.742 sec,0.0777999590615608,-0.765172735760971
31.743 sec,0.0781647384832192,-0.762838468720822
31.744 sec,0.0786954647096373,-0.765172735760971
31.745 sec,0.0789940697939347,-0.766806722689076
31.746 sec,0.0793922897547026,-0.76797385620915
31.747 sec,0.0797574046031638,-0.764939309056956
31.748 sec,0.080155798522168,-0.76750700280112
31.749 sec,0.0804546531987177,-0.76797385620915
31.75 sec,0.0808864214781906,-0.7703081232493
31.751 sec,0.0811853995910945,-0.769140989729225
31.752 sec,0.0815508854903124,-0.76844070961718
31.753 sec,0.0819164461555624,-0.76984126984127
31.754 sec,0.0822820813098541,-0.772408963585434
31.755 sec,0.0825812925567164,-0.771942110177404
31.756 sec,0.0828472996927845,-0.76937441643324
31.757 sec,0.0832796444771917,-0.77077497665733
31.758 sec,0.0836122872263517,-0.771942110177404
31.759 sec,0.084011538366826,-0.774042950513539
31.76 sec,0.0843110336782081,-0.772408963585434
31.761 sec,0.0846105776404746,-0.773342670401494
31.762 sec,0.0851432198939908,-0.774276377217554
31.763 sec,0.0855428016622322,-0.776377217553688
31.764 sec,0.0861423342928414,-0.772408963585434
31.765 sec,0.0865088093969097,-0.774976657329599
31.766 sec,0.0868420302134892,-0.776844070961718
31.767 sec,0.0872419723702635,-0.778478057889823
31.768 sec,0.0875086470821601,-0.776610644257703
31.769 sec,0.0878753854671874,-0.778011204481793
31.77 sec,0.0881754962107995,-0.778478057889823
31.771 sec,0.0885423616291643,-0.780345471521942
31.772 sec,0.0890093817008741,-0.779645191409897
31.773 sec,0.0893430360538905,-0.777077497665733
31.774 sec,0.0897434963941288,-0.779411764705882
31.775 sec,0.0901440383401384,-0.781746031746032
31.776 sec,0.0905446615323102,-0.781512605042017
31.777 sec,0.0909787612574524,-0.779878618113912
31.778 sec,0.0913461502167045,-0.781979458450047
31.779 sec,0.0918472436669642,-0.785247432306256
31.78 sec,0.0922816254369113,-0.783146591970121
31.781 sec,0.0926826758685509,-0.781512605042017
31.782 sec,0.0930169449001104,-0.782913165266106
31.783 sec,0.093284399469829,-0.785014005602241
31.784 sec,0.0937190874426466,-0.785247432306256
31.785 sec,0.0940869718973804,-0.783613445378151
31.786 sec,0.0944214689816049,-0.785714285714286
31.787 sec,0.0948563955269615,-0.787114845938375
31.788 sec,0.0953248790370535,-0.788982259570495
31.789 sec,0.0955926307484417,-0.78781512605042
31.79 sec,0.0959608447449495,-0.78828197945845
31.791 sec,0.0962956401889352,-0.787114845938375
31.792 sec,0.0967644421180816,-0.789915966386555
31.793 sec,0.0970993634327081,-0.788048552754435
31.794 sec,0.0974343368396529,-0.786414565826331
31.795 sec,0.0978028675055439,-0.78921568627451
31.796 sec,0.0982049722339752,-0.790382819794584
31.797 sec,0.0986071509864199,-0.790616246498599
31.798 sec,0.0990429277518632,-0.78781512605042
31.799 sec,0.0994787905134585,-0.79014939309057
31.8 sec,0.0998476642953715,-0.790616246498599
31.801 sec,0.100250141580345,-0.793183940242764
31.802 sec,0.100686240098974,-0.78968253968254
31.803 sec,0.100988203852413,-0.790382819794584
31.804 sec,0.101424444718745,-0.790382819794584
31.805 sec,0.101860769084153,-0.793650793650794
31.806 sec,0.102196459743099,-0.792250233426704
31.807 sec,0.102498623176454,-0.790616246498599
31.808 sec,0.103002316559022,-0.791783380018674
31.809 sec,0.103405349754796,-0.795751633986928
31.81 sec,0.103842047331291,-0.793650793650794
31.811 sec,0.104312427564644,-0.793417366946779
31.812 sec,0.104715684927552,-0.793183940242764
31.813 sec,0.105152624032896,-0.796918767507003
31.814 sec,0.105589642733434,-0.793884220354809
31.815 sec,0.106026740571954,-0.793884220354809
31.816 sec,0.106430285345228,-0.794117647058823
31.817 sec,0.106867534087115,-0.797619047619048
31.818 sec,0.107338504343297,-0.796685340802988
31.819 sec,0.107742264518234,-0.795985060690943
31.82 sec,0.108078781390798,-0.797385620915033
31.821 sec,0.108549981048295,-0.799953314659197
31.822 sec,0.1089539366842,-0.799019607843137
31.823 sec,0.109290615616801,-0.797619047619048
31.824 sec,0.109762040899717,-0.799486461251167
31.825 sec,0.110065145841376,-0.800653594771242
31.826 sec,0.110435655886798,-0.802521008403361
31.827 sec,0.110806218967084,-0.799253034547152
31.828 sec,0.111277920971922,-0.800186741363212
31.829 sec,0.11164860355586,-0.798786181139122
31.83 sec,0.112154163761075,-0.802054154995332
31.831 sec,0.112524969111087,-0.799019607843137
31.832 sec,0.112929542734279,-0.799253034547152
31.833 sec,0.113334177255753,-0.799019607843137
31.834 sec,0.113671418950396,-0.802521008403361
31.835 sec,0.114143627555112,-0.802287581699346
31.836 sec,0.114582179890912,-0.800887021475257
31.837 sec,0.114919575326821,-0.801820728291317
31.838 sec,0.11529075772566,-0.803921568627451
31.839 sec,0.115763243110417,-0.802521008403361
31.84 sec,0.116100781355104,-0.800887021475257
31.841 sec,0.116573402612618,-0.802754435107376
31.842 sec,0.116911037309926,-0.802754435107376
31.843 sec,0.117282481478158,-0.806022408963585
31.844 sec,0.117653973569519,-0.803454715219421
31.845 sec,0.118093071083929,-0.802287581699346
31.846 sec,0.118566019228267,-0.802987861811391
31.847 sec,0.119005253494945,-0.80718954248366
31.848 sec,0.1195121431786,-0.803921568627451
31.849 sec,0.119951517179292,-0.804621848739496
31.85 sec,0.120458566870832,-0.805088702147526
31.851 sec,0.121033325557319,-0.80765639589169
31.852 sec,0.121506737217578,-0.803688141923436
31.853 sec,0.122014044466242,-0.805788982259571
31.854 sec,0.122318468488176,-0.806956115779645
31.855 sec,0.122656752074687,-0.807889822595705
31.856 sec,0.122995071958187,-0.8062558356676
31.857 sec,0.123299590715263,-0.804388422035481
31.858 sec,0.123705660934474,-0.806022408963585
31.859 sec,0.124145628261614,-0.80859010270775
31.86 sec,0.124484105379555,-0.80859010270775
31.861 sec,0.124890324331409,-0.806022408963585
31.862 sec,0.125398168699136,-0.80765639589169
31.863 sec,0.125872227050747,-0.806022408963585
31.864 sec,0.126312484335252,-0.803688141923436
31.865 sec,0.126617311576318,-0.792483660130719
31.866 sec,0.127057665974367,-0.765172735760971
31.867 sec,0.127464197354982,-0.725490196078431
31.868 sec,0.127836893306785,-0.671802054154995
31.869 sec,0.128175742584306,-0.609710550887022
31.87 sec,0.128446845707798,-0.543417366946779
31.871 sec,0.128684078132134,-0.473155929038282
31.872 sec,0.128921326526885,-0.401027077497666
31.873 sec,0.129124694950852,-0.326330532212885
31.874 sec,0.129260280367367,-0.266106442577031
31.875 sec,0.129328075010791,-0.205648926237162
31.876 sec,0.129361972815567,-0.148926237161531
31.877 sec,0.129395870942106,-0.096171802054155
31.878 sec,0.129497567250233,-0.0396825396825397
31.879 sec,0.129565366393993,0
31.88 sec,0.129667067512982,0.0307692307692308
31.881 sec,0.129667067512982,0.0447552447552448
31.882 sec,0.12973486985878,0.0475524475524476
31.883 sec,0.129768771510996,0.0396270396270396
31.884 sec,0.129836575773023,0.0296037296037296
31.885 sec,0.129836575773023,0.017016317016317
31.886 sec,0.129870478382418,0.0121212121212121
31.887 sec,0.129870478382418,0.00559440559440559
31.888 sec,0.129904381310455,0
31.889 sec,0.129836575773023,0
31.89 sec,0.129836575773023,0
31.891 sec,0.129768771510996,0
31.892 sec,0.12973486985878,0
31.893 sec,0.12973486985878,0
31.894 sec,0.129565366393993,0
31.895 sec,0.129497567250233,0
31.896 sec,0.129361972815567,0
31.897 sec,0.129294177527989,0
31.898 sec,0.129192487013499,0
31.899 sec,0.129124694950852,0
31.9 sec,0.129023009281563,0
31.901 sec,0.128887432923988,0
31.902 sec,0.128819646692438,0
31.903 sec,0.128684078132134,0
31.904 sec,0.12858240513341,0
31.905 sec,0.128514624766669,0
31.906 sec,0.128412956669334,0
31.907 sec,0.128412956669334,0
31.908 sec,0.128379067958461,0
31.909 sec,0.128311291520324,0
31.91 sec,0.128277403793475,0
31.911 sec,0.128175742584306,0
31.912 sec,0.128141856172402,0
31.913 sec,0.128107970089754,0
31.914 sec,0.128107970089754,0
31.915 sec,0.128107970089754,0
31.916 sec,0.128141856172402,0
31.917 sec,0.128141856172402,0
31.918 sec,0.128175742584306,0
31.919 sec,0.128277403793475,0
31.92 sec,0.128345179575389,0
31.921 sec,0.128345179575389,0
31.922 sec,0.128345179575389,0
31.923 sec,0.128412956669334,0
31.924 sec,0.12854851478666,0
31.925 sec,0.128616295806711,0
31.926 sec,0.128684078132134,0
31.927 sec,0.128751861761265,0
31.928 sec,0.128819646692438,0
31.929 sec,0.128921326526885,0
31.93 sec,0.129056904181091,0
31.931 sec,0.129124694950852,0
31.932 sec,0.129192487013499,0
31.933 sec,0.129294177527989,0
31.934 sec,0.129361972815567,0
31.935 sec,0.129429769390203,0
31.936 sec,0.129531466661751,0
31.937 sec,0.129633166819816,0
31.938 sec,0.12973486985878,0
31.939 sec,0.129768771510996,0
31.94 sec,0.12980267348248,0
31.941 sec,0.12980267348248,0
31.942 sec,0.12980267348248,0
31.943 sec,0.129836575773023,0
31.944 sec,0.129870478382418,0
31.945 sec,0.129904381310455,0
31.946 sec,0.129972188121627,0
31.947 sec,0.129972188121627,0
31.948 sec,0.129904381310455,0
31.949 sec,0.129836575773023,0
31.95 sec,0.129768771510996,0
31.951 sec,0.129667067512982,0
31.952 sec,0.129599266446751,0
31.953 sec,0.129497567250233,0
31.954 sec,0.129361972815567,0
31.955 sec,0.129328075010791,0
31.956 sec,0.129260280367367,0
31.957 sec,0.129158590820669,0
31.958 sec,0.129090799404257,0
31.959 sec,0.129056904181091,0
31.96 sec,0.12898911470588,0
31.961 sec,0.128887432923988,0
31.962 sec,0.128819646692438,0
31.963 sec,0.128751861761265,0
31.964 sec,0.128650186806355,0
31.965 sec,0.12854851478666,0
31.966 sec,0.128514624766669,0
31.967 sec,0.128446845707798,0
31.968 sec,0.128379067958461,0
31.969 sec,0.128345179575389,0
31.97 sec,0.128277403793475,0
31.971 sec,0.128311291520324,0
31.972 sec,0.128209629325258,0
31.973 sec,0.128277403793475,0
31.974 sec,0.128209629325258,0
31.975 sec,0.128209629325258,0
31.976 sec,0.128209629325258,0
31.977 sec,0.128209629325258,0
31.978 sec,0.128277403793475,0
31.979 sec,0.128345179575389,0
31.98 sec,0.128412956669334,0
31.981 sec,0.128412956669334,0
31.982 sec,0.128446845707798,0
31.983 sec,0.128514624766669,0
31.984 sec,0.12858240513341,0
31.985 sec,0.128684078132134,0
31.986 sec,0.128819646692438,0
31.987 sec,0.128921326526885,0
31.988 sec,0.129056904181091,0
31.989 sec,0.129124694950852,0
31.99 sec,0.129192487013499,0
31.991 sec,0.129294177527989,0
31.992 sec,0.129328075010791,0
31.993 sec,0.129361972815567,0
31.994 sec,0.129429769390203,0
31.995 sec,0.129565366393993,0
31.996 sec,0.129633166819816,0
31.997 sec,0.129667067512982,0
31.998 sec,0.12973486985878,0
31.999 sec,0.12980267348248,0
32 sec,0.129870478382418,0
32.001 sec,0.129870478382418,0
32.002 sec,0.129870478382418,0
32.003 sec,0.12980267348248,0
32.004 sec,0.129836575773023,0
32.005 sec,0.12980267348248,0
32.006 sec,0.12980267348248,0
32.007 sec,0.129768771510996,0
32.008 sec,0.12973486985878,0
32.009 sec,0.129667067512982,0
32.01 sec,0.129599266446751,0
32.011 sec,0.129531466661751,0
32.012 sec,0.129429769390203,0
32.013 sec,0.129328075010791,0
32.014 sec,0.129294177527989,0
32.015 sec,0.129158590820669,0
32.016 sec,0.129090799404257,0
32.017 sec,0.129056904181091,0
32.018 sec,0.12898911470588,0
32.019 sec,0.128887432923988,0
32.02 sec,0.128751861761265,0
32.021 sec,0.128616295806711,0
32.022 sec,0.128616295806711,0
32.023 sec,0.12858240513341,0
32.024 sec,0.128514624766669,0
32.025 sec,0.128379067958461,0
32.026 sec,0.128311291520324,0
32.027 sec,0.128311291520324,0
32.028 sec,0.128277403793475,0
32.029 sec,0.128277403793475,0
32.03 sec,0.128209629325258,0
32.031 sec,0.128277403793475,0
32.032 sec,0.128277403793475,0
32.033 sec,0.128277403793475,0
32.034 sec,0.128311291520324,0
32.035 sec,0.128311291520324,0
32.036 sec,0.128345179575389,0
32.037 sec,0.128345179575389,0
32.038 sec,0.128379067958461,0
32.039 sec,0.128446845707798,0
32.04 sec,0.12854851478666,0
32.041 sec,0.128616295806711,0
32.042 sec,0.128684078132134,0
32.043 sec,0.128751861761265,0
32.044 sec,0.128819646692438,0
32.045 sec,0.128887432923988,0
32.046 sec,0.129023009281563,0
32.047 sec,0.129056904181091,0
32.048 sec,0.129124694950852,0
32.049 sec,0.129260280367367,0
32.05 sec,0.129328075010791,0
32.051 sec,0.129361972815567,0
32.052 sec,0.129361972815567,0
32.053 sec,0.129429769390203,0
32.054 sec,0.129531466661751,0
32.055 sec,0.129633166819816,0
32.056 sec,0.129633166819816,0
32.057 sec,0.129667067512982,0
32.058 sec,0.129768771510996,0
32.059 sec,0.12980267348248,0
32.06 sec,0.12980267348248,0
32.061 sec,0.129768771510996,0
32.062 sec,0.129768771510996,0
32.063 sec,0.129768771510996,0
32.064 sec,0.12973486985878,0
32.065 sec,0.12973486985878,0
32.066 sec,0.129667067512982,0
32.067 sec,0.129599266446751,0
32.068 sec,0.129531466661751,0
32.069 sec,0.129361972815567,0
32.07 sec,0.129328075010791,0
32.071 sec,0.129192487013499,0
32.072 sec,0.129124694950852,0
32.073 sec,0.129056904181091,0
32.074 sec,0.12898911470588,0
32.075 sec,0.128921326526885,0
32.076 sec,0.128819646692438,0
32.077 sec,0.128751861761265,0
32.078 sec,0.128616295806711,0
32.079 sec,0.12858240513341,0
32.08 sec,0.12854851478666,0
32.081 sec,0.128446845707798,0
32.082 sec,0.128446845707798,0
32.083 sec,0.128379067958461,0
32.084 sec,0.128379067958461,0
32.085 sec,0.128345179575389,0
32.086 sec,0.128311291520324,0
32.087 sec,0.128209629325258,0
32.088 sec,0.128277403793475,0
32.089 sec,0.128277403793475,0
32.09 sec,0.128311291520324,0
32.091 sec,0.128311291520324,0
32.092 sec,0.128311291520324,0
32.093 sec,0.128379067958461,0
32.094 sec,0.128412956669334,0
32.095 sec,0.128514624766669,0
32.096 sec,0.12858240513341,0
32.097 sec,0.128650186806355,0
32.098 sec,0.128751861761265,0
32.099 sec,0.128819646692438,0
32.1 sec,0.128887432923988,0
32.101 sec,0.12898911470588,0
32.102 sec,0.129056904181091,0
32.103 sec,0.129090799404257,0
32.104 sec,0.129192487013499,0
32.105 sec,0.129328075010791,0
32.106 sec,0.129361972815567,0
32.107 sec,0.129429769390203,0
32.108 sec,0.129497567250233,0
32.109 sec,0.129565366393993,0
32.11 sec,0.129565366393993,0
32.111 sec,0.129667067512982,0
32.112 sec,0.129667067512982,0
32.113 sec,0.12973486985878,0
32.114 sec,0.12973486985878,0
32.115 sec,0.12973486985878,0
32.116 sec,0.12973486985878,0
32.117 sec,0.129768771510996,0
32.118 sec,0.129667067512982,0
32.119 sec,0.129667067512982,0
32.12 sec,0.129667067512982,0
32.121 sec,0.129667067512982,0
32.122 sec,0.129565366393993,0
32.123 sec,0.129497567250233,0
32.124 sec,0.129395870942106,0
32.125 sec,0.129328075010791,0
32.126 sec,0.129260280367367,0
32.127 sec,0.129158590820669,0
32.128 sec,0.129090799404257,0
32.129 sec,0.129023009281563,0
32.13 sec,0.12898911470588,0
32.131 sec,0.128887432923988,0
32.132 sec,0.128819646692438,0
32.133 sec,0.128751861761265,0
32.134 sec,0.128751861761265,0
32.135 sec,0.128684078132134,0
32.136 sec,0.12858240513341,0
32.137 sec,0.12854851478666,0
32.138 sec,0.128446845707798,0
32.139 sec,0.128412956669334,0
32.14 sec,0.128345179575389,0
32.141 sec,0.128345179575389,0
32.142 sec,0.128379067958461,0
32.143 sec,0.128379067958461,0
32.144 sec,0.128379067958461,0
32.145 sec,0.128379067958461,0
32.146 sec,0.128379067958461,0
32.147 sec,0.128412956669334,0
32.148 sec,0.128412956669334,0
32.149 sec,0.128446845707798,0
32.15 sec,0.128514624766669,0
32.151 sec,0.12854851478666,0
32.152 sec,0.128616295806711,0
32.153 sec,0.128650186806355,0
32.154 sec,0.128751861761265,0
32.155 sec,0.128819646692438,0
32.156 sec,0.128887432923988,0
32.157 sec,0.12898911470588,0
32.158 sec,0.129056904181091,0
32.159 sec,0.129090799404257,0
32.16 sec,0.129192487013499,0
32.161 sec,0.129260280367367,0
32.162 sec,0.129328075010791,0
32.163 sec,0.129361972815567,0
32.164 sec,0.129361972815567,0
32.165 sec,0.129395870942106,0
32.166 sec,0.129429769390203,0
32.167 sec,0.129531466661751,0
32.168 sec,0.129599266446751,0
32.169 sec,0.129633166819816,0
32.17 sec,0.129667067512982,0
32.171 sec,0.129633166819816,0
32.172 sec,0.129633166819816,0
32.173 sec,0.129633166819816,0
32.174 sec,0.129633166819816,0
32.175 sec,0.129633166819816,0
32.176 sec,0.129599266446751,0
32.177 sec,0.129599266446751,0
32.178 sec,0.129531466661751,0
32.179 sec,0.129429769390203,0
32.18 sec,0.129361972815567,0
32.181 sec,0.129361972815567,0
32.182 sec,0.129294177527989,0
32.183 sec,0.129158590820669,0
32.184 sec,0.129090799404257,0
32.185 sec,0.129056904181091,0
32.186 sec,0.129023009281563,0
32.187 sec,0.128921326526885,0
32.188 sec,0.128819646692438,0
32.189 sec,0.128684078132134,0
32.19 sec,0.128650186806355,0
32.191 sec,0.128616295806711,0
32.192 sec,0.12858240513341,0
32.193 sec,0.128514624766669,0
32.194 sec,0.128446845707798,0
32.195 sec,0.128412956669334,0
32.196 sec,0.128412956669334,0
32.197 sec,0.128412956669334,0
32.198 sec,0.128412956669334,0
32.199 sec,0.128412956669334,0
32.2 sec,0.128412956669334,0
32.201 sec,0.128412956669334,0
32.202 sec,0.128412956669334,0
32.203 sec,0.128412956669334,0
32.204 sec,0.128412956669334,0
32.205 sec,0.128514624766669,0
32.206 sec,0.12858240513341,0
32.207 sec,0.128616295806711,0
32.208 sec,0.128650186806355,0
32.209 sec,0.128684078132134,0
32.21 sec,0.128751861761265,0
32.211 sec,0.12885353964577,0
32.212 sec,0.12898911470588,0
32.213 sec,0.129056904181091,0
32.214 sec,0.129090799404257,0
32.215 sec,0.129124694950852,0
32.216 sec,0.129260280367367,0.00372960372960373
32.217 sec,0.129328075010791,0
32.218 sec,0.129361972815567,0
32.219 sec,0.129361972815567,0
32.22 sec,0.129395870942106,0
32.221 sec,0.129429769390203,0
32.222 sec,0.129531466661751,0
32.223 sec,0.129599266446751,0
32.224 sec,0.129633166819816,0
32.225 sec,0.129633166819816,0
32.226 sec,0.129633166819816,0
32.227 sec,0.129633166819816,0
32.228 sec,0.129667067512982,0
32.229 sec,0.129633166819816,0
32.23 sec,0.129633166819816,0
32.231 sec,0.129531466661751,0
32.232 sec,0.129429769390203,0
32.233 sec,0.129361972815567,0
32.234 sec,0.129361972815567,0
32.235 sec,0.129328075010791,0
32.236 sec,0.129294177527989,0
32.237 sec,0.129192487013499,0
32.238 sec,0.129090799404257,0
32.239 sec,0.129056904181091,0
32.24 sec,0.129056904181091,0
32.241 sec,0.129023009281563,0
32.242 sec,0.128921326526885,0
32.243 sec,0.128819646692438,0
32.244 sec,0.128751861761265,0
32.245 sec,0.128684078132134,0
32.246 sec,0.128650186806355,0
32.247 sec,0.128616295806711,0
32.248 sec,0.12854851478666,0
32.249 sec,0.128446845707798,0
32.25 sec,0.128412956669334,0
32.251 sec,0.128412956669334,0
32.252 sec,0.128412956669334,0
32.253 sec,0.128446845707798,0
32.254 sec,0.128446845707798,0
32.255 sec,0.128446845707798,0
32.256 sec,0.128412956669334,0
32.257 sec,0.128412956669334,0
32.258 sec,0.128412956669334,0
32.259 sec,0.128412956669334,0
32.26 sec,0.128446845707798,0
32.261 sec,0.128514624766669,0
32.262 sec,0.12858240513341,0
32.263 sec,0.128650186806355,0
32.264 sec,0.128684078132134,0
32.265 sec,0.128751861761265,0
32.266 sec,0.128751861761265,0
32.267 sec,0.1287857540642,0
32.268 sec,0.12885353964577,0
32.269 sec,0.128887432923988,0
32.27 sec,0.12898911470588,0
32.271 sec,0.129023009281563,0
32.272 sec,0.129056904181091,0
32.273 sec,0.129124694950852,0
32.274 sec,0.129192487013499,0
32.275 sec,0.129192487013499,0
32.276 sec,0.129260280367367,0
32.277 sec,0.129294177527989,0
32.278 sec,0.129328075010791,0
32.279 sec,0.129361972815567,0
32.28 sec,0.129395870942106,0
32.281 sec,0.129395870942106,0
32.282 sec,0.129429769390203,0
32.283 sec,0.129395870942106,0
32.284 sec,0.129497567250233,0
32.285 sec,0.129531466661751,0
32.286 sec,0.129531466661751,0
32.287 sec,0.129565366393993,0
32.288 sec,0.129565366393993,0
32.289 sec,0.129531466661751,0
32.29 sec,0.129395870942106,0
32.291 sec,0.129395870942106,0
32.292 sec,0.129361972815567,0
32.293 sec,0.129361972815567,0
32.294 sec,0.129361972815567,0
32.295 sec,0.129328075010791,0
32.296 sec,0.129294177527989,0
32.297 sec,0.129192487013499,0
32.298 sec,0.129124694950852,0
32.299 sec,0.129090799404257,0
32.3 sec,0.129056904181091,0
32.301 sec,0.129023009281563,0
32.302 sec,0.12898911470588,0
32.303 sec,0.128887432923988,0
32.304 sec,0.128819646692438,0
32.305 sec,0.1287857540642,0
32.306 sec,0.128751861761265,0
32.307 sec,0.128684078132134,0
32.308 sec,0.128650186806355,0
32.309 sec,0.128616295806711,0
32.31 sec,0.12854851478666,0
32.311 sec,0.12854851478666,0
32.312 sec,0.128514624766669,0
32.313 sec,0.128514624766669,0
32.314 sec,0.128446845707798,0
32.315 sec,0.128446845707798,0
32.316 sec,0.128446845707798,0
32.317 sec,0.128412956669334,0
32.318 sec,0.128412956669334,0
32.319 sec,0.128446845707798,0
32.32 sec,0.128412956669334,0
32.321 sec,0.128446845707798,0
32.322 sec,0.128446845707798,0
32.323 sec,0.12854851478666,0
32.324 sec,0.128616295806711,0
32.325 sec,0.128650186806355,0
32.326 sec,0.128684078132134,0
32.327 sec,0.128684078132134,0
32.328 sec,0.128751861761265,0
32.329 sec,0.128819646692438,0
32.33 sec,0.128887432923988,0
32.331 sec,0.128921326526885,0
32.332 sec,0.12898911470588,0
32.333 sec,0.129023009281563,0
32.334 sec,0.12898911470588,0
32.335 sec,0.129056904181091,0
32.336 sec,0.129090799404257,0
32.337 sec,0.129158590820669,0
32.338 sec,0.129260280367367,0
32.339 sec,0.129328075010791,0
32.34 sec,0.129328075010791,0
32.341 sec,0.129361972815567,0
32.342 sec,0.129361972815567,0
32.343 sec,0.129361972815567,0
32.344 sec,0.129361972815567,0
32.345 sec,0.129395870942106,0
32.346 sec,0.129429769390203,0
32.347 sec,0.129429769390203,0
32.348 sec,0.129429769390203,0
32.349 sec,0.129429769390203,0
32.35 sec,0.129395870942106,0
32.351 sec,0.129429769390203,0
32.352 sec,0.129429769390203,0
32.353 sec,0.129429769390203,0
32.354 sec,0.129429769390203,0
32.355 sec,0.129395870942106,0
32.356 sec,0.129361972815567,0
32.357 sec,0.129328075010791,0
32.358 sec,0.129328075010791,0
32.359 sec,0.129294177527989,0
32.36 sec,0.129260280367367,0
32.361 sec,0.129158590820669,0
32.362 sec,0.129124694950852,0
32.363 sec,0.129056904181091,0
32.364 sec,0.129056904181091,0
32.365 sec,0.129023009281563,0
32.366 sec,0.12898911470588,0
32.367 sec,0.128887432923988,0
32.368 sec,0.128819646692438,0
32.369 sec,0.128751861761265,0
32.37 sec,0.128684078132134,0
32.371 sec,0.128650186806355,0
32.372 sec,0.128650186806355,0
32.373 sec,0.128650186806355,0
32.374 sec,0.128616295806711,0
32.375 sec,0.12858240513341,0
32.376 sec,0.12858240513341,0
32.377 sec,0.12854851478666,0
32.378 sec,0.12854851478666,0
32.379 sec,0.128514624766669,0
32.38 sec,0.128514624766669,0
32.381 sec,0.128446845707798,0
32.382 sec,0.128514624766669,0
32.383 sec,0.128514624766669,0
32.384 sec,0.12854851478666,0
32.385 sec,0.12854851478666,0
32.386 sec,0.12858240513341,0
32.387 sec,0.128616295806711,0
32.388 sec,0.128650186806355,0
32.389 sec,0.128751861761265,0
32.39 sec,0.128751861761265,0
32.391 sec,0.1287857540642,0
32.392 sec,0.128819646692438,0
32.393 sec,0.12885353964577,0
32.394 sec,0.128887432923988,0
32.395 sec,0.12898911470588,0
32.396 sec,0.129023009281563,0
32.397 sec,0.129056904181091,0
32.398 sec,0.129090799404257,0
32.399 sec,0.129124694950852,0
32.4 sec,0.129158590820669,0
32.401 sec,0.129294177527989,0
32.402 sec,0.129294177527989,0
32.403 sec,0.129361972815567,0
32.404 sec,0.129361972815567,0
32.405 sec,0.129361972815567,0
32.406 sec,0.129361972815567,0
32.407 sec,0.129361972815567,0
32.408 sec,0.129361972815567,0
32.409 sec,0.129395870942106,0
32.41 sec,0.129395870942106,0
32.411 sec,0.129395870942106,0
32.412 sec,0.129395870942106,0
32.413 sec,0.129395870942106,0
32.414 sec,0.129361972815567,0
32.415 sec,0.129361972815567,0
32.416 sec,0.129395870942106,0
32.417 sec,0.129395870942106,0
32.418 sec,0.129395870942106,0
32.419 sec,0.129395870942106,0
32.42 sec,0.129361972815567,0
32.421 sec,0.129361972815567,0
32.422 sec,0.129361972815567,0
32.423 sec,0.129328075010791,0
32.424 sec,0.129260280367367,0
32.425 sec,0.129192487013499,0
32.426 sec,0.129124694950852,0
32.427 sec,0.129090799404257,0
32.428 sec,0.129056904181091,0
32.429 sec,0.129023009281563,0
32.43 sec,0.12898911470588,0
32.431 sec,0.128921326526885,0
32.432 sec,0.12885353964577,0
32.433 sec,0.1287857540642,0
32.434 sec,0.128751861761265,0
32.435 sec,0.128684078132134,0
32.436 sec,0.128684078132134,0
32.437 sec,0.128684078132134,0
32.438 sec,0.128616295806711,0
32.439 sec,0.12858240513341,0
32.44 sec,0.12858240513341,0
32.441 sec,0.12858240513341,0
32.442 sec,0.12858240513341,0
32.443 sec,0.12858240513341,0
32.444 sec,0.12858240513341,0
32.445 sec,0.12858240513341,0
32.446 sec,0.12858240513341,0
32.447 sec,0.12858240513341,0
32.448 sec,0.12858240513341,0
32.449 sec,0.128616295806711,0
32.45 sec,0.12858240513341,0
32.451 sec,0.128616295806711,0
32.452 sec,0.128650186806355,0
32.453 sec,0.128684078132134,0
32.454 sec,0.128751861761265,0
32.455 sec,0.1287857540642,0
32.456 sec,0.12885353964577,0
32.457 sec,0.128921326526885,0
32.458 sec,0.129023009281563,0
32.459 sec,0.129023009281563,0
32.46 sec,0.129056904181091,0
32.461 sec,0.129056904181091,0
32.462 sec,0.129056904181091,0
32.463 sec,0.129090799404257,0
32.464 sec,0.129158590820669,0
32.465 sec,0.129192487013499,0
32.466 sec,0.129260280367367,0
32.467 sec,0.129294177527989,0
32.468 sec,0.129294177527989,0
32.469 sec,0.129328075010791,0
32.47 sec,0.129395870942106,0
32.471 sec,0.129429769390203,0
32.472 sec,0.129429769390203,0
32.473 sec,0.129395870942106,0
32.474 sec,0.129361972815567,0
32.475 sec,0.129361972815567,0
32.476 sec,0.129361972815567,0
32.477 sec,0.129328075010791,0
32.478 sec,0.129361972815567,0
32.479 sec,0.129361972815567,0
32.48 sec,0.129361972815567,0
32.481 sec,0.129361972815567,0
32.482 sec,0.129361972815567,0
32.483 sec,0.129361972815567,0
32.484 sec,0.129328075010791,0
32.485 sec,0.129328075010791,0
32.486 sec,0.129328075010791,0
32.487 sec,0.129260280367367,0
32.488 sec,0.129192487013499,0
32.489 sec,0.129124694950852,0
32.49 sec,0.129056904181091,0
32.491 sec,0.129056904181091,0
32.492 sec,0.129023009281563,0
32.493 sec,0.129023009281563,0
32.494 sec,0.128887432923988,0
32.495 sec,0.128819646692438,0
32.496 sec,0.128751861761265,0
32.497 sec,0.128751861761265,0
32.498 sec,0.128751861761265,0
32.499 sec,0.128751861761265,0
32.5 sec,0.128684078132134,0
32.501 sec,0.128650186806355,0
32.502 sec,0.128616295806711,0
32.503 sec,0.128616295806711,0
32.504 sec,0.128616295806711,0
32.505 sec,0.128650186806355,0
32.506 sec,0.128650186806355,0
32.507 sec,0.128616295806711,0
32.508 sec,0.128650186806355,0
32.509 sec,0.128650186806355,0
32.51 sec,0.128684078132134,0
32.511 sec,0.128650186806355,0
32.512 sec,0.128684078132134,0
32.513 sec,0.128684078132134,0
32.514 sec,0.128684078132134,0
32.515 sec,0.128684078132134,0
32.516 sec,0.128684078132134,0
32.517 sec,0.128751861761265,0
32.518 sec,0.12885353964577,0
32.519 sec,0.128887432923988,0
32.52 sec,0.12898911470588,0
32.521 sec,0.129056904181091,0
32.522 sec,0.129023009281563,0
32.523 sec,0.129056904181091,0
32.524 sec,0.129056904181091,0
32.525 sec,0.129056904181091,0
32.526 sec,0.129090799404257,0
32.527 sec,0.129124694950852,0
32.528 sec,0.129192487013499,0
32.529 sec,0.129294177527989,0
32.53 sec,0.129328075010791,0
32.531 sec,0.129361972815567,0
32.532 sec,0.129361972815567,0
32.533 sec,0.129361972815567,0
32.534 sec,0.129361972815567,0
32.535 sec,0.129361972815567,0
32.536 sec,0.129361972815567,0
32.537 sec,0.129361972815567,0
32.538 sec,0.129361972815567,0
32.539 sec,0.129395870942106,0
32.54 sec,0.129395870942106,0
32.541 sec,0.129395870942106,0
32.542 sec,0.129361972815567,0
32.543 sec,0.129361972815567,0
32.544 sec,0.129361972815567,0
32.545 sec,0.129328075010791,0
32.546 sec,0.129260280367367,0
32.547 sec,0.129192487013499,0
32.548 sec,0.129158590820669,0
32.549 sec,0.129158590820669,0
32.55 sec,0.129124694950852,0
32.551 sec,0.129056904181091,0
32.552 sec,0.129056904181091,0
32.553 sec,0.129023009281563,0
32.554 sec,0.129023009281563,0
32.555 sec,0.129023009281563,0
32.556 sec,0.12898911470588,0
32.557 sec,0.128887432923988,0
32.558 sec,0.128819646692438,0
32.559 sec,0.128751861761265,0
32.56 sec,0.128684078132134,0
32.561 sec,0.128684078132134,0
32.562 sec,0.128684078132134,0
32.563 sec,0.128684078132134,0
32.564 sec,0.128650186806355,0
32.565 sec,0.128650186806355,0
32.566 sec,0.128616295806711,0
32.567 sec,0.128616295806711,0
32.568 sec,0.128650186806355,0
32.569 sec,0.128650186806355,0
32.57 sec,0.128684078132134,0
32.571 sec,0.128684078132134,0
32.572 sec,0.128684078132134,0
32.573 sec,0.128650186806355,0
32.574 sec,0.128650186806355,0
32.575 sec,0.128650186806355,0
32.576 sec,0.128684078132134,0
32.577 sec,0.128751861761265,0
32.578 sec,0.128751861761265,0
32.579 sec,0.128819646692438,0
32.58 sec,0.128819646692438,0
32.581 sec,0.128887432923988,0
32.582 sec,0.129023009281563,0
32.583 sec,0.129056904181091,0
32.584 sec,0.129056904181091,0
32.585 sec,0.129056904181091,0
32.586 sec,0.129056904181091,0
32.587 sec,0.129124694950852,0
32.588 sec,0.129158590820669,0
32.589 sec,0.129192487013499,0
32.59 sec,0.129260280367367,0
32.591 sec,0.129294177527989,0
32.592 sec,0.129328075010791,0
32.593 sec,0.129361972815567,0
32.594 sec,0.129328075010791,0
32.595 sec,0.129328075010791,0
32.596 sec,0.129328075010791,0
32.597 sec,0.129328075010791,0
32.598 sec,0.129328075010791,0
32.599 sec,0.129328075010791,0
32.6 sec,0.129328075010791,0
32.601 sec,0.129361972815567,0
32.602 sec,0.129328075010791,0
32.603 sec,0.129328075010791,0
32.604 sec,0.129328075010791,0
32.605 sec,0.129328075010791,0
32.606 sec,0.129260280367367,0
32.607 sec,0.129192487013499,0
32.608 sec,0.129124694950852,0
32.609 sec,0.129090799404257,0
32.61 sec,0.129056904181091,0
32.611 sec,0.129056904181091,0
32.612 sec,0.129023009281563,0
32.613 sec,0.129023009281563,0
32.614 sec,0.12898911470588,0
32.615 sec,0.12898911470588,0
32.616 sec,0.12898911470588,0
32.617 sec,0.128887432923988,0
32.618 sec,0.128819646692438,0
32.619 sec,0.128751861761265,0
32.62 sec,0.128751861761265,0
32.621 sec,0.128751861761265,0
32.622 sec,0.128751861761265,0
32.623 sec,0.128684078132134,0
32.624 sec,0.128650186806355,0
32.625 sec,0.128650186806355,0
32.626 sec,0.128684078132134,0
32.627 sec,0.128684078132134,0
32.628 sec,0.128751861761265,0
32.629 sec,0.128751861761265,0
32.63 sec,0.128650186806355,0
32.631 sec,0.128650186806355,0
32.632 sec,0.128650186806355,0
32.633 sec,0.128684078132134,0
32.634 sec,0.128684078132134,0
32.635 sec,0.128684078132134,0
32.636 sec,0.128751861761265,0
32.637 sec,0.1287857540642,0
32.638 sec,0.128819646692438,0
32.639 sec,0.12885353964577,0
32.64 sec,0.12885353964577,0
32.641 sec,0.128887432923988,0
32.642 sec,0.128921326526885,0
32.643 sec,0.12898911470588,0
32.644 sec,0.129056904181091,0
32.645 sec,0.129056904181091,0
32.646 sec,0.129056904181091,0
32.647 sec,0.129056904181091,0
32.648 sec,0.129090799404257,0
32.649 sec,0.129124694950852,0
32.65 sec,0.129158590820669,0
32.651 sec,0.129158590820669,0
32.652 sec,0.129192487013499,0
32.653 sec,0.129260280367367,0
32.654 sec,0.129328075010791,0
32.655 sec,0.129328075010791,0
32.656 sec,0.129328075010791,0
32.657 sec,0.129328075010791,0
32.658 sec,0.129328075010791,0
32.659 sec,0.129294177527989,0
32.66 sec,0.129294177527989,0
32.661 sec,0.129294177527989,0
32.662 sec,0.129260280367367,0
32.663 sec,0.129260280367367,0
32.664 sec,0.129260280367367,0
32.665 sec,0.129294177527989,0
32.666 sec,0.129260280367367,0
32.667 sec,0.129260280367367,0
32.668 sec,0.129158590820669,0
32.669 sec,0.129124694950852,0
32.67 sec,0.129090799404257,0
32.671 sec,0.129090799404257,0
32.672 sec,0.129056904181091,0
32.673 sec,0.129023009281563,0
32.674 sec,0.129023009281563,0
32.675 sec,0.12898911470588,0
32.676 sec,0.128921326526885,0
32.677 sec,0.128887432923988,0
32.678 sec,0.12885353964577,0
32.679 sec,0.1287857540642,0
32.68 sec,0.1287857540642,0
32.681 sec,0.128751861761265,0
32.682 sec,0.128751861761265,0
32.683 sec,0.128751861761265,0
32.684 sec,0.128751861761265,0
32.685 sec,0.128751861761265,0
32.686 sec,0.128751861761265,0
32.687 sec,0.128751861761265,0
32.688 sec,0.128684078132134,0
32.689 sec,0.128650186806355,0
32.69 sec,0.128650186806355,0
32.691 sec,0.128684078132134,0
32.692 sec,0.128650186806355,0
32.693 sec,0.128684078132134,0
32.694 sec,0.128684078132134,0
32.695 sec,0.128684078132134,0
32.696 sec,0.128751861761265,0
32.697 sec,0.1287857540642,0
32.698 sec,0.1287857540642,0
32.699 sec,0.128819646692438,0
32.7 sec,0.128887432923988,0
32.701 sec,0.12898911470588,0
32.702 sec,0.129056904181091,0
32.703 sec,0.129056904181091,0
32.704 sec,0.129056904181091,0
32.705 sec,0.129056904181091,0
32.706 sec,0.129090799404257,0
32.707 sec,0.129090799404257,0
32.708 sec,0.129090799404257,0
32.709 sec,0.129124694950852,0
32.71 sec,0.129158590820669,0
32.711 sec,0.129192487013499,0
32.712 sec,0.129192487013499,0
32.713 sec,0.129260280367367,0
32.714 sec,0.129294177527989,0
32.715 sec,0.129328075010791,0
32.716 sec,0.129328075010791,0
32.717 sec,0.129328075010791,0
32.718 sec,0.129328075010791,0
32.719 sec,0.129328075010791,0
32.72 sec,0.129328075010791,0
32.721 sec,0.129328075010791,0
32.722 sec,0.129328075010791,0
32.723 sec,0.129328075010791,0
32.724 sec,0.129294177527989,0
32.725 sec,0.129260280367367,0
32.726 sec,0.129158590820669,0
32.727 sec,0.129124694950852,0
32.728 sec,0.129090799404257,0
32.729 sec,0.129090799404257,0
32.73 sec,0.129090799404257,0
32.731 sec,0.129056904181091,0
32.732 sec,0.129056904181091,0
32.733 sec,0.129023009281563,0
32.734 sec,0.129056904181091,0
32.735 sec,0.12898911470588,0
32.736 sec,0.128921326526885,0
32.737 sec,0.12885353964577,0
32.738 sec,0.128819646692438,0
32.739 sec,0.128819646692438,0
32.74 sec,0.1287857540642,0
32.741 sec,0.1287857540642,0
32.742 sec,0.128751861761265,0
32.743 sec,0.128684078132134,0
32.744 sec,0.128684078132134,0
32.745 sec,0.128751861761265,0
32.746 sec,0.128751861761265,0
32.747 sec,0.128751861761265,0
32.748 sec,0.128751861761265,0
32.749 sec,0.128751861761265,0
32.75 sec,0.128751861761265,0
32.751 sec,0.128751861761265,0
32.752 sec,0.128751861761265,0
32.753 sec,0.128751861761265,0
32.754 sec,0.1287857540642,0
32.755 sec,0.128819646692438,0
32.756 sec,0.128887432923988,0
32.757 sec,0.128887432923988,0
32.758 sec,0.128921326526885,0
32.759 sec,0.12898911470588,0
32.76 sec,0.129023009281563,0
32.761 sec,0.129056904181091,0
32.762 sec,0.129056904181091,0
32.763 sec,0.129056904181091,0
32.764 sec,0.129056904181091,0
32.765 sec,0.129056904181091,0
32.766 sec,0.129124694950852,0
32.767 sec,0.129158590820669,0
32.768 sec,0.129192487013499,0
32.769 sec,0.129158590820669,0
32.77 sec,0.129158590820669,0
32.771 sec,0.129158590820669,0
32.772 sec,0.129158590820669,0
32.773 sec,0.129192487013499,0
32.774 sec,0.129260280367367,0
32.775 sec,0.129192487013499,0
32.776 sec,0.129260280367367,0
32.777 sec,0.129192487013499,0
32.778 sec,0.129260280367367,0
32.779 sec,0.129294177527989,0
32.78 sec,0.129260280367367,0
32.781 sec,0.129260280367367,0
32.782 sec,0.129192487013499,0
32.783 sec,0.129158590820669,0
32.784 sec,0.129158590820669,0
32.785 sec,0.129124694950852,0
32.786 sec,0.129090799404257,0
32.787 sec,0.129090799404257,0
32.788 sec,0.129056904181091,0
32.789 sec,0.129056904181091,0
32.79 sec,0.129056904181091,0
32.791 sec,0.129023009281563,0
32.792 sec,0.129023009281563,0
32.793 sec,0.129023009281563,0
32.794 sec,0.128921326526885,0
32.795 sec,0.128887432923988,0
32.796 sec,0.12885353964577,0
32.797 sec,0.128819646692438,0
32.798 sec,0.1287857540642,0
32.799 sec,0.128751861761265,0
32.8 sec,0.128751861761265,0
32.801 sec,0.128751861761265,0
32.802 sec,0.128751861761265,0
32.803 sec,0.128751861761265,0
32.804 sec,0.128751861761265,0
32.805 sec,0.128751861761265,0
32.806 sec,0.128751861761265,0
32.807 sec,0.1287857540642,0
32.808 sec,0.1287857540642,0
32.809 sec,0.128819646692438,0
32.81 sec,0.128819646692438,0
32.811 sec,0.128751861761265,0
32.812 sec,0.1287857540642,0
32.813 sec,0.12885353964577,0
32.814 sec,0.128921326526885,0
32.815 sec,0.12898911470588,0
32.816 sec,0.129023009281563,0
32.817 sec,0.129023009281563,0
32.818 sec,0.129023009281563,0
32.819 sec,0.129056904181091,0
32.82 sec,0.129056904181091,0
32.821 sec,0.129056904181091,0
32.822 sec,0.129056904181091,0
32.823 sec,0.129056904181091,0
32.824 sec,0.129090799404257,0
32.825 sec,0.129090799404257,0
32.826 sec,0.129090799404257,0
32.827 sec,0.129090799404257,0
32.828 sec,0.129124694950852,0
32.829 sec,0.129158590820669,0
32.83 sec,0.129158590820669,0
32.831 sec,0.129158590820669,0
32.832 sec,0.129192487013499,0
32.833 sec,0.129158590820669,0
32.834 sec,0.129260280367367,0
32.835 sec,0.129260280367367,0
32.836 sec,0.129294177527989,0
32.837 sec,0.129260280367367,0
32.838 sec,0.129158590820669,0
32.839 sec,0.129090799404257,0
32.84 sec,0.129090799404257,0
32.841 sec,0.129090799404257,0
32.842 sec,0.129090799404257,0
32.843 sec,0.129056904181091,0
32.844 sec,0.129056904181091,0
32.845 sec,0.129056904181091,0
32.846 sec,0.129023009281563,0
32.847 sec,0.129023009281563,0
32.848 sec,0.12898911470588,0
32.849 sec,0.12898911470588,0
32.85 sec,0.12898911470588,0
32.851 sec,0.128921326526885,0
32.852 sec,0.128921326526885,0
32.853 sec,0.12885353964577,0
32.854 sec,0.128819646692438,0
32.855 sec,0.128819646692438,0
32.856 sec,0.128819646692438,0
32.857 sec,0.128819646692438,0
32.858 sec,0.128819646692438,0
32.859 sec,0.12885353964577,0
32.86 sec,0.128819646692438,0
32.861 sec,0.128819646692438,0
32.862 sec,0.1287857540642,0
32.863 sec,0.1287857540642,0
32.864 sec,0.1287857540642,0
32.865 sec,0.128819646692438,0
32.866 sec,0.12885353964577,0
32.867 sec,0.12885353964577,0
32.868 sec,0.128887432923988,0
32.869 sec,0.128887432923988,0
32.87 sec,0.128887432923988,0
32.871 sec,0.12898911470588,0
32.872 sec,0.12898911470588,0
32.873 sec,0.12898911470588,0
32.874 sec,0.129023009281563,0
32.875 sec,0.129023009281563,0
32.876 sec,0.129056904181091,0
32.877 sec,0.129056904181091,0
32.878 sec,0.129056904181091,0
32.879 sec,0.129056904181091,0
32.88 sec,0.129056904181091,0
32.881 sec,0.129090799404257,0
32.882 sec,0.129090799404257,0
32.883 sec,0.129090799404257,0
32.884 sec,0.129124694950852,0
32.885 sec,0.129124694950852,0
32.886 sec,0.129124694950852,0
32.887 sec,0.129124694950852,0
32.888 sec,0.129124694950852,0
32.889 sec,0.129124694950852,0
32.89 sec,0.129124694950852,0
32.891 sec,0.129124694950852,0
32.892 sec,0.129124694950852,0
32.893 sec,0.129124694950852,0
32.894 sec,0.129124694950852,0
32.895 sec,0.129158590820669,0
32.896 sec,0.129124694950852,0
32.897 sec,0.129090799404257,0
32.898 sec,0.129056904181091,0
32.899 sec,0.129056904181091,0
32.9 sec,0.129056904181091,0
32.901 sec,0.129056904181091,0
32.902 sec,0.129056904181091,0
32.903 sec,0.129056904181091,0
32.904 sec,0.129056904181091,0
32.905 sec,0.129023009281563,0
32.906 sec,0.129023009281563,0
32.907 sec,0.129023009281563,0
32.908 sec,0.12898911470588,0
32.909 sec,0.128887432923988,0
32.91 sec,0.128819646692438,0
32.911 sec,0.128819646692438,0
32.912 sec,0.128819646692438,0
32.913 sec,0.12885353964577,0
32.914 sec,0.128819646692438,0
32.915 sec,0.128819646692438,0
32.916 sec,0.1287857540642,0
32.917 sec,0.1287857540642,0
32.918 sec,0.128819646692438,0
32.919 sec,0.128887432923988,0
32.92 sec,0.12885353964577,0
32.921 sec,0.12885353964577,0
32.922 sec,0.12885353964577,0
32.923 sec,0.12885353964577,0
32.924 sec,0.12885353964577,0
32.925 sec,0.128887432923988,0
32.926 sec,0.12898911470588,0
32.927 sec,0.129023009281563,0
32.928 sec,0.129023009281563,0
32.929 sec,0.129023009281563,0
32.93 sec,0.129056904181091,0
32.931 sec,0.129023009281563,0
32.932 sec,0.129023009281563,0
32.933 sec,0.129023009281563,0
32.934 sec,0.129090799404257,0
32.935 sec,0.129090799404257,0
32.936 sec,0.129124694950852,0
32.937 sec,0.129124694950852,0
32.938 sec,0.129090799404257,0
32.939 sec,0.129090799404257,0
32.94 sec,0.129056904181091,0
32.941 sec,0.129056904181091,0
32.942 sec,0.129090799404257,0
32.943 sec,0.129056904181091,0
32.944 sec,0.129090799404257,0
32.945 sec,0.129090799404257,0
32.946 sec,0.129090799404257,0
32.947 sec,0.129124694950852,0
32.948 sec,0.129124694950852,0
32.949 sec,0.129090799404257,0
32.95 sec,0.129056904181091,0
32.951 sec,0.129056904181091,0
32.952 sec,0.129023009281563,0
32.953 sec,0.129023009281563,0
32.954 sec,0.129023009281563,0
32.955 sec,0.129023009281563,0
32.956 sec,0.129023009281563,0
32.957 sec,0.129023009281563,0
32.958 sec,0.129023009281563,0
32.959 sec,0.129023009281563,0
32.96 sec,0.129023009281563,0
32.961 sec,0.12898911470588,0
32.962 sec,0.128887432923988,0
32.963 sec,0.128819646692438,0
32.964 sec,0.128819646692438,0
32.965 sec,0.128819646692438,0
32.966 sec,0.12885353964577,0
32.967 sec,0.12885353964577,0
32.968 sec,0.128887432923988,0
32.969 sec,0.12885353964577,0
32.97 sec,0.128887432923988,0
32.971 sec,0.128921326526885,0
32.972 sec,0.128921326526885,0
32.973 sec,0.128887432923988,0
32.974 sec,0.12885353964577,0
32.975 sec,0.128887432923988,0
32.976 sec,0.128887432923988,0
32.977 sec,0.128921326526885,0
32.978 sec,0.128921326526885,0
32.979 sec,0.12898911470588,0
32.98 sec,0.12898911470588,0
32.981 sec,0.12898911470588,0
32.982 sec,0.12898911470588,0
32.983 sec,0.12898911470588,0
32.984 sec,0.129023009281563,0
32.985 sec,0.129056904181091,0
32.986 sec,0.129056904181091,0
32.987 sec,0.129056904181091,0
32.988 sec,0.129056904181091,0
32.989 sec,0.129056904181091,0
32.99 sec,0.129023009281563,0
32.991 sec,0.129023009281563,0
32.992 sec,0.129023009281563,0
32.993 sec,0.129023009281563,0
32.994 sec,0.129056904181091,0
32.995 sec,0.129056904181091,0
32.996 sec,0.129056904181091,0
32.997 sec,0.129056904181091,0
32.998 sec,0.129056904181091,0
32.999 sec,0.129056904181091,0
33 sec,0.129090799404257,0
33.001 sec,0.129090799404257,0
33.002 sec,0.129124694950852,0
33.003 sec,0.129090799404257,0
33.004 sec,0.129090799404257,0
33.005 sec,0.129056904181091,0
33.006 sec,0.129056904181091,0
33.007 sec,0.129056904181091,0
33.008 sec,0.129056904181091,0
33.009 sec,0.129056904181091,0
33.01 sec,0.129023009281563,0
33.011 sec,0.129023009281563,0
33.012 sec,0.129023009281563,0
33.013 sec,0.129023009281563,0
33.014 sec,0.129023009281563,0
33.015 sec,0.129023009281563,0
33.016 sec,0.12898911470588,0
33.017 sec,0.128921326526885,0
33.018 sec,0.128921326526885,0
33.019 sec,0.12898911470588,0
33.02 sec,0.12898911470588,0
33.021 sec,0.12898911470588,0
33.022 sec,0.128921326526885,0
33.023 sec,0.128887432923988,0
33.024 sec,0.128921326526885,0
33.025 sec,0.128921326526885,0
33.026 sec,0.12898911470588,0
33.027 sec,0.12898911470588,0
33.028 sec,0.128921326526885,0
33.029 sec,0.128887432923988,0
33.03 sec,0.128921326526885,0
33.031 sec,0.128921326526885,0
33.032 sec,0.12898911470588,0
33.033 sec,0.12898911470588,0
33.034 sec,0.12898911470588,0
33.035 sec,0.12898911470588,0
33.036 sec,0.12898911470588,0
33.037 sec,0.12898911470588,0
33.038 sec,0.129023009281563,0
33.039 sec,0.129023009281563,0
33.04 sec,0.129023009281563,0
33.041 sec,0.129023009281563,0
33.042 sec,0.129023009281563,0
33.043 sec,0.129056904181091,0
33.044 sec,0.129056904181091,0
33.045 sec,0.129056904181091,0
33.046 sec,0.129056904181091,0
33.047 sec,0.129056904181091,0
33.048 sec,0.129056904181091,0
33.049 sec,0.129056904181091,0
33.05 sec,0.129056904181091,0
33.051 sec,0.129056904181091,0
33.052 sec,0.129056904181091,0
33.053 sec,0.129056904181091,0
33.054 sec,0.129056904181091,0
33.055 sec,0.129056904181091,0
33.056 sec,0.129056904181091,0
33.057 sec,0.129056904181091,0
33.058 sec,0.129056904181091,0
33.059 sec,0.129056904181091,0
33.06 sec,0.129056904181091,0
33.061 sec,0.129056904181091,0
33.062 sec,0.129056904181091,0
33.063 sec,0.129056904181091,0
33.064 sec,0.129056904181091,0
33.065 sec,0.129056904181091,0
33.066 sec,0.129056904181091,0
33.067 sec,0.129056904181091,0
33.068 sec,0.129023009281563,0
33.069 sec,0.129023009281563,0
33.07 sec,0.12898911470588,0
33.071 sec,0.12898911470588,0
33.072 sec,0.12898911470588,0
33.073 sec,0.12898911470588,0
33.074 sec,0.12898911470588,0
33.075 sec,0.128921326526885,0
33.076 sec,0.12898911470588,0
33.077 sec,0.12898911470588,0
33.078 sec,0.129023009281563,0
33.079 sec,0.12898911470588,0
33.08 sec,0.12898911470588,0
33.081 sec,0.12898911470588,0
33.082 sec,0.128921326526885,0
33.083 sec,0.128921326526885,0
33.084 sec,0.128921326526885,0
33.085 sec,0.128921326526885,0
33.086 sec,0.12898911470588,0
33.087 sec,0.129023009281563,0
33.088 sec,0.129023009281563,0
33.089 sec,0.129023009281563,0
33.09 sec,0.129023009281563,0
33.091 sec,0.129023009281563,0
33.092 sec,0.129023009281563,0
33.093 sec,0.129023009281563,0
33.094 sec,0.129023009281563,0
33.095 sec,0.129023009281563,0
33.096 sec,0.129023009281563,0
33.097 sec,0.129056904181091,0
33.098 sec,0.129056904181091,0
33.099 sec,0.129056904181091,0
33.1 sec,0.129056904181091,0
33.101 sec,0.129056904181091,0
33.102 sec,0.129056904181091,0
33.103 sec,0.129023009281563,0
33.104 sec,0.129023009281563,0
33.105 sec,0.129023009281563,0
33.106 sec,0.129056904181091,0
33.107 sec,0.129056904181091,0
33.108 sec,0.129056904181091,0
33.109 sec,0.129056904181091,0
33.11 sec,0.129056904181091,0
33.111 sec,0.129056904181091,0
33.112 sec,0.129056904181091,0
33.113 sec,0.129056904181091,0
33.114 sec,0.129056904181091,0
33.115 sec,0.129056904181091,0
33.116 sec,0.129056904181091,0
33.117 sec,0.129056904181091,0
33.118 sec,0.129023009281563,0
33.119 sec,0.12898911470588,0
33.12 sec,0.12898911470588,0
33.121 sec,0.129023009281563,0
33.122 sec,0.129023009281563,0
33.123 sec,0.129023009281563,0
33.124 sec,0.129023009281563,0
33.125 sec,0.129023009281563,0
33.126 sec,0.129023009281563,0
33.127 sec,0.129023009281563,0
33.128 sec,0.129023009281563,0
33.129 sec,0.129023009281563,0
33.13 sec,0.128921326526885,0
33.131 sec,0.128921326526885,0
33.132 sec,0.128921326526885,0
33.133 sec,0.128887432923988,0
33.134 sec,0.128921326526885,0
33.135 sec,0.128921326526885,0
33.136 sec,0.12898911470588,0
33.137 sec,0.129023009281563,0
33.138 sec,0.129056904181091,0.00372960372960373
33.139 sec,0.129023009281563,0
33.14 sec,0.129023009281563,0
33.141 sec,0.129023009281563,0
33.142 sec,0.129056904181091,0
33.143 sec,0.129056904181091,0
33.144 sec,0.129056904181091,0
33.145 sec,0.129056904181091,0
33.146 sec,0.129056904181091,0
33.147 sec,0.129056904181091,0
33.148 sec,0.129056904181091,0
33.149 sec,0.129056904181091,0
33.15 sec,0.129056904181091,0
33.151 sec,0.129056904181091,0
33.152 sec,0.129056904181091,0
33.153 sec,0.129056904181091,0
33.154 sec,0.129056904181091,0
33.155 sec,0.129056904181091,0
33.156 sec,0.129056904181091,0
33.157 sec,0.129056904181091,0
33.158 sec,0.129056904181091,0
33.159 sec,0.129023009281563,0
33.16 sec,0.129023009281563,0
33.161 sec,0.129023009281563,0
33.162 sec,0.129023009281563,0
33.163 sec,0.129023009281563,0
33.164 sec,0.129056904181091,0
33.165 sec,0.129056904181091,0
33.166 sec,0.129056904181091,0
33.167 sec,0.129056904181091,0
33.168 sec,0.129056904181091,0
33.169 sec,0.129056904181091,0
33.17 sec,0.129056904181091,0
33.171 sec,0.129056904181091,0
33.172 sec,0.129056904181091,0
33.173 sec,0.129023009281563,0
33.174 sec,0.129023009281563,0
33.175 sec,0.129023009281563,0
33.176 sec,0.129023009281563,0
33.177 sec,0.129023009281563,0
33.178 sec,0.129023009281563,0
33.179 sec,0.129056904181091,0
33.18 sec,0.129023009281563,0
33.181 sec,0.129023009281563,0
33.182 sec,0.129023009281563,0
33.183 sec,0.129023009281563,0
33.184 sec,0.129023009281563,0
33.185 sec,0.129056904181091,0
33.186 sec,0.129056904181091,0
33.187 sec,0.129023009281563,0
33.188 sec,0.129023009281563,0
33.189 sec,0.129023009281563,0
33.19 sec,0.129023009281563,0
33.191 sec,0.129056904181091,0
33.192 sec,0.129023009281563,0
33.193 sec,0.129023009281563,0
33.194 sec,0.129023009281563,0
33.195 sec,0.129023009281563,0
33.196 sec,0.129023009281563,0
33.197 sec,0.129023009281563,0
33.198 sec,0.129023009281563,0
33.199 sec,0.129023009281563,0
33.2 sec,0.129023009281563,0
33.201 sec,0.129023009281563,0
33.202 sec,0.129023009281563,0
33.203 sec,0.129056904181091,0
33.204 sec,0.129056904181091,0
33.205 sec,0.129056904181091,0
33.206 sec,0.129023009281563,0
33.207 sec,0.129023009281563,0
33.208 sec,0.129023009281563,0
33.209 sec,0.129056904181091,0
33.21 sec,0.129056904181091,0
33.211 sec,0.129056904181091,0
33.212 sec,0.129056904181091,0
33.213 sec,0.129056904181091,0
33.214 sec,0.129056904181091,0
33.215 sec,0.129056904181091,0
33.216 sec,0.129056904181091,0
33.217 sec,0.129023009281563,0
33.218 sec,0.129023009281563,0
33.219 sec,0.129023009281563,0
33.22 sec,0.129023009281563,0
33.221 sec,0.129056904181091,0
33.222 sec,0.129056904181091,0
33.223 sec,0.129056904181091,0
33.224 sec,0.129056904181091,0
33.225 sec,0.129056904181091,0
33.226 sec,0.129056904181091,0
33.227 sec,0.129023009281563,0
33.228 sec,0.129023009281563,0
33.229 sec,0.129023009281563,0
33.23 sec,0.129023009281563,0
33.231 sec,0.129023009281563,0
33.232 sec,0.129023009281563,0
33.233 sec,0.129023009281563,0
33.234 sec,0.129023009281563,0
33.235 sec,0.129056904181091,0
33.236 sec,0.129056904181091,0
33.237 sec,0.129023009281563,0
33.238 sec,0.129023009281563,0
33.239 sec,0.129023009281563,0
33.24 sec,0.129023009281563,0
33.241 sec,0.129056904181091,0
33.242 sec,0.129056904181091,0
33.243 sec,0.129056904181091,0
33.244 sec,0.129056904181091,0
33.245 sec,0.129023009281563,0
33.246 sec,0.129023009281563,0
33.247 sec,0.129023009281563,0
33.248 sec,0.129056904181091,0
33.249 sec,0.129023009281563,0
33.25 sec,0.129023009281563,0
33.251 sec,0.129023009281563,0
33.252 sec,0.129023009281563,0
33.253 sec,0.129056904181091,0
33.254 sec,0.129056904181091,0
33.255 sec,0.129056904181091,0
33.256 sec,0.129056904181091,0
33.257 sec,0.129056904181091,0
33.258 sec,0.129023009281563,0
33.259 sec,0.129023009281563,0
33.26 sec,0.129023009281563,0
33.261 sec,0.129056904181091,0
33.262 sec,0.129056904181091,0
33.263 sec,0.129056904181091,0
33.264 sec,0.129056904181091,0
33.265 sec,0.129023009281563,0
33.266 sec,0.12898911470588,0
33.267 sec,0.12898911470588,0
33.268 sec,0.129023009281563,0
33.269 sec,0.129023009281563,0
33.27 sec,0.129023009281563,0
33.271 sec,0.129023009281563,0
33.272 sec,0.129023009281563,0
33.273 sec,0.129023009281563,0
33.274 sec,0.129023009281563,0
33.275 sec,0.129023009281563,0
33.276 sec,0.129023009281563,0
33.277 sec,0.129023009281563,0
33.278 sec,0.129056904181091,0
33.279 sec,0.129056904181091,0
33.28 sec,0.129056904181091,0
33.281 sec,0.129023009281563,0
33.282 sec,0.129023009281563,0
33.283 sec,0.12898911470588,0
33.284 sec,0.12898911470588,0
33.285 sec,0.129023009281563,0
33.286 sec,0.129023009281563,0
33.287 sec,0.129056904181091,0
33.288 sec,0.129056904181091,0
33.289 sec,0.129056904181091,0
33.29 sec,0.129056904181091,0
33.291 sec,0.129023009281563,0
33.292 sec,0.129023009281563,0
33.293 sec,0.129023009281563,0
33.294 sec,0.129023009281563,0
33.295 sec,0.129023009281563,0
33.296 sec,0.129023009281563,0
33.297 sec,0.129023009281563,0
33.298 sec,0.129023009281563,0
33.299 sec,0.129056904181091,0
33.3 sec,0.129056904181091,0
33.301 sec,0.129056904181091,0
33.302 sec,0.129023009281563,0
33.303 sec,0.129023009281563,0
33.304 sec,0.129023009281563,0
33.305 sec,0.129023009281563,0
33.306 sec,0.129023009281563,0
33.307 sec,0.129056904181091,0
33.308 sec,0.129023009281563,0
33.309 sec,0.12898911470588,0
33.31 sec,0.12898911470588,0
33.311 sec,0.12898911470588,0
33.312 sec,0.129023009281563,0
33.313 sec,0.129023009281563,0
33.314 sec,0.129023009281563,0
33.315 sec,0.129056904181091,0
33.316 sec,0.129023009281563,0
33.317 sec,0.129023009281563,0
33.318 sec,0.129023009281563,0
33.319 sec,0.129023009281563,0
33.32 sec,0.129023009281563,0
33.321 sec,0.129023009281563,0
33.322 sec,0.129023009281563,0
33.323 sec,0.129023009281563,0
33.324 sec,0.129056904181091,0
33.325 sec,0.129056904181091,0
33.326 sec,0.129056904181091,0
33.327 sec,0.129023009281563,0
33.328 sec,0.129023009281563,0
33.329 sec,0.12898911470588,0
33.33 sec,0.12898911470588,0
33.331 sec,0.129023009281563,0
33.332 sec,0.129023009281563,0
33.333 sec,0.129056904181091,0
33.334 sec,0.129056904181091,0
33.335 sec,0.129056904181091,0
33.336 sec,0.129056904181091,0
33.337 sec,0.129056904181091,0
33.338 sec,0.129056904181091,0
33.339 sec,0.129056904181091,0
33.34 sec,0.129056904181091,0
33.341 sec,0.129056904181091,0
33.342 sec,0.129023009281563,0
33.343 sec,0.129023009281563,0
33.344 sec,0.129023009281563,0
33.345 sec,0.129056904181091,0
33.346 sec,0.129056904181091,0
33.347 sec,0.129056904181091,0
33.348 sec,0.129023009281563,0
33.349 sec,0.12898911470588,0
33.35 sec,0.129023009281563,0
33.351 sec,0.129023009281563,0
33.352 sec,0.129023009281563,0
33.353 sec,0.129023009281563,0
33.354 sec,0.129023009281563,0
33.355 sec,0.129056904181091,0
33.356 sec,0.129023009281563,0
33.357 sec,0.129023009281563,0
33.358 sec,0.129023009281563,0
33.359 sec,0.129023009281563,0
33.36 sec,0.129056904181091,0
33.361 sec,0.129056904181091,0
33.362 sec,0.129056904181091,0
33.363 sec,0.129056904181091,0
33.364 sec,0.129056904181091,0
33.365 sec,0.129056904181091,0
33.366 sec,0.129056904181091,0
33.367 sec,0.129023009281563,0
33.368 sec,0.129023009281563,0
33.369 sec,0.129023009281563,0
33.37 sec,0.129023009281563,0
33.371 sec,0.129023009281563,0
33.372 sec,0.129023009281563,0
33.373 sec,0.129023009281563,0
33.374 sec,0.129023009281563,0
33.375 sec,0.129023009281563,0
33.376 sec,0.129023009281563,0
33.377 sec,0.129023009281563,0
33.378 sec,0.129023009281563,0
33.379 sec,0.129023009281563,0
33.38 sec,0.129023009281563,0
33.381 sec,0.129056904181091,0
33.382 sec,0.129023009281563,0
33.383 sec,0.129023009281563,0
33.384 sec,0.129023009281563,0
33.385 sec,0.129056904181091,0
33.386 sec,0.129023009281563,0
33.387 sec,0.129023009281563,0
33.388 sec,0.129023009281563,0
33.389 sec,0.129056904181091,0
33.39 sec,0.129056904181091,0
33.391 sec,0.129056904181091,0
33.392 sec,0.129056904181091,0
33.393 sec,0.129056904181091,0
33.394 sec,0.129056904181091,0
33.395 sec,0.129056904181091,0
33.396 sec,0.129056904181091,0
33.397 sec,0.129056904181091,0
33.398 sec,0.129056904181091,0
33.399 sec,0.129056904181091,0
33.4 sec,0.129056904181091,0
33.401 sec,0.129056904181091,0
33.402 sec,0.129056904181091,0
33.403 sec,0.129023009281563,0
33.404 sec,0.129023009281563,0
33.405 sec,0.129023009281563,0
33.406 sec,0.129056904181091,0
33.407 sec,0.129023009281563,0
33.408 sec,0.129023009281563,0
33.409 sec,0.129023009281563,0
33.41 sec,0.129023009281563,0
33.411 sec,0.129056904181091,0
33.412 sec,0.129023009281563,0
33.413 sec,0.129023009281563,0
33.414 sec,0.129023009281563,0
33.415 sec,0.129056904181091,0
33.416 sec,0.129056904181091,0
33.417 sec,0.129056904181091,0
33.418 sec,0.129056904181091,0
33.419 sec,0.129056904181091,0
33.42 sec,0.129056904181091,0
33.421 sec,0.129056904181091,0
33.422 sec,0.129056904181091,0
33.423 sec,0.129023009281563,0
33.424 sec,0.12898911470588,0
33.425 sec,0.12898911470588,0
33.426 sec,0.12898911470588,0
33.427 sec,0.12898911470588,0
33.428 sec,0.129023009281563,0
33.429 sec,0.129023009281563,0
33.43 sec,0.129023009281563,0
33.431 sec,0.129023009281563,0
33.432 sec,0.129023009281563,0
33.433 sec,0.129023009281563,0
33.434 sec,0.129023009281563,0
33.435 sec,0.129056904181091,0
33.436 sec,0.129056904181091,0
33.437 sec,0.129056904181091,0
33.438 sec,0.129056904181091,0
33.439 sec,0.129056904181091,0
33.44 sec,0.129056904181091,0
33.441 sec,0.129056904181091,0
33.442 sec,0.129056904181091,0
33.443 sec,0.129056904181091,0
33.444 sec,0.129056904181091,0
33.445 sec,0.129056904181091,0
33.446 sec,0.129056904181091,0
33.447 sec,0.129056904181091,0
33.448 sec,0.129056904181091,0
33.449 sec,0.129056904181091,0
33.45 sec,0.129056904181091,0
33.451 sec,0.129023009281563,0
33.452 sec,0.129023009281563,0
33.453 sec,0.129023009281563,0
33.454 sec,0.129023009281563,0
33.455 sec,0.129023009281563,0
33.456 sec,0.129056904181091,0
33.457 sec,0.129056904181091,0
33.458 sec,0.129023009281563,0
33.459 sec,0.129023009281563,0
33.46 sec,0.129023009281563,0
33.461 sec,0.129023009281563,0
33.462 sec,0.129056904181091,0
33.463 sec,0.129056904181091,0
33.464 sec,0.129056904181091,0
33.465 sec,0.129056904181091,0
33.466 sec,0.129023009281563,0
33.467 sec,0.129023009281563,0
33.468 sec,0.129023009281563,0
33.469 sec,0.129023009281563,0
33.47 sec,0.129023009281563,0
33.471 sec,0.129023009281563,0
33.472 sec,0.129023009281563,0
33.473 sec,0.129056904181091,0
33.474 sec,0.129056904181091,0
33.475 sec,0.129056904181091,0
33.476 sec,0.129056904181091,0
33.477 sec,0.129056904181091,0
33.478 sec,0.129056904181091,0
33.479 sec,0.129023009281563,0
33.48 sec,0.129023009281563,0
33.481 sec,0.129056904181091,0
33.482 sec,0.129023009281563,0
33.483 sec,0.129056904181091,0
33.484 sec,0.129023009281563,0
33.485 sec,0.129023009281563,0
33.486 sec,0.129023009281563,0
33.487 sec,0.129023009281563,0
33.488 sec,0.129023009281563,0
33.489 sec,0.129023009281563,0
33.49 sec,0.129023009281563,0
33.491 sec,0.129056904181091,0
33.492 sec,0.129056904181091,0
33.493 sec,0.129056904181091,0
33.494 sec,0.129023009281563,0
33.495 sec,0.129056904181091,0
33.496 sec,0.129023009281563,0
33.497 sec,0.129023009281563,0
33.498 sec,0.129023009281563,0
33.499 sec,0.129056904181091,0
33.5 sec,0.129023009281563,0
33.501 sec,0.129023009281563,0
33.502 sec,0.129023009281563,0
33.503 sec,0.129023009281563,0
33.504 sec,0.129023009281563,0
33.505 sec,0.129023009281563,0
33.506 sec,0.129023009281563,0
33.507 sec,0.129023009281563,0
33.508 sec,0.129023009281563,0
33.509 sec,0.129023009281563,0
33.51 sec,0.129056904181091,0
33.511 sec,0.129056904181091,0
33.512 sec,0.129056904181091,0
33.513 sec,0.129056904181091,0
33.514 sec,0.129023009281563,0
33.515 sec,0.129023009281563,0
33.516 sec,0.129023009281563,0
33.517 sec,0.12898911470588,0
33.518 sec,0.129023009281563,0
33.519 sec,0.129023009281563,0
33.52 sec,0.129056904181091,0
33.521 sec,0.129023009281563,0
33.522 sec,0.129056904181091,0
33.523 sec,0.129023009281563,0
33.524 sec,0.129056904181091,0
33.525 sec,0.129023009281563,0
33.526 sec,0.129023009281563,0
33.527 sec,0.129023009281563,0
33.528 sec,0.12898911470588,0
33.529 sec,0.129023009281563,0
33.53 sec,0.129023009281563,0
33.531 sec,0.129056904181091,0
33.532 sec,0.129056904181091,0
33.533 sec,0.129056904181091,0
33.534 sec,0.129023009281563,0
33.535 sec,0.129056904181091,0
33.536 sec,0.129023009281563,0
33.537 sec,0.129023009281563,0
33.538 sec,0.129023009281563,0
33.539 sec,0.12898911470588,0
33.54 sec,0.129023009281563,0
33.541 sec,0.12898911470588,0
33.542 sec,0.129023009281563,0
33.543 sec,0.129023009281563,0
33.544 sec,0.129056904181091,0
33.545 sec,0.129056904181091,0
33.546 sec,0.129056904181091,0
33.547 sec,0.129023009281563,0
33.548 sec,0.129023009281563,0
33.549 sec,0.129023009281563,0
33.55 sec,0.129023009281563,0
33.551 sec,0.129023009281563,0
33.552 sec,0.129023009281563,0
33.553 sec,0.129023009281563,0
33.554 sec,0.129023009281563,0
33.555 sec,0.129023009281563,0
33.556 sec,0.129023009281563,0
33.557 sec,0.129023009281563,0
33.558 sec,0.129023009281563,0
33.559 sec,0.129023009281563,0
33.56 sec,0.129023009281563,0
33.561 sec,0.129023009281563,0
33.562 sec,0.129023009281563,0
33.563 sec,0.129023009281563,0
33.564 sec,0.129023009281563,0
33.565 sec,0.129023009281563,0
33.566 sec,0.129023009281563,0
33.567 sec,0.129023009281563,0
33.568 sec,0.129023009281563,0
33.569 sec,0.129023009281563,0
33.57 sec,0.129023009281563,0
33.571 sec,0.129056904181091,0
33.572 sec,0.129056904181091,0
33.573 sec,0.129056904181091,0
33.574 sec,0.129056904181091,0
33.575 sec,0.129056904181091,0
33.576 sec,0.129056904181091,0
33.577 sec,0.129056904181091,0
33.578 sec,0.129023009281563,0
33.579 sec,0.129023009281563,0
33.58 sec,0.129023009281563,0
33.581 sec,0.129023009281563,0
33.582 sec,0.129023009281563,0
33.583 sec,0.129023009281563,0
33.584 sec,0.129056904181091,0
33.585 sec,0.129023009281563,0
33.586 sec,0.129023009281563,0
33.587 sec,0.129023009281563,0
33.588 sec,0.12898911470588,0
33.589 sec,0.129023009281563,0
33.59 sec,0.129023009281563,0
33.591 sec,0.129056904181091,0
33.592 sec,0.129056904181091,0
33.593 sec,0.129056904181091,0
33.594 sec,0.129023009281563,0
33.595 sec,0.129023009281563,0
33.596 sec,0.129023009281563,0
33.597 sec,0.129023009281563,0
33.598 sec,0.129056904181091,0
33.599 sec,0.129090799404257,0
33.6 sec,0.129056904181091,0
33.601 sec,0.129056904181091,0
33.602 sec,0.129056904181091,0
33.603 sec,0.129056904181091,0
33.604 sec,0.129056904181091,0
33.605 sec,0.129023009281563,0
33.606 sec,0.129023009281563,0
33.607 sec,0.129023009281563,0
33.608 sec,0.129056904181091,0
33.609 sec,0.129056904181091,0
33.61 sec,0.129056904181091,0
33.611 sec,0.129056904181091,0
33.612 sec,0.129056904181091,0
33.613 sec,0.129056904181091,0
33.614 sec,0.129056904181091,0
33.615 sec,0.129056904181091,0
33.616 sec,0.129056904181091,0
33.617 sec,0.129056904181091,0
33.618 sec,0.129056904181091,0
33.619 sec,0.129056904181091,0
33.62 sec,0.129056904181091,0
33.621 sec,0.129056904181091,0
33.622 sec,0.129056904181091,0
33.623 sec,0.129056904181091,0
33.624 sec,0.129056904181091,0
33.625 sec,0.129056904181091,0
33.626 sec,0.129056904181091,0
33.627 sec,0.129056904181091,0
33.628 sec,0.129056904181091,0
33.629 sec,0.129056904181091,0
33.63 sec,0.129056904181091,0
33.631 sec,0.129056904181091,0
33.632 sec,0.129056904181091,0
33.633 sec,0.129056904181091,0
33.634 sec,0.129056904181091,0
33.635 sec,0.129056904181091,0
33.636 sec,0.129056904181091,0
33.637 sec,0.129023009281563,0
33.638 sec,0.129023009281563,0
33.639 sec,0.12898911470588,0
33.64 sec,0.129023009281563,0
33.641 sec,0.129023009281563,0
33.642 sec,0.129023009281563,0
33.643 sec,0.129023009281563,0
33.644 sec,0.129056904181091,0
33.645 sec,0.129056904181091,0
33.646 sec,0.129023009281563,0
33.647 sec,0.129023009281563,0
33.648 sec,0.129023009281563,0
33.649 sec,0.129023009281563,0
33.65 sec,0.129023009281563,0
33.651 sec,0.129023009281563,0
33.652 sec,0.129023009281563,0
33.653 sec,0.129056904181091,0
33.654 sec,0.129056904181091,0
33.655 sec,0.129056904181091,0
33.656 sec,0.129056904181091,0
33.657 sec,0.129023009281563,0
33.658 sec,0.129023009281563,0
33.659 sec,0.129023009281563,0
33.66 sec,0.129023009281563,0
33.661 sec,0.129023009281563,0
33.662 sec,0.129023009281563,0
33.663 sec,0.129056904181091,0
33.664 sec,0.129023009281563,0
33.665 sec,0.129023009281563,0
33.666 sec,0.129056904181091,0
33.667 sec,0.129056904181091,0
33.668 sec,0.129056904181091,0
33.669 sec,0.129056904181091,0
33.67 sec,0.129056904181091,0
33.671 sec,0.129056904181091,0
33.672 sec,0.129056904181091,0
33.673 sec,0.129056904181091,0
33.674 sec,0.129056904181091,0
33.675 sec,0.129056904181091,0
33.676 sec,0.129056904181091,0
33.677 sec,0.129056904181091,0
33.678 sec,0.129056904181091,0
33.679 sec,0.129023009281563,0
33.68 sec,0.129023009281563,0
33.681 sec,0.129023009281563,0
33.682 sec,0.129023009281563,0
33.683 sec,0.129056904181091,0
33.684 sec,0.129090799404257,0
33.685 sec,0.129090799404257,0
33.686 sec,0.129056904181091,0
33.687 sec,0.129056904181091,0
33.688 sec,0.129056904181091,0
33.689 sec,0.129056904181091,0
33.69 sec,0.129056904181091,0
33.691 sec,0.129056904181091,0
33.692 sec,0.129056904181091,0
33.693 sec,0.129056904181091,0
33.694 sec,0.129056904181091,0
33.695 sec,0.129056904181091,0
33.696 sec,0.129056904181091,0
33.697 sec,0.129056904181091,0
33.698 sec,0.129056904181091,0
33.699 sec,0.129056904181091,0
33.7 sec,0.129056904181091,0
33.701 sec,0.129056904181091,0
33.702 sec,0.129056904181091,0
33.703 sec,0.129056904181091,0
33.704 sec,0.129056904181091,0
33.705 sec,0.129056904181091,0
33.706 sec,0.129023009281563,0
33.707 sec,0.129056904181091,0
33.708 sec,0.129023009281563,0
33.709 sec,0.129056904181091,0
33.71 sec,0.129056904181091,0
33.711 sec,0.129023009281563,0
33.712 sec,0.129056904181091,0
33.713 sec,0.129056904181091,0
33.714 sec,0.129056904181091,0
33.715 sec,0.129023009281563,0
33.716 sec,0.129023009281563,0
33.717 sec,0.129056904181091,0
33.718 sec,0.129056904181091,0
33.719 sec,0.129056904181091,0
33.72 sec,0.129056904181091,0
33.721 sec,0.129023009281563,0
33.722 sec,0.129056904181091,0
33.723 sec,0.129056904181091,0
33.724 sec,0.129056904181091,0
33.725 sec,0.129056904181091,0
33.726 sec,0.129056904181091,0
33.727 sec,0.129023009281563,0
33.728 sec,0.129023009281563,0
33.729 sec,0.129023009281563,0
33.73 sec,0.129023009281563,0
33.731 sec,0.129056904181091,0
33.732 sec,0.129056904181091,0
33.733 sec,0.129056904181091,0
33.734 sec,0.129023009281563,0
33.735 sec,0.129023009281563,0
33.736 sec,0.129023009281563,0
33.737 sec,0.129023009281563,0
33.738 sec,0.129023009281563,0
33.739 sec,0.129056904181091,0
33.74 sec,0.129056904181091,0
33.741 sec,0.129056904181091,0
33.742 sec,0.129056904181091,0
33.743 sec,0.129056904181091,0
33.744 sec,0.129056904181091,0
33.745 sec,0.129056904181091,0
33.746 sec,0.129023009281563,0
33.747 sec,0.129023009281563,0
33.748 sec,0.129023009281563,0
33.749 sec,0.12898911470588,0
33.75 sec,0.12898911470588,0
33.751 sec,0.12898911470588,0
33.752 sec,0.129023009281563,0
33.753 sec,0.129056904181091,0
33.754 sec,0.129056904181091,0
33.755 sec,0.129056904181091,0
33.756 sec,0.129056904181091,0
33.757 sec,0.129056904181091,0
33.758 sec,0.129056904181091,0
33.759 sec,0.129056904181091,0
33.76 sec,0.129023009281563,0
33.761 sec,0.129023009281563,0
33.762 sec,0.129023009281563,0
33.763 sec,0.129023009281563,0
33.764 sec,0.129023009281563,0
33.765 sec,0.129023009281563,0
33.766 sec,0.129056904181091,0
33.767 sec,0.129056904181091,0
33.768 sec,0.129056904181091,0
33.769 sec,0.129056904181091,0
33.77 sec,0.129056904181091,0
33.771 sec,0.129056904181091,0
33.772 sec,0.129056904181091,0
33.773 sec,0.129056904181091,0
33.774 sec,0.129056904181091,0
33.775 sec,0.129056904181091,0
33.776 sec,0.129023009281563,0
33.777 sec,0.129056904181091,0
33.778 sec,0.129056904181091,0
33.779 sec,0.129056904181091,0
33.78 sec,0.129023009281563,0
33.781 sec,0.129023009281563,0
33.782 sec,0.129023009281563,0
33.783 sec,0.129023009281563,0
33.784 sec,0.129023009281563,0
33.785 sec,0.129056904181091,0
33.786 sec,0.129056904181091,0
33.787 sec,0.129056904181091,0
33.788 sec,0.129056904181091,0
33.789 sec,0.129056904181091,0
33.79 sec,0.129056904181091,0
33.791 sec,0.129056904181091,0
33.792 sec,0.129056904181091,0
33.793 sec,0.129056904181091,0
33.794 sec,0.129056904181091,0
33.795 sec,0.129056904181091,0
33.796 sec,0.129023009281563,0
33.797 sec,0.129056904181091,0
33.798 sec,0.129056904181091,0
33.799 sec,0.129056904181091,0
33.8 sec,0.129056904181091,0
33.801 sec,0.129056904181091,0
33.802 sec,0.129056904181091,0
33.803 sec,0.129056904181091,0
33.804 sec,0.129056904181091,0
33.805 sec,0.129056904181091,0
33.806 sec,0.129056904181091,0
33.807 sec,0.129056904181091,0
33.808 sec,0.129023009281563,0
33.809 sec,0.129023009281563,0
33.81 sec,0.129023009281563,0
33.811 sec,0.129023009281563,0
33.812 sec,0.129056904181091,0
33.813 sec,0.129056904181091,0
33.814 sec,0.129056904181091,0
33.815 sec,0.129056904181091,0
33.816 sec,0.129023009281563,0
33.817 sec,0.129023009281563,0
33.818 sec,0.129023009281563,0
33.819 sec,0.129023009281563,0
33.82 sec,0.129023009281563,0
33.821 sec,0.129023009281563,0
33.822 sec,0.129023009281563,0
33.823 sec,0.129023009281563,0
33.824 sec,0.129023009281563,0
33.825 sec,0.129023009281563,0
33.826 sec,0.129056904181091,0
33.827 sec,0.129056904181091,0
33.828 sec,0.129056904181091,0
33.829 sec,0.129056904181091,0
33.83 sec,0.129056904181091,0
33.831 sec,0.129056904181091,0
33.832 sec,0.129056904181091,0
33.833 sec,0.129056904181091,0
33.834 sec,0.129056904181091,0
33.835 sec,0.129056904181091,0
33.836 sec,0.129023009281563,0
33.837 sec,0.129023009281563,0
33.838 sec,0.129056904181091,0
33.839 sec,0.129056904181091,0
33.84 sec,0.129056904181091,0
33.841 sec,0.129056904181091,0
33.842 sec,0.129056904181091,0
33.843 sec,0.129023009281563,0
33.844 sec,0.129056904181091,0
33.845 sec,0.129056904181091,0
33.846 sec,0.129056904181091,0
33.847 sec,0.129023009281563,0
33.848 sec,0.129023009281563,0
33.849 sec,0.12898911470588,0
33.85 sec,0.129023009281563,0
33.851 sec,0.129056904181091,0
33.852 sec,0.129023009281563,0
33.853 sec,0.129023009281563,0
33.854 sec,0.129056904181091,0
33.855 sec,0.129056904181091,0
33.856 sec,0.129056904181091,0
33.857 sec,0.129023009281563,0
33.858 sec,0.129023009281563,0
33.859 sec,0.129056904181091,0
33.86 sec,0.129056904181091,0
33.861 sec,0.129023009281563,0
33.862 sec,0.129023009281563,0
33.863 sec,0.129023009281563,0
33.864 sec,0.129056904181091,0
33.865 sec,0.129056904181091,0
33.866 sec,0.129056904181091,0
33.867 sec,0.129056904181091,0
33.868 sec,0.129056904181091,0
33.869 sec,0.129056904181091,0
33.87 sec,0.129056904181091,0
33.871 sec,0.129023009281563,0
33.872 sec,0.129023009281563,0
33.873 sec,0.129023009281563,0
33.874 sec,0.129023009281563,0
33.875 sec,0.129023009281563,0
33.876 sec,0.129023009281563,0
33.877 sec,0.129056904181091,0
33.878 sec,0.129056904181091,0
33.879 sec,0.129056904181091,0
33.88 sec,0.129056904181091,0
33.881 sec,0.129056904181091,0
33.882 sec,0.129056904181091,0
33.883 sec,0.129056904181091,0
33.884 sec,0.129056904181091,0
33.885 sec,0.129056904181091,0
33.886 sec,0.129056904181091,0
33.887 sec,0.129056904181091,0
33.888 sec,0.129056904181091,0
33.889 sec,0.129056904181091,0
33.89 sec,0.129056904181091,0
33.891 sec,0.129056904181091,0
33.892 sec,0.129023009281563,0
33.893 sec,0.129023009281563,0
33.894 sec,0.129023009281563,0
33.895 sec,0.129023009281563,0
33.896 sec,0.129023009281563,0
33.897 sec,0.129056904181091,0
33.898 sec,0.129056904181091,0
33.899 sec,0.129056904181091,0
33.9 sec,0.129056904181091,0
33.901 sec,0.129056904181091,0
33.902 sec,0.129056904181091,0
33.903 sec,0.129056904181091,0
33.904 sec,0.129056904181091,0
33.905 sec,0.129056904181091,0
33.906 sec,0.129056904181091,0
33.907 sec,0.129056904181091,0
33.908 sec,0.129023009281563,0
33.909 sec,0.129023009281563,0
33.91 sec,0.129023009281563,0
33.911 sec,0.129056904181091,0
33.912 sec,0.129056904181091,0
33.913 sec,0.129056904181091,0
33.914 sec,0.129056904181091,0
33.915 sec,0.129056904181091,0
33.916 sec,0.129023009281563,0
33.917 sec,0.129023009281563,0
33.918 sec,0.129023009281563,0
33.919 sec,0.129056904181091,0
33.92 sec,0.129023009281563,0
33.921 sec,0.129023009281563,0
33.922 sec,0.129023009281563,0
33.923 sec,0.129056904181091,0
33.924 sec,0.129056904181091,0
33.925 sec,0.129056904181091,0
33.926 sec,0.129056904181091,0
33.927 sec,0.129056904181091,0
33.928 sec,0.129023009281563,0
33.929 sec,0.129023009281563,0
33.93 sec,0.129023009281563,0
33.931 sec,0.129023009281563,0
33.932 sec,0.129023009281563,0
33.933 sec,0.129023009281563,0
33.934 sec,0.129056904181091,0
33.935 sec,0.129056904181091,0
33.936 sec,0.129056904181091,0
33.937 sec,0.129056904181091,0
33.938 sec,0.129056904181091,0
33.939 sec,0.129056904181091,0
33.94 sec,0.129023009281563,0
33.941 sec,0.129023009281563,0
33.942 sec,0.129023009281563,0
33.943 sec,0.129023009281563,0
33.944 sec,0.129056904181091,0
33.945 sec,0.129056904181091,0
33.946 sec,0.129056904181091,0
33.947 sec,0.129056904181091,0
33.948 sec,0.129056904181091,0
33.949 sec,0.129056904181091,0
33.95 sec,0.129023009281563,0
33.951 sec,0.129023009281563,0
33.952 sec,0.129023009281563,0
33.953 sec,0.129023009281563,0
33.954 sec,0.129023009281563,0
33.955 sec,0.129023009281563,0
33.956 sec,0.129056904181091,0
33.957 sec,0.129056904181091,0
33.958 sec,0.129056904181091,0
33.959 sec,0.129023009281563,0
33.96 sec,0.129023009281563,0
33.961 sec,0.129023009281563,0
33.962 sec,0.129023009281563,0
33.963 sec,0.129023009281563,0
33.964 sec,0.129023009281563,0
33.965 sec,0.129056904181091,0
33.966 sec,0.129056904181091,0
33.967 sec,0.129023009281563,0
33.968 sec,0.129023009281563,0
33.969 sec,0.129023009281563,0
33.97 sec,0.129023009281563,0
33.971 sec,0.129023009281563,0
33.972 sec,0.129023009281563,0
33.973 sec,0.129023009281563,0
33.974 sec,0.129056904181091,0
33.975 sec,0.129056904181091,0
33.976 sec,0.129056904181091,0
33.977 sec,0.129056904181091,0
33.978 sec,0.129023009281563,0
33.979 sec,0.129023009281563,0
33.98 sec,0.129023009281563,0
33.981 sec,0.129023009281563,0
33.982 sec,0.129056904181091,0
33.983 sec,0.129090799404257,0
33.984 sec,0.129090799404257,0
33.985 sec,0.129056904181091,0
33.986 sec,0.129056904181091,0
33.987 sec,0.129056904181091,0
33.988 sec,0.129023009281563,0
33.989 sec,0.129023009281563,0
33.99 sec,0.129023009281563,0
33.991 sec,0.129056904181091,0
33.992 sec,0.129056904181091,0
33.993 sec,0.129056904181091,0
33.994 sec,0.129056904181091,0
33.995 sec,0.129056904181091,0
33.996 sec,0.129056904181091,0
33.997 sec,0.129056904181091,0
33.998 sec,0.129056904181091,0
33.999 sec,0.129056904181091,0
34 sec,0.129056904181091,0
34.001 sec,0.129056904181091,0
34.002 sec,0.129056904181091,0
34.003 sec,0.129056904181091,0
34.004 sec,0.129056904181091,0
34.005 sec,0.129056904181091,0
34.006 sec,0.129056904181091,0
34.007 sec,0.129056904181091,0
34.008 sec,0.129056904181091,0
34.009 sec,0.129056904181091,0
34.01 sec,0.129056904181091,0
34.011 sec,0.129023009281563,0
34.012 sec,0.129023009281563,0
34.013 sec,0.129023009281563,0
34.014 sec,0.129056904181091,0
34.015 sec,0.129056904181091,0
34.016 sec,0.129023009281563,0
34.017 sec,0.129023009281563,0
34.018 sec,0.129023009281563,0
34.019 sec,0.129023009281563,0
34.02 sec,0.129056904181091,0
34.021 sec,0.129023009281563,0
34.022 sec,0.129023009281563,0
34.023 sec,0.129023009281563,0
34.024 sec,0.129023009281563,0
34.025 sec,0.129056904181091,0
34.026 sec,0.129056904181091,0
34.027 sec,0.129056904181091,0
34.028 sec,0.129056904181091,0
34.029 sec,0.129056904181091,0
34.03 sec,0.129056904181091,0
34.031 sec,0.129056904181091,0
34.032 sec,0.129056904181091,0
34.033 sec,0.129056904181091,0
34.034 sec,0.129056904181091,0
34.035 sec,0.129056904181091,0
34.036 sec,0.129056904181091,0
34.037 sec,0.129056904181091,0
34.038 sec,0.129056904181091,0
34.039 sec,0.129023009281563,0
34.04 sec,0.129023009281563,0
34.041 sec,0.129056904181091,0
34.042 sec,0.129056904181091,0
34.043 sec,0.129056904181091,0
34.044 sec,0.129056904181091,0
34.045 sec,0.129056904181091,0
34.046 sec,0.129056904181091,0
34.047 sec,0.129056904181091,0
34.048 sec,0.129056904181091,0
34.049 sec,0.129023009281563,0
34.05 sec,0.129023009281563,0
34.051 sec,0.129023009281563,0
34.052 sec,0.129023009281563,0
34.053 sec,0.129023009281563,0
34.054 sec,0.129023009281563,0
34.055 sec,0.129056904181091,0
34.056 sec,0.129056904181091,0
34.057 sec,0.129056904181091,0
34.058 sec,0.129056904181091,0
34.059 sec,0.129056904181091,0
34.06 sec,0.129056904181091,0
34.061 sec,0.129056904181091,0
34.062 sec,0.129056904181091,0
34.063 sec,0.129056904181091,0
34.064 sec,0.129056904181091,0
34.065 sec,0.129056904181091,0
34.066 sec,0.129023009281563,0
34.067 sec,0.129023009281563,0
34.068 sec,0.129023009281563,0
34.069 sec,0.129023009281563,0
34.07 sec,0.129023009281563,0
34.071 sec,0.129023009281563,0
34.072 sec,0.129023009281563,0
34.073 sec,0.129056904181091,0
34.074 sec,0.129056904181091,0
34.075 sec,0.129023009281563,0
34.076 sec,0.129023009281563,0
34.077 sec,0.129023009281563,0
34.078 sec,0.129023009281563,0
34.079 sec,0.129056904181091,0
34.08 sec,0.129056904181091,0
34.081 sec,0.129056904181091,0
34.082 sec,0.129023009281563,0
34.083 sec,0.129023009281563,0
34.084 sec,0.129023009281563,0
34.085 sec,0.129023009281563,0
34.086 sec,0.129056904181091,0
34.087 sec,0.129056904181091,0
34.088 sec,0.129056904181091,0
34.089 sec,0.129023009281563,0
34.09 sec,0.129023009281563,0
34.091 sec,0.129023009281563,0
34.092 sec,0.129023009281563,0
34.093 sec,0.129023009281563,0
34.094 sec,0.129056904181091,0
34.095 sec,0.129056904181091,0
34.096 sec,0.129056904181091,0
34.097 sec,0.129056904181091,0
34.098 sec,0.129056904181091,0
34.099 sec,0.129056904181091,0
34.1 sec,0.129056904181091,0
34.101 sec,0.129056904181091,0
34.102 sec,0.129056904181091,0
34.103 sec,0.129056904181091,0
34.104 sec,0.129056904181091,0
34.105 sec,0.129056904181091,0
34.106 sec,0.129056904181091,0
34.107 sec,0.129023009281563,0
34.108 sec,0.129023009281563,0
34.109 sec,0.129023009281563,0
34.11 sec,0.129023009281563,0
34.111 sec,0.129023009281563,0
34.112 sec,0.129023009281563,0
34.113 sec,0.129023009281563,0
34.114 sec,0.129023009281563,0
34.115 sec,0.129056904181091,0
34.116 sec,0.129056904181091,0
34.117 sec,0.129056904181091,0
34.118 sec,0.129056904181091,0
34.119 sec,0.129056904181091,0
34.12 sec,0.129056904181091,0
34.121 sec,0.129056904181091,0
34.122 sec,0.129056904181091,0
34.123 sec,0.129056904181091,0
34.124 sec,0.129023009281563,0
34.125 sec,0.129023009281563,0
34.126 sec,0.129056904181091,0
34.127 sec,0.129023009281563,0
34.128 sec,0.129023009281563,0
34.129 sec,0.129023009281563,0
34.13 sec,0.129023009281563,0
34.131 sec,0.129056904181091,0
34.132 sec,0.129056904181091,0
34.133 sec,0.129056904181091,0
34.134 sec,0.129056904181091,0
34.135 sec,0.129056904181091,0
34.136 sec,0.129056904181091,0
34.137 sec,0.129056904181091,0
34.138 sec,0.129056904181091,0
34.139 sec,0.129056904181091,0
34.14 sec,0.129056904181091,0
34.141 sec,0.129056904181091,0
34.142 sec,0.129056904181091,0
34.143 sec,0.129056904181091,0
34.144 sec,0.129023009281563,0
34.145 sec,0.129056904181091,0
34.146 sec,0.129056904181091,0
34.147 sec,0.129056904181091,0
34.148 sec,0.129056904181091,0
34.149 sec,0.129056904181091,0
34.15 sec,0.129023009281563,0
34.151 sec,0.129023009281563,0
34.152 sec,0.129023009281563,0
34.153 sec,0.129023009281563,0
34.154 sec,0.129056904181091,0
34.155 sec,0.129056904181091,0
34.156 sec,0.129056904181091,0
34.157 sec,0.129056904181091,0
34.158 sec,0.129056904181091,0
34.159 sec,0.129056904181091,0
34.16 sec,0.129023009281563,0
34.161 sec,0.129023009281563,0
34.162 sec,0.129023009281563,0
34.163 sec,0.129056904181091,0
34.164 sec,0.129056904181091,0
34.165 sec,0.129056904181091,0
34.166 sec,0.129056904181091,0
34.167 sec,0.129056904181091,0
34.168 sec,0.129023009281563,0
34.169 sec,0.129023009281563,0
34.17 sec,0.129023009281563,0
34.171 sec,0.129023009281563,0
34.172 sec,0.129023009281563,0
34.173 sec,0.129056904181091,0
34.174 sec,0.129056904181091,0
34.175 sec,0.129056904181091,0
34.176 sec,0.129056904181091,0
34.177 sec,0.129056904181091,0
34.178 sec,0.129056904181091,0
34.179 sec,0.129023009281563,0
34.18 sec,0.129023009281563,0
34.181 sec,0.129023009281563,0
34.182 sec,0.129056904181091,0
34.183 sec,0.129056904181091,0
34.184 sec,0.129056904181091,0
34.185 sec,0.129023009281563,0
34.186 sec,0.129023009281563,0
34.187 sec,0.129056904181091,0
34.188 sec,0.129056904181091,0
34.189 sec,0.129056904181091,0
34.19 sec,0.129056904181091,0
34.191 sec,0.129023009281563,0
34.192 sec,0.129023009281563,0
34.193 sec,0.129023009281563,0
34.194 sec,0.129023009281563,0
34.195 sec,0.129023009281563,0
34.196 sec,0.129023009281563,0
34.197 sec,0.129023009281563,0
34.198 sec,0.129056904181091,0
34.199 sec,0.129056904181091,0
34.2 sec,0.129056904181091,0
34.201 sec,0.129056904181091,0
34.202 sec,0.129023009281563,0
34.203 sec,0.129023009281563,0
34.204 sec,0.129023009281563,0
34.205 sec,0.129023009281563,0
34.206 sec,0.129023009281563,0
34.207 sec,0.129023009281563,0
34.208 sec,0.129056904181091,0
34.209 sec,0.129056904181091,0
34.21 sec,0.129056904181091,0
34.211 sec,0.129056904181091,0
34.212 sec,0.129056904181091,0
34.213 sec,0.129056904181091,0
34.214 sec,0.129056904181091,0
34.215 sec,0.129056904181091,0
34.216 sec,0.129023009281563,0
34.217 sec,0.129023009281563,0
34.218 sec,0.129023009281563,0
34.219 sec,0.129023009281563,0
34.22 sec,0.129023009281563,0
34.221 sec,0.129023009281563,0
34.222 sec,0.129023009281563,0
34.223 sec,0.12898911470588,0
34.224 sec,0.129023009281563,0
34.225 sec,0.129023009281563,0
34.226 sec,0.129023009281563,0
34.227 sec,0.129056904181091,0
34.228 sec,0.129056904181091,0
34.229 sec,0.129056904181091,0
34.23 sec,0.129056904181091,0
34.231 sec,0.129056904181091,0
34.232 sec,0.129056904181091,0
34.233 sec,0.129056904181091,0
34.234 sec,0.129023009281563,0
34.235 sec,0.129023009281563,0
34.236 sec,0.129023009281563,0
34.237 sec,0.129023009281563,0
34.238 sec,0.129056904181091,0
34.239 sec,0.129056904181091,0
34.24 sec,0.129056904181091,0
34.241 sec,0.129023009281563,0
34.242 sec,0.129023009281563,0
34.243 sec,0.129023009281563,0
34.244 sec,0.129023009281563,0
34.245 sec,0.129023009281563,0
34.246 sec,0.129023009281563,0
34.247 sec,0.129023009281563,0
34.248 sec,0.129056904181091,0
34.249 sec,0.129056904181091,0
34.25 sec,0.129056904181091,0
34.251 sec,0.129056904181091,0
34.252 sec,0.129023009281563,0
34.253 sec,0.129023009281563,0
34.254 sec,0.129023009281563,0
34.255 sec,0.129023009281563,0
34.256 sec,0.129056904181091,0
34.257 sec,0.129056904181091,0
34.258 sec,0.129056904181091,0
34.259 sec,0.129056904181091,0
34.26 sec,0.129056904181091,0
34.261 sec,0.129056904181091,0
34.262 sec,0.129056904181091,0
34.263 sec,0.129056904181091,0
34.264 sec,0.129023009281563,0
34.265 sec,0.129023009281563,0
34.266 sec,0.129023009281563,0
34.267 sec,0.129023009281563,0
34.268 sec,0.129056904181091,0
34.269 sec,0.129056904181091,0
34.27 sec,0.129056904181091,0
34.271 sec,0.129056904181091,0
34.272 sec,0.129056904181091,0
34.273 sec,0.129056904181091,0
34.274 sec,0.129056904181091,0
34.275 sec,0.129056904181091,0
34.276 sec,0.129056904181091,0
34.277 sec,0.129056904181091,0
34.278 sec,0.129056904181091,0
34.279 sec,0.129056904181091,0
34.28 sec,0.129056904181091,0
34.281 sec,0.129056904181091,0
34.282 sec,0.129056904181091,0
34.283 sec,0.129056904181091,0
34.284 sec,0.129056904181091,0
34.285 sec,0.129056904181091,0
34.286 sec,0.129056904181091,0
34.287 sec,0.129056904181091,0
34.288 sec,0.129056904181091,0
34.289 sec,0.129056904181091,0
34.29 sec,0.129056904181091,0
34.291 sec,0.129056904181091,0
34.292 sec,0.129056904181091,0
34.293 sec,0.129056904181091,0
34.294 sec,0.129023009281563,0
34.295 sec,0.129023009281563,0
34.296 sec,0.129056904181091,0
34.297 sec,0.129056904181091,0
34.298 sec,0.129056904181091,0
34.299 sec,0.129056904181091,0
34.3 sec,0.129056904181091,0
34.301 sec,0.129023009281563,0
34.302 sec,0.129023009281563,0
34.303 sec,0.129023009281563,0
34.304 sec,0.129023009281563,0
34.305 sec,0.129056904181091,0
34.306 sec,0.129056904181091,0
34.307 sec,0.129023009281563,0
34.308 sec,0.129023009281563,0
34.309 sec,0.129023009281563,0
34.31 sec,0.129023009281563,0
34.311 sec,0.129056904181091,0
34.312 sec,0.129056904181091,0
34.313 sec,0.129056904181091,0
34.314 sec,0.129056904181091,0
34.315 sec,0.129056904181091,0
34.316 sec,0.129056904181091,0
34.317 sec,0.129023009281563,0
34.318 sec,0.129023009281563,0
34.319 sec,0.129023009281563,0
34.32 sec,0.129023009281563,0
34.321 sec,0.129056904181091,0
34.322 sec,0.129056904181091,0
34.323 sec,0.129023009281563,0
34.324 sec,0.129023009281563,0
34.325 sec,0.129023009281563,0
34.326 sec,0.129023009281563,0
34.327 sec,0.129023009281563,0
34.328 sec,0.129023009281563,0
34.329 sec,0.129023009281563,0
34.33 sec,0.129023009281563,0
34.331 sec,0.129056904181091,0
34.332 sec,0.129056904181091,0
34.333 sec,0.129056904181091,0
34.334 sec,0.129056904181091,0
34.335 sec,0.129056904181091,0
34.336 sec,0.129056904181091,0
34.337 sec,0.129056904181091,0
34.338 sec,0.129056904181091,0
34.339 sec,0.129056904181091,0
34.34 sec,0.129023009281563,0
34.341 sec,0.129023009281563,0
34.342 sec,0.129023009281563,0
34.343 sec,0.129023009281563,0
34.344 sec,0.129056904181091,0
34.345 sec,0.129056904181091,0
34.346 sec,0.129056904181091,0
34.347 sec,0.129056904181091,0
34.348 sec,0.129056904181091,0
34.349 sec,0.129056904181091,0
34.35 sec,0.129056904181091,0
34.351 sec,0.129056904181091,0
34.352 sec,0.129056904181091,0
34.353 sec,0.129056904181091,0
34.354 sec,0.129056904181091,0
34.355 sec,0.129056904181091,0
34.356 sec,0.129056904181091,0
34.357 sec,0.129056904181091,0
34.358 sec,0.129056904181091,0
34.359 sec,0.129056904181091,0
34.36 sec,0.129056904181091,0
34.361 sec,0.129056904181091,0
34.362 sec,0.129023009281563,0
34.363 sec,0.129023009281563,0
34.364 sec,0.129023009281563,0
34.365 sec,0.129056904181091,0
34.366 sec,0.129056904181091,0
34.367 sec,0.129056904181091,0
34.368 sec,0.129056904181091,0
34.369 sec,0.129056904181091,0
34.37 sec,0.129023009281563,0
34.371 sec,0.129023009281563,0
34.372 sec,0.129023009281563,0
34.373 sec,0.129056904181091,0
34.374 sec,0.129056904181091,0
34.375 sec,0.129056904181091,0
34.376 sec,0.129023009281563,0
34.377 sec,0.129023009281563,0
34.378 sec,0.129023009281563,0
34.379 sec,0.129023009281563,0
34.38 sec,0.129023009281563,0
34.381 sec,0.129023009281563,0
34.382 sec,0.129056904181091,0
34.383 sec,0.129056904181091,0
34.384 sec,0.129056904181091,0
34.385 sec,0.129056904181091,0
34.386 sec,0.129056904181091,0
34.387 sec,0.129023009281563,0
34.388 sec,0.129023009281563,0
34.389 sec,0.129023009281563,0
34.39 sec,0.129056904181091,0
34.391 sec,0.129056904181091,0
34.392 sec,0.129056904181091,0
34.393 sec,0.129056904181091,0
34.394 sec,0.129023009281563,0
34.395 sec,0.129023009281563,0
34.396 sec,0.129023009281563,0
34.397 sec,0.129023009281563,0
34.398 sec,0.129056904181091,0
34.399 sec,0.129056904181091,0
34.4 sec,0.129056904181091,0
34.401 sec,0.129056904181091,0
34.402 sec,0.129023009281563,0
34.403 sec,0.129023009281563,0
34.404 sec,0.129023009281563,0
34.405 sec,0.129023009281563,0
34.406 sec,0.129023009281563,0
34.407 sec,0.129056904181091,0
34.408 sec,0.129056904181091,0
34.409 sec,0.129056904181091,0
34.41 sec,0.129056904181091,0
34.411 sec,0.129056904181091,0
34.412 sec,0.129056904181091,0
34.413 sec,0.129056904181091,0
34.414 sec,0.129023009281563,0
34.415 sec,0.129023009281563,0
34.416 sec,0.129023009281563,0
34.417 sec,0.129023009281563,0
34.418 sec,0.129056904181091,0
34.419 sec,0.129023009281563,0
34.42 sec,0.129023009281563,0
34.421 sec,0.129023009281563,0
34.422 sec,0.129056904181091,0
34.423 sec,0.129056904181091,0
34.424 sec,0.129056904181091,0
34.425 sec,0.129056904181091,0
34.426 sec,0.129056904181091,0
34.427 sec,0.129023009281563,0
34.428 sec,0.129023009281563,0
34.429 sec,0.129023009281563,0
34.43 sec,0.129056904181091,0
34.431 sec,0.129056904181091,0
34.432 sec,0.129124694950852,0
34.433 sec,0.129090799404257,0
34.434 sec,0.129090799404257,0
34.435 sec,0.129056904181091,0
34.436 sec,0.129023009281563,0
34.437 sec,0.129023009281563,0
34.438 sec,0.129023009281563,0
34.439 sec,0.129056904181091,0
34.44 sec,0.129023009281563,0
34.441 sec,0.12898911470588,0
34.442 sec,0.12898911470588,0
34.443 sec,0.129023009281563,0
34.444 sec,0.129023009281563,0
34.445 sec,0.129023009281563,0
34.446 sec,0.129023009281563,0
34.447 sec,0.129023009281563,0
34.448 sec,0.129023009281563,0
34.449 sec,0.129023009281563,0
34.45 sec,0.129023009281563,0
34.451 sec,0.129023009281563,0
34.452 sec,0.129056904181091,0
34.453 sec,0.129056904181091,0
34.454 sec,0.129056904181091,0
34.455 sec,0.129056904181091,0
34.456 sec,0.129056904181091,0
34.457 sec,0.129056904181091,0
34.458 sec,0.129056904181091,0
34.459 sec,0.129023009281563,0
34.46 sec,0.129023009281563,0
34.461 sec,0.129023009281563,0
34.462 sec,0.129023009281563,0
34.463 sec,0.129023009281563,0
34.464 sec,0.12898911470588,0
34.465 sec,0.129023009281563,0
34.466 sec,0.129023009281563,0
34.467 sec,0.129023009281563,0
34.468 sec,0.129023009281563,0
34.469 sec,0.129023009281563,0
34.47 sec,0.12898911470588,0
34.471 sec,0.129023009281563,0
34.472 sec,0.129023009281563,0
34.473 sec,0.129023009281563,0
34.474 sec,0.129023009281563,0
34.475 sec,0.129023009281563,0
34.476 sec,0.129023009281563,0
34.477 sec,0.129023009281563,0
34.478 sec,0.129023009281563,0
34.479 sec,0.129023009281563,0
34.48 sec,0.129023009281563,0
34.481 sec,0.129023009281563,0
34.482 sec,0.129056904181091,0
34.483 sec,0.129056904181091,0
34.484 sec,0.129056904181091,0
34.485 sec,0.129056904181091,0
34.486 sec,0.129056904181091,0
34.487 sec,0.129056904181091,0
34.488 sec,0.129090799404257,0
34.489 sec,0.129056904181091,0
34.49 sec,0.129056904181091,0
34.491 sec,0.129023009281563,0
34.492 sec,0.129023009281563,0
34.493 sec,0.129056904181091,0
34.494 sec,0.129056904181091,0
34.495 sec,0.129056904181091,0
34.496 sec,0.129056904181091,0
34.497 sec,0.129023009281563,0
34.498 sec,0.129023009281563,0
34.499 sec,0.129056904181091,0
34.5 sec,0.129056904181091,0
34.501 sec,0.129056904181091,0
34.502 sec,0.129056904181091,0
34.503 sec,0.129056904181091,0
34.504 sec,0.129056904181091,0
34.505 sec,0.129023009281563,0
34.506 sec,0.12898911470588,0
34.507 sec,0.12898911470588,0
34.508 sec,0.129023009281563,0
34.509 sec,0.129056904181091,0
34.51 sec,0.129056904181091,0
34.511 sec,0.129056904181091,0
34.512 sec,0.129056904181091,0
34.513 sec,0.129056904181091,0
34.514 sec,0.129056904181091,0
34.515 sec,0.129056904181091,0
34.516 sec,0.129023009281563,0
34.517 sec,0.129023009281563,0
34.518 sec,0.129023009281563,0
34.519 sec,0.129056904181091,0
34.52 sec,0.129056904181091,0
34.521 sec,0.129056904181091,0
34.522 sec,0.129056904181091,0
34.523 sec,0.129056904181091,0
34.524 sec,0.129056904181091,0
34.525 sec,0.129056904181091,0
34.526 sec,0.129023009281563,0
34.527 sec,0.129023009281563,0
34.528 sec,0.129023009281563,0
34.529 sec,0.129023009281563,0
34.53 sec,0.129056904181091,0
34.531 sec,0.129056904181091,0
34.532 sec,0.129056904181091,0
34.533 sec,0.129056904181091,0
34.534 sec,0.129056904181091,0
34.535 sec,0.129056904181091,0
34.536 sec,0.129056904181091,0
34.537 sec,0.129056904181091,0
34.538 sec,0.129056904181091,0
34.539 sec,0.129056904181091,0
34.54 sec,0.129056904181091,0
34.541 sec,0.129056904181091,0
34.542 sec,0.129056904181091,0
34.543 sec,0.129023009281563,0
34.544 sec,0.129023009281563,0
34.545 sec,0.129023009281563,0
34.546 sec,0.129056904181091,0
34.547 sec,0.129056904181091,0
34.548 sec,0.129056904181091,0
34.549 sec,0.129056904181091,0
34.55 sec,0.129056904181091,0
34.551 sec,0.129056904181091,0
34.552 sec,0.129056904181091,0
34.553 sec,0.129056904181091,0
34.554 sec,0.129023009281563,0
34.555 sec,0.129023009281563,0
34.556 sec,0.129023009281563,0
34.557 sec,0.129023009281563,0
34.558 sec,0.129023009281563,0
34.559 sec,0.129023009281563,0
34.56 sec,0.129056904181091,0
34.561 sec,0.129056904181091,0
34.562 sec,0.129056904181091,0
34.563 sec,0.129056904181091,0
34.564 sec,0.129056904181091,0
34.565 sec,0.129056904181091,0
34.566 sec,0.129056904181091,0
34.567 sec,0.129056904181091,0
34.568 sec,0.129023009281563,0
34.569 sec,0.129023009281563,0
34.57 sec,0.129056904181091,0
34.571 sec,0.129056904181091,0
34.572 sec,0.129056904181091,0
34.573 sec,0.129023009281563,0
34.574 sec,0.129056904181091,0
34.575 sec,0.129056904181091,0
34.576 sec,0.129056904181091,0
34.577 sec,0.129056904181091,0
34.578 sec,0.129056904181091,0
34.579 sec,0.129056904181091,0
34.58 sec,0.129023009281563,0
34.581 sec,0.129056904181091,0
34.582 sec,0.129023009281563,0
34.583 sec,0.129023009281563,0
34.584 sec,0.129023009281563,0
34.585 sec,0.129023009281563,0
34.586 sec,0.129023009281563,0
34.587 sec,0.129056904181091,0
34.588 sec,0.129056904181091,0
34.589 sec,0.129056904181091,0
34.59 sec,0.129056904181091,0
34.591 sec,0.129056904181091,0
34.592 sec,0.129056904181091,0
34.593 sec,0.129056904181091,0
34.594 sec,0.129023009281563,0
34.595 sec,0.129023009281563,0
34.596 sec,0.129023009281563,0
34.597 sec,0.129023009281563,0
34.598 sec,0.129056904181091,0
34.599 sec,0.129056904181091,0
34.6 sec,0.129056904181091,0
34.601 sec,0.129056904181091,0
34.602 sec,0.129056904181091,0
34.603 sec,0.129056904181091,0
34.604 sec,0.129056904181091,0
34.605 sec,0.129023009281563,0
34.606 sec,0.129023009281563,0
34.607 sec,0.129023009281563,0
34.608 sec,0.129023009281563,0
34.609 sec,0.129023009281563,0
34.61 sec,0.12898911470588,0
34.611 sec,0.129023009281563,0
34.612 sec,0.129023009281563,0
34.613 sec,0.129056904181091,0
34.614 sec,0.129056904181091,0
34.615 sec,0.129023009281563,0
34.616 sec,0.129056904181091,0
34.617 sec,0.129056904181091,0
34.618 sec,0.129023009281563,0
34.619 sec,0.129023009281563,0
34.62 sec,0.129023009281563,0
34.621 sec,0.129023009281563,0
34.622 sec,0.129023009281563,0
34.623 sec,0.129056904181091,0
34.624 sec,0.129023009281563,0
34.625 sec,0.129023009281563,0
34.626 sec,0.129023009281563,0
34.627 sec,0.129056904181091,0
34.628 sec,0.129056904181091,0
34.629 sec,0.129023009281563,0
34.63 sec,0.12898911470588,0
34.631 sec,0.12898911470588,0
34.632 sec,0.12898911470588,0
34.633 sec,0.129023009281563,0.00629370629370629
34.634 sec,0.129056904181091,0.00909090909090909
34.635 sec,0.129023009281563,0.00885780885780886
34.636 sec,0.129023009281563,0
34.637 sec,0.129023009281563,-0.0168067226890756
34.638 sec,0.129023009281563,-0.0497198879551821
34.639 sec,0.129023009281563,-0.080765639589169
34.64 sec,0.129023009281563,-0.116479925303455
34.641 sec,0.129056904181091,-0.143790849673203
34.642 sec,0.129056904181091,-0.160130718954248
34.643 sec,0.129056904181091,-0.178804855275444
34.644 sec,0.129056904181091,-0.194911297852474
34.645 sec,0.129056904181091,-0.209617180205416
34.646 sec,0.129056904181091,-0.219654528478058
34.647 sec,0.129056904181091,-0.226657329598506
34.648 sec,0.129090799404257,-0.226890756302521
34.649 sec,0.129090799404257,-0.228524743230626
34.65 sec,0.129056904181091,-0.230859010270775
34.651 sec,0.129056904181091,-0.235294117647059
34.652 sec,0.129023009281563,-0.236461251167134
34.653 sec,0.129023009281563,-0.235994397759104
34.654 sec,0.129056904181091,-0.240196078431373
34.655 sec,0.129023009281563,-0.243930905695612
34.656 sec,0.129023009281563,-0.245098039215686
34.657 sec,0.12898911470588,-0.243697478991597
34.658 sec,0.12898911470588,-0.247432306255836
34.659 sec,0.129023009281563,-0.250233426704015
34.66 sec,0.129056904181091,-0.25093370681606
34.661 sec,0.129056904181091,-0.249299719887955
34.662 sec,0.129023009281563,-0.252801120448179
34.663 sec,0.12898911470588,-0.255835667600373
34.664 sec,0.12898911470588,-0.256769374416433
34.665 sec,0.12898911470588,-0.254668534080299
34.666 sec,0.129023009281563,-0.257469654528478
34.667 sec,0.129023009281563,-0.259337068160598
34.668 sec,0.129023009281563,-0.260971055088702
34.669 sec,0.129056904181091,-0.259103641456583
34.67 sec,0.129056904181091,-0.262371615312792
34.671 sec,0.129056904181091,-0.263538748832866
34.672 sec,0.129056904181091,-0.266339869281046
34.673 sec,0.129056904181091,-0.263538748832866
34.674 sec,0.129056904181091,-0.265873015873016
34.675 sec,0.129056904181091,-0.265172735760971
34.676 sec,0.129056904181091,-0.26937441643324
34.677 sec,0.129056904181091,-0.266573295985061
34.678 sec,0.129056904181091,-0.26750700280112
34.679 sec,0.129056904181091,-0.269607843137255
34.68 sec,0.129056904181091,-0.273809523809524
34.681 sec,0.129056904181091,-0.274743230625584
34.682 sec,0.129056904181091,-0.274509803921569
34.683 sec,0.129056904181091,-0.275443510737628
34.684 sec,0.129090799404257,-0.279645191409897
34.685 sec,0.129124694950852,-0.278711484593838
34.686 sec,0.129124694950852,-0.280112044817927
34.687 sec,0.129192487013499,-0.283380018674136
34.688 sec,0.129260280367367,-0.288515406162465
34.689 sec,0.129328075010791,-0.287114845938375
34.69 sec,0.129361972815567,-0.289449112978525
34.691 sec,0.129361972815567,-0.292717086834734
34.692 sec,0.129361972815567,-0.297385620915033
34.693 sec,0.129429769390203,-0.296218487394958
34.694 sec,0.129531466661751,-0.299253034547152
34.695 sec,0.129667067512982,-0.302054154995331
34.696 sec,0.12973486985878,-0.304388422035481
34.697 sec,0.12980267348248,-0.302754435107376
34.698 sec,0.129836575773023,-0.305788982259571
34.699 sec,0.129904381310455,-0.30859010270775
34.7 sec,0.129972188121627,-0.311391223155929
34.701 sec,0.130006092004345,-0.311157796451914
34.702 sec,0.130039996204873,-0.313492063492063
34.703 sec,0.13010780555853,-0.316293183940243
34.704 sec,0.130175616180932,-0.320728291316527
34.705 sec,0.130311241225313,-0.319561157796452
34.706 sec,0.130379055643962,-0.321428571428571
34.707 sec,0.130480779637826,-0.324929971988796
34.708 sec,0.130548597208568,-0.330298786181139
34.709 sec,0.130616416037234,-0.32843137254902
34.71 sec,0.130718146635198,-0.32843137254902
34.711 sec,0.130819880054125,-0.330532212885154
34.712 sec,0.130955528991149,-0.336367880485528
34.713 sec,0.131057268970474,-0.336367880485528
34.714 sec,0.131159011752032,-0.336601307189543
34.715 sec,0.131294673143429,-0.338001867413632
34.716 sec,0.131362505699376,-0.341970121381886
34.717 sec,0.13149817452344,-0.342436974789916
34.718 sec,0.131566010788229,-0.343837535014006
34.719 sec,0.131633848285968,-0.34733893557423
34.72 sec,0.131735606840718,-0.350840336134454
34.721 sec,0.131871289213507,-0.352007469654529
34.722 sec,0.131973054210657,-0.349439775910364
34.723 sec,0.132108745152919,-0.353641456582633
34.724 sec,0.13224444097371,-0.357376283846872
34.725 sec,0.132380141659709,-0.359477124183007
34.726 sec,0.132515847197599,-0.358776844070962
34.727 sec,0.132583701781841,-0.361111111111111
34.728 sec,0.132685485922642,-0.36577964519141
34.729 sec,0.13285513218194,-0.363211951447246
34.73 sec,0.132990854596561,-0.365546218487395
34.731 sec,0.133058717601687,-0.369747899159664
34.732 sec,0.133228380344778,-0.371615312791783
34.733 sec,0.133330181568783,-0.372315592903828
34.734 sec,0.133465920696979,-0.375583566760037
34.735 sec,0.133567728157983,-0.379785247432306
34.736 sec,0.133669538282621,-0.378384687208217
34.737 sec,0.133805289249193,-0.377917833800187
34.738 sec,0.133941044927807,-0.381652661064426
34.739 sec,0.134042864771033,-0.387254901960784
34.74 sec,0.134212570367887,-0.388422035480859
34.741 sec,0.134314397231729,-0.387721755368814
34.742 sec,0.134484114496311,-0.391456582633053
34.743 sec,0.134687784792758,-0.395891690009337
34.744 sec,0.134823570775001,-0.395891690009337
34.745 sec,0.134959361369395,-0.396358543417367
34.746 sec,0.135163055879635,-0.401027077497666
34.747 sec,0.135230956341361,-0.406629318394024
34.748 sec,0.135434664578174,-0.407096171802054
34.749 sec,0.135502569602106,-0.406629318394024
34.75 sec,0.135672337129997,-0.409663865546218
34.751 sec,0.13580815624858,-0.414098972922502
34.752 sec,0.135943979882752,-0.415966386554622
34.753 sec,0.136079808019195,-0.417133520074697
34.754 sec,0.136249599500777,-0.420868347338936
34.755 sec,0.136419397970332,-0.42483660130719
34.756 sec,0.136555241759836,-0.427637721755369
34.757 sec,0.136725052742189,-0.426237161531279
34.758 sec,0.136928835046704,-0.430205415499533
34.759 sec,0.137064695426292,-0.433706816059757
34.76 sec,0.137234527076014,-0.435340802987862
34.761 sec,0.137438334078358,-0.435340802987862
34.762 sec,0.137540241257514,-0.440009337068161
34.763 sec,0.137710091985551,-0.446078431372549
34.764 sec,0.137913921785727,-0.446778711484594
34.765 sec,0.138117761281484,-0.448879551820728
34.766 sec,0.138253659642892,-0.450513538748833
34.767 sec,0.138457515198059,-0.455182072829132
34.768 sec,0.138661380328939,-0.455648926237162
34.769 sec,0.138865254990578,-0.457049486461251
34.77 sec,0.139137102620697,-0.462885154061625
34.771 sec,0.139273032726333,-0.465919701213819
34.772 sec,0.139476935710546,-0.464985994397759
34.773 sec,0.139680848045715,-0.469187675070028
34.774 sec,0.139918757528678,-0.473155929038282
34.775 sec,0.140156679606766,-0.476190476190476
34.776 sec,0.140258650049623,-0.474556489262372
34.777 sec,0.140496589996924,-0.478758169934641
34.778 sec,0.140666554711469,-0.482726423902894
34.779 sec,0.140870520697978,-0.484360410830999
34.78 sec,0.141074495728277,-0.483893557422969
34.781 sec,0.141312477967335,-0.488328664799253
34.782 sec,0.141448473290045,-0.492997198879552
34.783 sec,0.1416864746324,-0.493230625583567
34.784 sec,0.141856482982042,-0.492530345471522
34.785 sec,0.142060501090305,-0.496031746031746
34.786 sec,0.14229853331239,-0.499766573295985
34.787 sec,0.142468563606603,-0.502100840336134
34.788 sec,0.142706616152959,-0.501167133520075
34.789 sec,0.142910670554564,-0.504435107376284
34.79 sec,0.143080722456216,-0.507469654528478
34.791 sec,0.143216768257195,-0.508403361344538
34.792 sec,0.143386830836141,-0.507469654528478
34.793 sec,0.14359091371053,-0.510504201680672
34.794 sec,0.143863037337743,-0.515639589169001
34.795 sec,0.144101157742602,-0.515873015873016
34.796 sec,0.144373309230764,-0.51937441643324
34.797 sec,0.144611453850069,-0.522875816993464
34.798 sec,0.144815586716838,-0.528011204481793
34.799 sec,0.145019727758341,-0.527310924369748
34.8 sec,0.145189851505086,-0.529178338001867
34.801 sec,0.145428034185746,-0.531045751633987
34.802 sec,0.145666227809577,-0.534547152194211
34.803 sec,0.145870402428625,-0.533146591970121
34.804 sec,0.146040554013583,-0.534313725490196
34.805 sec,0.146244743159518,-0.536647992530345
34.806 sec,0.146380873626292,-0.541783380018674
34.807 sec,0.146653144986667,-0.544584500466853
34.808 sec,0.146891393762141,-0.545751633986928
34.809 sec,0.147231767360407,-0.550186741363212
34.81 sec,0.147470041523446,-0.551820728291317
34.811 sec,0.147640243683659,-0.551353874883287
34.812 sec,0.147946620772153,-0.555088702147526
34.813 sec,0.14821897010589,-0.560690943043884
34.814 sec,0.148491332640603,-0.561858076563959
34.815 sec,0.148627518825028,-0.565592903828198
34.816 sec,0.148967998520713,-0.564192343604108
34.817 sec,0.149240396808706,-0.555088702147526
34.818 sec,0.149478755815498,-0.513071895424837
34.819 sec,0.149751178018729,-0.456816059757236
34.82 sec,0.149989557787471,-0.369047619047619
34.821 sec,0.150193890928544,-0.301820728291317
34.822 sec,0.150227947132953,-0.214752567693744
34.823 sec,0.150296060123523,-0.146358543417367
34.824 sec,0.150330116909268,-0.061391223155929
34.825 sec,0.150432288425847,-0.0128384687208217
34.826 sec,0.150500403734271,0.0256410256410256
34.827 sec,0.150534461677071,0.0440559440559441
34.828 sec,0.150602578138803,0.0459207459207459
34.829 sec,0.150670695367326,0.0351981351981352
34.83 sec,0.150602578138803,0.0228438228438228
34.831 sec,0.150670695367326,0.0130536130536131
34.832 sec,0.150704754268614,0.01002331002331
34.833 sec,0.150738813360975,0
34.834 sec,0.150772872644202,0
34.835 sec,0.150772872644202,0
34.836 sec,0.150806932118086,0
34.837 sec,0.150772872644202,0
34.838 sec,0.150738813360975,0
34.839 sec,0.150704754268614,0
34.84 sec,0.150670695367326,0
34.841 sec,0.150568519811984,0
34.842 sec,0.150568519811984,0
34.843 sec,0.150500403734271,0
34.844 sec,0.150500403734271,0
34.845 sec,0.150432288425847,0
34.846 sec,0.150432288425847,0
34.847 sec,0.150330116909268,0
34.848 sec,0.150296060123523,0
34.849 sec,0.150227947132953,0
34.85 sec,0.150193890928544,0
34.851 sec,0.150091723481321,0
34.852 sec,0.150023612823588,0
34.853 sec,0.149955502946798,0
34.854 sec,0.149955502946798,0
34.855 sec,0.149853339599521,0
34.856 sec,0.149853339599521,0
34.857 sec,0.149819285542704,0
34.858 sec,0.149819285542704,0
34.859 sec,0.149819285542704,0
34.86 sec,0.149819285542704,0
34.861 sec,0.149819285542704,0
34.862 sec,0.14978523168237,0
34.863 sec,0.149819285542704,0
34.864 sec,0.149819285542704,0
34.865 sec,0.14978523168237,0
34.866 sec,0.14978523168237,0
34.867 sec,0.149819285542704,0
34.868 sec,0.149921448301776,0
34.869 sec,0.149921448301776,0
34.87 sec,0.149955502946798,0
34.871 sec,0.149989557787471,0
34.872 sec,0.150057668054941,0
34.873 sec,0.15012577910252,0
34.874 sec,0.150193890928544,0
34.875 sec,0.150227947132953,0
34.876 sec,0.150296060123523,0
34.877 sec,0.150364173888376,0
34.878 sec,0.150432288425847,0
34.879 sec,0.150466345983794,0
34.88 sec,0.150466345983794,0
34.881 sec,0.150466345983794,0
34.882 sec,0.150500403734271,0
34.883 sec,0.150500403734271,0
34.884 sec,0.150534461677071,0
34.885 sec,0.150568519811984,0
34.886 sec,0.150568519811984,0
34.887 sec,0.150602578138803,0
34.888 sec,0.150568519811984,0
34.889 sec,0.150602578138803,0
34.89 sec,0.150704754268614,0
34.891 sec,0.150738813360975,0
34.892 sec,0.150704754268614,0
34.893 sec,0.150738813360975,0
34.894 sec,0.150704754268614,0
34.895 sec,0.150602578138803,0
34.896 sec,0.150670695367326,0
34.897 sec,0.150568519811984,0
34.898 sec,0.150568519811984,0
34.899 sec,0.150568519811984,0
34.9 sec,0.150534461677071,0
34.901 sec,0.150534461677071,0
34.902 sec,0.150500403734271,0
34.903 sec,0.150466345983794,0
34.904 sec,0.150432288425847,0
34.905 sec,0.150364173888376,0
34.906 sec,0.150330116909268,0
34.907 sec,0.150262003531349,0
34.908 sec,0.150227947132953,0
34.909 sec,0.150227947132953,0
34.91 sec,0.150193890928544,0
34.911 sec,0.15012577910252,0
34.912 sec,0.15012577910252,0
34.913 sec,0.150057668054941,0
34.914 sec,0.150023612823588,0
34.915 sec,0.149989557787471,0
34.916 sec,0.149921448301776,0
34.917 sec,0.149921448301776,0
34.918 sec,0.149853339599521,0
34.919 sec,0.149853339599521,0
34.92 sec,0.149853339599521,0
34.921 sec,0.149853339599521,0
34.922 sec,0.149853339599521,0
34.923 sec,0.149853339599521,0
34.924 sec,0.149819285542704,0
34.925 sec,0.14978523168237,0
34.926 sec,0.14978523168237,0
34.927 sec,0.149819285542704,0
34.928 sec,0.149819285542704,0
34.929 sec,0.149853339599521,0
34.93 sec,0.149853339599521,0
34.931 sec,0.149955502946798,0
34.932 sec,0.149955502946798,0
34.933 sec,0.149955502946798,0
34.934 sec,0.150023612823588,0
34.935 sec,0.150091723481321,0
34.936 sec,0.15012577910252,0
34.937 sec,0.150193890928544,0
34.938 sec,0.150227947132953,0
34.939 sec,0.150227947132953,0
34.94 sec,0.150262003531349,0
34.941 sec,0.150330116909268,0
34.942 sec,0.150364173888376,0
34.943 sec,0.150364173888376,0
34.944 sec,0.150432288425847,0
34.945 sec,0.150466345983794,0
34.946 sec,0.150500403734271,0
34.947 sec,0.150534461677071,0
34.948 sec,0.150568519811984,0
34.949 sec,0.150568519811984,0
34.95 sec,0.150568519811984,0
34.951 sec,0.150670695367326,0
34.952 sec,0.150602578138803,0
34.953 sec,0.150670695367326,0
34.954 sec,0.150670695367326,0
34.955 sec,0.150670695367326,0
34.956 sec,0.150704754268614,0
34.957 sec,0.150704754268614,0
34.958 sec,0.150670695367326,0
34.959 sec,0.150704754268614,0
34.96 sec,0.150704754268614,0
34.961 sec,0.150704754268614,0
34.962 sec,0.150738813360975,0
34.963 sec,0.150704754268614,0
34.964 sec,0.150670695367326,0
34.965 sec,0.150602578138803,0
34.966 sec,0.150602578138803,0
34.967 sec,0.150568519811984,0
34.968 sec,0.150534461677071,0
34.969 sec,0.150466345983794,0
34.97 sec,0.150432288425847,0
34.971 sec,0.150364173888376,0
34.972 sec,0.150330116909268,0
34.973 sec,0.150296060123523,0
34.974 sec,0.150262003531349,0
34.975 sec,0.150227947132953,0
34.976 sec,0.150193890928544,0
34.977 sec,0.15012577910252,0
34.978 sec,0.150091723481321,0
34.979 sec,0.150057668054941,0
34.98 sec,0.150057668054941,0
34.981 sec,0.150023612823588,0
34.982 sec,0.149989557787471,0
34.983 sec,0.149955502946798,0
34.984 sec,0.149853339599521,0
34.985 sec,0.149853339599521,0
34.986 sec,0.149921448301776,0
34.987 sec,0.149921448301776,0
34.988 sec,0.149853339599521,0
34.989 sec,0.149853339599521,0
34.99 sec,0.149921448301776,0
34.991 sec,0.149853339599521,0
34.992 sec,0.149853339599521,0
34.993 sec,0.149853339599521,0
34.994 sec,0.149819285542704,0
34.995 sec,0.149853339599521,0
34.996 sec,0.149921448301776,0
34.997 sec,0.149921448301776,0
34.998 sec,0.149921448301776,0
34.999 sec,0.149955502946798,0
35 sec,0.149989557787471,0
35.001 sec,0.150057668054941,0
35.002 sec,0.150091723481321,0
35.003 sec,0.15012577910252,0
35.004 sec,0.150193890928544,0
35.005 sec,0.150262003531349,0
35.006 sec,0.150296060123523,0
35.007 sec,0.150364173888376,0
35.008 sec,0.150432288425847,0
35.009 sec,0.150432288425847,0
35.01 sec,0.150466345983794,0
35.011 sec,0.150466345983794,0
35.012 sec,0.150466345983794,0
35.013 sec,0.150500403734271,0
35.014 sec,0.150534461677071,0
35.015 sec,0.150534461677071,0
35.016 sec,0.150568519811984,0
35.017 sec,0.150602578138803,0
35.018 sec,0.150602578138803,0
35.019 sec,0.150602578138803,0
35.02 sec,0.150568519811984,0
35.021 sec,0.150602578138803,0
35.022 sec,0.150670695367326,0
35.023 sec,0.150704754268614,0
35.024 sec,0.150704754268614,0
35.025 sec,0.150704754268614,0
35.026 sec,0.150704754268614,0
35.027 sec,0.150670695367326,0
35.028 sec,0.150602578138803,0
35.029 sec,0.150534461677071,0
35.03 sec,0.150500403734271,0
35.031 sec,0.150466345983794,0
35.032 sec,0.150466345983794,0
35.033 sec,0.150466345983794,0
35.034 sec,0.150432288425847,0
35.035 sec,0.150364173888376,0
35.036 sec,0.150364173888376,0
35.037 sec,0.150330116909268,0
35.038 sec,0.150296060123523,0
35.039 sec,0.150296060123523,0
35.04 sec,0.150262003531349,0
35.041 sec,0.150193890928544,0
35.042 sec,0.150193890928544,0
35.043 sec,0.15012577910252,0
35.044 sec,0.150091723481321,0
35.045 sec,0.150023612823588,0
35.046 sec,0.149955502946798,0
35.047 sec,0.149989557787471,0
35.048 sec,0.149989557787471,0
35.049 sec,0.149955502946798,0
35.05 sec,0.149921448301776,0
35.051 sec,0.149853339599521,0
35.052 sec,0.149853339599521,0
35.053 sec,0.149853339599521,0
35.054 sec,0.149853339599521,0
35.055 sec,0.149819285542704,0
35.056 sec,0.149819285542704,0
35.057 sec,0.149853339599521,0
35.058 sec,0.149955502946798,0
35.059 sec,0.149955502946798,0
35.06 sec,0.149955502946798,0
35.061 sec,0.149955502946798,0
35.062 sec,0.149955502946798,0
35.063 sec,0.149955502946798,0
35.064 sec,0.150023612823588,0
35.065 sec,0.150091723481321,0
35.066 sec,0.150091723481321,0
35.067 sec,0.150193890928544,0
35.068 sec,0.150227947132953,0
35.069 sec,0.150296060123523,0
35.07 sec,0.150330116909268,0
35.071 sec,0.150330116909268,0
35.072 sec,0.150330116909268,0
35.073 sec,0.150330116909268,0
35.074 sec,0.150330116909268,0
35.075 sec,0.150432288425847,0
35.076 sec,0.150500403734271,0
35.077 sec,0.150500403734271,0
35.078 sec,0.150500403734271,0
35.079 sec,0.150500403734271,0
35.08 sec,0.150534461677071,0
35.081 sec,0.150534461677071,0
35.082 sec,0.150534461677071,0
35.083 sec,0.150534461677071,0
35.084 sec,0.150534461677071,0
35.085 sec,0.150568519811984,0
35.086 sec,0.150568519811984,0
35.087 sec,0.150534461677071,0
35.088 sec,0.150534461677071,0
35.089 sec,0.150500403734271,0
35.09 sec,0.150534461677071,0
35.091 sec,0.150534461677071,0
35.092 sec,0.150534461677071,0
35.093 sec,0.150534461677071,0
35.094 sec,0.150534461677071,0
35.095 sec,0.150500403734271,0
35.096 sec,0.150500403734271,0
35.097 sec,0.150432288425847,0
35.098 sec,0.150432288425847,0
35.099 sec,0.150364173888376,0
35.1 sec,0.150330116909268,0
35.101 sec,0.150262003531349,0
35.102 sec,0.150227947132953,0
35.103 sec,0.150193890928544,0
35.104 sec,0.150193890928544,0
35.105 sec,0.15012577910252,0
35.106 sec,0.15012577910252,0
35.107 sec,0.15012577910252,0
35.108 sec,0.150057668054941,0
35.109 sec,0.150057668054941,0
35.11 sec,0.149989557787471,0
35.111 sec,0.149955502946798,0
35.112 sec,0.149955502946798,0
35.113 sec,0.149921448301776,0
35.114 sec,0.149921448301776,0
35.115 sec,0.149955502946798,0
35.116 sec,0.149921448301776,0
35.117 sec,0.149921448301776,0
35.118 sec,0.149921448301776,0
35.119 sec,0.149955502946798,0
35.12 sec,0.149989557787471,0
35.121 sec,0.149989557787471,0
35.122 sec,0.149989557787471,0
35.123 sec,0.149989557787471,0
35.124 sec,0.150023612823588,0
35.125 sec,0.150057668054941,0
35.126 sec,0.150091723481321,0
35.127 sec,0.150091723481321,0
35.128 sec,0.15012577910252,0
35.129 sec,0.15012577910252,0
35.13 sec,0.150193890928544,0
35.131 sec,0.150227947132953,0
35.132 sec,0.150262003531349,0
35.133 sec,0.150262003531349,0
35.134 sec,0.150296060123523,0
35.135 sec,0.150330116909268,0
35.136 sec,0.150364173888376,0
35.137 sec,0.150432288425847,0
35.138 sec,0.150466345983794,0
35.139 sec,0.150466345983794,0
35.14 sec,0.150500403734271,0
35.141 sec,0.150500403734271,0
35.142 sec,0.150500403734271,0
35.143 sec,0.150500403734271,0
35.144 sec,0.150500403734271,0
35.145 sec,0.150534461677071,0
35.146 sec,0.150534461677071,0
35.147 sec,0.150534461677071,0
35.148 sec,0.150534461677071,0
35.149 sec,0.150534461677071,0
35.15 sec,0.150534461677071,0
35.151 sec,0.150534461677071,0
35.152 sec,0.150534461677071,0
35.153 sec,0.150500403734271,0
35.154 sec,0.150500403734271,0
35.155 sec,0.150500403734271,0
35.156 sec,0.150500403734271,0
35.157 sec,0.150500403734271,-0.459383753501401
35.158 sec,0.150466345983794,-0.930672268907563
35.159 sec,0.150466345983794,-1
35.16 sec,0.150364173888376,-1
35.161 sec,0.150364173888376,-1
35.162 sec,0.150330116909268,-1
35.163 sec,0.150330116909268,-1
35.164 sec,0.150296060123523,-1
35.165 sec,0.150262003531349,-1
35.166 sec,0.150193890928544,-1
35.167 sec,0.15012577910252,-1
35.168 sec,0.15012577910252,-1
35.169 sec,0.150091723481321,-1
35.17 sec,0.150091723481321,-1
35.171 sec,0.150091723481321,-1
35.172 sec,0.150057668054941,-1
35.173 sec,0.150057668054941,-1
35.174 sec,0.150057668054941,-1
35.175 sec,0.150057668054941,-1
35.176 sec,0.150057668054941,-1
35.177 sec,0.150091723481321,-1
35.178 sec,0.150057668054941,-1
35.179 sec,0.150023612823588,-1
35.18 sec,0.150023612823588,-1
35.181 sec,0.150057668054941,-1
35.182 sec,0.150057668054941,-1
35.183 sec,0.150023612823588,-1
35.184 sec,0.149989557787471,-1
35.185 sec,0.149955502946798,-1
35.186 sec,0.149989557787471,-1
35.187 sec,0.150023612823588,-1
35.188 sec,0.150057668054941,-1
35.189 sec,0.15012577910252,-1
35.19 sec,0.150193890928544,-1
35.191 sec,0.15012577910252,-1
35.192 sec,0.15012577910252,-1
35.193 sec,0.150227947132953,-1
35.194 sec,0.150296060123523,-1
35.195 sec,0.150296060123523,-1
35.196 sec,0.150296060123523,-1
35.197 sec,0.150296060123523,-1
35.198 sec,0.150364173888376,-1
35.199 sec,0.150466345983794,-1
35.2 sec,0.150500403734271,-1
35.201 sec,0.150500403734271,-1
35.202 sec,0.150500403734271,-1
35.203 sec,0.150534461677071,-1
35.204 sec,0.150534461677071,-1
35.205 sec,0.150534461677071,-1
35.206 sec,0.150500403734271,-1
35.207 sec,0.150534461677071,-1
35.208 sec,0.150534461677071,-1
35.209 sec,0.150568519811984,-1
35.21 sec,0.150568519811984,-1
35.211 sec,0.150534461677071,-1
35.212 sec,0.150534461677071,-1
35.213 sec,0.150534461677071,-1
35.214 sec,0.150500403734271,-1
35.215 sec,0.150500403734271,-1
35.216 sec,0.150466345983794,-1
35.217 sec,0.150466345983794,-1
35.218 sec,0.150466345983794,-1
35.219 sec,0.150466345983794,-1
35.22 sec,0.150466345983794,-1
35.221 sec,0.150432288425847,-1
35.222 sec,0.150432288425847,-1
35.223 sec,0.150330116909268,-1
35.224 sec,0.150296060123523,-1
35.225 sec,0.150262003531349,-1
35.226 sec,0.150227947132953,-1
35.227 sec,0.150193890928544,-1
35.228 sec,0.150193890928544,-1
35.229 sec,0.15012577910252,-1
35.23 sec,0.15012577910252,-1
35.231 sec,0.15012577910252,-1
35.232 sec,0.15012577910252,-1
35.233 sec,0.15012577910252,-1
35.234 sec,0.15012577910252,-1
35.235 sec,0.150091723481321,-1
35.236 sec,0.150057668054941,-1
35.237 sec,0.150091723481321,-1
35.238 sec,0.15012577910252,-1
35.239 sec,0.150091723481321,-1
35.24 sec,0.150091723481321,-1
35.241 sec,0.150057668054941,-1
35.242 sec,0.150057668054941,-1
35.243 sec,0.150057668054941,-1
35.244 sec,0.150091723481321,-1
35.245 sec,0.150057668054941,-1
35.246 sec,0.150057668054941,-1
35.247 sec,0.150057668054941,-1
35.248 sec,0.150091723481321,-1
35.249 sec,0.15012577910252,-1
35.25 sec,0.15012577910252,-1
35.251 sec,0.15012577910252,-1
35.252 sec,0.15012577910252,-1
35.253 sec,0.150193890928544,-1
35.254 sec,0.150193890928544,-1
35.255 sec,0.150193890928544,-1
35.256 sec,0.150227947132953,-1
35.257 sec,0.150262003531349,-1
35.258 sec,0.150330116909268,-1
35.259 sec,0.150364173888376,-1
35.26 sec,0.150432288425847,-1
35.261 sec,0.150432288425847,-1
35.262 sec,0.150364173888376,-1
35.263 sec,0.150432288425847,-1
35.264 sec,0.150432288425847,-1
35.265 sec,0.150500403734271,-1
35.266 sec,0.150500403734271,-1
35.267 sec,0.150534461677071,-1
35.268 sec,0.150500403734271,-1
35.269 sec,0.150534461677071,-1
35.27 sec,0.150500403734271,-1
35.271 sec,0.150500403734271,-1
35.272 sec,0.150500403734271,-1
35.273 sec,0.150500403734271,-1
35.274 sec,0.150500403734271,-1
35.275 sec,0.150500403734271,-1
35.276 sec,0.150500403734271,-1
35.277 sec,0.150466345983794,-1
35.278 sec,0.150466345983794,-1
35.279 sec,0.150466345983794,-1
35.28 sec,0.150466345983794,-1
35.281 sec,0.150432288425847,-1
35.282 sec,0.150432288425847,-1
35.283 sec,0.150364173888376,-1
35.284 sec,0.150296060123523,-1
35.285 sec,0.150296060123523,-1
35.286 sec,0.150262003531349,-1
35.287 sec,0.150296060123523,-1
35.288 sec,0.150227947132953,-1
35.289 sec,0.150227947132953,-1
35.29 sec,0.150193890928544,-1
35.291 sec,0.150193890928544,-1
35.292 sec,0.150193890928544,-1
35.293 sec,0.150193890928544,-1
35.294 sec,0.150193890928544,-1
35.295 sec,0.150193890928544,-1
35.296 sec,0.150193890928544,-1
35.297 sec,0.15012577910252,-1
35.298 sec,0.150091723481321,-1
35.299 sec,0.150091723481321,-1
35.3 sec,0.15012577910252,-1
35.301 sec,0.150193890928544,-1
35.302 sec,0.150193890928544,-1
35.303 sec,0.15012577910252,-1
35.304 sec,0.150091723481321,-1
35.305 sec,0.150091723481321,-1
35.306 sec,0.150091723481321,-1
35.307 sec,0.15012577910252,-1
35.308 sec,0.15012577910252,-1
35.309 sec,0.15012577910252,-1
35.31 sec,0.15012577910252,-1
35.311 sec,0.15012577910252,-1
35.312 sec,0.15012577910252,-1
35.313 sec,0.150193890928544,-1
35.314 sec,0.150193890928544,-1
35.315 sec,0.150193890928544,-1
35.316 sec,0.150227947132953,-1
35.317 sec,0.150262003531349,-1
35.318 sec,0.150296060123523,-1
35.319 sec,0.150432288425847,-1
35.32 sec,0.150364173888376,-1
35.321 sec,0.150364173888376,-1
35.322 sec,0.150330116909268,-1
35.323 sec,0.150330116909268,-1
35.324 sec,0.150364173888376,-1
35.325 sec,0.150432288425847,-1
35.326 sec,0.150466345983794,-1
35.327 sec,0.150466345983794,-1
35.328 sec,0.150466345983794,-1
35.329 sec,0.150432288425847,-1
35.33 sec,0.150466345983794,-1
35.331 sec,0.150466345983794,-1
35.332 sec,0.150500403734271,-1
35.333 sec,0.150500403734271,-1
35.334 sec,0.150466345983794,-1
35.335 sec,0.150466345983794,-1
35.336 sec,0.150466345983794,-1
35.337 sec,0.150466345983794,-1
35.338 sec,0.150466345983794,-1
35.339 sec,0.150466345983794,-1
35.34 sec,0.150500403734271,-1
35.341 sec,0.150500403734271,-1
35.342 sec,0.150466345983794,-1
35.343 sec,0.150432288425847,-1
35.344 sec,0.150432288425847,-1
35.345 sec,0.150330116909268,-1
35.346 sec,0.150330116909268,-1
35.347 sec,0.150296060123523,-1
35.348 sec,0.150227947132953,-1
35.349 sec,0.150227947132953,-1
35.35 sec,0.150193890928544,-1
35.351 sec,0.150193890928544,-1
35.352 sec,0.150193890928544,-1
35.353 sec,0.150193890928544,-1
35.354 sec,0.150193890928544,-1
35.355 sec,0.150193890928544,-1
35.356 sec,0.15012577910252,-1
35.357 sec,0.15012577910252,-1
35.358 sec,0.15012577910252,-1
35.359 sec,0.15012577910252,-1
35.36 sec,0.15012577910252,-1
35.361 sec,0.15012577910252,-1
35.362 sec,0.15012577910252,-1
35.363 sec,0.15012577910252,-1
35.364 sec,0.15012577910252,-1
35.365 sec,0.15012577910252,-1
35.366 sec,0.15012577910252,-1
35.367 sec,0.150193890928544,-1
35.368 sec,0.15012577910252,-1
35.369 sec,0.15012577910252,-1
35.37 sec,0.15012577910252,-1
35.371 sec,0.150193890928544,-1
35.372 sec,0.150193890928544,-1
35.373 sec,0.150193890928544,-1
35.374 sec,0.150227947132953,-1
35.375 sec,0.150262003531349,-1
35.376 sec,0.150330116909268,-1
35.377 sec,0.150364173888376,-1
35.378 sec,0.150432288425847,-1
35.379 sec,0.150432288425847,-1
35.38 sec,0.150364173888376,-1
35.381 sec,0.150432288425847,-1
35.382 sec,0.150432288425847,-1
35.383 sec,0.150432288425847,-1
35.384 sec,0.150466345983794,-1
35.385 sec,0.150432288425847,-1
35.386 sec,0.150466345983794,-1
35.387 sec,0.150466345983794,-1
35.388 sec,0.150500403734271,-1
35.389 sec,0.150500403734271,-1
35.39 sec,0.150500403734271,-1
35.391 sec,0.150500403734271,-1
35.392 sec,0.150500403734271,-1
35.393 sec,0.150500403734271,-1
35.394 sec,0.150500403734271,-1
35.395 sec,0.150466345983794,-1
35.396 sec,0.150466345983794,-1
35.397 sec,0.150466345983794,-1
35.398 sec,0.150466345983794,-1
35.399 sec,0.150466345983794,-1
35.4 sec,0.150466345983794,-1
35.401 sec,0.150466345983794,-1
35.402 sec,0.150364173888376,-1
35.403 sec,0.150330116909268,-1
35.404 sec,0.150262003531349,-1
35.405 sec,0.150262003531349,-1
35.406 sec,0.150262003531349,-1
35.407 sec,0.150262003531349,-1
35.408 sec,0.150227947132953,-1
35.409 sec,0.150193890928544,-1
35.41 sec,0.150193890928544,-1
35.411 sec,0.150193890928544,-1
35.412 sec,0.150193890928544,-1
35.413 sec,0.150193890928544,-1
35.414 sec,0.150193890928544,-1
35.415 sec,0.15012577910252,-1
35.416 sec,0.150091723481321,-1
35.417 sec,0.150091723481321,-1
35.418 sec,0.15012577910252,-1
35.419 sec,0.150193890928544,-1
35.42 sec,0.150193890928544,-1
35.421 sec,0.150193890928544,-1
35.422 sec,0.150193890928544,-1
35.423 sec,0.15012577910252,-1
35.424 sec,0.15012577910252,-1
35.425 sec,0.150091723481321,-1
35.426 sec,0.15012577910252,-1
35.427 sec,0.15012577910252,-1
35.428 sec,0.15012577910252,-1
35.429 sec,0.150193890928544,-1
35.43 sec,0.150193890928544,-1
35.431 sec,0.150193890928544,-1
35.432 sec,0.150193890928544,-1
35.433 sec,0.150227947132953,-1
35.434 sec,0.150227947132953,-1
35.435 sec,0.150262003531349,-1
35.436 sec,0.150262003531349,-1
35.437 sec,0.150262003531349,-1
35.438 sec,0.150262003531349,-1
35.439 sec,0.150330116909268,-1
35.44 sec,0.150330116909268,-1
35.441 sec,0.150330116909268,-1
35.442 sec,0.150296060123523,-1
35.443 sec,0.150296060123523,-1
35.444 sec,0.150364173888376,-1
35.445 sec,0.150364173888376,-1
35.446 sec,0.150364173888376,-1
35.447 sec,0.150432288425847,-1
35.448 sec,0.150466345983794,-1
35.449 sec,0.150466345983794,-1
35.45 sec,0.150466345983794,-1
35.451 sec,0.150432288425847,-1
35.452 sec,0.150364173888376,-1
35.453 sec,0.150330116909268,-1
35.454 sec,0.150330116909268,-1
35.455 sec,0.150330116909268,-1
35.456 sec,0.150330116909268,-1
35.457 sec,0.150330116909268,-1
35.458 sec,0.150296060123523,-1
35.459 sec,0.150330116909268,-1
35.46 sec,0.150330116909268,-1
35.461 sec,0.150330116909268,-1
35.462 sec,0.150432288425847,-1
35.463 sec,0.150364173888376,-1
35.464 sec,0.150330116909268,-1
35.465 sec,0.150296060123523,-1
35.466 sec,0.150262003531349,-1
35.467 sec,0.150227947132953,-1
35.468 sec,0.150227947132953,-1
35.469 sec,0.150193890928544,-1
35.47 sec,0.150227947132953,-1
35.471 sec,0.150193890928544,-1
35.472 sec,0.150193890928544,-1
35.473 sec,0.150193890928544,-1
35.474 sec,0.150193890928544,-1
35.475 sec,0.150193890928544,-1
35.476 sec,0.150193890928544,-1
35.477 sec,0.150193890928544,-1
35.478 sec,0.150193890928544,-1
35.479 sec,0.150193890928544,-1
35.48 sec,0.150193890928544,-1
35.481 sec,0.150193890928544,-1
35.482 sec,0.150193890928544,-1
35.483 sec,0.150193890928544,-1
35.484 sec,0.150193890928544,-1
35.485 sec,0.150193890928544,-1
35.486 sec,0.150193890928544,-1
35.487 sec,0.150227947132953,-1
35.488 sec,0.150227947132953,-1
35.489 sec,0.150227947132953,-1
35.49 sec,0.150262003531349,-1
35.491 sec,0.150296060123523,-1
35.492 sec,0.150330116909268,-1
35.493 sec,0.150296060123523,-1
35.494 sec,0.150262003531349,-1
35.495 sec,0.150296060123523,-1
35.496 sec,0.150364173888376,-1
35.497 sec,0.150432288425847,-1
35.498 sec,0.150432288425847,-1
35.499 sec,0.150364173888376,-1
35.5 sec,0.150364173888376,-1
35.501 sec,0.150432288425847,-1
35.502 sec,0.150466345983794,-1
35.503 sec,0.150466345983794,-1
35.504 sec,0.150432288425847,-1
35.505 sec,0.150364173888376,-1
35.506 sec,0.150296060123523,-1
35.507 sec,0.150296060123523,-1
35.508 sec,0.150330116909268,-1
35.509 sec,0.150296060123523,-1
35.51 sec,0.150330116909268,-1
35.511 sec,0.150330116909268,-1
35.512 sec,0.150432288425847,-1
35.513 sec,0.150364173888376,-1
35.514 sec,0.150330116909268,-1
35.515 sec,0.150330116909268,-1
35.516 sec,0.150296060123523,-1
35.517 sec,0.150330116909268,-1
35.518 sec,0.150262003531349,-1
35.519 sec,0.150262003531349,-1
35.52 sec,0.150262003531349,-1
35.521 sec,0.150262003531349,-1
35.522 sec,0.150296060123523,-1
35.523 sec,0.150262003531349,-1
35.524 sec,0.150227947132953,-1
35.525 sec,0.150193890928544,-1
35.526 sec,0.150193890928544,-1
35.527 sec,0.150193890928544,-1
35.528 sec,0.150193890928544,-1
35.529 sec,0.150193890928544,-1
35.53 sec,0.150193890928544,-1
35.531 sec,0.150193890928544,-1
35.532 sec,0.150193890928544,-1
35.533 sec,0.150193890928544,-1
35.534 sec,0.150193890928544,-1
35.535 sec,0.150193890928544,-1
35.536 sec,0.150193890928544,-1
35.537 sec,0.150193890928544,-1
35.538 sec,0.150227947132953,-1
35.539 sec,0.150227947132953,-1
35.54 sec,0.150227947132953,-1
35.541 sec,0.150193890928544,-1
35.542 sec,0.150193890928544,-1
35.543 sec,0.150193890928544,-1
35.544 sec,0.150193890928544,-1
35.545 sec,0.150193890928544,-1
35.546 sec,0.150227947132953,-1
35.547 sec,0.150227947132953,-1
35.548 sec,0.150296060123523,-1
35.549 sec,0.150330116909268,-1
35.55 sec,0.150330116909268,-1
35.551 sec,0.150296060123523,-1
35.552 sec,0.150296060123523,-1
35.553 sec,0.150296060123523,-1
35.554 sec,0.150364173888376,-1
35.555 sec,0.150364173888376,-1
35.556 sec,0.150364173888376,-1
35.557 sec,0.150364173888376,-1
35.558 sec,0.150296060123523,-1
35.559 sec,0.150296060123523,-1
35.56 sec,0.150364173888376,-1
35.561 sec,0.150364173888376,-1
35.562 sec,0.150364173888376,-1
35.563 sec,0.150432288425847,-1
35.564 sec,0.150432288425847,-1
35.565 sec,0.150364173888376,-1
35.566 sec,0.150330116909268,-1
35.567 sec,0.150296060123523,-1
35.568 sec,0.150364173888376,-1
35.569 sec,0.150364173888376,-1
35.57 sec,0.150432288425847,-1
35.571 sec,0.150432288425847,-1
35.572 sec,0.150364173888376,-1
35.573 sec,0.150330116909268,-1
35.574 sec,0.150296060123523,-1
35.575 sec,0.150296060123523,-1
35.576 sec,0.150296060123523,-1
35.577 sec,0.150262003531349,-1
35.578 sec,0.150296060123523,-1
35.579 sec,0.150296060123523,-1
35.58 sec,0.150296060123523,-1
35.581 sec,0.150227947132953,-1
35.582 sec,0.150227947132953,-1
35.583 sec,0.150193890928544,-1
35.584 sec,0.150227947132953,-1
35.585 sec,0.150227947132953,-1
35.586 sec,0.150227947132953,-1
35.587 sec,0.150193890928544,-1
35.588 sec,0.150227947132953,-1
35.589 sec,0.150227947132953,-1
35.59 sec,0.150227947132953,-1
35.591 sec,0.150227947132953,-1
35.592 sec,0.150227947132953,-1
35.593 sec,0.150227947132953,-1
35.594 sec,0.150227947132953,-1
35.595 sec,0.150227947132953,-1
35.596 sec,0.150262003531349,-1
35.597 sec,0.150262003531349,-1
35.598 sec,0.150262003531349,-1
35.599 sec,0.150227947132953,-1
35.6 sec,0.150193890928544,-1
35.601 sec,0.150262003531349,-1
35.602 sec,0.150262003531349,-1
35.603 sec,0.150296060123523,-1
35.604 sec,0.150330116909268,-1
35.605 sec,0.150330116909268,-1
35.606 sec,0.150330116909268,-1
35.607 sec,0.150296060123523,-1
35.608 sec,0.150364173888376,-1
35.609 sec,0.150364173888376,-1
35.61 sec,0.150364173888376,-1
35.611 sec,0.150296060123523,-1
35.612 sec,0.150262003531349,-1
35.613 sec,0.150296060123523,-1
35.614 sec,0.150296060123523,-1
35.615 sec,0.150364173888376,-1
35.616 sec,0.150364173888376,-1
35.617 sec,0.150364173888376,-1
35.618 sec,0.150364173888376,-1
35.619 sec,0.150364173888376,-1
35.62 sec,0.150330116909268,-1
35.621 sec,0.150330116909268,-1
35.622 sec,0.150262003531349,-1
35.623 sec,0.150296060123523,-1
35.624 sec,0.150262003531349,-1
35.625 sec,0.150296060123523,-1
35.626 sec,0.150296060123523,-1
35.627 sec,0.150296060123523,-1
35.628 sec,0.150296060123523,-1
35.629 sec,0.150296060123523,-1
35.63 sec,0.150296060123523,-1
35.631 sec,0.150262003531349,-1
35.632 sec,0.150227947132953,-1
35.633 sec,0.150193890928544,-1
35.634 sec,0.150227947132953,-1
35.635 sec,0.150227947132953,-1
35.636 sec,0.150227947132953,-1
35.637 sec,0.150262003531349,-1
35.638 sec,0.150262003531349,-1
35.639 sec,0.150227947132953,-1
35.64 sec,0.150227947132953,-1
35.641 sec,0.150227947132953,-1
35.642 sec,0.150262003531349,-1
35.643 sec,0.150262003531349,-1
35.644 sec,0.150227947132953,-1
35.645 sec,0.150262003531349,-1
35.646 sec,0.150262003531349,-1
35.647 sec,0.150262003531349,-1
35.648 sec,0.150262003531349,-1
35.649 sec,0.150227947132953,-1
35.65 sec,0.150262003531349,-1
35.651 sec,0.150296060123523,-1
35.652 sec,0.150330116909268,-1
35.653 sec,0.150330116909268,-1
35.654 sec,0.150296060123523,-1
35.655 sec,0.150262003531349,-1
35.656 sec,0.150296060123523,-1
35.657 sec,0.150296060123523,-1
35.658 sec,0.150330116909268,-1
35.659 sec,0.150364173888376,-1
35.66 sec,0.150364173888376,-1
35.661 sec,0.150364173888376,-1
35.662 sec,0.150330116909268,-1
35.663 sec,0.150330116909268,-1
35.664 sec,0.150364173888376,-1
35.665 sec,0.150364173888376,-1
35.666 sec,0.150330116909268,-1
35.667 sec,0.150296060123523,-1
35.668 sec,0.150296060123523,-1
35.669 sec,0.150296060123523,-1
35.67 sec,0.150330116909268,-1
35.671 sec,0.150330116909268,-1
35.672 sec,0.150296060123523,-1
35.673 sec,0.150262003531349,-1
35.674 sec,0.150296060123523,-1
35.675 sec,0.150262003531349,-1
35.676 sec,0.150296060123523,-1
35.677 sec,0.150262003531349,-1
35.678 sec,0.150262003531349,-1
35.679 sec,0.150330116909268,-1
35.68 sec,0.150330116909268,-1
35.681 sec,0.150330116909268,-1
35.682 sec,0.150296060123523,-1
35.683 sec,0.150262003531349,-1
35.684 sec,0.150330116909268,-1
35.685 sec,0.150330116909268,-1
35.686 sec,0.150330116909268,-1
35.687 sec,0.150262003531349,-1
35.688 sec,0.150227947132953,-1
35.689 sec,0.150193890928544,-1
35.69 sec,0.150227947132953,-1
35.691 sec,0.150262003531349,-1
35.692 sec,0.150296060123523,-1
35.693 sec,0.150296060123523,-1
35.694 sec,0.150296060123523,-1
35.695 sec,0.150296060123523,-1
35.696 sec,0.150296060123523,-1
35.697 sec,0.150262003531349,-1
35.698 sec,0.150296060123523,-1
35.699 sec,0.150227947132953,-1
35.7 sec,0.150262003531349,-1
35.701 sec,0.150262003531349,-1
35.702 sec,0.150296060123523,-1
35.703 sec,0.150296060123523,-1
35.704 sec,0.150296060123523,-1
35.705 sec,0.150262003531349,-1
35.706 sec,0.150296060123523,-1
35.707 sec,0.150330116909268,-1
35.708 sec,0.150364173888376,-1
35.709 sec,0.150364173888376,-1
35.71 sec,0.150330116909268,-1
35.711 sec,0.150296060123523,-1
35.712 sec,0.150330116909268,-1
35.713 sec,0.150296060123523,-1
35.714 sec,0.150330116909268,-1
35.715 sec,0.150364173888376,-1
35.716 sec,0.150364173888376,-1
35.717 sec,0.150364173888376,-1
35.718 sec,0.150296060123523,-1
35.719 sec,0.150296060123523,-1
35.72 sec,0.150296060123523,-1
35.721 sec,0.150330116909268,-1
35.722 sec,0.150296060123523,-1
35.723 sec,0.150330116909268,-1
35.724 sec,0.150296060123523,-1
35.725 sec,0.150296060123523,-1
35.726 sec,0.150262003531349,-1
35.727 sec,0.150262003531349,-1
35.728 sec,0.150296060123523,-1
35.729 sec,0.150227947132953,-1
35.73 sec,0.150262003531349,-1
35.731 sec,0.150227947132953,-1
35.732 sec,0.150227947132953,-1
35.733 sec,0.150227947132953,-1
35.734 sec,0.150227947132953,-1
35.735 sec,0.150227947132953,-1
35.736 sec,0.150227947132953,-1
35.737 sec,0.150227947132953,-1
35.738 sec,0.150227947132953,-1
35.739 sec,0.150227947132953,-1
35.74 sec,0.150262003531349,-1
35.741 sec,0.150262003531349,-1
35.742 sec,0.150296060123523,-1
35.743 sec,0.150296060123523,-1
35.744 sec,0.150296060123523,-1
35.745 sec,0.150262003531349,-1
35.746 sec,0.150262003531349,-1
35.747 sec,0.150227947132953,-1
35.748 sec,0.150262003531349,-1
35.749 sec,0.150296060123523,-1
35.75 sec,0.150296060123523,-1
35.751 sec,0.150330116909268,-1
35.752 sec,0.150296060123523,-1
35.753 sec,0.150296060123523,-1
35.754 sec,0.150296060123523,-1
35.755 sec,0.150296060123523,-1
35.756 sec,0.150262003531349,-1
35.757 sec,0.150227947132953,-1
35.758 sec,0.150262003531349,-1
35.759 sec,0.150262003531349,-1
35.76 sec,0.150296060123523,-1
35.761 sec,0.150330116909268,-1
35.762 sec,0.150330116909268,-1
35.763 sec,0.150364173888376,-1
35.764 sec,0.150432288425847,-1
35.765 sec,0.150364173888376,-1
35.766 sec,0.150330116909268,-1
35.767 sec,0.150330116909268,-1
35.768 sec,0.150262003531349,-1
35.769 sec,0.150296060123523,-1
35.77 sec,0.150330116909268,-1
35.771 sec,0.150330116909268,-1
35.772 sec,0.150364173888376,-1
35.773 sec,0.150364173888376,-1
35.774 sec,0.150364173888376,-1
35.775 sec,0.150330116909268,-1
35.776 sec,0.150364173888376,-1
35.777 sec,0.150330116909268,-1
35.778 sec,0.150296060123523,-1
35.779 sec,0.150296060123523,-1
35.78 sec,0.150296060123523,-1
35.781 sec,0.150296060123523,-1
35.782 sec,0.150296060123523,-1
35.783 sec,0.150296060123523,-1
35.784 sec,0.150262003531349,-1
35.785 sec,0.150227947132953,-1
35.786 sec,0.150227947132953,-1
35.787 sec,0.150227947132953,-1
35.788 sec,0.150227947132953,-1
35.789 sec,0.150262003531349,-1
35.79 sec,0.150262003531349,-1
35.791 sec,0.150262003531349,-1
35.792 sec,0.150330116909268,-1
35.793 sec,0.150296060123523,-1
35.794 sec,0.150262003531349,-1
35.795 sec,0.150262003531349,-1
35.796 sec,0.150262003531349,-1
35.797 sec,0.150296060123523,-1
35.798 sec,0.150330116909268,-1
35.799 sec,0.150330116909268,-1
35.8 sec,0.150296060123523,-1
35.801 sec,0.150296060123523,-1
35.802 sec,0.150262003531349,-1
35.803 sec,0.150262003531349,-1
35.804 sec,0.150262003531349,-1
35.805 sec,0.150296060123523,-1
35.806 sec,0.150330116909268,-1
35.807 sec,0.150330116909268,-1
35.808 sec,0.150330116909268,-1
35.809 sec,0.150262003531349,-1
35.81 sec,0.150227947132953,-1
35.811 sec,0.150262003531349,-1
35.812 sec,0.150296060123523,-1
35.813 sec,0.150296060123523,-1
35.814 sec,0.150330116909268,-1
35.815 sec,0.150330116909268,-1
35.816 sec,0.150330116909268,-1
35.817 sec,0.150364173888376,-1
35.818 sec,0.150330116909268,-1
35.819 sec,0.150296060123523,-1
35.82 sec,0.150330116909268,-1
35.821 sec,0.150296060123523,-1
35.822 sec,0.150296060123523,-1
35.823 sec,0.150330116909268,-1
35.824 sec,0.150262003531349,-1
35.825 sec,0.150262003531349,-1
35.826 sec,0.150296060123523,-1
35.827 sec,0.150296060123523,-1
35.828 sec,0.150296060123523,-1
35.829 sec,0.150296060123523,-1
35.83 sec,0.150262003531349,-1
35.831 sec,0.150262003531349,-1
35.832 sec,0.150262003531349,-1
35.833 sec,0.150262003531349,-1
35.834 sec,0.150262003531349,-1
35.835 sec,0.150296060123523,-1
35.836 sec,0.150330116909268,-1
35.837 sec,0.150296060123523,-1
35.838 sec,0.150330116909268,-1
35.839 sec,0.150330116909268,-1
35.84 sec,0.150296060123523,-1
35.841 sec,0.150296060123523,-1
35.842 sec,0.150262003531349,-1
35.843 sec,0.150262003531349,-1
35.844 sec,0.150296060123523,-1
35.845 sec,0.150296060123523,-1
35.846 sec,0.150262003531349,-1
35.847 sec,0.150296060123523,-1
35.848 sec,0.150262003531349,-1
35.849 sec,0.150296060123523,-1
35.85 sec,0.150330116909268,-1
35.851 sec,0.150296060123523,-1
35.852 sec,0.150296060123523,-1
35.853 sec,0.150262003531349,-1
35.854 sec,0.150262003531349,-1
35.855 sec,0.150296060123523,-1
35.856 sec,0.150296060123523,-1
35.857 sec,0.150296060123523,-1
35.858 sec,0.150296060123523,-1
35.859 sec,0.150227947132953,-1
35.86 sec,0.150227947132953,-1
35.861 sec,0.150227947132953,-1
35.862 sec,0.150262003531349,-1
35.863 sec,0.150227947132953,-1
35.864 sec,0.150262003531349,-1
35.865 sec,0.150262003531349,-1
35.866 sec,0.150262003531349,-1
35.867 sec,0.150262003531349,-1
35.868 sec,0.150262003531349,-1
35.869 sec,0.150296060123523,-1
35.87 sec,0.150296060123523,-1
35.871 sec,0.150296060123523,-1
35.872 sec,0.150296060123523,-1
35.873 sec,0.150296060123523,-1
35.874 sec,0.150262003531349,-1
35.875 sec,0.150262003531349,-1
35.876 sec,0.150262003531349,-1
35.877 sec,0.150227947132953,-1
35.878 sec,0.150227947132953,-1
35.879 sec,0.150262003531349,-1
35.88 sec,0.150262003531349,-1
35.881 sec,0.150262003531349,-1
35.882 sec,0.150262003531349,-1
35.883 sec,0.150262003531349,-1
35.884 sec,0.150262003531349,-1
35.885 sec,0.150330116909268,-1
35.886 sec,0.150296060123523,-1
35.887 sec,0.150330116909268,-1
35.888 sec,0.150296060123523,-1
35.889 sec,0.150262003531349,-1
35.89 sec,0.150296060123523,-1
35.891 sec,0.150330116909268,-1
35.892 sec,0.150330116909268,-1
35.893 sec,0.150330116909268,-1
35.894 sec,0.150227947132953,-1
35.895 sec,0.150262003531349,-1
35.896 sec,0.150296060123523,-1
35.897 sec,0.150330116909268,-1
35.898 sec,0.150364173888376,-1
35.899 sec,0.150364173888376,-1
35.9 sec,0.150330116909268,-1
35.901 sec,0.150296060123523,-1
35.902 sec,0.150262003531349,-1
35.903 sec,0.150262003531349,-1
35.904 sec,0.150296060123523,-1
35.905 sec,0.150296060123523,-1
35.906 sec,0.150296060123523,-1
35.907 sec,0.150296060123523,-1
35.908 sec,0.150262003531349,-1
35.909 sec,0.150227947132953,-1
35.91 sec,0.150262003531349,-1
35.911 sec,0.150296060123523,-1
35.912 sec,0.150330116909268,-1
35.913 sec,0.150296060123523,-1
35.914 sec,0.150296060123523,-1
35.915 sec,0.150262003531349,-1
35.916 sec,0.150262003531349,-1
35.917 sec,0.150262003531349,-1
35.918 sec,0.150227947132953,-1
35.919 sec,0.150262003531349,-1
35.92 sec,0.150296060123523,-1
35.921 sec,0.150296060123523,-1
35.922 sec,0.150330116909268,-1
35.923 sec,0.150330116909268,-1
35.924 sec,0.150330116909268,-1
35.925 sec,0.150330116909268,-1
35.926 sec,0.150296060123523,-1
35.927 sec,0.150262003531349,-1
35.928 sec,0.150262003531349,-1
35.929 sec,0.150296060123523,-1
35.93 sec,0.150296060123523,-1
35.931 sec,0.150296060123523,-1
35.932 sec,0.150330116909268,-1
35.933 sec,0.150364173888376,-1
35.934 sec,0.150364173888376,-1
35.935 sec,0.150330116909268,-1
35.936 sec,0.150330116909268,-1
35.937 sec,0.150262003531349,-1
35.938 sec,0.150296060123523,-1
35.939 sec,0.150296060123523,-1
35.94 sec,0.150296060123523,-1
35.941 sec,0.150296060123523,-1
35.942 sec,0.150262003531349,-1
35.943 sec,0.150296060123523,-1
35.944 sec,0.150296060123523,-1
35.945 sec,0.150296060123523,-1
35.946 sec,0.150296060123523,-1
35.947 sec,0.150296060123523,-1
35.948 sec,0.150330116909268,-1
35.949 sec,0.150296060123523,-1
35.95 sec,0.150296060123523,-1
35.951 sec,0.150262003531349,-1
35.952 sec,0.150262003531349,-1
35.953 sec,0.150262003531349,-1
35.954 sec,0.150296060123523,-1
35.955 sec,0.150296060123523,-1
35.956 sec,0.150364173888376,-1
35.957 sec,0.150330116909268,-1
35.958 sec,0.150296060123523,-1
35.959 sec,0.150296060123523,-1
35.96 sec,0.150262003531349,-1
35.961 sec,0.150262003531349,-1
35.962 sec,0.150296060123523,-1
35.963 sec,0.150330116909268,-1
35.964 sec,0.150296060123523,-1
35.965 sec,0.150262003531349,-1
35.966 sec,0.150227947132953,-1
35.967 sec,0.150262003531349,-1
35.968 sec,0.150262003531349,-1
35.969 sec,0.150262003531349,-1
35.97 sec,0.150227947132953,-1
35.971 sec,0.150227947132953,-1
35.972 sec,0.150227947132953,-1
35.973 sec,0.150227947132953,-1
35.974 sec,0.150262003531349,-1
35.975 sec,0.150296060123523,-1
35.976 sec,0.150296060123523,-1
35.977 sec,0.150296060123523,-1
35.978 sec,0.150330116909268,-1
35.979 sec,0.150330116909268,-1
35.98 sec,0.150364173888376,-1
35.981 sec,0.150330116909268,-1
35.982 sec,0.150330116909268,-1
35.983 sec,0.150330116909268,-1
35.984 sec,0.150296060123523,-1
35.985 sec,0.150296060123523,-1
35.986 sec,0.150262003531349,-1
35.987 sec,0.150227947132953,-1
35.988 sec,0.150262003531349,-1
35.989 sec,0.150296060123523,-1
35.99 sec,0.150330116909268,-1
35.991 sec,0.150364173888376,-1
35.992 sec,0.150364173888376,-1
35.993 sec,0.150296060123523,-1
35.994 sec,0.150296060123523,-1
35.995 sec,0.150330116909268,-1
35.996 sec,0.150330116909268,-1
35.997 sec,0.150330116909268,-1
35.998 sec,0.150330116909268,-1
35.999 sec,0.150330116909268,-1
36 sec,0.150330116909268,-1
36.001 sec,0.150296060123523,-1
36.002 sec,0.150296060123523,-1
36.003 sec,0.150296060123523,-1
36.004 sec,0.150330116909268,-1
36.005 sec,0.150330116909268,-1
36.006 sec,0.150296060123523,-1
36.007 sec,0.150296060123523,-1
36.008 sec,0.150296060123523,-1
36.009 sec,0.150262003531349,-1
36.01 sec,0.150262003531349,-1
36.011 sec,0.150330116909268,-1
36.012 sec,0.150330116909268,-1
36.013 sec,0.150364173888376,-1
36.014 sec,0.150330116909268,-1
36.015 sec,0.150330116909268,-1
36.016 sec,0.150296060123523,-1
36.017 sec,0.150296060123523,-1
36.018 sec,0.150296060123523,-1
36.019 sec,0.150262003531349,-1
36.02 sec,0.150262003531349,-1
36.021 sec,0.150330116909268,-1
36.022 sec,0.150296060123523,-1
36.023 sec,0.150296060123523,-1
36.024 sec,0.150262003531349,-1
36.025 sec,0.150262003531349,-1
36.026 sec,0.150296060123523,-1
36.027 sec,0.150296060123523,-1
36.028 sec,0.150296060123523,-1
36.029 sec,0.150296060123523,-1
36.03 sec,0.150296060123523,-1
36.031 sec,0.150296060123523,-1
36.032 sec,0.150262003531349,-1
36.033 sec,0.150262003531349,-1
36.034 sec,0.150296060123523,-1
36.035 sec,0.150296060123523,-1
36.036 sec,0.150296060123523,-1
36.037 sec,0.150296060123523,-1
36.038 sec,0.150296060123523,-1
36.039 sec,0.150330116909268,-1
36.04 sec,0.150296060123523,-1
36.041 sec,0.150296060123523,-1
36.042 sec,0.150296060123523,-1
36.043 sec,0.150296060123523,-1
36.044 sec,0.150330116909268,-1
36.045 sec,0.150262003531349,-1
36.046 sec,0.150262003531349,-1
36.047 sec,0.150262003531349,-1
36.048 sec,0.150262003531349,-1
36.049 sec,0.150296060123523,-1
36.05 sec,0.150262003531349,-1
36.051 sec,0.150262003531349,-1
36.052 sec,0.150262003531349,-1
36.053 sec,0.150296060123523,-1
36.054 sec,0.150296060123523,-1
36.055 sec,0.150296060123523,-1
36.056 sec,0.150330116909268,-1
36.057 sec,0.150296060123523,-1
36.058 sec,0.150296060123523,-1
36.059 sec,0.150296060123523,-1
36.06 sec,0.150296060123523,-1
36.061 sec,0.150296060123523,-1
36.062 sec,0.150330116909268,-1
36.063 sec,0.150296060123523,-1
36.064 sec,0.150364173888376,-1
36.065 sec,0.150330116909268,-1
36.066 sec,0.150296060123523,-1
36.067 sec,0.150262003531349,-1
36.068 sec,0.150296060123523,-1
36.069 sec,0.150296060123523,-1
36.07 sec,0.150296060123523,-1
36.071 sec,0.150262003531349,-1
36.072 sec,0.150262003531349,-1
36.073 sec,0.150296060123523,-1
36.074 sec,0.150296060123523,-1
36.075 sec,0.150296060123523,-1
36.076 sec,0.150330116909268,-1
36.077 sec,0.150296060123523,-1
36.078 sec,0.150330116909268,-1
36.079 sec,0.150296060123523,-1
36.08 sec,0.150262003531349,-1
36.081 sec,0.150262003531349,-1
36.082 sec,0.150262003531349,-1
36.083 sec,0.150296060123523,-1
36.084 sec,0.150296060123523,-1
36.085 sec,0.150330116909268,-1
36.086 sec,0.150364173888376,-1
36.087 sec,0.150330116909268,-1
36.088 sec,0.150330116909268,-1
36.089 sec,0.150296060123523,-1
36.09 sec,0.150262003531349,-1
36.091 sec,0.150262003531349,-1
36.092 sec,0.150262003531349,-1
36.093 sec,0.150227947132953,-1
36.094 sec,0.150262003531349,-1
36.095 sec,0.150262003531349,-1
36.096 sec,0.150262003531349,-1
36.097 sec,0.150262003531349,-1
36.098 sec,0.150330116909268,-1
36.099 sec,0.150330116909268,-1
36.1 sec,0.150330116909268,-1
36.101 sec,0.150296060123523,-1
36.102 sec,0.150330116909268,-1
36.103 sec,0.150296060123523,-1
36.104 sec,0.150262003531349,-1
36.105 sec,0.150296060123523,-1
36.106 sec,0.150262003531349,-1
36.107 sec,0.150296060123523,-1
36.108 sec,0.150296060123523,-1
36.109 sec,0.150262003531349,-1
36.11 sec,0.150262003531349,-1
36.111 sec,0.150262003531349,-1
36.112 sec,0.150296060123523,-1
36.113 sec,0.150296060123523,-1
36.114 sec,0.150296060123523,-1
36.115 sec,0.150262003531349,-1
36.116 sec,0.150262003531349,-1
36.117 sec,0.150262003531349,-1
36.118 sec,0.150262003531349,-1
36.119 sec,0.150262003531349,-1
36.12 sec,0.150296060123523,-1
36.121 sec,0.150296060123523,-1
36.122 sec,0.150296060123523,-1
36.123 sec,0.150364173888376,-1
36.124 sec,0.150330116909268,-1
36.125 sec,0.150296060123523,-1
36.126 sec,0.150262003531349,-1
36.127 sec,0.150262003531349,-1
36.128 sec,0.150296060123523,-1
36.129 sec,0.150296060123523,-1
36.13 sec,0.150364173888376,-1
36.131 sec,0.150296060123523,-1
36.132 sec,0.150330116909268,-1
36.133 sec,0.150296060123523,-1
36.134 sec,0.150262003531349,-1
36.135 sec,0.150262003531349,-1
36.136 sec,0.150262003531349,-1
36.137 sec,0.150262003531349,-1
36.138 sec,0.150296060123523,-1
36.139 sec,0.150296060123523,-1
36.14 sec,0.150296060123523,-1
36.141 sec,0.150296060123523,-1
36.142 sec,0.150262003531349,-1
36.143 sec,0.150296060123523,-1
36.144 sec,0.150296060123523,-1
36.145 sec,0.150296060123523,-1
36.146 sec,0.150262003531349,-1
36.147 sec,0.150227947132953,-1
36.148 sec,0.150227947132953,-1
36.149 sec,0.150227947132953,-1
36.15 sec,0.150227947132953,-1
36.151 sec,0.150262003531349,-1
36.152 sec,0.150262003531349,-1
36.153 sec,0.150262003531349,-1
36.154 sec,0.150262003531349,-1
36.155 sec,0.150296060123523,-1
36.156 sec,0.150296060123523,-1
36.157 sec,0.150330116909268,-1
36.158 sec,0.150330116909268,-1
36.159 sec,0.150330116909268,-1
36.16 sec,0.150364173888376,-1
36.161 sec,0.150364173888376,-1
36.162 sec,0.150330116909268,-1
36.163 sec,0.150330116909268,-1
36.164 sec,0.150296060123523,-1
36.165 sec,0.150330116909268,-1
36.166 sec,0.150330116909268,-1
36.167 sec,0.150330116909268,-1
36.168 sec,0.150296060123523,-1
36.169 sec,0.150227947132953,-1
36.17 sec,0.150227947132953,-1
36.171 sec,0.150262003531349,-1
36.172 sec,0.150296060123523,-1
36.173 sec,0.150296060123523,-1
36.174 sec,0.150296060123523,-1
36.175 sec,0.150296060123523,-1
36.176 sec,0.150296060123523,-1
36.177 sec,0.150296060123523,-1
36.178 sec,0.150296060123523,-1
36.179 sec,0.150296060123523,-1
36.18 sec,0.150296060123523,-1
36.181 sec,0.150296060123523,-1
36.182 sec,0.150296060123523,-1
36.183 sec,0.150296060123523,-1
36.184 sec,0.150330116909268,-1
36.185 sec,0.150364173888376,-1
36.186 sec,0.150330116909268,-1
36.187 sec,0.150296060123523,-1
36.188 sec,0.150227947132953,-1
36.189 sec,0.150262003531349,-1
36.19 sec,0.150262003531349,-1
36.191 sec,0.150296060123523,-1
36.192 sec,0.150296060123523,-1
36.193 sec,0.150296060123523,-1
36.194 sec,0.150262003531349,-1
36.195 sec,0.150296060123523,-1
36.196 sec,0.150296060123523,-1
36.197 sec,0.150296060123523,-1
36.198 sec,0.150296060123523,-1
36.199 sec,0.150227947132953,-1
36.2 sec,0.150227947132953,-1
36.201 sec,0.150262003531349,-1
36.202 sec,0.150262003531349,-1
36.203 sec,0.150296060123523,-1
36.204 sec,0.150330116909268,-1
36.205 sec,0.150330116909268,-1
36.206 sec,0.150296060123523,-1
36.207 sec,0.150330116909268,-1
36.208 sec,0.150296060123523,-1
36.209 sec,0.150364173888376,-1
36.21 sec,0.150330116909268,-1
36.211 sec,0.150296060123523,-1
36.212 sec,0.150227947132953,-1
36.213 sec,0.150262003531349,-1
36.214 sec,0.150262003531349,-1
36.215 sec,0.150262003531349,-1
36.216 sec,0.150227947132953,-1
36.217 sec,0.150262003531349,-1
36.218 sec,0.150330116909268,-1
36.219 sec,0.150330116909268,-1
36.22 sec,0.150296060123523,-1
36.221 sec,0.150227947132953,-1
36.222 sec,0.150227947132953,-1
36.223 sec,0.150227947132953,-1
36.224 sec,0.150227947132953,-1
36.225 sec,0.150262003531349,-1
36.226 sec,0.150296060123523,-1
36.227 sec,0.150296060123523,-1
36.228 sec,0.150330116909268,-1
36.229 sec,0.150330116909268,-1
36.23 sec,0.150330116909268,-1
36.231 sec,0.150330116909268,-1
36.232 sec,0.150330116909268,-1
36.233 sec,0.150330116909268,-1
36.234 sec,0.150330116909268,-1
36.235 sec,0.150296060123523,-1
36.236 sec,0.150262003531349,-1
36.237 sec,0.150262003531349,-1
36.238 sec,0.150227947132953,-1
36.239 sec,0.150262003531349,-1
36.24 sec,0.150262003531349,-1
36.241 sec,0.150262003531349,-1
36.242 sec,0.150262003531349,-1
36.243 sec,0.150227947132953,-1
36.244 sec,0.150262003531349,-1
36.245 sec,0.150296060123523,-1
36.246 sec,0.150330116909268,-1
36.247 sec,0.150330116909268,-1
36.248 sec,0.150296060123523,-1
36.249 sec,0.150330116909268,-1
36.25 sec,0.150330116909268,-1
36.251 sec,0.150296060123523,-1
36.252 sec,0.150330116909268,-1
36.253 sec,0.150330116909268,-1
36.254 sec,0.150364173888376,-1
36.255 sec,0.150330116909268,-1
36.256 sec,0.150330116909268,-1
36.257 sec,0.150330116909268,-1
36.258 sec,0.150296060123523,-1
36.259 sec,0.150262003531349,-1
36.26 sec,0.150296060123523,-1
36.261 sec,0.150296060123523,-1
36.262 sec,0.150296060123523,-1
36.263 sec,0.150330116909268,-1
36.264 sec,0.150330116909268,-1
36.265 sec,0.150364173888376,-1
36.266 sec,0.150330116909268,-1
36.267 sec,0.150296060123523,-1
36.268 sec,0.150262003531349,-1
36.269 sec,0.150262003531349,-1
36.27 sec,0.150262003531349,-1
36.271 sec,0.150262003531349,-1
36.272 sec,0.150262003531349,-1
36.273 sec,0.150262003531349,-1
36.274 sec,0.150227947132953,-1
36.275 sec,0.150262003531349,-1
36.276 sec,0.150262003531349,-1
36.277 sec,0.150262003531349,-1
36.278 sec,0.150262003531349,-1
36.279 sec,0.150296060123523,-1
36.28 sec,0.150330116909268,-1
36.281 sec,0.150330116909268,-1
36.282 sec,0.150296060123523,-1
36.283 sec,0.150262003531349,-1
36.284 sec,0.150296060123523,-1
36.285 sec,0.150330116909268,-1
36.286 sec,0.150296060123523,-1
36.287 sec,0.150296060123523,-1
36.288 sec,0.150330116909268,-1
36.289 sec,0.150296060123523,-1
36.29 sec,0.150330116909268,-1
36.291 sec,0.150296060123523,-1
36.292 sec,0.150262003531349,-1
36.293 sec,0.150262003531349,-1
36.294 sec,0.150227947132953,-1
36.295 sec,0.150227947132953,-1
36.296 sec,0.150227947132953,-1
36.297 sec,0.150262003531349,-1
36.298 sec,0.150296060123523,-1
36.299 sec,0.150296060123523,-1
36.3 sec,0.150262003531349,-1
36.301 sec,0.150262003531349,-1
36.302 sec,0.150262003531349,-1
36.303 sec,0.150296060123523,-1
36.304 sec,0.150296060123523,-1
36.305 sec,0.150296060123523,-1
36.306 sec,0.150296060123523,-1
36.307 sec,0.150296060123523,-1
36.308 sec,0.150296060123523,-1
36.309 sec,0.150296060123523,-1
36.31 sec,0.150296060123523,-1
36.311 sec,0.150296060123523,-1
36.312 sec,0.150296060123523,-1
36.313 sec,0.150296060123523,-1
36.314 sec,0.150262003531349,-1
36.315 sec,0.150262003531349,-1
36.316 sec,0.150296060123523,-1
36.317 sec,0.150296060123523,-1
36.318 sec,0.150330116909268,-1
36.319 sec,0.150330116909268,-1
36.32 sec,0.150330116909268,-1
36.321 sec,0.150296060123523,-1
36.322 sec,0.150262003531349,-1
36.323 sec,0.150262003531349,-1
36.324 sec,0.150296060123523,-1
36.325 sec,0.150296060123523,-1
36.326 sec,0.150296060123523,-1
36.327 sec,0.150262003531349,-1
36.328 sec,0.150296060123523,-1
36.329 sec,0.150296060123523,-1
36.33 sec,0.150296060123523,-1
36.331 sec,0.150296060123523,-1
36.332 sec,0.150262003531349,-1
36.333 sec,0.150296060123523,-1
36.334 sec,0.150364173888376,-1
36.335 sec,0.150330116909268,-1
36.336 sec,0.150296060123523,-1
36.337 sec,0.150296060123523,-1
36.338 sec,0.150296060123523,-1
36.339 sec,0.150296060123523,-1
36.34 sec,0.150262003531349,-1
36.341 sec,0.150262003531349,-1
36.342 sec,0.150227947132953,-1
36.343 sec,0.150262003531349,-1
36.344 sec,0.150296060123523,-1
36.345 sec,0.150296060123523,-1
36.346 sec,0.150364173888376,-1
36.347 sec,0.150364173888376,-1
36.348 sec,0.150364173888376,-1
36.349 sec,0.150330116909268,-1
36.35 sec,0.150296060123523,-1
36.351 sec,0.150330116909268,-1
36.352 sec,0.150296060123523,-1
36.353 sec,0.150330116909268,-1
36.354 sec,0.150262003531349,-1
36.355 sec,0.150227947132953,-1
36.356 sec,0.150296060123523,-1
36.357 sec,0.150330116909268,-1
36.358 sec,0.150296060123523,-1
36.359 sec,0.150227947132953,-1
36.36 sec,0.150262003531349,-1
36.361 sec,0.150262003531349,-1
36.362 sec,0.150296060123523,-1
36.363 sec,0.150296060123523,-1
36.364 sec,0.150227947132953,-1
36.365 sec,0.150227947132953,-1
36.366 sec,0.150262003531349,-1
36.367 sec,0.150296060123523,-1
36.368 sec,0.150330116909268,-1
36.369 sec,0.150330116909268,-1
36.37 sec,0.150330116909268,-1
36.371 sec,0.150330116909268,-1
36.372 sec,0.150330116909268,-1
36.373 sec,0.150296060123523,-1
36.374 sec,0.150296060123523,-1
36.375 sec,0.150296060123523,-1
36.376 sec,0.150296060123523,-1
36.377 sec,0.150296060123523,-1
36.378 sec,0.150296060123523,-1
36.379 sec,0.150262003531349,-1
36.38 sec,0.150296060123523,-1
36.381 sec,0.150296060123523,-1
36.382 sec,0.150330116909268,-1
36.383 sec,0.150330116909268,-1
36.384 sec,0.150296060123523,-1
36.385 sec,0.150296060123523,-1
36.386 sec,0.150262003531349,-1
36.387 sec,0.150262003531349,-1
36.388 sec,0.150296060123523,-1
36.389 sec,0.150296060123523,-1
36.39 sec,0.150330116909268,-1
36.391 sec,0.150330116909268,-1
36.392 sec,0.150296060123523,-1
36.393 sec,0.150296060123523,-1
36.394 sec,0.150227947132953,-1
36.395 sec,0.150262003531349,-1
36.396 sec,0.150227947132953,-1
36.397 sec,0.150227947132953,-1
36.398 sec,0.150262003531349,-1
36.399 sec,0.150262003531349,-1
36.4 sec,0.150296060123523,-1
36.401 sec,0.150330116909268,-1
36.402 sec,0.150296060123523,-1
36.403 sec,0.150296060123523,-1
36.404 sec,0.150296060123523,-1
36.405 sec,0.150296060123523,-1
36.406 sec,0.150296060123523,-1
36.407 sec,0.150262003531349,-1
36.408 sec,0.150262003531349,-1
36.409 sec,0.150296060123523,-1
36.41 sec,0.150296060123523,-1
36.411 sec,0.150262003531349,-1
36.412 sec,0.150262003531349,-1
36.413 sec,0.150262003531349,-1
36.414 sec,0.150262003531349,-1
36.415 sec,0.150262003531349,-1
36.416 sec,0.150262003531349,-1
36.417 sec,0.150296060123523,-1
36.418 sec,0.150296060123523,-1
36.419 sec,0.150296060123523,-1
36.42 sec,0.150262003531349,-1
36.421 sec,0.150262003531349,-1
36.422 sec,0.150262003531349,-1
36.423 sec,0.150262003531349,-1
36.424 sec,0.150296060123523,-1
36.425 sec,0.150330116909268,-1
36.426 sec,0.150296060123523,-1
36.427 sec,0.150296060123523,-1
36.428 sec,0.150296060123523,-1
36.429 sec,0.150296060123523,-1
36.43 sec,0.150330116909268,-1
36.431 sec,0.150364173888376,-1
36.432 sec,0.150330116909268,-1
36.433 sec,0.150330116909268,-1
36.434 sec,0.150296060123523,-1
36.435 sec,0.150330116909268,-1
36.436 sec,0.150330116909268,-1
36.437 sec,0.150364173888376,-1
36.438 sec,0.150364173888376,-1
36.439 sec,0.150296060123523,-1
36.44 sec,0.150296060123523,-1
36.441 sec,0.150296060123523,-1
36.442 sec,0.150330116909268,-1
36.443 sec,0.150330116909268,-1
36.444 sec,0.150262003531349,-1
36.445 sec,0.150262003531349,-1
36.446 sec,0.150296060123523,-1
36.447 sec,0.150262003531349,-1
36.448 sec,0.150296060123523,-1
36.449 sec,0.150296060123523,-1
36.45 sec,0.150296060123523,-1
36.451 sec,0.150296060123523,-1
36.452 sec,0.150262003531349,-1
36.453 sec,0.150262003531349,-1
36.454 sec,0.150296060123523,-1
36.455 sec,0.150296060123523,-1
36.456 sec,0.150296060123523,-1
36.457 sec,0.150364173888376,-1
36.458 sec,0.150330116909268,-1
36.459 sec,0.150330116909268,-1
36.46 sec,0.150296060123523,-1
36.461 sec,0.150296060123523,-1
36.462 sec,0.150296060123523,-1
36.463 sec,0.150262003531349,-1
36.464 sec,0.150262003531349,-1
36.465 sec,0.150262003531349,-1
36.466 sec,0.150262003531349,-1
36.467 sec,0.150227947132953,-1
36.468 sec,0.150227947132953,-1
36.469 sec,0.150227947132953,-1
36.47 sec,0.150262003531349,-1
36.471 sec,0.150262003531349,-1
36.472 sec,0.150262003531349,-1
36.473 sec,0.150296060123523,-1
36.474 sec,0.150296060123523,-1
36.475 sec,0.150262003531349,-1
36.476 sec,0.150262003531349,-1
36.477 sec,0.150262003531349,-1
36.478 sec,0.150296060123523,-1
36.479 sec,0.150262003531349,-1
36.48 sec,0.150262003531349,-1
36.481 sec,0.150262003531349,-1
36.482 sec,0.150296060123523,-1
36.483 sec,0.150330116909268,-1
36.484 sec,0.150330116909268,-1
36.485 sec,0.150330116909268,-1
36.486 sec,0.150296060123523,-1
36.487 sec,0.150296060123523,-1
36.488 sec,0.150262003531349,-1
36.489 sec,0.150296060123523,-1
36.49 sec,0.150296060123523,-1
36.491 sec,0.150296060123523,-1
36.492 sec,0.150296060123523,-1
36.493 sec,0.150296060123523,-1
36.494 sec,0.150296060123523,-1
36.495 sec,0.150296060123523,-1
36.496 sec,0.150227947132953,-1
36.497 sec,0.150227947132953,-1
36.498 sec,0.150227947132953,-1
36.499 sec,0.150262003531349,-1
36.5 sec,0.150296060123523,-1
36.501 sec,0.150296060123523,-1
36.502 sec,0.150296060123523,-1
36.503 sec,0.150262003531349,-1
36.504 sec,0.150262003531349,-1
36.505 sec,0.150262003531349,-1
36.506 sec,0.150262003531349,-1
36.507 sec,0.150262003531349,-1
36.508 sec,0.150262003531349,-1
36.509 sec,0.150262003531349,-1
36.51 sec,0.150262003531349,-1
36.511 sec,0.150296060123523,-1
36.512 sec,0.150296060123523,-1
36.513 sec,0.150262003531349,-1
36.514 sec,0.150296060123523,-1
36.515 sec,0.150296060123523,-1
36.516 sec,0.150296060123523,-1
36.517 sec,0.150262003531349,-1
36.518 sec,0.150296060123523,-1
36.519 sec,0.150296060123523,-1
36.52 sec,0.150296060123523,-1
36.521 sec,0.150262003531349,-1
36.522 sec,0.150262003531349,-1
36.523 sec,0.150296060123523,-1
36.524 sec,0.150262003531349,-1
36.525 sec,0.150262003531349,-1
36.526 sec,0.150296060123523,-1
36.527 sec,0.150330116909268,-1
36.528 sec,0.150296060123523,-1
36.529 sec,0.150227947132953,-1
36.53 sec,0.150227947132953,-1
36.531 sec,0.150227947132953,-1
36.532 sec,0.150262003531349,-1
36.533 sec,0.150296060123523,-1
36.534 sec,0.150296060123523,-1
36.535 sec,0.150262003531349,-1
36.536 sec,0.150262003531349,-1
36.537 sec,0.150262003531349,-1
36.538 sec,0.150296060123523,-1
36.539 sec,0.150330116909268,-1
36.54 sec,0.150330116909268,-1
36.541 sec,0.150330116909268,-1
36.542 sec,0.150296060123523,-1
36.543 sec,0.150330116909268,-1
36.544 sec,0.150262003531349,-1
36.545 sec,0.150262003531349,-1
36.546 sec,0.150262003531349,-1
36.547 sec,0.150296060123523,-1
36.548 sec,0.150330116909268,-1
36.549 sec,0.150330116909268,-1
36.55 sec,0.150330116909268,-1
36.551 sec,0.150296060123523,-1
36.552 sec,0.150262003531349,-1
36.553 sec,0.150262003531349,-1
36.554 sec,0.150262003531349,-1
36.555 sec,0.150262003531349,-1
36.556 sec,0.150262003531349,-1
36.557 sec,0.150262003531349,-1
36.558 sec,0.150262003531349,-1
36.559 sec,0.150262003531349,-1
36.56 sec,0.150262003531349,-1
36.561 sec,0.150330116909268,-1
36.562 sec,0.150330116909268,-1
36.563 sec,0.150364173888376,-1
36.564 sec,0.150364173888376,-1
36.565 sec,0.150364173888376,-1
36.566 sec,0.150364173888376,-1
36.567 sec,0.150330116909268,-1
36.568 sec,0.150262003531349,-1
36.569 sec,0.150262003531349,-1
36.57 sec,0.150262003531349,-1
36.571 sec,0.150296060123523,-1
36.572 sec,0.150296060123523,-1
36.573 sec,0.150262003531349,-1
36.574 sec,0.150262003531349,-1
36.575 sec,0.150227947132953,-1
36.576 sec,0.150262003531349,-1
36.577 sec,0.150296060123523,-1
36.578 sec,0.150330116909268,-1
36.579 sec,0.150330116909268,-1
36.58 sec,0.150330116909268,-1
36.581 sec,0.150364173888376,-1
36.582 sec,0.150364173888376,-1
36.583 sec,0.150432288425847,-1
36.584 sec,0.150364173888376,-1
36.585 sec,0.150330116909268,-1
36.586 sec,0.150296060123523,-1
36.587 sec,0.150262003531349,-1
36.588 sec,0.150227947132953,-1
36.589 sec,0.150262003531349,-1
36.59 sec,0.150227947132953,-1
36.591 sec,0.150296060123523,-1
36.592 sec,0.150296060123523,-1
36.593 sec,0.150296060123523,-1
36.594 sec,0.150262003531349,-1
36.595 sec,0.150262003531349,-1
36.596 sec,0.150296060123523,-1
36.597 sec,0.150330116909268,-1
36.598 sec,0.150330116909268,-1
36.599 sec,0.150330116909268,-1
36.6 sec,0.150262003531349,-1
36.601 sec,0.150227947132953,-1
36.602 sec,0.150262003531349,-1
36.603 sec,0.150296060123523,-1
36.604 sec,0.150330116909268,-1
36.605 sec,0.150330116909268,-1
36.606 sec,0.150330116909268,-1
36.607 sec,0.150296060123523,-1
36.608 sec,0.150296060123523,-1
36.609 sec,0.150296060123523,-1
36.61 sec,0.150364173888376,-1
36.611 sec,0.150330116909268,-1
36.612 sec,0.150330116909268,-1
36.613 sec,0.150364173888376,-1
36.614 sec,0.150364173888376,-1
36.615 sec,0.150364173888376,-1
36.616 sec,0.150364173888376,-1
36.617 sec,0.150330116909268,-1
36.618 sec,0.150296060123523,-1
36.619 sec,0.150262003531349,-1
36.62 sec,0.150296060123523,-1
36.621 sec,0.150330116909268,-1
36.622 sec,0.150330116909268,-1
36.623 sec,0.150296060123523,-1
36.624 sec,0.150296060123523,-1
36.625 sec,0.150262003531349,-1
36.626 sec,0.150227947132953,-1
36.627 sec,0.150227947132953,-1
36.628 sec,0.150262003531349,-1
36.629 sec,0.150262003531349,-1
36.63 sec,0.150296060123523,-1
36.631 sec,0.150227947132953,-1
36.632 sec,0.150262003531349,-1
36.633 sec,0.150227947132953,-1
36.634 sec,0.150262003531349,-1
36.635 sec,0.150296060123523,-1
36.636 sec,0.150296060123523,-1
36.637 sec,0.150262003531349,-1
36.638 sec,0.150262003531349,-1
36.639 sec,0.150262003531349,-1
36.64 sec,0.150262003531349,-1
36.641 sec,0.150262003531349,-1
36.642 sec,0.150227947132953,-1
36.643 sec,0.150227947132953,-1
36.644 sec,0.150262003531349,-1
36.645 sec,0.150262003531349,-1
36.646 sec,0.150296060123523,-1
36.647 sec,0.150296060123523,-1
36.648 sec,0.150296060123523,-1
36.649 sec,0.150296060123523,-1
36.65 sec,0.150262003531349,-1
36.651 sec,0.150296060123523,-1
36.652 sec,0.150296060123523,-1
36.653 sec,0.150330116909268,-1
36.654 sec,0.150330116909268,-1
36.655 sec,0.150296060123523,-1
36.656 sec,0.150330116909268,-1
36.657 sec,0.150296060123523,-1
36.658 sec,0.150364173888376,-1
36.659 sec,0.150364173888376,-1
36.66 sec,0.150330116909268,-1
36.661 sec,0.150330116909268,-1
36.662 sec,0.150296060123523,-1
36.663 sec,0.150296060123523,-1
36.664 sec,0.150296060123523,-1
36.665 sec,0.150262003531349,-1
36.666 sec,0.150296060123523,-1
36.667 sec,0.150296060123523,-1
36.668 sec,0.150296060123523,-1
36.669 sec,0.150296060123523,-1
36.67 sec,0.150330116909268,-1
36.671 sec,0.150262003531349,-1
36.672 sec,0.150227947132953,-1
36.673 sec,0.150262003531349,-1
36.674 sec,0.150262003531349,-1
36.675 sec,0.150296060123523,-1
36.676 sec,0.150330116909268,-1
36.677 sec,0.150296060123523,-1
36.678 sec,0.150296060123523,-1
36.679 sec,0.150262003531349,-1
36.68 sec,0.150262003531349,-1
36.681 sec,0.150296060123523,-1
36.682 sec,0.150330116909268,-1
36.683 sec,0.150330116909268,-1
36.684 sec,0.150330116909268,-1
36.685 sec,0.150296060123523,-1
36.686 sec,0.150262003531349,-1
36.687 sec,0.150227947132953,-1
36.688 sec,0.150227947132953,-1
36.689 sec,0.150227947132953,-1
36.69 sec,0.150296060123523,-1
36.691 sec,0.150296060123523,-1
36.692 sec,0.150296060123523,-1
36.693 sec,0.150296060123523,-1
36.694 sec,0.150262003531349,-1
36.695 sec,0.150227947132953,-1
36.696 sec,0.150227947132953,-1
36.697 sec,0.150262003531349,-1
36.698 sec,0.150262003531349,-1
36.699 sec,0.150296060123523,-1
36.7 sec,0.150296060123523,-1
36.701 sec,0.150296060123523,-1
36.702 sec,0.150296060123523,-1
36.703 sec,0.150296060123523,-1
36.704 sec,0.150330116909268,-1
36.705 sec,0.150296060123523,-1
36.706 sec,0.150296060123523,-1
36.707 sec,0.150262003531349,-1
36.708 sec,0.150262003531349,-1
36.709 sec,0.150296060123523,-1
36.71 sec,0.150262003531349,-1
36.711 sec,0.150262003531349,-1
36.712 sec,0.150262003531349,-1
36.713 sec,0.150262003531349,-1
36.714 sec,0.150296060123523,-1
36.715 sec,0.150296060123523,-1
36.716 sec,0.150296060123523,-1
36.717 sec,0.150296060123523,-1
36.718 sec,0.150296060123523,-1
36.719 sec,0.150330116909268,-1
36.72 sec,0.150262003531349,-1
36.721 sec,0.150227947132953,-1
36.722 sec,0.150227947132953,-1
36.723 sec,0.150227947132953,-1
36.724 sec,0.150227947132953,-1
36.725 sec,0.150227947132953,-1
36.726 sec,0.150227947132953,-1
36.727 sec,0.150262003531349,-1
36.728 sec,0.150262003531349,-1
36.729 sec,0.150296060123523,-1
36.73 sec,0.150330116909268,-1
36.731 sec,0.150330116909268,-1
36.732 sec,0.150330116909268,-1
36.733 sec,0.150330116909268,-1
36.734 sec,0.150330116909268,-1
36.735 sec,0.150296060123523,-1
36.736 sec,0.150296060123523,-1
36.737 sec,0.150296060123523,-1
36.738 sec,0.150262003531349,-1
36.739 sec,0.150262003531349,-1
36.74 sec,0.150227947132953,-1
36.741 sec,0.150262003531349,-1
36.742 sec,0.150262003531349,-1
36.743 sec,0.150262003531349,-1
36.744 sec,0.150262003531349,-1
36.745 sec,0.150262003531349,-1
36.746 sec,0.150296060123523,-1
36.747 sec,0.150330116909268,-1
36.748 sec,0.150296060123523,-1
36.749 sec,0.150262003531349,-1
36.75 sec,0.150296060123523,-1
36.751 sec,0.150262003531349,-1
36.752 sec,0.150296060123523,-1
36.753 sec,0.150262003531349,-1
36.754 sec,0.150262003531349,-1
36.755 sec,0.150262003531349,-1
36.756 sec,0.150227947132953,-1
36.757 sec,0.150227947132953,-1
36.758 sec,0.150296060123523,-1
36.759 sec,0.150296060123523,-1
36.76 sec,0.150296060123523,-1
36.761 sec,0.150296060123523,-1
36.762 sec,0.150330116909268,-1
36.763 sec,0.150330116909268,-1
36.764 sec,0.150330116909268,-1
36.765 sec,0.150330116909268,-1
36.766 sec,0.150330116909268,-1
36.767 sec,0.150330116909268,-1
36.768 sec,0.150330116909268,-1
36.769 sec,0.150296060123523,-1
36.77 sec,0.150262003531349,-1
36.771 sec,0.150227947132953,-1
36.772 sec,0.150296060123523,-1
36.773 sec,0.150296060123523,-1
36.774 sec,0.150330116909268,-1
36.775 sec,0.150364173888376,-1
36.776 sec,0.150364173888376,-1
36.777 sec,0.150364173888376,-1
36.778 sec,0.150296060123523,-1
36.779 sec,0.150262003531349,-1
36.78 sec,0.150330116909268,-1
36.781 sec,0.150364173888376,-1
36.782 sec,0.150330116909268,-1
36.783 sec,0.150330116909268,-1
36.784 sec,0.150296060123523,-1
36.785 sec,0.150330116909268,-1
36.786 sec,0.150330116909268,-1
36.787 sec,0.150296060123523,-1
36.788 sec,0.150296060123523,-1
36.789 sec,0.150296060123523,-1
36.79 sec,0.150330116909268,-1
36.791 sec,0.150296060123523,-1
36.792 sec,0.150296060123523,-1
36.793 sec,0.150262003531349,-1
36.794 sec,0.150296060123523,-1
36.795 sec,0.150296060123523,-1
36.796 sec,0.150262003531349,-1
36.797 sec,0.150296060123523,-1
36.798 sec,0.150262003531349,-1
36.799 sec,0.150227947132953,-1
36.8 sec,0.150262003531349,-1
36.801 sec,0.150262003531349,-1
36.802 sec,0.150330116909268,-1
36.803 sec,0.150330116909268,-1
36.804 sec,0.150330116909268,-1
36.805 sec,0.150262003531349,-1
36.806 sec,0.150262003531349,-1
36.807 sec,0.150296060123523,-1
36.808 sec,0.150296060123523,-1
36.809 sec,0.150330116909268,-1
36.81 sec,0.150296060123523,-1
36.811 sec,0.150296060123523,-1
36.812 sec,0.150296060123523,-1
36.813 sec,0.150330116909268,-1
36.814 sec,0.150296060123523,-1
36.815 sec,0.150330116909268,-1
36.816 sec,0.150296060123523,-1
36.817 sec,0.150296060123523,-1
36.818 sec,0.150262003531349,-1
36.819 sec,0.150262003531349,-1
36.82 sec,0.150296060123523,-1
36.821 sec,0.150262003531349,-1
36.822 sec,0.150227947132953,-1
36.823 sec,0.150262003531349,-1
36.824 sec,0.150227947132953,-1
36.825 sec,0.150262003531349,-1
36.826 sec,0.150227947132953,-1
36.827 sec,0.150227947132953,-1
36.828 sec,0.150227947132953,-1
36.829 sec,0.150262003531349,-1
36.83 sec,0.150296060123523,-1
36.831 sec,0.150330116909268,-1
36.832 sec,0.150330116909268,-1
36.833 sec,0.150330116909268,-1
36.834 sec,0.150330116909268,-1
36.835 sec,0.150296060123523,-1
36.836 sec,0.150296060123523,-1
36.837 sec,0.150227947132953,-1
36.838 sec,0.150227947132953,-1
36.839 sec,0.150227947132953,-1
36.84 sec,0.150262003531349,-1
36.841 sec,0.150227947132953,-1
36.842 sec,0.150262003531349,-1
36.843 sec,0.150227947132953,-1
36.844 sec,0.150262003531349,-1
36.845 sec,0.150262003531349,-1
36.846 sec,0.150296060123523,-1
36.847 sec,0.150296060123523,-1
36.848 sec,0.150330116909268,-1
36.849 sec,0.150296060123523,-1
36.85 sec,0.150262003531349,-1
36.851 sec,0.150227947132953,-1
36.852 sec,0.150262003531349,-1
36.853 sec,0.150296060123523,-1
36.854 sec,0.150296060123523,-1
36.855 sec,0.150296060123523,-1
36.856 sec,0.150227947132953,-1
36.857 sec,0.150262003531349,-1
36.858 sec,0.150227947132953,-1
36.859 sec,0.150227947132953,-1
36.86 sec,0.150262003531349,-1
36.861 sec,0.150227947132953,-1
36.862 sec,0.150296060123523,-1
36.863 sec,0.150262003531349,-1
36.864 sec,0.150296060123523,-1
36.865 sec,0.150296060123523,-1
36.866 sec,0.150296060123523,-1
36.867 sec,0.150330116909268,-1
36.868 sec,0.150330116909268,-1
36.869 sec,0.150296060123523,-1
36.87 sec,0.150330116909268,-1
36.871 sec,0.150330116909268,-1
36.872 sec,0.150296060123523,-1
36.873 sec,0.150296060123523,-1
36.874 sec,0.150262003531349,-1
36.875 sec,0.150262003531349,-1
36.876 sec,0.150296060123523,-1
36.877 sec,0.150330116909268,-1
36.878 sec,0.150296060123523,-1
36.879 sec,0.150262003531349,-1
36.88 sec,0.150262003531349,-1
36.881 sec,0.150262003531349,-1
36.882 sec,0.150296060123523,-1
36.883 sec,0.150262003531349,-1
36.884 sec,0.150296060123523,-1
36.885 sec,0.150262003531349,-1
36.886 sec,0.150262003531349,-1
36.887 sec,0.150262003531349,-1
36.888 sec,0.150227947132953,-1
36.889 sec,0.150262003531349,-1
36.89 sec,0.150296060123523,-1
36.891 sec,0.150330116909268,-1
36.892 sec,0.150364173888376,-1
36.893 sec,0.150364173888376,-1
36.894 sec,0.150330116909268,-1
36.895 sec,0.150330116909268,-1
36.896 sec,0.150296060123523,-1
36.897 sec,0.150262003531349,-1
36.898 sec,0.150262003531349,-1
36.899 sec,0.150227947132953,-1
36.9 sec,0.150262003531349,-1
36.901 sec,0.150262003531349,-1
36.902 sec,0.150262003531349,-1
36.903 sec,0.150262003531349,-1
36.904 sec,0.150227947132953,-1
36.905 sec,0.150227947132953,-1
36.906 sec,0.150227947132953,-1
36.907 sec,0.150227947132953,-1
36.908 sec,0.150296060123523,-1
36.909 sec,0.150330116909268,-1
36.91 sec,0.150364173888376,-1
36.911 sec,0.150364173888376,-1
36.912 sec,0.150330116909268,-1
36.913 sec,0.150330116909268,-1
36.914 sec,0.150330116909268,-1
36.915 sec,0.150330116909268,-1
36.916 sec,0.150296060123523,-1
36.917 sec,0.150330116909268,-1
36.918 sec,0.150296060123523,-1
36.919 sec,0.150296060123523,-1
36.92 sec,0.150296060123523,-1
36.921 sec,0.150296060123523,-1
36.922 sec,0.150296060123523,-1
36.923 sec,0.150296060123523,-1
36.924 sec,0.150330116909268,-1
36.925 sec,0.150364173888376,-1
36.926 sec,0.150330116909268,-1
36.927 sec,0.150330116909268,-1
36.928 sec,0.150296060123523,-1
36.929 sec,0.150296060123523,-1
36.93 sec,0.150296060123523,-1
36.931 sec,0.150296060123523,-1
36.932 sec,0.150262003531349,-1
36.933 sec,0.150262003531349,-1
36.934 sec,0.150262003531349,-1
36.935 sec,0.150262003531349,-1
36.936 sec,0.150296060123523,-1
36.937 sec,0.150296060123523,-1
36.938 sec,0.150330116909268,-1
36.939 sec,0.150296060123523,-1
36.94 sec,0.150364173888376,-1
36.941 sec,0.150330116909268,-1
36.942 sec,0.150330116909268,-1
36.943 sec,0.150296060123523,-1
36.944 sec,0.150262003531349,-1
36.945 sec,0.150262003531349,-1
36.946 sec,0.150262003531349,-1
36.947 sec,0.150330116909268,-1
36.948 sec,0.150330116909268,-1
36.949 sec,0.150296060123523,-1
36.95 sec,0.150296060123523,-1
36.951 sec,0.150262003531349,-1
36.952 sec,0.150262003531349,-1
36.953 sec,0.150296060123523,-1
36.954 sec,0.150330116909268,-1
36.955 sec,0.150330116909268,-1
36.956 sec,0.150330116909268,-1
36.957 sec,0.150330116909268,-1
36.958 sec,0.150262003531349,-1
36.959 sec,0.150262003531349,-1
36.96 sec,0.150330116909268,-1
36.961 sec,0.150330116909268,-1
36.962 sec,0.150364173888376,-1
36.963 sec,0.150364173888376,-1
36.964 sec,0.150364173888376,-1
36.965 sec,0.150330116909268,-1
36.966 sec,0.150296060123523,-1
36.967 sec,0.150262003531349,-1
36.968 sec,0.150262003531349,-1
36.969 sec,0.150262003531349,-1
36.97 sec,0.150262003531349,-1
36.971 sec,0.150296060123523,-1
36.972 sec,0.150296060123523,-1
36.973 sec,0.150296060123523,-1
36.974 sec,0.150262003531349,-1
36.975 sec,0.150227947132953,-1
36.976 sec,0.150227947132953,-1
36.977 sec,0.150227947132953,-1
36.978 sec,0.150262003531349,-1
36.979 sec,0.150296060123523,-1
36.98 sec,0.150296060123523,-1
36.981 sec,0.150296060123523,-1
36.982 sec,0.150262003531349,-1
36.983 sec,0.150227947132953,-1
36.984 sec,0.150193890928544,-1
36.985 sec,0.150262003531349,-1
36.986 sec,0.150262003531349,-1
36.987 sec,0.150296060123523,-1
36.988 sec,0.150296060123523,-1
36.989 sec,0.150296060123523,-1
36.99 sec,0.150296060123523,-1
36.991 sec,0.150296060123523,-1
36.992 sec,0.150262003531349,-1
36.993 sec,0.150262003531349,-1
36.994 sec,0.150262003531349,-1
36.995 sec,0.150262003531349,-1
36.996 sec,0.150296060123523,-1
36.997 sec,0.150296060123523,-1
36.998 sec,0.150262003531349,-1
36.999 sec,0.150262003531349,-1
37 sec,0.150262003531349,-1
37.001 sec,0.150262003531349,-1
37.002 sec,0.150296060123523,-1
37.003 sec,0.150330116909268,-1
37.004 sec,0.150330116909268,-1
37.005 sec,0.150364173888376,-1
37.006 sec,0.150296060123523,-1
37.007 sec,0.150296060123523,-1
37.008 sec,0.150296060123523,-1
37.009 sec,0.150330116909268,-1
37.01 sec,0.150296060123523,-1
37.011 sec,0.150296060123523,-1
37.012 sec,0.150330116909268,-1
37.013 sec,0.150296060123523,-1
37.014 sec,0.150296060123523,-1
37.015 sec,0.150296060123523,-1
37.016 sec,0.150296060123523,-1
37.017 sec,0.150262003531349,-1
37.018 sec,0.150262003531349,-1
37.019 sec,0.150227947132953,-1
37.02 sec,0.150296060123523,-1
37.021 sec,0.150296060123523,-1
37.022 sec,0.150296060123523,-1
37.023 sec,0.150296060123523,-1
37.024 sec,0.150296060123523,-1
37.025 sec,0.150296060123523,-1
37.026 sec,0.150330116909268,-1
37.027 sec,0.150296060123523,-1
37.028 sec,0.150296060123523,-1
37.029 sec,0.150330116909268,-1
37.03 sec,0.150296060123523,-1
37.031 sec,0.150296060123523,-1
37.032 sec,0.150296060123523,-1
37.033 sec,0.150296060123523,-1
37.034 sec,0.150330116909268,-1
37.035 sec,0.150296060123523,-1
37.036 sec,0.150330116909268,-1
37.037 sec,0.150330116909268,-1
37.038 sec,0.150330116909268,-1
37.039 sec,0.150296060123523,-1
37.04 sec,0.150262003531349,-1
37.041 sec,0.150262003531349,-1
37.042 sec,0.150262003531349,-1
37.043 sec,0.150262003531349,-1
37.044 sec,0.150296060123523,-1
37.045 sec,0.150296060123523,-1
37.046 sec,0.150296060123523,-1
37.047 sec,0.150296060123523,-1
37.048 sec,0.150262003531349,-1
37.049 sec,0.150262003531349,-1
37.05 sec,0.150262003531349,-1
37.051 sec,0.150262003531349,-1
37.052 sec,0.150227947132953,-1
37.053 sec,0.150227947132953,-1
37.054 sec,0.150262003531349,-1
37.055 sec,0.150296060123523,-1
37.056 sec,0.150296060123523,-1
37.057 sec,0.150330116909268,-1
37.058 sec,0.150330116909268,-1
37.059 sec,0.150296060123523,-1
37.06 sec,0.150296060123523,-1
37.061 sec,0.150330116909268,-1
37.062 sec,0.150364173888376,-1
37.063 sec,0.150364173888376,-1
37.064 sec,0.150330116909268,-1
37.065 sec,0.150296060123523,-1
37.066 sec,0.150296060123523,-1
37.067 sec,0.150262003531349,-1
37.068 sec,0.150262003531349,-1
37.069 sec,0.150262003531349,-1
37.07 sec,0.150296060123523,-1
37.071 sec,0.150262003531349,-1
37.072 sec,0.150262003531349,-1
37.073 sec,0.150227947132953,-1
37.074 sec,0.150227947132953,-1
37.075 sec,0.150262003531349,-1
37.076 sec,0.150330116909268,-1
37.077 sec,0.150364173888376,-1
37.078 sec,0.150330116909268,-1
37.079 sec,0.150330116909268,-1
37.08 sec,0.150296060123523,-1
37.081 sec,0.150262003531349,-1
37.082 sec,0.150262003531349,-1
37.083 sec,0.150262003531349,-1
37.084 sec,0.150262003531349,-1
37.085 sec,0.150296060123523,-1
37.086 sec,0.150296060123523,-1
37.087 sec,0.150262003531349,-1
37.088 sec,0.150296060123523,-1
37.089 sec,0.150296060123523,-1
37.09 sec,0.150296060123523,-1
37.091 sec,0.150296060123523,-1
37.092 sec,0.150330116909268,-1
37.093 sec,0.150296060123523,-1
37.094 sec,0.150262003531349,-1
37.095 sec,0.150227947132953,-1
37.096 sec,0.150193890928544,-1
37.097 sec,0.150193890928544,-1
37.098 sec,0.150227947132953,-1
37.099 sec,0.150262003531349,-1
37.1 sec,0.150330116909268,-1
37.101 sec,0.150296060123523,-1
37.102 sec,0.150330116909268,-1
37.103 sec,0.150296060123523,-1
37.104 sec,0.150296060123523,-1
37.105 sec,0.150296060123523,-1
37.106 sec,0.150296060123523,-1
37.107 sec,0.150296060123523,-1
37.108 sec,0.150296060123523,-1
37.109 sec,0.150296060123523,-1
37.11 sec,0.150296060123523,-1
37.111 sec,0.150262003531349,-1
37.112 sec,0.150262003531349,-1
37.113 sec,0.150296060123523,-1
37.114 sec,0.150296060123523,-1
37.115 sec,0.150330116909268,-1
37.116 sec,0.150296060123523,-1
37.117 sec,0.150296060123523,-1
37.118 sec,0.150296060123523,-1
37.119 sec,0.150296060123523,-1
37.12 sec,0.150227947132953,-1
37.121 sec,0.150227947132953,-1
37.122 sec,0.150227947132953,-1
37.123 sec,0.150262003531349,-1
37.124 sec,0.150296060123523,-1
37.125 sec,0.150262003531349,-1
37.126 sec,0.150296060123523,-1
37.127 sec,0.150296060123523,-1
37.128 sec,0.150330116909268,-1
37.129 sec,0.150296060123523,-1
37.13 sec,0.150296060123523,-1
37.131 sec,0.150296060123523,-1
37.132 sec,0.150296060123523,-1
37.133 sec,0.150296060123523,-1
37.134 sec,0.150262003531349,-1
37.135 sec,0.150296060123523,-1
37.136 sec,0.150296060123523,-1
37.137 sec,0.150296060123523,-1
37.138 sec,0.150296060123523,-1
37.139 sec,0.150262003531349,-1
37.14 sec,0.150296060123523,-1
37.141 sec,0.150296060123523,-1
37.142 sec,0.150330116909268,-1
37.143 sec,0.150330116909268,-1
37.144 sec,0.150330116909268,-1
37.145 sec,0.150330116909268,-1
37.146 sec,0.150262003531349,-1
37.147 sec,0.150296060123523,-1
37.148 sec,0.150296060123523,-1
37.149 sec,0.150262003531349,-1
37.15 sec,0.150262003531349,-1
37.151 sec,0.150262003531349,-1
37.152 sec,0.150296060123523,-1
37.153 sec,0.150262003531349,-1
37.154 sec,0.150262003531349,-1
37.155 sec,0.150296060123523,-1
37.156 sec,0.150364173888376,-1
37.157 sec,0.150364173888376,-1
37.158 sec,0.150330116909268,-1
37.159 sec,0.150296060123523,-1
37.16 sec,0.150296060123523,-1
37.161 sec,0.150330116909268,-1
37.162 sec,0.150296060123523,-1
37.163 sec,0.150262003531349,-1
37.164 sec,0.150296060123523,-1
37.165 sec,0.150296060123523,-1
37.166 sec,0.150296060123523,-1
37.167 sec,0.150296060123523,-1
37.168 sec,0.150262003531349,-1
37.169 sec,0.150262003531349,-1
37.17 sec,0.150262003531349,-1
37.171 sec,0.150296060123523,-1
37.172 sec,0.150296060123523,-1
37.173 sec,0.150330116909268,-1
37.174 sec,0.150296060123523,-1
37.175 sec,0.150296060123523,-1
37.176 sec,0.150262003531349,-1
37.177 sec,0.150227947132953,-1
37.178 sec,0.150262003531349,-1
37.179 sec,0.150262003531349,-1
37.18 sec,0.150262003531349,-1
37.181 sec,0.150296060123523,-1
37.182 sec,0.150296060123523,-1
37.183 sec,0.150262003531349,-1
37.184 sec,0.150262003531349,-1
37.185 sec,0.150296060123523,-1
37.186 sec,0.150296060123523,-1
37.187 sec,0.150296060123523,-1
37.188 sec,0.150262003531349,-1
37.189 sec,0.150262003531349,-1
37.19 sec,0.150296060123523,-1
37.191 sec,0.150296060123523,-1
37.192 sec,0.150262003531349,-1
37.193 sec,0.150262003531349,-1
37.194 sec,0.150296060123523,-1
37.195 sec,0.150296060123523,-1
37.196 sec,0.150296060123523,-1
37.197 sec,0.150262003531349,-1
37.198 sec,0.150330116909268,-1
37.199 sec,0.150296060123523,-1
37.2 sec,0.150296060123523,-1
37.201 sec,0.150330116909268,-1
37.202 sec,0.150364173888376,-1
37.203 sec,0.150364173888376,-1
37.204 sec,0.150330116909268,-1
37.205 sec,0.150330116909268,-1
37.206 sec,0.150330116909268,-1
37.207 sec,0.150296060123523,-1
37.208 sec,0.150262003531349,-1
37.209 sec,0.150262003531349,-1
37.21 sec,0.150296060123523,-1
37.211 sec,0.150296060123523,-1
37.212 sec,0.150262003531349,-1
37.213 sec,0.150262003531349,-1
37.214 sec,0.150227947132953,-1
37.215 sec,0.150262003531349,-1
37.216 sec,0.150296060123523,-1
37.217 sec,0.150262003531349,-1
37.218 sec,0.150296060123523,-1
37.219 sec,0.150262003531349,-1
37.22 sec,0.150296060123523,-1
37.221 sec,0.150296060123523,-1
37.222 sec,0.150296060123523,-1
37.223 sec,0.150296060123523,-1
37.224 sec,0.150262003531349,-1
37.225 sec,0.150296060123523,-1
37.226 sec,0.150330116909268,-1
37.227 sec,0.150296060123523,-1
37.228 sec,0.150262003531349,-1
37.229 sec,0.150296060123523,-1
37.23 sec,0.150262003531349,-1
37.231 sec,0.150262003531349,-1
37.232 sec,0.150227947132953,-1
37.233 sec,0.150227947132953,-1
37.234 sec,0.150262003531349,-1
37.235 sec,0.150262003531349,-1
37.236 sec,0.150330116909268,-1
37.237 sec,0.150296060123523,-1
37.238 sec,0.150296060123523,-1
37.239 sec,0.150262003531349,-1
37.24 sec,0.150262003531349,-1
37.241 sec,0.150227947132953,-1
37.242 sec,0.150262003531349,-1
37.243 sec,0.150262003531349,-1
37.244 sec,0.150330116909268,-1
37.245 sec,0.150296060123523,-1
37.246 sec,0.150296060123523,-1
37.247 sec,0.150296060123523,-1
37.248 sec,0.150227947132953,-1
37.249 sec,0.150262003531349,-1
37.25 sec,0.150296060123523,-1
37.251 sec,0.150330116909268,-1
37.252 sec,0.150330116909268,-1
37.253 sec,0.150296060123523,-1
37.254 sec,0.150296060123523,-1
37.255 sec,0.150262003531349,-1
37.256 sec,0.150262003531349,-1
37.257 sec,0.150296060123523,-1
37.258 sec,0.150262003531349,-1
37.259 sec,0.150262003531349,-1
37.26 sec,0.150262003531349,-1
37.261 sec,0.150227947132953,-1
37.262 sec,0.150227947132953,-1
37.263 sec,0.150193890928544,-1
37.264 sec,0.150227947132953,-1
37.265 sec,0.150262003531349,-1
37.266 sec,0.150296060123523,-1
37.267 sec,0.150262003531349,-1
37.268 sec,0.150262003531349,-1
37.269 sec,0.150262003531349,-1
37.27 sec,0.150296060123523,-1
37.271 sec,0.150296060123523,-1
37.272 sec,0.150296060123523,-1
37.273 sec,0.150296060123523,-1
37.274 sec,0.150364173888376,-1
37.275 sec,0.150364173888376,-1
37.276 sec,0.150364173888376,-1
37.277 sec,0.150262003531349,-1
37.278 sec,0.150296060123523,-1
37.279 sec,0.150262003531349,-1
37.28 sec,0.150296060123523,-1
37.281 sec,0.150262003531349,-1
37.282 sec,0.150296060123523,-1
37.283 sec,0.150296060123523,-1
37.284 sec,0.150296060123523,-1
37.285 sec,0.150330116909268,-1
37.286 sec,0.150296060123523,-1
37.287 sec,0.150296060123523,-1
37.288 sec,0.150262003531349,-1
37.289 sec,0.150296060123523,-1
37.29 sec,0.150330116909268,-1
37.291 sec,0.150364173888376,-1
37.292 sec,0.150364173888376,-1
37.293 sec,0.150296060123523,-1
37.294 sec,0.150262003531349,-1
37.295 sec,0.150227947132953,-1
37.296 sec,0.150330116909268,-1
37.297 sec,0.150330116909268,-1
37.298 sec,0.150296060123523,-1
37.299 sec,0.150296060123523,-1
37.3 sec,0.150296060123523,-1
37.301 sec,0.150330116909268,-1
37.302 sec,0.150330116909268,-1
37.303 sec,0.150296060123523,-1
37.304 sec,0.150262003531349,-1
37.305 sec,0.150296060123523,-1
37.306 sec,0.150262003531349,-1
37.307 sec,0.150262003531349,-1
37.308 sec,0.150262003531349,-1
37.309 sec,0.150296060123523,-1
37.31 sec,0.150296060123523,-1
37.311 sec,0.150330116909268,-1
37.312 sec,0.150296060123523,-1
37.313 sec,0.150296060123523,-1
37.314 sec,0.150262003531349,-1
37.315 sec,0.150296060123523,-1
37.316 sec,0.150296060123523,-1
37.317 sec,0.150330116909268,-1
37.318 sec,0.150330116909268,-1
37.319 sec,0.150296060123523,-1
37.32 sec,0.150296060123523,-1
37.321 sec,0.150330116909268,-1
37.322 sec,0.150330116909268,-1
37.323 sec,0.150330116909268,-1
37.324 sec,0.150364173888376,-1
37.325 sec,0.150330116909268,-1
37.326 sec,0.150330116909268,-1
37.327 sec,0.150296060123523,-1
37.328 sec,0.150227947132953,-1
37.329 sec,0.150296060123523,-1
37.33 sec,0.150296060123523,-1
37.331 sec,0.150330116909268,-1
37.332 sec,0.150296060123523,-1
37.333 sec,0.150296060123523,-1
37.334 sec,0.150262003531349,-1
37.335 sec,0.150262003531349,-1
37.336 sec,0.150262003531349,-1
37.337 sec,0.150296060123523,-1
37.338 sec,0.150262003531349,-1
37.339 sec,0.150296060123523,-1
37.34 sec,0.150262003531349,-1
37.341 sec,0.150262003531349,-1
37.342 sec,0.150227947132953,-1
37.343 sec,0.150262003531349,-1
37.344 sec,0.150262003531349,-1
37.345 sec,0.150262003531349,-1
37.346 sec,0.150262003531349,-1
37.347 sec,0.150262003531349,-1
37.348 sec,0.150296060123523,-1
37.349 sec,0.150296060123523,-1
37.35 sec,0.150296060123523,-1
37.351 sec,0.150330116909268,-1
37.352 sec,0.150330116909268,-1
37.353 sec,0.150330116909268,-1
37.354 sec,0.150296060123523,-1
37.355 sec,0.150330116909268,-1
