Name;YT Scope Project;
File;C:\Users\kimro\Documents\Bachelor\data\spool_mapping\spool_mapping_run_02.03.26.csv;
Starttime of export;134169101113080000;mandag 2. mars 2026;08:28:31.308
Endtime of export;134169101172182692;mandag 2. mars 2026;08:28:37.218


Name;fU;Name;fSpoolPosition

0;0;0;-1
1;0;1;-1
2;0;2;-1
3;0;3;-1
4;0;4;-1
5;0;5;-1
6;0;6;-1
7;0;7;-1
8;0;8;-1
9;0;9;-1
10;0;10;-1
11;0;11;-1
12;0;12;-1
13;0;13;-1
14;0;14;-1
15;0;15;-1
16;0;16;-1
17;0;17;-1
18;0;18;-1
19;0;19;-1
20;0;20;-1
21;0;21;-1
22;0;22;-1
23;0;23;-1
24;0;24;-1
25;0;25;-1
26;0;26;-1
27;0;27;-1
28;0;28;-1
29;0;29;-1
30;0;30;-1
31;0;31;-1
32;0;32;-1
33;0;33;-1
34;0;34;-1
35;0;35;-1
36;0;36;-1
37;0;37;-1
38;0;38;-1
39;0;39;-1
40;0;40;-1
41;0;41;-1
42;0;42;-1
43;0;43;-1
44;0;44;-1
45;0;45;-1
46;0;46;-1
47;0;47;-1
48;0;48;-1
49;0;49;-1
50;0;50;-1
51;0;51;-1
52;0;52;-1
53;0;53;-1
54;0;54;-1
55;0;55;-1
56;0;56;-1
57;0;57;-1
58;0;58;-1
59;0;59;-1
60;0;60;-1
61;0;61;-1
62;0;62;-1
63;0;63;-1
64;0;64;-1
65;0;65;-1
66;0;66;-1
67;0;67;-1
68;0;68;-1
69;0;69;-1
70;0;70;-1
71;0;71;-1
72;0;72;-1
73;0;73;-1
74;0;74;-1
75;0;75;-1
76;0;76;-1
77;0;77;-1
78;0;78;-1
79;0;79;-1
80;0;80;-1
81;0;81;-1
82;0;82;-1
83;0;83;-1
84;0;84;-1
85;0;85;-1
86;0;86;-1
87;0;87;-1
88;0;88;-1
89;0;89;-1
90;0;90;-1
91;0;91;-1
92;0;92;-1
93;0;93;-1
94;0;94;-1
95;0;95;-1
96;0;96;-1
97;0;97;-1
98;0;98;-1
99;0;99;-1
100;0;100;-1
101;0;101;-1
102;0;102;-1
103;0;103;-1
104;0;104;-1
105;0;105;-1
106;0;106;-1
107;0;107;-1
108;0;108;-1
109;0;109;-1
110;0;110;-1
111;0;111;-1
112;0;112;-1
113;0;113;-1
114;0;114;-1
115;0;115;-1
116;0;116;-1
117;0;117;-1
118;0;118;-1
119;0;119;-1
120;0;120;-1
121;0;121;-1
122;0;122;-1
123;0;123;-1
124;0;124;-1
125;0;125;-1
126;0;126;-1
127;0;127;-1
128;0;128;-1
129;0;129;-1
130;0;130;-1
131;0;131;-1
132;0;132;-1
133;0;133;-1
134;0;134;-1
135;0;135;-1
136;0;136;-1
137;0;137;-1
138;0;138;-1
139;0;139;-1
140;0;140;-1
141;0;141;-1
142;0;142;-1
143;0;143;-1
144;0;144;-1
145;0;145;-1
146;0;146;-1
147;0;147;-1
148;0;148;-1
149;0;149;-1
150;0;150;-1
151;0;151;-1
152;0;152;-1
153;0;153;-1
154;0;154;-1
155;0;155;-1
156;0;156;-1
157;0;157;-1
158;0;158;-1
159;0;159;-1
160;0;160;-1
161;0;161;-1
162;0;162;-1
163;0;163;-1
164;0;164;-1
165;0;165;-1
166;0;166;-1
167;0;167;-1
168;0;168;-1
169;0;169;-1
170;0;170;-1
171;0;171;-1
172;0;172;-1
173;0;173;-1
174;0;174;-1
175;0;175;-1
176;0;176;-1
177;0;177;-1
178;0;178;-1
179;0;179;-1
180;0;180;-1
181;0;181;-1
182;0;182;-1
183;0;183;-1
184;0;184;-1
185;0;185;-1
186;0;186;-1
187;0;187;-1
188;0;188;-1
189;0;189;-1
190;0;190;-1
191;0;191;-1
192;0;192;-1
193;0;193;-1
194;0;194;-1
195;0;195;-1
196;0;196;-1
197;0;197;-1
198;0;198;-1
199;0;199;-1
200;0;200;-1
201;0;201;-1
202;0;202;-1
203;0;203;-1
204;0;204;-1
205;0;205;-1
206;0;206;-1
207;0;207;-1
208;0;208;-1
209;0;209;-1
210;0;210;-1
211;0;211;-1
212;0;212;-1
213;0;213;-1
214;0;214;-1
215;0;215;-1
216;0;216;-1
217;0;217;-1
218;0;218;-1
219;0;219;-1
220;0;220;-1
221;0;221;-1
222;0;222;-1
223;0;223;-1
224;0;224;-1
225;0;225;-1
226;0;226;-1
227;0;227;-1
228;0;228;-1
229;0;229;-1
230;0;230;-1
231;0;231;-1
232;0;232;-1
233;0;233;-1
234;0;234;-1
235;0;235;-1
236;0;236;-1
237;0;237;-1
238;0;238;-1
239;0;239;-1
240;0;240;-1
241;0;241;-1
242;0;242;-1
243;0;243;-1
244;0;244;-1
245;0;245;-1
246;0;246;-1
247;0;247;-1
248;0;248;-1
249;0;249;-1
250;0;250;-1
251;0;251;-1
252;0;252;-1
253;0;253;-1
254;0;254;-1
255;0;255;-1
256;0;256;-1
257;0;257;-1
258;0;258;-1
259;0;259;-1
260;0;260;-1
261;0;261;-1
262;0;262;-1
263;0;263;-1
264;0;264;-1
265;0;265;-1
266;0;266;-1
267;0;267;-1
268;0;268;-1
269;0;269;-1
270;0;270;-1
271;0;271;-1
272;0;272;-1
273;0;273;-1
274;0;274;-1
275;0;275;-1
276;0;276;-1
277;0;277;-1
278;0;278;-1
279;0;279;-1
280;0;280;-1
281;0;281;-1
282;0;282;-1
283;0;283;-1
284;0;284;-1
285;0;285;-1
286;0;286;-1
287;0;287;-1
288;0;288;-1
289;0;289;-1
290;0;290;-1
291;0;291;-1
292;0;292;-1
293;0;293;-1
294;0;294;-1
295;0;295;-1
296;0;296;-1
297;0;297;-1
298;0;298;-1
299;0;299;-1
300;0;300;-1
301;0;301;-1
302;0;302;-1
303;0;303;-1
304;0;304;-1
305;0;305;-1
306;0;306;-1
307;0;307;-1
308;0;308;-1
309;0;309;-1
310;0;310;-1
311;0;311;-1
312;0;312;-1
313;0;313;-1
314;0;314;-1
315;0;315;-1
316;0;316;-1
317;0;317;-1
318;0;318;-1
319;0;319;-1
320;0;320;-1
321;0;321;-1
322;0;322;-1
323;0;323;-1
324;0;324;-1
325;0;325;-1
326;0;326;-1
327;0;327;-1
328;0;328;-1
329;0;329;-1
330;0;330;-1
331;0;331;-1
332;0;332;-1
333;0;333;-1
334;0;334;-1
335;0;335;-1
336;0;336;-1
337;0;337;-1
338;0;338;-1
339;0;339;-1
340;0;340;-1
341;0;341;-1
342;0;342;-1
343;0;343;-1
344;0;344;-1
345;0;345;-1
346;0;346;-1
347;0;347;-1
348;0;348;-1
349;0;349;-1
350;0;350;-1
351;0;351;-1
352;0;352;-1
353;0;353;-1
354;0;354;-1
355;0;355;-1
356;0;356;-1
357;0;357;-1
358;0;358;-1
359;0;359;-1
360;0;360;-1
361;0;361;-1
362;0;362;-1
363;0;363;-1
364;0;364;-1
365;0;365;-1
366;0;366;-1
367;0;367;-1
368;0;368;-1
369;0;369;-1
370;0;370;-1
371;0;371;-1
372;0;372;-1
373;0;373;-1
374;0;374;-1
375;0;375;-1
376;0;376;-1
377;0;377;-1
378;0;378;-1
379;0;379;-1
380;0;380;-1
381;0;381;-1
382;0;382;-1
383;0;383;-1
384;0;384;-1
385;0;385;-1
386;0;386;-1
387;0;387;-1
388;0;388;-1
389;0;389;-1
390;0;390;-1
391;0;391;-1
392;0;392;-1
393;0;393;-1
394;0;394;-1
395;0;395;-1
396;0;396;-1
397;0;397;-1
398;0;398;-1
399;0;399;-1
400;0;400;-1
401;0;401;-1
402;0;402;-1
403;0;403;-1
404;0;404;-1
405;0;405;-1
406;0;406;-1
407;0;407;-1
408;0;408;-1
409;0;409;-1
410;0;410;-1
411;0;411;-1
412;0;412;-1
413;0;413;-1
414;0;414;-1
415;0;415;-1
416;0;416;-1
417;0;417;-1
418;0;418;-1
419;0;419;-1
420;0;420;-1
421;0;421;-1
422;0;422;-1
423;0;423;-1
424;0;424;-1
425;0;425;-1
426;0;426;-1
427;0;427;-1
428;0;428;-1
429;0;429;-1
430;0;430;-1
431;0;431;-1
432;0;432;-1
433;0;433;-1
434;0;434;-1
435;0;435;-1
436;0;436;-1
437;0;437;-1
438;0;438;-1
439;0;439;-1
440;0;440;-1
441;0;441;-1
442;0;442;-1
443;0;443;-1
444;0;444;-1
445;0;445;-1
446;0;446;-1
447;0;447;-1
448;0;448;-1
449;0;449;-1
450;0;450;-1
451;0;451;-1
452;0;452;-1
453;0;453;-1
454;0;454;-1
455;0;455;-1
456;0;456;-1
457;0;457;-1
458;0;458;-1
459;0;459;-1
460;0;460;-1
461;0;461;-1
462;0;462;-1
463;0;463;-1
464;0;464;-1
465;0;465;-1
466;0;466;-1
467;0;467;-1
468;0;468;-1
469;0;469;-1
470;0;470;-1
471;0;471;-1
472;0;472;-1
473;0;473;-1
474;0;474;-1
475;0;475;-1
476;0;476;-1
477;0;477;-1
478;0;478;-1
479;0;479;-1
480;0;480;-1
481;0;481;-1
482;-0,0002;482;-1
483;-0,0004;483;-1
484;-0,00060000000000000006;484;-1
485;-0,0008;485;-1
486;-0,001;486;-1
487;-0,0012000000000000001;487;-1
488;-0,0014;488;-1
489;-0,0016;489;-1
490;-0,0018;490;-1
491;-0,002;491;-1
492;-0,0021999999999999997;492;-1
493;-0,0024000000000000002;493;-1
494;-0,0026;494;-1
495;-0,0028;495;-1
496;-0,003;496;-1
497;-0,0032;497;-0,986378581493659
498;-0,0034000000000000002;498;-0,986378581493659
499;-0,0036;499;-0,86425551902301545
500;-0,0038;500;-0,74236730859558475
501;-0,004;501;-0,6200093940817285
502;-0,0042000000000000006;502;-0,49741662752465948
503;-0,0043999999999999994;503;-0,49741662752465948
504;-0,0046;504;-0,37505871301080318
505;-0,0048000000000000004;505;-0,25246594645373416
506;-0,005;506;-0,12963832785345233
507;-0,0052;507;-0,0070455612963832787
508;-0,0054;508;-0,0070455612963832787
509;-0,0056;509;-0,0072804133395960547
510;-0,0058000000000000005;510;-0,0058713010803193985
511;-0,006;511;-0,004227336777829967
512;-0,0062;512;-0,0037576326914044154
513;-0,0064;513;-0,0037576326914044154
514;-0,0066;514;0
515;-0,0068000000000000005;515;0
516;-0,007000000000000001;516;0
517;-0,0072;517;0
518;-0,0073999999999999995;518;0
519;-0,0076;519;0
520;-0,0078;520;0
521;-0,008;521;0
522;-0,0082;522;0
523;-0,0084000000000000012;523;0
524;-0,0086;524;0
525;-0,0087999999999999988;525;0
526;-0,009;526;0
527;-0,0092;527;0
528;-0,0094;528;0
529;-0,0096000000000000009;529;0
530;-0,0098;530;0
531;-0,01;531;0
532;-0,010199999999999999;532;0
533;-0,0104;533;0
534;-0,0106;534;0
535;-0,0108;535;0
536;-0,011;536;0
537;-0,0112;537;0
538;-0,0114;538;0
539;-0,011600000000000001;539;0
540;-0,0118;540;0
541;-0,012;541;0
542;-0,012199999999999999;542;0
543;-0,0124;543;0
544;-0,0126;544;0
545;-0,0128;545;0
546;-0,013000000000000001;546;0
547;-0,0132;547;0
548;-0,0134;548;0
549;-0,013600000000000001;549;0
550;-0,013800000000000002;550;0
551;-0,014000000000000002;551;0
552;-0,014199999999999999;552;0
553;-0,0144;553;0
554;-0,014599999999999998;554;0
555;-0,014799999999999999;555;0
556;-0,015;556;0
557;-0,0152;557;0
558;-0,0154;558;0
559;-0,0156;559;0
560;-0,0158;560;0
561;-0,016;561;0
562;-0,0162;562;0
563;-0,0164;563;0
564;-0,0166;564;0
565;-0,016800000000000002;565;0
566;-0,017;566;0
567;-0,0172;567;0
568;-0,0174;568;0
569;-0,017599999999999998;569;0
570;-0,0178;570;0
571;-0,018;571;0
572;-0,0182;572;0
573;-0,0184;573;0
574;-0,0186;574;0
575;-0,0188;575;0
576;-0,019;576;0
577;-0,019200000000000002;577;0
578;-0,0194;578;0
579;-0,0196;579;0
580;-0,0198;580;0
581;-0,02;581;0
582;-0,020200000000000003;582;0
583;-0,020399999999999998;583;0
584;-0,0206;584;0
585;-0,0208;585;0
586;-0,020999999999999998;586;0
587;-0,0212;587;0
588;-0,0214;588;0
589;-0,0216;589;0
590;-0,0218;590;0
591;-0,022;591;0
592;-0,0222;592;0
593;-0,0224;593;0
594;-0,022600000000000002;594;0
595;-0,0228;595;0
596;-0,023;596;0
597;-0,023200000000000002;597;0
598;-0,0234;598;0
599;-0,0236;599;0
600;-0,023799999999999998;600;-0,0037576326914044154
601;-0,024;601;0
602;-0,0242;602;0
603;-0,024399999999999998;603;0
604;-0,0246;604;0
605;-0,0248;605;0
606;-0,025;606;0
607;-0,0252;607;0
608;-0,0254;608;0
609;-0,0256;609;0
610;-0,0258;610;0
611;-0,026000000000000002;611;0
612;-0,0262;612;0
613;-0,0264;613;0
614;-0,026600000000000002;614;0
615;-0,0268;615;0
616;-0,027000000000000003;616;0
617;-0,027200000000000002;617;0
618;-0,0274;618;0
619;-0,027600000000000003;619;0
620;-0,027800000000000002;620;0
621;-0,028000000000000004;621;0
622;-0,028199999999999996;622;-0,0037576326914044154
623;-0,028399999999999998;623;-0,004227336777829967
624;-0,028599999999999997;624;-0,004227336777829967
625;-0,0288;625;-0,003992484734617191
626;-0,028999999999999998;626;-0,0037576326914044154
627;-0,029199999999999997;627;0
628;-0,0294;628;0
629;-0,029599999999999998;629;0
630;-0,0298;630;0
631;-0,03;631;0
632;-0,030199999999999998;632;0
633;-0,0304;633;0
634;-0,0306;634;0
635;-0,0308;635;0
636;-0,031;636;0
637;-0,0312;637;0
638;-0,0314;638;0
639;-0,0316;639;0
640;-0,0318;640;0
641;-0,032;641;0
642;-0,0322;642;0
643;-0,0324;643;0
644;-0,032600000000000004;644;0
645;-0,0328;645;0
646;-0,033;646;0
647;-0,0332;647;0
648;-0,0334;648;-0,003992484734617191
649;-0,033600000000000005;649;-0,003992484734617191
650;-0,033800000000000004;650;-0,004227336777829967
651;-0,034;651;-0,0037576326914044154
652;-0,0342;652;0
653;-0,0344;653;0
654;-0,0346;654;0
655;-0,0348;655;0
656;-0,034999999999999996;656;0
657;-0,035199999999999995;657;0
658;-0,0354;658;0
659;-0,0356;659;0
660;-0,0358;660;0
661;-0,036;661;0
662;-0,036199999999999996;662;0
663;-0,0364;663;-0,003992484734617191
664;-0,0366;664;-0,003992484734617191
665;-0,0368;665;-0,004227336777829967
666;-0,037;666;-0,003992484734617191
667;-0,0372;667;-0,003992484734617191
668;-0,0374;668;-0,003992484734617191
669;-0,0376;669;-0,003992484734617191
670;-0,0378;670;-0,0046970408642555191
671;-0,038;671;-0,0056364490371066224
672;-0,0382;672;-0,0061061531235321745
673;-0,038400000000000004;673;-0,0063410051667449506
674;-0,0386;674;-0,0063410051667449506
675;-0,0388;675;-0,0070455612963832787
676;-0,039;676;-0,0063410051667449506
677;-0,0392;677;-0,0061061531235321745
678;-0,039400000000000004;678;-0,0054015969938938473
679;-0,0396;679;-0,0054015969938938473
680;-0,0398;680;-0,0049318929074682952
681;-0,04;681;-0,0049318929074682952
682;-0,0402;682;-0,0044621888210427431
683;-0,040400000000000005;683;-0,0044621888210427431
684;-0,040600000000000004;684;-0,0044621888210427431
685;-0,040799999999999996;685;-0,0044621888210427431
686;-0,040999999999999995;686;-0,0049318929074682952
687;-0,0412;687;-0,0058713010803193985
688;-0,0414;688;-0,0065758572099577266
689;-0,0416;689;-0,0065758572099577266
690;-0,0418;690;-0,0065758572099577266
691;-0,041999999999999996;691;-0,0063410051667449506
692;-0,0422;692;-0,0063410051667449506
693;-0,0424;693;-0,0065758572099577266
694;-0,0426;694;-0,0065758572099577266
695;-0,0428;695;-0,0075152653828088308
696;-0,043;696;-0,007984969469234382
697;-0,0432;697;-0,0089243776420854862
698;-0,0434;698;-0,0096289337717238143
699;-0,0436;699;-0,0096289337717238143
700;-0,0438;700;-0,00986378581493659
701;-0,044;701;-0,00986378581493659
702;-0,0442;702;-0,00986378581493659
703;-0,0444;703;-0,0096289337717238143
704;-0,0446;704;-0,0096289337717238143
705;-0,0448;705;-0,0096289337717238143
706;-0,045;706;-0,0093940817285110383
707;-0,045200000000000004;707;-0,0091592296852982622
708;-0,0454;708;-0,0089243776420854862
709;-0,0456;709;-0,0089243776420854862
710;-0,0458;710;-0,0091592296852982622
711;-0,046;711;-0,010098637858149366
712;-0,046200000000000005;712;-0,011272898074213245
713;-0,046400000000000004;713;-0,012212306247064349
714;-0,0466;714;-0,012212306247064349
715;-0,0468;715;-0,012447158290277125
716;-0,047;716;-0,012916862376702677
717;-0,0472;717;-0,013151714419915453
718;-0,0474;718;-0,013386566463128229
719;-0,047599999999999996;719;-0,013386566463128229
720;-0,047799999999999995;720;-0,014560826679192109
721;-0,048;721;-0,01573508689525599
722;-0,0482;722;-0,016439643024894316
723;-0,0484;723;-0,01737905119774542
724;-0,0486;724;-0,01737905119774542
725;-0,048799999999999996;725;-0,017848755284170972
726;-0,049;726;-0,017848755284170972
727;-0,0492;727;-0,017848755284170972
728;-0,0494;728;-0,017848755284170972
729;-0,0496;729;-0,017848755284170972
730;-0,0498;730;-0,018083607327383747
731;-0,05;731;-0,017613903240958198
732;-0,0502;732;-0,017613903240958198
733;-0,0504;733;-0,017848755284170972
734;-0,0506;734;-0,017848755284170972
735;-0,0508;735;-0,018318459370596524
736;-0,051000000000000004;736;-0,019257867543447629
737;-0,0512;737;-0,020197275716298733
738;-0,0514;738;-0,021136683889149837
739;-0,0516;739;-0,021136683889149837
740;-0,0518;740;-0,021371535932362611
741;-0,052000000000000005;741;-0,021606387975575389
742;-0,0522;742;-0,021606387975575389
743;-0,0524;743;-0,02254579614842649
744;-0,0526;744;-0,02254579614842649
745;-0,0528;745;-0,02325035227806482
746;-0,053000000000000005;746;-0,024424612494128698
747;-0,053200000000000004;747;-0,025129168623767028
748;-0,0534;748;-0,02559887271019258
749;-0,0536;749;-0,02559887271019258
750;-0,0538;750;-0,02559887271019258
751;-0,054000000000000006;751;-0,02559887271019258
752;-0,054200000000000005;752;-0,02559887271019258
753;-0,054400000000000004;753;-0,025129168623767028
754;-0,0546;754;-0,025129168623767028
755;-0,0548;755;-0,02489431658055425
756;-0,055000000000000007;756;-0,024424612494128698
757;-0,055200000000000006;757;-0,023954908407703146
758;-0,055400000000000005;758;-0,024659464537341476
759;-0,055600000000000004;759;-0,024659464537341476
760;-0,0558;760;-0,025129168623767028
761;-0,056000000000000008;761;-0,026068576796618132
762;-0,056200000000000007;762;-0,026773132926256459
763;-0,056399999999999992;763;-0,027007984969469233
764;-0,0566;764;-0,027007984969469233
765;-0,056799999999999996;765;-0,027242837012682011
766;-0,056999999999999995;766;-0,027242837012682011
767;-0,057199999999999994;767;-0,027242837012682011
768;-0,057399999999999993;768;-0,028182245185533115
769;-0,0576;769;-0,028182245185533115
770;-0,0578;770;-0,028886801315171441
771;-0,057999999999999996;771;-0,029826209488022545
772;-0,058199999999999995;772;-0,030295913574448097
773;-0,058399999999999994;773;-0,03076561766087365
774;-0,0586;774;-0,03076561766087365
775;-0,0588;775;-0,030530765617660875
776;-0,059;776;-0,030295913574448097
777;-0,059199999999999996;777;-0,030295913574448097
778;-0,059399999999999994;778;-0,029591357444809771
779;-0,0596;779;-0,029591357444809771
780;-0,0598;780;-0,029121653358384219
781;-0,06;781;-0,028651949271958667
782;-0,0602;782;-0,028417097228745889
783;-0,060399999999999995;783;-0,028886801315171441
784;-0,0606;784;-0,028886801315171441
785;-0,0608;785;-0,029826209488022545
786;-0,061;786;-0,030530765617660875
787;-0,0612;787;-0,031470173790511979
788;-0,061399999999999996;788;-0,031705025833724754
789;-0,0616;789;-0,031705025833724754
790;-0,0618;790;-0,031939877876937528
791;-0,062;791;-0,0321747299201503
792;-0,0622;792;-0,032409581963363084
793;-0,0624;793;-0,033583842179426962
794;-0,0626;794;-0,033583842179426962
795;-0,0628;795;-0,034758102395490841
796;-0,063;796;-0,03546265852512917
797;-0,0632;797;-0,035932362611554719
798;-0,0634;798;-0,036636918741193049
799;-0,0636;799;-0,036636918741193049
800;-0,0638;800;-0,036402066697980275
801;-0,064;801;-0,035932362611554719
802;-0,064200000000000007;802;-0,035932362611554719
803;-0,0644;803;-0,035227806481916396
804;-0,0646;804;-0,035227806481916396
805;-0,0648;805;-0,034992954438703615
806;-0,065;806;-0,034758102395490841
807;-0,065200000000000008;807;-0,034288398309065292
808;-0,0654;808;-0,034288398309065292
809;-0,0656;809;-0,034288398309065292
810;-0,0658;810;-0,035227806481916396
811;-0,066;811;-0,036402066697980275
812;-0,066200000000000009;812;-0,0371066228276186
813;-0,0664;813;-0,0371066228276186
814;-0,0666;814;-0,0371066228276186
815;-0,0668;815;-0,037341474870831379
816;-0,067;816;-0,037576326914044153
817;-0,06720000000000001;817;-0,037576326914044153
818;-0,0674;818;-0,038515735086895257
819;-0,067600000000000007;819;-0,038515735086895257
820;-0,0678;820;-0,039455143259746361
821;-0,068;821;-0,040394551432597466
822;-0,068200000000000011;822;-0,040864255519023014
823;-0,0684;823;-0,041099107562235788
824;-0,068600000000000008;824;-0,041099107562235788
825;-0,0688;825;-0,041099107562235788
826;-0,068999999999999992;826;-0,041568811648661344
827;-0,0692;827;-0,041099107562235788
828;-0,069399999999999989;828;-0,041568811648661344
829;-0,0696;829;-0,041568811648661344
830;-0,0698;830;-0,040864255519023014
831;-0,069999999999999993;831;-0,04062940347581024
832;-0,0702;832;-0,040394551432597466
833;-0,07039999999999999;833;-0,04062940347581024
834;-0,0706;834;-0,04062940347581024
835;-0,0708;835;-0,041568811648661344
836;-0,071;836;-0,042273367778299674
837;-0,0712;837;-0,043447627994363552
838;-0,071399999999999991;838;-0,043447627994363552
839;-0,0716;839;-0,043447627994363552
840;-0,0718;840;-0,043682480037576327
841;-0,072;841;-0,0439173320807891
842;-0,0722;842;-0,044387036167214657
843;-0,072399999999999992;843;-0,045561296383278535
844;-0,0726;844;-0,045561296383278535
845;-0,0728;845;-0,046265852512916865
846;-0,073;846;-0,046735556599342414
847;-0,0732;847;-0,047205260685767969
848;-0,073399999999999993;848;-0,047205260685767969
849;-0,0736;849;-0,047205260685767969
850;-0,0738;850;-0,046970408642555188
851;-0,074;851;-0,046970408642555188
852;-0,0742;852;-0,046735556599342414
853;-0,0744;853;-0,046970408642555188
854;-0,0746;854;-0,046970408642555188
855;-0,0748;855;-0,046265852512916865
856;-0,075;856;-0,046735556599342414
857;-0,0752;857;-0,046735556599342414
858;-0,0754;858;-0,047440112728980743
859;-0,0756;859;-0,047440112728980743
860;-0,0758;860;-0,048144668858619073
861;-0,076;861;-0,049318929074682952
862;-0,0762;862;-0,0497886331611085
863;-0,0764;863;-0,050258337247534056
864;-0,0766;864;-0,050258337247534056
865;-0,076800000000000007;865;-0,05049318929074683
866;-0,077;866;-0,050728041333959605
867;-0,0772;867;-0,051902301550023483
868;-0,0774;868;-0,052841709722874587
869;-0,0776;869;-0,052841709722874587
870;-0,077800000000000008;870;-0,053781117895725691
871;-0,078;871;-0,054485674025364021
872;-0,0782;872;-0,05495537811178957
873;-0,0784;873;-0,05495537811178957
874;-0,0786;874;-0,05495537811178957
875;-0,078800000000000009;875;-0,054720526068576796
876;-0,079;876;-0,054250821982151247
877;-0,0792;877;-0,054015969938938466
878;-0,0794;878;-0,053311413809300143
879;-0,0796;879;-0,053311413809300143
880;-0,07980000000000001;880;-0,053076561766087368
881;-0,08;881;-0,052606857679661813
882;-0,080200000000000007;882;-0,052137153593236264
883;-0,0804;883;-0,052606857679661813
884;-0,0806;884;-0,052606857679661813
885;-0,080800000000000011;885;-0,053311413809300143
886;-0,081;886;-0,054250821982151247
887;-0,081200000000000008;887;-0,054485674025364021
888;-0,0814;888;-0,054485674025364021
889;-0,081599999999999992;889;-0,054485674025364021
890;-0,0818;890;-0,054485674025364021
891;-0,08199999999999999;891;-0,054485674025364021
892;-0,0822;892;-0,055425082198215125
893;-0,0824;893;-0,056129638327853455
894;-0,082599999999999993;894;-0,057069046500704559
895;-0,0828;895;-0,057069046500704559
896;-0,08299999999999999;896;-0,057773602630342882
897;-0,0832;897;-0,058008454673555657
898;-0,0834;898;-0,058008454673555657
899;-0,0836;899;-0,058008454673555657
900;-0,0838;900;-0,058008454673555657
901;-0,083999999999999991;901;-0,058008454673555657
902;-0,0842;902;-0,058008454673555657
903;-0,0844;903;-0,057773602630342882
904;-0,0846;904;-0,057773602630342882
905;-0,0848;905;-0,058008454673555657
906;-0,084999999999999992;906;-0,057773602630342882
907;-0,0852;907;-0,057773602630342882
908;-0,0854;908;-0,058478158759981212
909;-0,0856;909;-0,058478158759981212
910;-0,0858;910;-0,059417566932832316
911;-0,086;911;-0,060591827148896195
912;-0,0862;912;-0,060826679192108969
913;-0,0864;913;-0,06106153123532175
914;-0,0866;914;-0,06106153123532175
915;-0,0868;915;-0,06106153123532175
916;-0,087;916;-0,061296383278534525
917;-0,0872;917;-0,0624706434945984
918;-0,0874;918;-0,063410051667449507
919;-0,0876;919;-0,063410051667449507
920;-0,0878;920;-0,06411460779708783
921;-0,088;921;-0,064819163926726167
922;-0,0882;922;-0,065054015969938941
923;-0,0884;923;-0,065054015969938941
924;-0,0886;924;-0,065054015969938941
925;-0,0888;925;-0,064819163926726167
926;-0,089;926;-0,064819163926726167
927;-0,0892;927;-0,065054015969938941
928;-0,089400000000000007;928;-0,064584311883513393
929;-0,0896;929;-0,0643494598403006
930;-0,0898;930;-0,0643494598403006
931;-0,09;931;-0,0643494598403006
932;-0,0902;932;-0,064584311883513393
933;-0,090400000000000008;933;-0,065054015969938941
934;-0,0906;934;-0,065993424142790039
935;-0,0908;935;-0,065993424142790039
936;-0,091;936;-0,066697980272428375
937;-0,0912;937;-0,066697980272428375
938;-0,091400000000000009;938;-0,06693283231564115
939;-0,0916;939;-0,0674025364020667
940;-0,0918;940;-0,0674025364020667
941;-0,092;941;-0,067872240488492247
942;-0,0922;942;-0,068576796618130584
943;-0,09240000000000001;943;-0,069516204790981681
944;-0,0926;944;-0,069751056834194455
945;-0,092800000000000007;945;-0,069751056834194455
946;-0,093;946;-0,07022076092062
947;-0,0932;947;-0,07022076092062
948;-0,093400000000000011;948;-0,07022076092062
949;-0,0936;949;-0,07022076092062
950;-0,0938;950;-0,07022076092062
951;-0,094;951;-0,069751056834194455
952;-0,094199999999999992;952;-0,069751056834194455
953;-0,0944;953;-0,06998590887740723
954;-0,09459999999999999;954;-0,069751056834194455
955;-0,0948;955;-0,069751056834194455
956;-0,095;956;-0,069516204790981681
957;-0,095199999999999993;957;-0,06998590887740723
958;-0,0954;958;-0,070925317050258341
959;-0,095599999999999991;959;-0,071864725223109438
960;-0,0958;960;-0,071864725223109438
961;-0,096;961;-0,072099577266322212
962;-0,0962;962;-0,072099577266322212
963;-0,0964;963;-0,072334429309534987
964;-0,096599999999999991;964;-0,072334429309534987
965;-0,0968;965;-0,072334429309534987
966;-0,097;966;-0,0732738374823861
967;-0,0972;967;-0,073978393612024421
968;-0,0974;968;-0,074917801784875532
969;-0,097599999999999992;969;-0,075622357914513855
970;-0,0978;970;-0,075622357914513855
971;-0,098;971;-0,0760920620009394
972;-0,0982;972;-0,075622357914513855
973;-0,0984;973;-0,074917801784875532
974;-0,0986;974;-0,074917801784875532
975;-0,0988;975;-0,074917801784875532
976;-0,099;976;-0,074682949741662757
977;-0,0992;977;-0,074448097698449983
978;-0,0994;978;-0,073743541568811646
979;-0,0996;979;-0,073508689525598872
980;-0,0998;980;-0,073508689525598872
981;-0,1;981;-0,073978393612024421
982;-0,1002;982;-0,074682949741662757
983;-0,1004;983;-0,07538750587130108
984;-0,1006;984;-0,076326914044152178
985;-0,1008;985;-0,076326914044152178
986;-0,101;986;-0,076561766087364966
987;-0,1012;987;-0,076561766087364966
988;-0,1014;988;-0,076561766087364966
989;-0,1016;989;-0,076561766087364966
990;-0,1018;990;-0,076561766087364966
991;-0,10200000000000001;991;-0,077501174260216063
992;-0,1022;992;-0,078440582433067174
993;-0,1024;993;-0,0791451385627055
994;-0,1026;994;-0,0800845467355566
995;-0,1028;995;-0,0800845467355566
996;-0,10300000000000001;996;-0,080554250821982157
997;-0,1032;997;-0,080319398778769369
998;-0,1034;998;-0,080789102865194931
999;-0,1036;999;-0,080554250821982157
1000;-0,1038;1000;-0,080554250821982157
1001;-0,10400000000000001;1001;-0,080554250821982157
1002;-0,1042;1002;-0,0800845467355566
1003;-0,1044;1003;-0,07984969469234382
1004;-0,1046;1004;-0,079614842649131046
1005;-0,1048;1005;-0,079614842649131046
1006;-0,10500000000000001;1006;-0,079614842649131046
1007;-0,1052;1007;-0,080319398778769369
1008;-0,10540000000000001;1008;-0,08125880695162048
1009;-0,1056;1009;-0,0819633630812588
1010;-0,1058;1010;-0,0819633630812588
1011;-0,10600000000000001;1011;-0,0819633630812588
1012;-0,1062;1012;-0,082198215124471577
1013;-0,10640000000000001;1013;-0,082198215124471577
1014;-0,1066;1014;-0,082433067167684365
1015;-0,1068;1015;-0,082433067167684365
1016;-0,10700000000000001;1016;-0,083607327383748237
1017;-0,1072;1017;-0,08431188351338656
1018;-0,10740000000000001;1018;-0,084781587599812122
1019;-0,1076;1019;-0,085486143729450445
1020;-0,1078;1020;-0,085486143729450445
1021;-0,10800000000000001;1021;-0,085251291686237671
1022;-0,1082;1022;-0,0850164396430249
1023;-0,10840000000000001;1023;-0,085251291686237671
1024;-0,1086;1024;-0,085251291686237671
1025;-0,10880000000000001;1025;-0,085251291686237671
1026;-0,10900000000000001;1026;-0,085486143729450445
1027;-0,1092;1027;-0,0850164396430249
1028;-0,10940000000000001;1028;-0,084781587599812122
1029;-0,1096;1029;-0,0850164396430249
1030;-0,10980000000000001;1030;-0,0850164396430249
1031;-0,11000000000000001;1031;-0,085251291686237671
1032;-0,1102;1032;-0,085955847815876
1033;-0,11040000000000001;1033;-0,087130108031939879
1034;-0,1106;1034;-0,087599812118365428
1035;-0,11080000000000001;1035;-0,087599812118365428
1036;-0,11100000000000002;1036;-0,0878346641615782
1037;-0,11120000000000001;1037;-0,088304368248003764
1038;-0,11140000000000001;1038;-0,088539220291216539
1039;-0,1116;1039;-0,089008924377642087
1040;-0,11180000000000001;1040;-0,089008924377642087
1041;-0,11200000000000002;1041;-0,090183184593705959
1042;-0,11220000000000001;1042;-0,09112259276655707
1043;-0,11240000000000001;1043;-0,091827148896195393
1044;-0,11259999999999999;1044;-0,092296852982620955
1045;-0,11279999999999998;1045;-0,092296852982620955
1046;-0,11299999999999999;1046;-0,092296852982620955
1047;-0,1132;1047;-0,092296852982620955
1048;-0,11339999999999999;1048;-0,092296852982620955
1049;-0,11359999999999999;1049;-0,091827148896195393
1050;-0,11379999999999998;1050;-0,091827148896195393
1051;-0,11399999999999999;1051;-0,091827148896195393
1052;-0,1142;1052;-0,091592296852982619
1053;-0,11439999999999999;1053;-0,09112259276655707
1054;-0,1146;1054;-0,091592296852982619
1055;-0,11479999999999999;1055;-0,091592296852982619
1056;-0,11499999999999999;1056;-0,092296852982620955
1057;-0,1152;1057;-0,093001409112259278
1058;-0,11539999999999999;1058;-0,093940817285110376
1059;-0,1156;1059;-0,09417566932832315
1060;-0,11579999999999999;1060;-0,09417566932832315
1061;-0,11599999999999999;1061;-0,094410521371535938
1062;-0,1162;1062;-0,094410521371535938
1063;-0,11639999999999999;1063;-0,094645373414748712
1064;-0,1166;1064;-0,095819633630812584
1065;-0,11679999999999999;1065;-0,095819633630812584
1066;-0,11699999999999999;1066;-0,096524189760450921
1067;-0,1172;1067;-0,097698449976514792
1068;-0,11739999999999999;1068;-0,0986378581493659
1069;-0,1176;1069;-0,099107562235791452
1070;-0,11779999999999999;1070;-0,099107562235791452
1071;-0,118;1071;-0,098872710192578678
1072;-0,1182;1072;-0,098872710192578678
1073;-0,11839999999999999;1073;-0,0986378581493659
1074;-0,1186;1074;-0,097698449976514792
1075;-0,11879999999999999;1075;-0,097698449976514792
1076;-0,119;1076;-0,097463597933302018
1077;-0,1192;1077;-0,096993893846876469
1078;-0,11939999999999999;1078;-0,096524189760450921
1079;-0,1196;1079;-0,096524189760450921
1080;-0,11979999999999999;1080;-0,096524189760450921
1081;-0,12;1081;-0,097463597933302018
1082;-0,1202;1082;-0,098168154062940341
1083;-0,1204;1083;-0,099107562235791452
1084;-0,1206;1084;-0,099342414279004226
1085;-0,12079999999999999;1085;-0,099342414279004226
1086;-0,121;1086;-0,099577266322217
1087;-0,1212;1087;-0,099577266322217
1088;-0,1214;1088;-0,099577266322217
1089;-0,1216;1089;-0,10051667449506811
1090;-0,12179999999999999;1090;-0,10051667449506811
1091;-0,122;1091;-0,10145608266791921
1092;-0,1222;1092;-0,10263034288398309
1093;-0,1224;1093;-0,10310004697040864
1094;-0,1226;1094;-0,10380460310004697
1095;-0,12279999999999999;1095;-0,10380460310004697
1096;-0,123;1096;-0,10333489901362142
1097;-0,1232;1097;-0,10333489901362142
1098;-0,1234;1098;-0,10333489901362142
1099;-0,1236;1099;-0,10310004697040864
1100;-0,1238;1100;-0,10310004697040864
1101;-0,124;1101;-0,10263034288398309
1102;-0,1242;1102;-0,10216063879755753
1103;-0,1244;1103;-0,10239549084077032
1104;-0,1246;1104;-0,10216063879755753
1105;-0,1248;1105;-0,10216063879755753
1106;-0,125;1106;-0,10286519492719587
1107;-0,1252;1107;-0,10380460310004697
1108;-0,1254;1108;-0,10474401127289808
1109;-0,1256;1109;-0,10474401127289808
1110;-0,1258;1110;-0,10474401127289808
1111;-0,126;1111;-0,10474401127289808
1112;-0,1262;1112;-0,10474401127289808
1113;-0,1264;1113;-0,1054485674025364
1114;-0,1266;1114;-0,10615312353217474
1115;-0,1268;1115;-0,10615312353217474
1116;-0,127;1116;-0,10732738374823861
1117;-0,1272;1117;-0,10779708783466416
1118;-0,1274;1118;-0,10826679192108972
1119;-0,1276;1119;-0,10897134805072804
1120;-0,1278;1120;-0,10897134805072804
1121;-0,128;1121;-0,10897134805072804
1122;-0,1282;1122;-0,10897134805072804
1123;-0,12840000000000001;1123;-0,10826679192108972
1124;-0,1286;1124;-0,10850164396430249
1125;-0,1288;1125;-0,10850164396430249
1126;-0,129;1126;-0,10826679192108972
1127;-0,1292;1127;-0,10779708783466416
1128;-0,12940000000000002;1128;-0,10756223579145138
1129;-0,1296;1129;-0,10779708783466416
1130;-0,1298;1130;-0,10779708783466416
1131;-0,13;1131;-0,10850164396430249
1132;-0,1302;1132;-0,10944105213715359
1133;-0,13040000000000002;1133;-0,11014560826679193
1134;-0,1306;1134;-0,11061531235321748
1135;-0,1308;1135;-0,11061531235321748
1136;-0,131;1136;-0,11061531235321748
1137;-0,1312;1137;-0,11085016439643025
1138;-0,13140000000000002;1138;-0,11155472052606857
1139;-0,1316;1139;-0,11249412869891968
1140;-0,1318;1140;-0,11249412869891968
1141;-0,132;1141;-0,11319868482855801
1142;-0,1322;1142;-0,11366838891498356
1143;-0,13240000000000002;1143;-0,11437294504462189
1144;-0,1326;1144;-0,11437294504462189
1145;-0,1328;1145;-0,11437294504462189
1146;-0,133;1146;-0,11413809300140912
1147;-0,1332;1147;-0,11413809300140912
1148;-0,13340000000000002;1148;-0,11366838891498356
1149;-0,1336;1149;-0,11366838891498356
1150;-0,1338;1150;-0,11366838891498356
1151;-0,134;1151;-0,11343353687177078
1152;-0,1342;1152;-0,11319868482855801
1153;-0,13440000000000002;1153;-0,11343353687177078
1154;-0,1346;1154;-0,11437294504462189
1155;-0,1348;1155;-0,11437294504462189
1156;-0,135;1156;-0,11507750117426022
1157;-0,13520000000000001;1157;-0,11601690934711131
1158;-0,13540000000000002;1158;-0,1162517613903241
1159;-0,1356;1159;-0,11648661343353688
1160;-0,1358;1160;-0,11648661343353688
1161;-0,136;1161;-0,11648661343353688
1162;-0,13620000000000002;1162;-0,11672146547674965
1163;-0,13640000000000002;1163;-0,11789572569281352
1164;-0,1366;1164;-0,11860028182245186
1165;-0,1368;1165;-0,11860028182245186
1166;-0,137;1166;-0,11953968999530296
1167;-0,13720000000000002;1167;-0,12024424612494129
1168;-0,13740000000000002;1168;-0,12071395021136684
1169;-0,1376;1169;-0,12047909816815407
1170;-0,13779999999999998;1170;-0,12047909816815407
1171;-0,13799999999999998;1171;-0,12024424612494129
1172;-0,1382;1172;-0,12024424612494129
1173;-0,1384;1173;-0,11953968999530296
1174;-0,1386;1174;-0,11883513386566463
1175;-0,13879999999999998;1175;-0,11883513386566463
1176;-0,13899999999999998;1176;-0,11930483795209018
1177;-0,1392;1177;-0,11883513386566463
1178;-0,1394;1178;-0,11883513386566463
1179;-0,1396;1179;-0,11953968999530296
1180;-0,13979999999999998;1180;-0,11953968999530296
1181;-0,13999999999999999;1181;-0,12047909816815407
1182;-0,1402;1182;-0,12141850634100516
1183;-0,1404;1183;-0,12165335838421794
1184;-0,1406;1184;-0,12188821042743071
1185;-0,14079999999999998;1185;-0,12188821042743071
1186;-0,141;1186;-0,12188821042743071
1187;-0,1412;1187;-0,12188821042743071
1188;-0,1414;1188;-0,12282761860028182
1189;-0,1416;1189;-0,12376702677313292
1190;-0,14179999999999998;1190;-0,12376702677313292
1191;-0,142;1191;-0,12470643494598403
1192;-0,1422;1192;-0,12517613903240959
1193;-0,1424;1193;-0,12541099107562237
1194;-0,1426;1194;-0,12541099107562237
1195;-0,14279999999999998;1195;-0,12541099107562237
1196;-0,143;1196;-0,12470643494598403
1197;-0,1432;1197;-0,12470643494598403
1198;-0,1434;1198;-0,12447158290277126
1199;-0,1436;1199;-0,1240018788163457
1200;-0,14379999999999998;1200;-0,1240018788163457
1201;-0,144;1201;-0,12353217472992015
1202;-0,1442;1202;-0,12329732268670737
1203;-0,1444;1203;-0,1230624706434946
1204;-0,1446;1204;-0,12376702677313292
1205;-0,14479999999999998;1205;-0,12376702677313292
1206;-0,145;1206;-0,12470643494598403
1207;-0,1452;1207;-0,12541099107562237
1208;-0,1454;1208;-0,12564584311883514
1209;-0,1456;1209;-0,12564584311883514
1210;-0,14579999999999999;1210;-0,12564584311883514
1211;-0,146;1211;-0,12564584311883514
1212;-0,1462;1212;-0,12635039924847347
1213;-0,1464;1213;-0,12705495537811179
1214;-0,1466;1214;-0,12799436355096289
1215;-0,14679999999999999;1215;-0,12799436355096289
1216;-0,147;1216;-0,12846406763738843
1217;-0,1472;1217;-0,12893377172381398
1218;-0,1474;1218;-0,12916862376702679
1219;-0,1476;1219;-0,12916862376702679
1220;-0,1478;1220;-0,12916862376702679
1221;-0,148;1221;-0,12916862376702679
1222;-0,1482;1222;-0,12916862376702679
1223;-0,1484;1223;-0,12963832785345233
1224;-0,1486;1224;-0,12893377172381398
1225;-0,1488;1225;-0,12893377172381398
1226;-0,149;1226;-0,12869891968060121
1227;-0,1492;1227;-0,12846406763738843
1228;-0,1494;1228;-0,12893377172381398
1229;-0,1496;1229;-0,12987317989666511
1230;-0,1498;1230;-0,12987317989666511
1231;-0,15;1231;-0,13081258806951621
1232;-0,1502;1232;-0,13151714419915453
1233;-0,1504;1233;-0,1317519962423673
1234;-0,1506;1234;-0,13198684828558008
1235;-0,1508;1235;-0,13198684828558008
1236;-0,151;1236;-0,13222170032879285
1237;-0,1512;1237;-0,13316110850164398
1238;-0,1514;1238;-0,13410051667449507
1239;-0,1516;1239;-0,13503992484734617
1240;-0,1518;1240;-0,13503992484734617
1241;-0,152;1241;-0,13550962893377172
1242;-0,1522;1242;-0,13597933302019727
1243;-0,1524;1243;-0,13574448097698449
1244;-0,1526;1244;-0,13574448097698449
1245;-0,1528;1245;-0,13574448097698449
1246;-0,153;1246;-0,13574448097698449
1247;-0,1532;1247;-0,13550962893377172
1248;-0,1534;1248;-0,13550962893377172
1249;-0,15360000000000001;1249;-0,13527477689055895
1250;-0,1538;1250;-0,13527477689055895
1251;-0,154;1251;-0,13503992484734617
1252;-0,1542;1252;-0,13503992484734617
1253;-0,1544;1253;-0,13550962893377172
1254;-0,15460000000000002;1254;-0,13621418506341004
1255;-0,1548;1255;-0,13621418506341004
1256;-0,155;1256;-0,13715359323626117
1257;-0,1552;1257;-0,13738844527947394
1258;-0,1554;1258;-0,13762329732268672
1259;-0,15560000000000002;1259;-0,13762329732268672
1260;-0,1558;1260;-0,13762329732268672
1261;-0,156;1261;-0,13832785345232504
1262;-0,1562;1262;-0,13903240958196336
1263;-0,1564;1263;-0,14020666979802723
1264;-0,15660000000000002;1264;-0,14091122592766558
1265;-0,1568;1265;-0,14091122592766558
1266;-0,157;1266;-0,14138093001409113
1267;-0,1572;1267;-0,14208548614372946
1268;-0,1574;1268;-0,14208548614372946
1269;-0,15760000000000002;1269;-0,14138093001409113
1270;-0,1578;1270;-0,14138093001409113
1271;-0,158;1271;-0,14138093001409113
1272;-0,1582;1272;-0,14114607797087836
1273;-0,1584;1273;-0,14091122592766558
1274;-0,15860000000000002;1274;-0,14091122592766558
1275;-0,1588;1275;-0,14091122592766558
1276;-0,159;1276;-0,14067637388445278
1277;-0,1592;1277;-0,14091122592766558
1278;-0,15940000000000001;1278;-0,14185063410051668
1279;-0,15960000000000002;1279;-0,142555190230155
1280;-0,1598;1280;-0,142555190230155
1281;-0,16;1281;-0,14372945044621888
1282;-0,1602;1282;-0,14372945044621888
1283;-0,16040000000000001;1283;-0,14396430248943165
1284;-0,16060000000000002;1284;-0,14419915453264442
1285;-0,1608;1285;-0,14419915453264442
1286;-0,161;1286;-0,1444340065758572
1287;-0,1612;1287;-0,14537341474870832
1288;-0,16140000000000002;1288;-0,14631282292155942
1289;-0,16160000000000002;1289;-0,14725223109441052
1290;-0,1618;1290;-0,14795678722404884
1291;-0,162;1291;-0,14795678722404884
1292;-0,1622;1292;-0,14866134335368716
1293;-0,16240000000000002;1293;-0,14819163926726162
1294;-0,1626;1294;-0,14772193518083607
1295;-0,1628;1295;-0,14772193518083607
1296;-0,16299999999999998;1296;-0,14772193518083607
1297;-0,16319999999999998;1297;-0,14748708313762329
1298;-0,1634;1298;-0,14725223109441052
1299;-0,1636;1299;-0,14725223109441052
1300;-0,1638;1300;-0,14701737905119774
1301;-0,16399999999999998;1301;-0,14701737905119774
1302;-0,16419999999999998;1302;-0,1465476749647722
1303;-0,1644;1303;-0,14748708313762329
1304;-0,1646;1304;-0,14819163926726162
1305;-0,1648;1305;-0,14913104744011274
1306;-0,16499999999999998;1306;-0,14913104744011274
1307;-0,16519999999999999;1307;-0,14936589948332551
1308;-0,1654;1308;-0,14936589948332551
1309;-0,1656;1309;-0,14936589948332551
1310;-0,1658;1310;-0,14960075152653829
1311;-0,16599999999999998;1311;-0,14960075152653829
1312;-0,1662;1312;-0,15054015969938939
1313;-0,1664;1313;-0,15124471582902771
1314;-0,1666;1314;-0,15171441991545326
1315;-0,1668;1315;-0,15241897604509158
1316;-0,16699999999999998;1316;-0,15241897604509158
1317;-0,1672;1317;-0,15265382808830436
1318;-0,1674;1318;-0,15241897604509158
1319;-0,1676;1319;-0,15171441991545326
1320;-0,1678;1320;-0,15171441991545326
1321;-0,16799999999999998;1321;-0,15171441991545326
1322;-0,1682;1322;-0,15218412400187881
1323;-0,1684;1323;-0,15147956787224048
1324;-0,1686;1324;-0,15100986378581494
1325;-0,1688;1325;-0,15077501174260216
1326;-0,16899999999999998;1326;-0,15077501174260216
1327;-0,1692;1327;-0,15100986378581494
1328;-0,1694;1328;-0,15218412400187881
1329;-0,1696;1329;-0,15288868013151716
1330;-0,1698;1330;-0,15312353217472993
1331;-0,16999999999999998;1331;-0,15312353217472993
1332;-0,1702;1332;-0,15312353217472993
1333;-0,1704;1333;-0,15312353217472993
1334;-0,1706;1334;-0,15335838421794271
1335;-0,1708;1335;-0,15406294034758103
1336;-0,17099999999999999;1336;-0,15406294034758103
1337;-0,1712;1337;-0,15500234852043213
1338;-0,1714;1338;-0,15594175669328322
1339;-0,1716;1339;-0,156176608736496
1340;-0,1718;1340;-0,15664631282292155
1341;-0,172;1341;-0,15664631282292155
1342;-0,1722;1342;-0,15664631282292155
1343;-0,1724;1343;-0,15641146077970877
1344;-0,1726;1344;-0,156176608736496
1345;-0,1728;1345;-0,15594175669328322
1346;-0,173;1346;-0,15594175669328322
1347;-0,1732;1347;-0,15594175669328322
1348;-0,1734;1348;-0,15570690465007045
1349;-0,1736;1349;-0,1552372005636449
1350;-0,1738;1350;-0,15594175669328322
1351;-0,174;1351;-0,15594175669328322
1352;-0,1742;1352;-0,15664631282292155
1353;-0,1744;1353;-0,15758572099577267
1354;-0,1746;1354;-0,15852512916862377
1355;-0,1748;1355;-0,15899483325504932
1356;-0,175;1356;-0,15899483325504932
1357;-0,1752;1357;-0,15922968529826209
1358;-0,1754;1358;-0,15946453734147487
1359;-0,1756;1359;-0,15969938938468764
1360;-0,1758;1360;-0,16040394551432596
1361;-0,176;1361;-0,16040394551432596
1362;-0,1762;1362;-0,16157820573038986
1363;-0,1764;1363;-0,16251761390324096
1364;-0,1766;1364;-0,16298731798966651
1365;-0,1768;1365;-0,16345702207609206
1366;-0,177;1366;-0,16345702207609206
1367;-0,1772;1367;-0,16322217003287928
1368;-0,1774;1368;-0,16322217003287928
1369;-0,1776;1369;-0,16322217003287928
1370;-0,1778;1370;-0,16251761390324096
1371;-0,178;1371;-0,16251761390324096
1372;-0,1782;1372;-0,16204790981681541
1373;-0,1784;1373;-0,16275246594645373
1374;-0,1786;1374;-0,16251761390324096
1375;-0,17880000000000001;1375;-0,16251761390324096
1376;-0,179;1376;-0,16251761390324096
1377;-0,1792;1377;-0,16298731798966651
1378;-0,1794;1378;-0,16416157820573038
1379;-0,1796;1379;-0,1651009863785815
1380;-0,17980000000000002;1380;-0,16533583842179428
1381;-0,18;1381;-0,16533583842179428
1382;-0,1802;1382;-0,16533583842179428
1383;-0,1804;1383;-0,16557069046500705
1384;-0,1806;1384;-0,1660403945514326
1385;-0,18080000000000002;1385;-0,1669798027242837
1386;-0,181;1386;-0,1669798027242837
1387;-0,1812;1387;-0,16815406294034757
1388;-0,1814;1388;-0,16885861906998592
1389;-0,1816;1389;-0,16956317519962424
1390;-0,18180000000000002;1390;-0,16979802724283702
1391;-0,182;1391;-0,16979802724283702
1392;-0,1822;1392;-0,16979802724283702
1393;-0,1824;1393;-0,16956317519962424
1394;-0,1826;1394;-0,16956317519962424
1395;-0,18280000000000002;1395;-0,16956317519962424
1396;-0,183;1396;-0,16956317519962424
1397;-0,1832;1397;-0,1690934711131987
1398;-0,1834;1398;-0,16885861906998592
1399;-0,1836;1399;-0,16838891498356034
1400;-0,18380000000000002;1400;-0,16838891498356034
1401;-0,184;1401;-0,16838891498356034
1402;-0,1842;1402;-0,1690934711131987
1403;-0,1844;1403;-0,17003287928604979
1404;-0,18460000000000001;1404;-0,17120713950211366
1405;-0,18480000000000002;1405;-0,17120713950211366
1406;-0,185;1406;-0,17120713950211366
1407;-0,1852;1407;-0,17120713950211366
1408;-0,1854;1408;-0,17144199154532644
1409;-0,18560000000000001;1409;-0,171911695631752
1410;-0,18580000000000002;1410;-0,17308595584781589
1411;-0,186;1411;-0,17308595584781589
1412;-0,1862;1412;-0,17379051197745421
1413;-0,1864;1413;-0,17379051197745421
1414;-0,18660000000000002;1414;-0,17472992015030531
1415;-0,18680000000000002;1415;-0,17472992015030531
1416;-0,187;1416;-0,17472992015030531
1417;-0,1872;1417;-0,17472992015030531
1418;-0,1874;1418;-0,17426021606387976
1419;-0,1876;1419;-0,17426021606387976
1420;-0,1878;1420;-0,17472992015030531
1421;-0,188;1421;-0,17472992015030531
1422;-0,18819999999999998;1422;-0,17402536402066698
1423;-0,18839999999999998;1423;-0,17402536402066698
1424;-0,1886;1424;-0,17426021606387976
1425;-0,1888;1425;-0,17496477219351808
1426;-0,189;1426;-0,17496477219351808
1427;-0,18919999999999998;1427;-0,17590418036636918
1428;-0,18939999999999999;1428;-0,1768435885392203
1429;-0,1896;1429;-0,17731329262564585
1430;-0,1898;1430;-0,17754814466885863
1431;-0,19;1431;-0,17754814466885863
1432;-0,19019999999999998;1432;-0,17801784875528417
1433;-0,19039999999999999;1433;-0,17825270079849695
1434;-0,1906;1434;-0,17895725692813527
1435;-0,1908;1435;-0,17989666510098637
1436;-0,191;1436;-0,17989666510098637
1437;-0,19119999999999998;1437;-0,18060122123062472
1438;-0,1914;1438;-0,18107092531705027
1439;-0,1916;1439;-0,18177548144668859
1440;-0,1918;1440;-0,18177548144668859
1441;-0,192;1441;-0,18177548144668859
1442;-0,19219999999999998;1442;-0,18177548144668859
1443;-0,1924;1443;-0,18154062940347582
1444;-0,1926;1444;-0,18060122123062472
1445;-0,1928;1445;-0,18036636918741192
1446;-0,193;1446;-0,18036636918741192
1447;-0,19319999999999998;1447;-0,17989666510098637
1448;-0,1934;1448;-0,17942696101456082
1449;-0,1936;1449;-0,17989666510098637
1450;-0,1938;1450;-0,18036636918741192
1451;-0,194;1451;-0,18036636918741192
1452;-0,19419999999999998;1452;-0,18107092531705027
1453;-0,1944;1453;-0,18201033348990137
1454;-0,1946;1454;-0,18201033348990137
1455;-0,1948;1455;-0,18224518553311414
1456;-0,195;1456;-0,18224518553311414
1457;-0,19519999999999998;1457;-0,18248003757632691
1458;-0,1954;1458;-0,18271488961953969
1459;-0,1956;1459;-0,18365429779239079
1460;-0,1958;1460;-0,18435885392202911
1461;-0,196;1461;-0,18435885392202911
1462;-0,19619999999999999;1462;-0,185533114138093
1463;-0,1964;1463;-0,18600281822451856
1464;-0,1966;1464;-0,18623767026773133
1465;-0,1968;1465;-0,18623767026773133
1466;-0,197;1466;-0,18623767026773133
1467;-0,1972;1467;-0,18623767026773133
1468;-0,1974;1468;-0,18600281822451856
1469;-0,1976;1469;-0,18529826209488023
1470;-0,1978;1470;-0,18506341005166746
1471;-0,198;1471;-0,18506341005166746
1472;-0,1982;1472;-0,18529826209488023
1473;-0,1984;1473;-0,18506341005166746
1474;-0,1986;1474;-0,18529826209488023
1475;-0,1988;1475;-0,18600281822451856
1476;-0,199;1476;-0,18600281822451856
1477;-0,1992;1477;-0,18694222639736965
1478;-0,1994;1478;-0,18764678252700798
1479;-0,1996;1479;-0,18764678252700798
1480;-0,1998;1480;-0,18788163457022075
1481;-0,2;1481;-0,18788163457022075
1482;-0,2002;1482;-0,18788163457022075
1483;-0,2004;1483;-0,1883513386566463
1484;-0,20059999999999997;1484;-0,18905589478628465
1485;-0,2008;1485;-0,19023015500234852
1486;-0,20099999999999998;1486;-0,19023015500234852
1487;-0,2012;1487;-0,19093471113198685
1488;-0,20139999999999997;1488;-0,19140441521841239
1489;-0,2016;1489;-0,19210897134805072
1490;-0,20179999999999998;1490;-0,19210897134805072
1491;-0,202;1491;-0,19210897134805072
1492;-0,2022;1492;-0,19187411930483794
1493;-0,2024;1493;-0,19187411930483794
1494;-0,20259999999999997;1494;-0,19140441521841239
1495;-0,2028;1495;-0,19093471113198685
1496;-0,20299999999999999;1496;-0,19093471113198685
1497;-0,2032;1497;-0,19069985908877407
1498;-0,20339999999999997;1498;-0,1904650070455613
1499;-0,2036;1499;-0,1904650070455613
1500;-0,20379999999999998;1500;-0,19093471113198685
1501;-0,20400000000000001;1501;-0,19093471113198685
1502;-0,2042;1502;-0,19187411930483794
1503;-0,2044;1503;-0,19257867543447629
1504;-0,20459999999999998;1504;-0,19281352747768907
1505;-0,2048;1505;-0,19304837952090184
1506;-0,205;1506;-0,19304837952090184
1507;-0,2052;1507;-0,19304837952090184
1508;-0,20539999999999997;1508;-0,19375293565054016
1509;-0,2056;1509;-0,19469234382339126
1510;-0,20579999999999998;1510;-0,19563175199624236
1511;-0,20600000000000002;1511;-0,19563175199624236
1512;-0,2062;1512;-0,19563175199624236
1513;-0,2064;1513;-0,19610145608266791
1514;-0,20659999999999998;1514;-0,19633630812588068
1515;-0,2068;1515;-0,19633630812588068
1516;-0,207;1516;-0,19633630812588068
1517;-0,2072;1517;-0,19633630812588068
1518;-0,20739999999999997;1518;-0,19610145608266791
1519;-0,2076;1519;-0,19633630812588068
1520;-0,20779999999999998;1520;-0,19610145608266791
1521;-0,20800000000000002;1521;-0,19610145608266791
1522;-0,2082;1522;-0,19633630812588068
1523;-0,2084;1523;-0,19633630812588068
1524;-0,20859999999999998;1524;-0,19704086425551903
1525;-0,2088;1525;-0,19774542038515736
1526;-0,209;1526;-0,19774542038515736
1527;-0,2092;1527;-0,19844997651479568
1528;-0,20939999999999998;1528;-0,19938938468764678
1529;-0,2096;1529;-0,19938938468764678
1530;-0,2098;1530;-0,19962423673085955
1531;-0,21000000000000002;1531;-0,19962423673085955
1532;-0,2102;1532;-0,19985908877407232
1533;-0,2104;1533;-0,20079849694692345
1534;-0,21059999999999998;1534;-0,20173790511977455
1535;-0,21080000000000002;1535;-0,20291216533583842
1536;-0,211;1536;-0,20291216533583842
1537;-0,2112;1537;-0,20361672146547674
1538;-0,21139999999999998;1538;-0,20432127759511506
1539;-0,2116;1539;-0,20432127759511506
1540;-0,2118;1540;-0,20408642555190229
1541;-0,21200000000000002;1541;-0,20408642555190229
1542;-0,2122;1542;-0,20338186942226397
1543;-0,2124;1543;-0,20338186942226397
1544;-0,21259999999999998;1544;-0,20314701737905119
1545;-0,21280000000000002;1545;-0,20291216533583842
1546;-0,213;1546;-0,20291216533583842
1547;-0,2132;1547;-0,20244246124941287
1548;-0,21339999999999998;1548;-0,20291216533583842
1549;-0,2136;1549;-0,20338186942226397
1550;-0,2138;1550;-0,20432127759511506
1551;-0,21400000000000002;1551;-0,20432127759511506
1552;-0,2142;1552;-0,20502583372475341
1553;-0,2144;1553;-0,20526068576796619
1554;-0,21459999999999999;1554;-0,20526068576796619
1555;-0,21480000000000002;1555;-0,20526068576796619
1556;-0,215;1556;-0,20526068576796619
1557;-0,2152;1557;-0,20573038985439174
1558;-0,21539999999999998;1558;-0,20643494598403006
1559;-0,2156;1559;-0,20737435415688116
1560;-0,2158;1560;-0,20807891028651948
1561;-0,21600000000000003;1561;-0,20807891028651948
1562;-0,2162;1562;-0,20854861437294506
1563;-0,2164;1563;-0,20925317050258338
1564;-0,2166;1564;-0,20878346641615783
1565;-0,21680000000000002;1565;-0,20854861437294506
1566;-0,217;1566;-0,20854861437294506
1567;-0,2172;1567;-0,20854861437294506
1568;-0,21739999999999998;1568;-0,20784405824330671
1569;-0,21760000000000002;1569;-0,20737435415688116
1570;-0,2178;1570;-0,20760920620009393
1571;-0,21800000000000003;1571;-0,20760920620009393
1572;-0,2182;1572;-0,20737435415688116
1573;-0,2184;1573;-0,20737435415688116
1574;-0,2186;1574;-0,20807891028651948
1575;-0,21880000000000002;1575;-0,20878346641615783
1576;-0,219;1576;-0,20878346641615783
1577;-0,2192;1577;-0,20948802254579615
1578;-0,21939999999999998;1578;-0,20972287458900893
1579;-0,21960000000000002;1579;-0,20972287458900893
1580;-0,2198;1580;-0,2099577266322217
1581;-0,22000000000000003;1581;-0,2099577266322217
1582;-0,2202;1582;-0,21019257867543448
1583;-0,2204;1583;-0,21113198684828557
1584;-0,2206;1584;-0,21207139502113667
1585;-0,22080000000000002;1585;-0,21277595115077502
1586;-0,221;1586;-0,21277595115077502
1587;-0,2212;1587;-0,21348050728041335
1588;-0,22139999999999999;1588;-0,21371535932362612
1589;-0,22160000000000002;1589;-0,21371535932362612
1590;-0,2218;1590;-0,21348050728041335
1591;-0,22200000000000003;1591;-0,21348050728041335
1592;-0,2222;1592;-0,21324565523720057
1593;-0,22240000000000001;1593;-0,21324565523720057
1594;-0,2226;1594;-0,21277595115077502
1595;-0,22280000000000003;1595;-0,21254109910756225
1596;-0,223;1596;-0,21207139502113667
1597;-0,2232;1597;-0,21207139502113667
1598;-0,2234;1598;-0,21207139502113667
1599;-0,22360000000000002;1599;-0,2130108031939878
1600;-0,2238;1600;-0,21395021136683889
1601;-0,22400000000000003;1601;-0,21488961953969
1602;-0,2242;1602;-0,21488961953969
1603;-0,22440000000000002;1603;-0,21512447158290277
1604;-0,2246;1604;-0,21535932362611554
1605;-0,22480000000000003;1605;-0,21559417566932831
1606;-0,225;1606;-0,21629873179896666
1607;-0,22519999999999998;1607;-0,21629873179896666
1608;-0,2254;1608;-0,217003287928605
1609;-0,22559999999999997;1609;-0,21817754814466886
1610;-0,2258;1610;-0,21841240018788163
1611;-0,22599999999999998;1611;-0,21888210427430718
1612;-0,2262;1612;-0,21888210427430718
1613;-0,2264;1613;-0,21911695631751996
1614;-0,2266;1614;-0,21911695631751996
1615;-0,22679999999999997;1615;-0,21911695631751996
1616;-0,227;1616;-0,21911695631751996
1617;-0,22719999999999999;1617;-0,21911695631751996
1618;-0,2274;1618;-0,21958666040394551
1619;-0,22759999999999997;1619;-0,21911695631751996
1620;-0,2278;1620;-0,21888210427430718
1621;-0,22799999999999998;1621;-0,21864725223109441
1622;-0,22820000000000001;1622;-0,21864725223109441
1623;-0,2284;1623;-0,21911695631751996
1624;-0,2286;1624;-0,22005636449037105
1625;-0,22879999999999998;1625;-0,2207609206200094
1626;-0,229;1626;-0,22146547674964773
1627;-0,2292;1627;-0,22146547674964773
1628;-0,2294;1628;-0,22146547674964773
1629;-0,22959999999999997;1629;-0,2217003287928605
1630;-0,2298;1630;-0,2217003287928605
1631;-0,22999999999999998;1631;-0,2226397369657116
1632;-0,23020000000000002;1632;-0,2226397369657116
1633;-0,2304;1633;-0,22381399718177547
1634;-0,2306;1634;-0,2247534053546266
1635;-0,23079999999999998;1635;-0,22498825739783937
1636;-0,231;1636;-0,22545796148426492
1637;-0,2312;1637;-0,22545796148426492
1638;-0,2314;1638;-0,22545796148426492
1639;-0,23159999999999997;1639;-0,22522310944105214
1640;-0,2318;1640;-0,22522310944105214
1641;-0,23199999999999998;1641;-0,22498825739783937
1642;-0,23220000000000002;1642;-0,22498825739783937
1643;-0,2324;1643;-0,22498825739783937
1644;-0,2326;1644;-0,22522310944105214
1645;-0,23279999999999998;1645;-0,22498825739783937
1646;-0,233;1646;-0,2247534053546266
1647;-0,2332;1647;-0,2247534053546266
1648;-0,2334;1648;-0,22545796148426492
1649;-0,23359999999999997;1649;-0,22639736965711602
1650;-0,2338;1650;-0,22733677782996711
1651;-0,23399999999999999;1651;-0,22733677782996711
1652;-0,23420000000000002;1652;-0,22733677782996711
1653;-0,2344;1653;-0,22733677782996711
1654;-0,2346;1654;-0,22733677782996711
1655;-0,23479999999999998;1655;-0,22757162987317989
1656;-0,23500000000000001;1656;-0,228511038046031
1657;-0,2352;1657;-0,228511038046031
1658;-0,2354;1658;-0,22945044621888211
1659;-0,23559999999999998;1659;-0,23015500234852043
1660;-0,2358;1660;-0,23062470643494598
1661;-0,236;1661;-0,23109441052137153
1662;-0,23620000000000002;1662;-0,23109441052137153
1663;-0,2364;1663;-0,23109441052137153
1664;-0,2366;1664;-0,23109441052137153
1665;-0,23679999999999998;1665;-0,23085955847815876
1666;-0,23700000000000002;1666;-0,23062470643494598
1667;-0,2372;1667;-0,23062470643494598
1668;-0,2374;1668;-0,23038985439173321
1669;-0,23759999999999998;1669;-0,23038985439173321
1670;-0,2378;1670;-0,23015500234852043
1671;-0,238;1671;-0,23015500234852043
1672;-0,23820000000000002;1672;-0,23015500234852043
1673;-0,2384;1673;-0,23085955847815876
1674;-0,2386;1674;-0,23179896665100985
1675;-0,23879999999999998;1675;-0,23273837482386098
1676;-0,23900000000000002;1676;-0,23273837482386098
1677;-0,2392;1677;-0,23273837482386098
1678;-0,2394;1678;-0,23273837482386098
1679;-0,23959999999999998;1679;-0,23273837482386098
1680;-0,2398;1680;-0,23297322686707375
1681;-0,24;1681;-0,23391263503992485
1682;-0,24020000000000002;1682;-0,23391263503992485
1683;-0,2404;1683;-0,23461719116956317
1684;-0,2406;1684;-0,23461719116956317
1685;-0,2408;1685;-0,23532174729920149
1686;-0,24100000000000002;1686;-0,23579145138562704
1687;-0,2412;1687;-0,23579145138562704
1688;-0,2414;1688;-0,23555659934241427
1689;-0,24159999999999998;1689;-0,23532174729920149
1690;-0,24180000000000001;1690;-0,23532174729920149
1691;-0,242;1691;-0,23532174729920149
1692;-0,24220000000000003;1692;-0,23532174729920149
1693;-0,2424;1693;-0,23508689525598872
1694;-0,2426;1694;-0,23461719116956317
1695;-0,2428;1695;-0,2343823391263504
1696;-0,24300000000000002;1696;-0,23461719116956317
1697;-0,2432;1697;-0,23461719116956317
1698;-0,2434;1698;-0,23555659934241427
1699;-0,24359999999999998;1699;-0,23626115547205262
1700;-0,24380000000000002;1700;-0,23743541568811649
1701;-0,244;1701;-0,23767026773132927
1702;-0,24420000000000003;1702;-0,23767026773132927
1703;-0,2444;1703;-0,23790511977454204
1704;-0,2446;1704;-0,23813997181775481
1705;-0,2448;1705;-0,23884452794739314
1706;-0,24500000000000002;1706;-0,23978393612024423
1707;-0,2452;1707;-0,23978393612024423
1708;-0,2454;1708;-0,24095819633630813
1709;-0,24559999999999998;1709;-0,24119304837952091
1710;-0,24580000000000002;1710;-0,24166275246594646
1711;-0,246;1711;-0,242132456552372
1712;-0,24620000000000003;1712;-0,242132456552372
1713;-0,2464;1713;-0,24166275246594646
1714;-0,2466;1714;-0,24166275246594646
1715;-0,2468;1715;-0,24166275246594646
1716;-0,24700000000000003;1716;-0,24166275246594646
1717;-0,2472;1717;-0,24166275246594646
1718;-0,2474;1718;-0,24119304837952091
1719;-0,2476;1719;-0,24095819633630813
1720;-0,24780000000000002;1720;-0,24072334429309536
1721;-0,248;1721;-0,24119304837952091
1722;-0,24820000000000003;1722;-0,24119304837952091
1723;-0,2484;1723;-0,242132456552372
1724;-0,24860000000000002;1724;-0,24283701268201033
1725;-0,2488;1725;-0,24377642085486143
1726;-0,24900000000000003;1726;-0,2440112728980742
1727;-0,2492;1727;-0,2440112728980742
1728;-0,2494;1728;-0,2440112728980742
1729;-0,2496;1729;-0,24448097698449978
1730;-0,24980000000000002;1730;-0,24542038515735087
1731;-0,25;1731;-0,2461249412869892
1732;-0,2502;1732;-0,2461249412869892
1733;-0,2504;1733;-0,24729920150305307
1734;-0,2506;1734;-0,24776890558947862
1735;-0,2508;1735;-0,24823860967590419
1736;-0,251;1736;-0,24823860967590419
1737;-0,2512;1737;-0,24823860967590419
1738;-0,25139999999999996;1738;-0,24800375763269139
1739;-0,2516;1739;-0,24800375763269139
1740;-0,25179999999999997;1740;-0,24776890558947862
1741;-0,252;1741;-0,24753405354626584
1742;-0,2522;1742;-0,24753405354626584
1743;-0,2524;1743;-0,24729920150305307
1744;-0,2526;1744;-0,24659464537341474
1745;-0,2528;1745;-0,24729920150305307
1746;-0,253;1746;-0,24800375763269139
1747;-0,2532;1747;-0,24800375763269139
1748;-0,25339999999999996;1748;-0,24894316580554252
1749;-0,2536;1749;-0,24941286989196806
1750;-0,25379999999999997;1750;-0,24964772193518084
1751;-0,254;1751;-0,24988257397839361
1752;-0,2542;1752;-0,24988257397839361
1753;-0,2544;1753;-0,24988257397839361
1754;-0,2546;1754;-0,25011742602160641
1755;-0,2548;1755;-0,25129168623767029
1756;-0,255;1756;-0,25199624236730861
1757;-0,2552;1757;-0,25199624236730861
1758;-0,25539999999999996;1758;-0,25293565054015971
1759;-0,2556;1759;-0,25340535462658526
1760;-0,25579999999999997;1760;-0,25410991075622358
1761;-0,256;1761;-0,25364020666979803
1762;-0,2562;1762;-0,25364020666979803
1763;-0,2564;1763;-0,25434476279943635
1764;-0,2566;1764;-0,25410991075622358
1765;-0,25680000000000003;1765;-0,25317050258337248
1766;-0,257;1766;-0,25270079849694693
1767;-0,2572;1767;-0,25270079849694693
1768;-0,25739999999999996;1768;-0,25246594645373416
1769;-0,2576;1769;-0,25246594645373416
1770;-0,2578;1770;-0,25246594645373416
1771;-0,258;1771;-0,25317050258337248
1772;-0,2582;1772;-0,25317050258337248
1773;-0,2584;1773;-0,25410991075622358
1774;-0,2586;1774;-0,2548144668858619
1775;-0,25880000000000003;1775;-0,2548144668858619
1776;-0,259;1776;-0,25504931892907468
1777;-0,2592;1777;-0,25504931892907468
1778;-0,25939999999999996;1778;-0,25528417097228745
1779;-0,2596;1779;-0,255753875058713
1780;-0,2598;1780;-0,25645843118835132
1781;-0,26;1781;-0,25716298731798964
1782;-0,2602;1782;-0,25716298731798964
1783;-0,2604;1783;-0,25763269140441519
1784;-0,2606;1784;-0,25833724753405357
1785;-0,26080000000000003;1785;-0,25880695162047912
1786;-0,261;1786;-0,25857209957726635
1787;-0,2612;1787;-0,25857209957726635
1788;-0,26139999999999997;1788;-0,25857209957726635
1789;-0,2616;1789;-0,25833724753405357
1790;-0,2618;1790;-0,25857209957726635
1791;-0,262;1791;-0,2581023954908408
1792;-0,2622;1792;-0,2581023954908408
1793;-0,2624;1793;-0,25786754344762797
1794;-0,2626;1794;-0,25763269140441519
1795;-0,26280000000000003;1795;-0,25763269140441519
1796;-0,263;1796;-0,25833724753405357
1797;-0,2632;1797;-0,25833724753405357
1798;-0,26339999999999997;1798;-0,25927665570690467
1799;-0,2636;1799;-0,26021606387975577
1800;-0,2638;1800;-0,26045091592296854
1801;-0,264;1801;-0,26068576796618131
1802;-0,2642;1802;-0,26068576796618131
1803;-0,2644;1803;-0,26115547205260686
1804;-0,2646;1804;-0,26162517613903241
1805;-0,26480000000000004;1805;-0,26279943635509628
1806;-0,265;1806;-0,26350399248473461
1807;-0,2652;1807;-0,26350399248473461
1808;-0,26539999999999997;1808;-0,26397369657116015
1809;-0,2656;1809;-0,26467825270079848
1810;-0,2658;1810;-0,26491310474401125
1811;-0,266;1811;-0,26467825270079848
1812;-0,2662;1812;-0,26467825270079848
1813;-0,2664;1813;-0,26467825270079848
1814;-0,2666;1814;-0,26467825270079848
1815;-0,26680000000000004;1815;-0,26467825270079848
1816;-0,267;1816;-0,2644434006575857
1817;-0,2672;1817;-0,2644434006575857
1818;-0,26739999999999997;1818;-0,26397369657116015
1819;-0,2676;1819;-0,26373884452794738
1820;-0,2678;1820;-0,26397369657116015
1821;-0,268;1821;-0,26491310474401125
1822;-0,2682;1822;-0,26491310474401125
1823;-0,2684;1823;-0,26561766087364957
1824;-0,2686;1824;-0,26632221700328795
1825;-0,26880000000000004;1825;-0,26632221700328795
1826;-0,269;1826;-0,26655706904650073
1827;-0,2692;1827;-0,26655706904650073
1828;-0,2694;1828;-0,2667919210897135
1829;-0,2696;1829;-0,26749647721935182
1830;-0,2698;1830;-0,2686707374354157
1831;-0,27;1831;-0,26961014560826679
1832;-0,2702;1832;-0,26961014560826679
1833;-0,27040000000000003;1833;-0,27007984969469234
1834;-0,2706;1834;-0,27054955378111789
1835;-0,27080000000000004;1835;-0,27031470173790512
1836;-0,271;1836;-0,27031470173790512
1837;-0,2712;1837;-0,27031470173790512
1838;-0,2714;1838;-0,27007984969469234
1839;-0,2716;1839;-0,27007984969469234
1840;-0,2718;1840;-0,26984499765147957
1841;-0,272;1841;-0,26961014560826679
1842;-0,2722;1842;-0,26961014560826679
1843;-0,27240000000000003;1843;-0,26890558947862847
1844;-0,2726;1844;-0,26914044152184124
1845;-0,27280000000000004;1845;-0,26984499765147957
1846;-0,273;1846;-0,27054955378111789
1847;-0,2732;1847;-0,27054955378111789
1848;-0,2734;1848;-0,271488961953969
1849;-0,2736;1849;-0,271488961953969
1850;-0,2738;1850;-0,271488961953969
1851;-0,274;1851;-0,27172381399718176
1852;-0,2742;1852;-0,27172381399718176
1853;-0,27440000000000003;1853;-0,27172381399718176
1854;-0,2746;1854;-0,27242837012682009
1855;-0,27480000000000004;1855;-0,27360263034288396
1856;-0,275;1856;-0,27430718647252234
1857;-0,2752;1857;-0,27430718647252234
1858;-0,2754;1858;-0,27501174260216066
1859;-0,27559999999999996;1859;-0,27524659464537343
1860;-0,2758;1860;-0,27501174260216066
1861;-0,27599999999999997;1861;-0,27548144668858621
1862;-0,2762;1862;-0,27548144668858621
1863;-0,2764;1863;-0,27548144668858621
1864;-0,2766;1864;-0,27501174260216066
1865;-0,2768;1865;-0,27430718647252234
1866;-0,277;1866;-0,27430718647252234
1867;-0,2772;1867;-0,27430718647252234
1868;-0,2774;1868;-0,27407233442930956
1869;-0,27759999999999996;1869;-0,27430718647252234
1870;-0,2778;1870;-0,27524659464537343
1871;-0,27799999999999997;1871;-0,27595115077501176
1872;-0,2782;1872;-0,27595115077501176
1873;-0,2784;1873;-0,27712541099107563
1874;-0,2786;1874;-0,2773602630342884
1875;-0,2788;1875;-0,27759511507750118
1876;-0,279;1876;-0,27759511507750118
1877;-0,2792;1877;-0,27782996712071395
1878;-0,2794;1878;-0,27782996712071395
1879;-0,27959999999999996;1879;-0,27900422733677782
1880;-0,2798;1880;-0,28017848755284169
1881;-0,27999999999999997;1881;-0,28041333959605447
1882;-0,2802;1882;-0,28041333959605447
1883;-0,2804;1883;-0,28088304368248
1884;-0,2806;1884;-0,28135274776890556
1885;-0,2808;1885;-0,28135274776890556
1886;-0,281;1886;-0,28182245185533117
1887;-0,2812;1887;-0,28182245185533117
1888;-0,2814;1888;-0,28135274776890556
1889;-0,28159999999999996;1889;-0,28182245185533117
1890;-0,2818;1890;-0,28111789572569279
1891;-0,282;1891;-0,28111789572569279
1892;-0,2822;1892;-0,28111789572569279
1893;-0,2824;1893;-0,28088304368248
1894;-0,2826;1894;-0,28088304368248
1895;-0,2828;1895;-0,28182245185533117
1896;-0,28300000000000003;1896;-0,28252700798496949
1897;-0,2832;1897;-0,28252700798496949
1898;-0,2834;1898;-0,28346641615782059
1899;-0,28359999999999996;1899;-0,28346641615782059
1900;-0,2838;1900;-0,28346641615782059
1901;-0,284;1901;-0,28370126820103336
1902;-0,2842;1902;-0,28370126820103336
1903;-0,2844;1903;-0,28417097228745891
1904;-0,2846;1904;-0,28487552841709723
1905;-0,2848;1905;-0,28581493658994833
1906;-0,28500000000000003;1906;-0,28581493658994833
1907;-0,2852;1907;-0,28581493658994833
1908;-0,2854;1908;-0,28628464067637388
1909;-0,28559999999999997;1909;-0,28628464067637388
1910;-0,2858;1910;-0,28604978863316111
1911;-0,286;1911;-0,28558008454673556
1912;-0,2862;1912;-0,28534523250352278
1913;-0,2864;1913;-0,28534523250352278
1914;-0,2866;1914;-0,28558008454673556
1915;-0,2868;1915;-0,28487552841709723
1916;-0,28700000000000003;1916;-0,28487552841709723
1917;-0,2872;1917;-0,28464067637388446
1918;-0,2874;1918;-0,28464067637388446
1919;-0,28759999999999997;1919;-0,28487552841709723
1920;-0,2878;1920;-0,28581493658994833
1921;-0,288;1921;-0,2869891968060122
1922;-0,2882;1922;-0,28745890089243775
1923;-0,2884;1923;-0,28745890089243775
1924;-0,2886;1924;-0,28769375293565053
1925;-0,2888;1925;-0,2879286049788633
1926;-0,28900000000000003;1926;-0,2879286049788633
1927;-0,2892;1927;-0,28910286519492717
1928;-0,2894;1928;-0,28910286519492717
1929;-0,28959999999999997;1929;-0,28980742132456555
1930;-0,2898;1930;-0,29098168154062942
1931;-0,29;1931;-0,29145138562705497
1932;-0,2902;1932;-0,29215594175669329
1933;-0,2904;1933;-0,29215594175669329
1934;-0,2906;1934;-0,29215594175669329
1935;-0,2908;1935;-0,29168623767026775
1936;-0,29100000000000004;1936;-0,29145138562705497
1937;-0,2912;1937;-0,29168623767026775
1938;-0,2914;1938;-0,29168623767026775
1939;-0,29159999999999997;1939;-0,29168623767026775
1940;-0,2918;1940;-0,29145138562705497
1941;-0,292;1941;-0,2912165335838422
1942;-0,2922;1942;-0,29145138562705497
1943;-0,2924;1943;-0,29145138562705497
1944;-0,2926;1944;-0,29239079379990607
1945;-0,2928;1945;-0,29286049788633162
1946;-0,29300000000000004;1946;-0,29403475810239549
1947;-0,2932;1947;-0,29403475810239549
1948;-0,2934;1948;-0,29403475810239549
1949;-0,29359999999999997;1949;-0,29403475810239549
1950;-0,2938;1950;-0,29403475810239549
1951;-0,294;1951;-0,29426961014560826
1952;-0,2942;1952;-0,29497416627524659
1953;-0,2944;1953;-0,29497416627524659
1954;-0,29460000000000003;1954;-0,29614842649131046
1955;-0,2948;1955;-0,29685298262094878
1956;-0,29500000000000004;1956;-0,2975575387505871
1957;-0,2952;1957;-0,2975575387505871
1958;-0,2954;1958;-0,2975575387505871
1959;-0,2956;1959;-0,29732268670737433
1960;-0,2958;1960;-0,29779239079379993
1961;-0,296;1961;-0,2975575387505871
1962;-0,2962;1962;-0,29685298262094878
1963;-0,2964;1963;-0,29685298262094878
1964;-0,29660000000000003;1964;-0,29638327853452323
1965;-0,2968;1965;-0,29638327853452323
1966;-0,29700000000000004;1966;-0,29614842649131046
1967;-0,2972;1967;-0,29638327853452323
1968;-0,2974;1968;-0,29638327853452323
1969;-0,2976;1969;-0,29732268670737433
1970;-0,2978;1970;-0,29826209488022548
1971;-0,298;1971;-0,29943635509628935
1972;-0,2982;1972;-0,2999060591827149
1973;-0,2984;1973;-0,2999060591827149
1974;-0,29860000000000003;1974;-0,30014091122592768
1975;-0,2988;1975;-0,30037576326914045
1976;-0,29900000000000004;1976;-0,30108031939877877
1977;-0,2992;1977;-0,30201972757162987
1978;-0,2994;1978;-0,30201972757162987
1979;-0,2996;1979;-0,30319398778769374
1980;-0,2998;1980;-0,30319398778769374
1981;-0,3;1981;-0,30366369187411929
1982;-0,30019999999999997;1982;-0,30436824800375761
1983;-0,3004;1983;-0,30436824800375761
1984;-0,3006;1984;-0,30413339596054484
1985;-0,3008;1985;-0,30413339596054484
1986;-0,301;1986;-0,30413339596054484
1987;-0,3012;1987;-0,30413339596054484
1988;-0,3014;1988;-0,30413339596054484
1989;-0,3016;1989;-0,30342883983090652
1990;-0,30179999999999996;1990;-0,30295913574448097
1991;-0,302;1991;-0,30272428370126819
1992;-0,30219999999999997;1992;-0,30248943165805542
1993;-0,3024;1993;-0,30248943165805542
1994;-0,3026;1994;-0,30319398778769374
1995;-0,3028;1995;-0,30413339596054484
1996;-0,303;1996;-0,30460310004697039
1997;-0,3032;1997;-0,30460310004697039
1998;-0,3034;1998;-0,30460310004697039
1999;-0,3036;1999;-0,30483795209018316
2000;-0,30379999999999996;2000;-0,30483795209018316
2001;-0,304;2001;-0,30554250821982148
2002;-0,30419999999999997;2002;-0,30671676843588541
2003;-0,3044;2003;-0,30671676843588541
2004;-0,3046;2004;-0,30765617660873651
2005;-0,3048;2005;-0,30789102865194928
2006;-0,305;2006;-0,30859558478158761
2007;-0,3052;2007;-0,30883043682480038
2008;-0,3054;2008;-0,30883043682480038
2009;-0,3056;2009;-0,30883043682480038
2010;-0,30579999999999996;2010;-0,30859558478158761
2011;-0,306;2011;-0,30859558478158761
2012;-0,30619999999999997;2012;-0,30883043682480038
2013;-0,3064;2013;-0,30883043682480038
2014;-0,3066;2014;-0,30859558478158761
2015;-0,3068;2015;-0,30812588069516206
2016;-0,307;2016;-0,30859558478158761
2017;-0,30720000000000003;2017;-0,3095349929544387
2018;-0,3074;2018;-0,3095349929544387
2019;-0,3076;2019;-0,31000469704086425
2020;-0,30779999999999996;2020;-0,31117895725692812
2021;-0,308;2021;-0,3114138093001409
2022;-0,3082;2022;-0,3114138093001409
2023;-0,3084;2023;-0,3114138093001409
2024;-0,3086;2024;-0,31164866134335367
2025;-0,3088;2025;-0,31188351338656645
2026;-0,309;2026;-0,31282292155941754
2027;-0,30920000000000003;2027;-0,31352747768905592
2028;-0,3094;2028;-0,31352747768905592
2029;-0,3096;2029;-0,31470173790511979
2030;-0,30979999999999996;2030;-0,31540629403475812
2031;-0,31;2031;-0,31587599812118367
2032;-0,3102;2032;-0,31564114607797089
2033;-0,3104;2033;-0,31564114607797089
2034;-0,3106;2034;-0,31540629403475812
2035;-0,3108;2035;-0,31540629403475812
2036;-0,311;2036;-0,31423203381869425
2037;-0,31120000000000003;2037;-0,31399718177548147
2038;-0,3114;2038;-0,31399718177548147
2039;-0,3116;2039;-0,3137623297322687
2040;-0,31179999999999997;2040;-0,31352747768905592
2041;-0,312;2041;-0,31352747768905592
2042;-0,3122;2042;-0,31423203381869425
2043;-0,3124;2043;-0,31423203381869425
2044;-0,3126;2044;-0,31517144199154534
2045;-0,3128;2045;-0,31587599812118367
2046;-0,313;2046;-0,31634570220760921
2047;-0,31320000000000003;2047;-0,31634570220760921
2048;-0,3134;2048;-0,31634570220760921
2049;-0,3136;2049;-0,31634570220760921
2050;-0,31379999999999997;2050;-0,31634570220760921
2051;-0,314;2051;-0,31705025833724754
2052;-0,3142;2052;-0,31798966651009863
2053;-0,3144;2053;-0,31798966651009863
2054;-0,3146;2054;-0,31869422263973696
2055;-0,3148;2055;-0,31916392672616251
2056;-0,315;2056;-0,31939877876937528
2057;-0,31520000000000004;2057;-0,31916392672616251
2058;-0,3154;2058;-0,31916392672616251
2059;-0,3156;2059;-0,31986848285580083
2060;-0,31579999999999997;2060;-0,31939877876937528
2061;-0,316;2061;-0,31939877876937528
2062;-0,3162;2062;-0,31892907468294973
2063;-0,3164;2063;-0,31892907468294973
2064;-0,3166;2064;-0,31845937059652418
2065;-0,3168;2065;-0,31822451855331141
2066;-0,317;2066;-0,31845937059652418
2067;-0,31720000000000004;2067;-0,31916392672616251
2068;-0,3174;2068;-0,31916392672616251
2069;-0,3176;2069;-0,3201033348990136
2070;-0,31779999999999997;2070;-0,32080789102865193
2071;-0,318;2071;-0,3210427430718647
2072;-0,3182;2072;-0,3210427430718647
2073;-0,3184;2073;-0,3210427430718647
2074;-0,3186;2074;-0,3210427430718647
2075;-0,31880000000000003;2075;-0,32198215124471585
2076;-0,319;2076;-0,32268670737435418
2077;-0,31920000000000004;2077;-0,32386096759041805
2078;-0,3194;2078;-0,32386096759041805
2079;-0,3196;2079;-0,32386096759041805
2080;-0,3198;2080;-0,3243306716768436
2081;-0,32;2081;-0,32503522780648192
2082;-0,3202;2082;-0,32456552372005637
2083;-0,3204;2083;-0,32456552372005637
2084;-0,3206;2084;-0,32456552372005637
2085;-0,32080000000000003;2085;-0,3243306716768436
2086;-0,321;2086;-0,3243306716768436
2087;-0,32120000000000004;2087;-0,32409581963363082
2088;-0,3214;2088;-0,32409581963363082
2089;-0,3216;2089;-0,32362611554720527
2090;-0,3218;2090;-0,32409581963363082
2091;-0,322;2091;-0,3243306716768436
2092;-0,3222;2092;-0,32527007984969469
2093;-0,3224;2093;-0,32527007984969469
2094;-0,3226;2094;-0,32620948802254579
2095;-0,32280000000000003;2095;-0,32691404415218411
2096;-0,323;2096;-0,32714889619539689
2097;-0,32320000000000004;2097;-0,32738374823860966
2098;-0,3234;2098;-0,32738374823860966
2099;-0,3236;2099;-0,32761860028182244
2100;-0,3238;2100;-0,32855800845467353
2101;-0,324;2101;-0,32926256458431186
2102;-0,3242;2102;-0,33043682480037578
2103;-0,3244;2103;-0,33043682480037578
2104;-0,3246;2104;-0,33090652888680133
2105;-0,32480000000000003;2105;-0,33184593705965243
2106;-0,325;2106;-0,33184593705965243
2107;-0,3252;2107;-0,33184593705965243
2108;-0,3254;2108;-0,33184593705965243
2109;-0,3256;2109;-0,33184593705965243
2110;-0,3258;2110;-0,33090652888680133
2111;-0,32599999999999996;2111;-0,33114138093001411
2112;-0,3262;2112;-0,33067167684358856
2113;-0,32639999999999997;2113;-0,33067167684358856
2114;-0,3266;2114;-0,33043682480037578
2115;-0,3268;2115;-0,33090652888680133
2116;-0,327;2116;-0,33137623297322688
2117;-0,3272;2117;-0,33255049318929075
2118;-0,3274;2118;-0,33255049318929075
2119;-0,3276;2119;-0,33325504931892908
2120;-0,3278;2120;-0,3339596054485674
2121;-0,32799999999999996;2121;-0,33419445749178017
2122;-0,3282;2122;-0,33442930953499295
2123;-0,32839999999999997;2123;-0,33442930953499295
2124;-0,3286;2124;-0,33442930953499295
2125;-0,3288;2125;-0,33536871770784404
2126;-0,329;2126;-0,33607327383748237
2127;-0,3292;2127;-0,33724753405354624
2128;-0,3294;2128;-0,33724753405354624
2129;-0,3296;2129;-0,33771723813997184
2130;-0,3298;2130;-0,33818694222639739
2131;-0,32999999999999996;2131;-0,33795209018318462
2132;-0,3302;2132;-0,33795209018318462
2133;-0,33039999999999997;2133;-0,33795209018318462
2134;-0,3306;2134;-0,33795209018318462
2135;-0,3308;2135;-0,33771723813997184
2136;-0,331;2136;-0,33748238609675907
2137;-0,3312;2137;-0,33701268201033346
2138;-0,33140000000000003;2138;-0,33701268201033346
2139;-0,3316;2139;-0,33654297792390792
2140;-0,3318;2140;-0,33701268201033346
2141;-0,33199999999999996;2141;-0,33748238609675907
2142;-0,3322;2142;-0,33818694222639739
2143;-0,3324;2143;-0,33818694222639739
2144;-0,3326;2144;-0,33912635039924849
2145;-0,3328;2145;-0,33936120244246126
2146;-0,333;2146;-0,33959605448567404
2147;-0,3332;2147;-0,33959605448567404
2148;-0,33340000000000003;2148;-0,33959605448567404
2149;-0,3336;2149;-0,33959605448567404
2150;-0,3338;2150;-0,34053546265852513
2151;-0,33399999999999996;2151;-0,34147487083137623
2152;-0,3342;2152;-0,34241427900422733
2153;-0,3344;2153;-0,34241427900422733
2154;-0,3346;2154;-0,34288398309065288
2155;-0,3348;2155;-0,34288398309065288
2156;-0,335;2156;-0,3426491310474401
2157;-0,3352;2157;-0,34288398309065288
2158;-0,33540000000000003;2158;-0,34288398309065288
2159;-0,3356;2159;-0,34288398309065288
2160;-0,3358;2160;-0,34217942696101455
2161;-0,33599999999999997;2161;-0,341709722874589
2162;-0,3362;2162;-0,34147487083137623
2163;-0,3364;2163;-0,34147487083137623
2164;-0,3366;2164;-0,34124001878816346
2165;-0,3368;2165;-0,34100516674495068
2166;-0,337;2166;-0,34217942696101455
2167;-0,3372;2167;-0,34288398309065288
2168;-0,33740000000000003;2168;-0,34288398309065288
2169;-0,3376;2169;-0,34405824330671675
2170;-0,3378;2170;-0,34429309534992952
2171;-0,33799999999999997;2171;-0,34429309534992952
2172;-0,3382;2172;-0,3445279473931423
2173;-0,3384;2173;-0,3445279473931423
2174;-0,3386;2174;-0,34499765147956785
2175;-0,3388;2175;-0,34617191169563177
2176;-0,339;2176;-0,3468764678252701
2177;-0,3392;2177;-0,34758102395490842
2178;-0,33940000000000003;2178;-0,34758102395490842
2179;-0,3396;2179;-0,34828558008454674
2180;-0,3398;2180;-0,34875528417097229
2181;-0,33999999999999997;2181;-0,34852043212775952
2182;-0,3402;2182;-0,34852043212775952
2183;-0,3404;2183;-0,34852043212775952
2184;-0,3406;2184;-0,34852043212775952
2185;-0,3408;2185;-0,34922498825739784
2186;-0,341;2186;-0,34852043212775952
2187;-0,3412;2187;-0,34852043212775952
2188;-0,34140000000000004;2188;-0,34852043212775952
2189;-0,3416;2189;-0,34852043212775952
2190;-0,3418;2190;-0,34875528417097229
2191;-0,34199999999999997;2191;-0,34969469234382339
2192;-0,3422;2192;-0,35016439643024894
2193;-0,3424;2193;-0,35016439643024894
2194;-0,3426;2194;-0,35086895255988726
2195;-0,3428;2195;-0,35086895255988726
2196;-0,343;2196;-0,35110380460310003
2197;-0,3432;2197;-0,35110380460310003
2198;-0,34340000000000004;2198;-0,35110380460310003
2199;-0,3436;2199;-0,35157350868952558
2200;-0,3438;2200;-0,35251291686237668
2201;-0,344;2201;-0,35321747299201506
2202;-0,3442;2202;-0,35368717707844061
2203;-0,3444;2203;-0,35368717707844061
2204;-0,3446;2204;-0,35439173320807893
2205;-0,3448;2205;-0,35392202912165338
2206;-0,34500000000000003;2206;-0,35368717707844061
2207;-0,3452;2207;-0,35345232503522783
2208;-0,34540000000000004;2208;-0,35345232503522783
2209;-0,3456;2209;-0,35298262094880223
2210;-0,3458;2210;-0,35321747299201506
2211;-0,346;2211;-0,35274776890558945
2212;-0,3462;2212;-0,35298262094880223
2213;-0,3464;2213;-0,35298262094880223
2214;-0,3466;2214;-0,35298262094880223
2215;-0,3468;2215;-0,35345232503522783
2216;-0,34700000000000003;2216;-0,35439173320807893
2217;-0,3472;2217;-0,35509628933771725
2218;-0,34740000000000004;2218;-0,35509628933771725
2219;-0,3476;2219;-0,35533114138093
2220;-0,3478;2220;-0,35533114138093
2221;-0,348;2221;-0,3555659934241428
2222;-0,3482;2222;-0,3555659934241428
2223;-0,3484;2223;-0,3555659934241428
2224;-0,3486;2224;-0,35674025364020667
2225;-0,3488;2225;-0,35791451385627054
2226;-0,34900000000000003;2226;-0,35861906998590887
2227;-0,3492;2227;-0,35955847815875996
2228;-0,34940000000000004;2228;-0,35955847815875996
2229;-0,3496;2229;-0,36002818224518551
2230;-0,3498;2230;-0,35979333020197274
2231;-0,35;2231;-0,35979333020197274
2232;-0,35019999999999996;2232;-0,35885392202912164
2233;-0,3504;2233;-0,35885392202912164
2234;-0,35059999999999997;2234;-0,35885392202912164
2235;-0,3508;2235;-0,35861906998590887
2236;-0,351;2236;-0,35838421794269609
2237;-0,3512;2237;-0,35814936589948332
2238;-0,3514;2238;-0,35814936589948332
2239;-0,3516;2239;-0,35791451385627054
2240;-0,3518;2240;-0,35861906998590887
2241;-0,352;2241;-0,35955847815875996
2242;-0,35219999999999996;2242;-0,36026303428839829
2243;-0,3524;2243;-0,36026303428839829
2244;-0,35259999999999997;2244;-0,36026303428839829
2245;-0,3528;2245;-0,36002818224518551
2246;-0,353;2246;-0,36026303428839829
2247;-0,3532;2247;-0,36026303428839829
2248;-0,3534;2248;-0,36026303428839829
2249;-0,3536;2249;-0,36120244246124944
2250;-0,3538;2250;-0,36190699859088776
2251;-0,354;2251;-0,36261155472052609
2252;-0,35419999999999996;2252;-0,36331611085016441
2253;-0,3544;2253;-0,36331611085016441
2254;-0,35459999999999997;2254;-0,36355096289337718
2255;-0,3548;2255;-0,36355096289337718
2256;-0,355;2256;-0,36355096289337718
2257;-0,3552;2257;-0,36355096289337718
2258;-0,3554;2258;-0,36355096289337718
2259;-0,3556;2259;-0,36331611085016441
2260;-0,3558;2260;-0,36261155472052609
2261;-0,356;2261;-0,36237670267731331
2262;-0,35619999999999996;2262;-0,36237670267731331
2263;-0,3564;2263;-0,36237670267731331
2264;-0,3566;2264;-0,36237670267731331
2265;-0,3568;2265;-0,36331611085016441
2266;-0,357;2266;-0,36402066697980273
2267;-0,3572;2267;-0,3651949271958666
2268;-0,3574;2268;-0,36542977923907938
2269;-0,35760000000000003;2269;-0,36542977923907938
2270;-0,3578;2270;-0,36542977923907938
2271;-0,358;2271;-0,36589948332550493
2272;-0,35819999999999996;2272;-0,36660403945514325
2273;-0,3584;2273;-0,36754344762799435
2274;-0,3586;2274;-0,36754344762799435
2275;-0,3588;2275;-0,36871770784405822
2276;-0,359;2276;-0,3694222639736966
2277;-0,3592;2277;-0,37012682010333492
2278;-0,3594;2278;-0,37059652418976047
2279;-0,35960000000000003;2279;-0,37059652418976047
2280;-0,3598;2280;-0,37059652418976047
2281;-0,36;2281;-0,37059652418976047
2282;-0,36019999999999996;2282;-0,37059652418976047
2283;-0,3604;2283;-0,37059652418976047
2284;-0,3606;2284;-0,37059652418976047
2285;-0,3608;2285;-0,37036167214654769
2286;-0,361;2286;-0,37036167214654769
2287;-0,3612;2287;-0,37012682010333492
2288;-0,3614;2288;-0,37012682010333492
2289;-0,36160000000000003;2289;-0,37012682010333492
2290;-0,3618;2290;-0,37083137623297324
2291;-0,362;2291;-0,37177078440582434
2292;-0,36219999999999997;2292;-0,37247534053546266
2293;-0,3624;2293;-0,37247534053546266
2294;-0,3626;2294;-0,37247534053546266
2295;-0,3628;2295;-0,37247534053546266
2296;-0,363;2296;-0,37247534053546266
2297;-0,3632;2297;-0,37341474870831376
2298;-0,3634;2298;-0,37411930483795208
2299;-0,36360000000000003;2299;-0,37411930483795208
2300;-0,3638;2300;-0,37505871301080318
2301;-0,364;2301;-0,37552841709722873
2302;-0,36419999999999997;2302;-0,37623297322686705
2303;-0,3644;2303;-0,37623297322686705
2304;-0,3646;2304;-0,37623297322686705
2305;-0,3648;2305;-0,37599812118365428
2306;-0,365;2306;-0,37599812118365428
2307;-0,3652;2307;-0,37552841709722873
2308;-0,3654;2308;-0,3757632691404415
2309;-0,36560000000000004;2309;-0,3757632691404415
2310;-0,3658;2310;-0,37552841709722873
2311;-0,366;2311;-0,37505871301080318
2312;-0,36619999999999997;2312;-0,37552841709722873
2313;-0,3664;2313;-0,3757632691404415
2314;-0,3666;2314;-0,3757632691404415
2315;-0,3668;2315;-0,3767026773132926
2316;-0,367;2316;-0,3771723813997182
2317;-0,3672;2317;-0,377407233442931
2318;-0,3674;2318;-0,37764208548614375
2319;-0,36760000000000004;2319;-0,37764208548614375
2320;-0,3678;2320;-0,37787693752935653
2321;-0,368;2321;-0,3781117895725693
2322;-0,36819999999999997;2322;-0,3790511977454204
2323;-0,3684;2323;-0,38022545796148427
2324;-0,3686;2324;-0,38022545796148427
2325;-0,3688;2325;-0,38093001409112259
2326;-0,369;2326;-0,38139971817754814
2327;-0,36920000000000003;2327;-0,38210427430718646
2328;-0,3694;2328;-0,38163457022076092
2329;-0,36960000000000004;2329;-0,38163457022076092
2330;-0,3698;2330;-0,38163457022076092
2331;-0,37;2331;-0,38139971817754814
2332;-0,3702;2332;-0,38069516204790982
2333;-0,3704;2333;-0,38069516204790982
2334;-0,3706;2334;-0,38069516204790982
2335;-0,3708;2335;-0,38093001409112259
2336;-0,371;2336;-0,38069516204790982
2337;-0,37120000000000003;2337;-0,38069516204790982
2338;-0,3714;2338;-0,38116486613433537
2339;-0,37160000000000004;2339;-0,38116486613433537
2340;-0,3718;2340;-0,38210427430718646
2341;-0,372;2341;-0,38304368248003756
2342;-0,3722;2342;-0,38304368248003756
2343;-0,3724;2343;-0,38327853452325034
2344;-0,3726;2344;-0,38327853452325034
2345;-0,3728;2345;-0,38327853452325034
2346;-0,373;2346;-0,38374823860967588
2347;-0,37320000000000003;2347;-0,384687646782527
2348;-0,3734;2348;-0,38562705495537813
2349;-0,37360000000000004;2349;-0,38562705495537813
2350;-0,3738;2350;-0,38633161108501646
2351;-0,374;2351;-0,386801315171442
2352;-0,3742;2352;-0,38750587130108033
2353;-0,3744;2353;-0,38750587130108033
2354;-0,3746;2354;-0,38750587130108033
2355;-0,3748;2355;-0,38727101925786755
2356;-0,375;2356;-0,386801315171442
2357;-0,3752;2357;-0,386801315171442
2358;-0,3754;2358;-0,38633161108501646
2359;-0,3756;2359;-0,38633161108501646
2360;-0,3758;2360;-0,38609675904180368
2361;-0,376;2361;-0,38586190699859091
2362;-0,3762;2362;-0,38562705495537813
2363;-0,37639999999999996;2363;-0,38633161108501646
2364;-0,3766;2364;-0,38633161108501646
2365;-0,37679999999999997;2365;-0,386801315171442
2366;-0,377;2366;-0,38797557538750588
2367;-0,3772;2367;-0,38797557538750588
2368;-0,3774;2368;-0,38821042743071865
2369;-0,3776;2369;-0,38821042743071865
2370;-0,3778;2370;-0,38821042743071865
2371;-0,378;2371;-0,38914983560356975
2372;-0,3782;2372;-0,38985439173320807
2373;-0,37839999999999996;2373;-0,39079379990605917
2374;-0,3786;2374;-0,39079379990605917
2375;-0,37879999999999997;2375;-0,39102865194927194
2376;-0,379;2376;-0,39149835603569749
2377;-0,3792;2377;-0,39173320807891027
2378;-0,3794;2378;-0,39173320807891027
2379;-0,3796;2379;-0,39173320807891027
2380;-0,3798;2380;-0,39173320807891027
2381;-0,38;2381;-0,39149835603569749
2382;-0,3802;2382;-0,39173320807891027
2383;-0,38039999999999996;2383;-0,39149835603569749
2384;-0,3806;2384;-0,39149835603569749
2385;-0,38079999999999997;2385;-0,39126350399248472
2386;-0,381;2386;-0,39102865194927194
2387;-0,3812;2387;-0,39102865194927194
2388;-0,3814;2388;-0,39196806012212304
2389;-0,3816;2389;-0,39196806012212304
2390;-0,38180000000000003;2390;-0,39290746829497419
2391;-0,382;2391;-0,39337717238139974
2392;-0,3822;2392;-0,39337717238139974
2393;-0,38239999999999996;2393;-0,39361202442461252
2394;-0,3826;2394;-0,39361202442461252
2395;-0,3828;2395;-0,39408172851103807
2396;-0,383;2396;-0,39478628464067639
2397;-0,3832;2397;-0,39596054485674026
2398;-0,3834;2398;-0,39689995302959136
2399;-0,3836;2399;-0,39689995302959136
2400;-0,38380000000000003;2400;-0,39783936120244245
2401;-0,384;2401;-0,398309065288868
2402;-0,3842;2402;-0,398309065288868
2403;-0,38439999999999996;2403;-0,39807421324565523
2404;-0,3846;2404;-0,39807421324565523
2405;-0,3848;2405;-0,39783936120244245
2406;-0,385;2406;-0,39760450915922968
2407;-0,3852;2407;-0,39807421324565523
2408;-0,3854;2408;-0,39760450915922968
2409;-0,3856;2409;-0,39760450915922968
2410;-0,38580000000000003;2410;-0,39689995302959136
2411;-0,386;2411;-0,39760450915922968
2412;-0,3862;2412;-0,39807421324565523
2413;-0,38639999999999997;2413;-0,39854391733208078
2414;-0,3866;2414;-0,39854391733208078
2415;-0,3868;2415;-0,39971817754814465
2416;-0,387;2416;-0,39971817754814465
2417;-0,3872;2417;-0,39971817754814465
2418;-0,3874;2418;-0,39971817754814465
2419;-0,3876;2419;-0,39971817754814465
2420;-0,38780000000000003;2420;-0,39948332550493187
2421;-0,388;2421;-0,40042273367778297
2422;-0,3882;2422;-0,40136214185063412
2423;-0,38839999999999997;2423;-0,40230155002348522
2424;-0,3886;2424;-0,40230155002348522
2425;-0,3888;2425;-0,40300610615312354
2426;-0,389;2426;-0,40347581023954909
2427;-0,3892;2427;-0,40324095819633632
2428;-0,3894;2428;-0,40371066228276187
2429;-0,3896;2429;-0,40371066228276187
2430;-0,38980000000000004;2430;-0,40347581023954909
2431;-0,39;2431;-0,40277125410991077
2432;-0,3902;2432;-0,40277125410991077
2433;-0,39039999999999997;2433;-0,40300610615312354
2434;-0,3906;2434;-0,40300610615312354
2435;-0,3908;2435;-0,40277125410991077
2436;-0,391;2436;-0,40277125410991077
2437;-0,3912;2437;-0,40347581023954909
2438;-0,3914;2438;-0,40465007045561296
2439;-0,3916;2439;-0,40465007045561296
2440;-0,39180000000000004;2440;-0,40558947862846406
2441;-0,392;2441;-0,40558947862846406
2442;-0,3922;2442;-0,40558947862846406
2443;-0,39239999999999997;2443;-0,40582433067167684
2444;-0,3926;2444;-0,40582433067167684
2445;-0,3928;2445;-0,40629403475810238
2446;-0,393;2446;-0,40699859088774071
2447;-0,3932;2447;-0,4079379990605918
2448;-0,3934;2448;-0,40817285110380458
2449;-0,3936;2449;-0,40817285110380458
2450;-0,39380000000000004;2450;-0,40887740723344296
2451;-0,394;2451;-0,40911225927665573
2452;-0,3942;2452;-0,40911225927665573
2453;-0,3944;2453;-0,40864255519023013
2454;-0,3946;2454;-0,40864255519023013
2455;-0,3948;2455;-0,40840770314701735
2456;-0,395;2456;-0,40817285110380458
2457;-0,3952;2457;-0,4079379990605918
2458;-0,39540000000000003;2458;-0,40746829497416626
2459;-0,3956;2459;-0,40746829497416626
2460;-0,39580000000000004;2460;-0,40699859088774071
2461;-0,396;2461;-0,40723344293095348
2462;-0,3962;2462;-0,40817285110380458
2463;-0,3964;2463;-0,40887740723344296
2464;-0,3966;2464;-0,40887740723344296
2465;-0,3968;2465;-0,40981681540629405
2466;-0,397;2466;-0,4102865194927196
2467;-0,3972;2467;-0,41052137153593238
2468;-0,39740000000000003;2468;-0,41052137153593238
2469;-0,3976;2469;-0,41052137153593238
2470;-0,39780000000000004;2470;-0,41099107562235793
2471;-0,398;2471;-0,411930483795209
2472;-0,3982;2472;-0,41263503992484735
2473;-0,3984;2473;-0,4131047440112729
2474;-0,3986;2474;-0,4131047440112729
2475;-0,3988;2475;-0,41357444809769844
2476;-0,399;2476;-0,414044152184124
2477;-0,3992;2477;-0,41380930014091122
2478;-0,39940000000000003;2478;-0,41380930014091122
2479;-0,3996;2479;-0,41380930014091122
2480;-0,39980000000000004;2480;-0,41357444809769844
2481;-0,4;2481;-0,41357444809769844
2482;-0,4002;2482;-0,41333959605448567
2483;-0,4004;2483;-0,41357444809769844
2484;-0,4006;2484;-0,41357444809769844
2485;-0,4008;2485;-0,41333959605448567
2486;-0,40099999999999997;2486;-0,41357444809769844
2487;-0,40119999999999995;2487;-0,41427900422733677
2488;-0,40140000000000003;2488;-0,41545326444340064
2489;-0,4016;2489;-0,41545326444340064
2490;-0,4018;2490;-0,41592296852982619
2491;-0,40199999999999997;2491;-0,41615782057303896
2492;-0,4022;2492;-0,41686237670267734
2493;-0,4024;2493;-0,41709722874589011
2494;-0,40259999999999996;2494;-0,41709722874589011
2495;-0,40279999999999994;2495;-0,418271488961954
2496;-0,403;2496;-0,41921089713480508
2497;-0,4032;2497;-0,42015030530765618
2498;-0,4034;2498;-0,42062000939408173
2499;-0,40359999999999996;2499;-0,42062000939408173
2500;-0,40380000000000005;2500;-0,42132456552372005
2501;-0,404;2501;-0,4217942696101456
2502;-0,4042;2502;-0,42132456552372005
2503;-0,4044;2503;-0,42062000939408173
2504;-0,4046;2504;-0,42062000939408173
2505;-0,4048;2505;-0,42062000939408173
2506;-0,40499999999999997;2506;-0,42062000939408173
2507;-0,40519999999999995;2507;-0,42015030530765618
2508;-0,40540000000000004;2508;-0,41991545326444341
2509;-0,4056;2509;-0,41991545326444341
2510;-0,4058;2510;-0,42015030530765618
2511;-0,40599999999999997;2511;-0,42062000939408173
2512;-0,4062;2512;-0,42132456552372005
2513;-0,4064;2513;-0,42226397369657115
2514;-0,40659999999999996;2514;-0,42226397369657115
2515;-0,40679999999999994;2515;-0,42226397369657115
2516;-0,40700000000000003;2516;-0,42226397369657115
2517;-0,4072;2517;-0,42226397369657115
2518;-0,4074;2518;-0,42249882573978392
2519;-0,40759999999999996;2519;-0,42249882573978392
2520;-0,40780000000000005;2520;-0,423438233912635
2521;-0,40800000000000003;2521;-0,42414279004227334
2522;-0,4082;2522;-0,42484734617191172
2523;-0,4084;2523;-0,42555190230155004
2524;-0,4086;2524;-0,42555190230155004
2525;-0,4088;2525;-0,42578675434476282
2526;-0,409;2526;-0,42578675434476282
2527;-0,40919999999999995;2527;-0,42602160638797559
2528;-0,40940000000000004;2528;-0,42602160638797559
2529;-0,4096;2529;-0,42602160638797559
2530;-0,4098;2530;-0,42531705025833727
2531;-0,41;2531;-0,42484734617191172
2532;-0,4102;2532;-0,42531705025833727
2533;-0,4104;2533;-0,42484734617191172
2534;-0,41059999999999997;2534;-0,42484734617191172
2535;-0,41079999999999994;2535;-0,42461249412869895
2536;-0,41100000000000003;2536;-0,42578675434476282
2537;-0,4112;2537;-0,42649131047440114
2538;-0,4114;2538;-0,427665570690465
2539;-0,41159999999999997;2539;-0,427665570690465
2540;-0,41180000000000005;2540;-0,427665570690465
2541;-0,41200000000000003;2541;-0,42790042273367779
2542;-0,4122;2542;-0,42790042273367779
2543;-0,4124;2543;-0,42813527477689056
2544;-0,4126;2544;-0,42813527477689056
2545;-0,4128;2545;-0,42930953499295443
2546;-0,413;2546;-0,43001409112259276
2547;-0,41319999999999996;2547;-0,43001409112259276
2548;-0,41340000000000005;2548;-0,43071864725223108
2549;-0,4136;2549;-0,43071864725223108
2550;-0,4138;2550;-0,43118835133865663
2551;-0,414;2551;-0,43095349929544385
2552;-0,4142;2552;-0,43048379520901831
2553;-0,4144;2553;-0,43048379520901831
2554;-0,41459999999999997;2554;-0,43048379520901831
2555;-0,41479999999999995;2555;-0,43048379520901831
2556;-0,41500000000000004;2556;-0,42977923907938
2557;-0,4152;2557;-0,42930953499295443
2558;-0,4154;2558;-0,42907468294974166
2559;-0,41559999999999997;2559;-0,42907468294974166
2560;-0,41580000000000006;2560;-0,42907468294974166
2561;-0,41600000000000004;2561;-0,42977923907938
2562;-0,4162;2562;-0,43095349929544385
2563;-0,4164;2563;-0,43165805542508218
2564;-0,4166;2564;-0,43165805542508218
2565;-0,4168;2565;-0,43212775951150773
2566;-0,417;2566;-0,4323626115547205
2567;-0,41719999999999996;2567;-0,43259746359793333
2568;-0,41740000000000005;2568;-0,43330201972757165
2569;-0,4176;2569;-0,43330201972757165
2570;-0,4178;2570;-0,43447627994363552
2571;-0,418;2571;-0,43518083607327385
2572;-0,4182;2572;-0,43588539220291217
2573;-0,4184;2573;-0,43635509628933772
2574;-0,41859999999999997;2574;-0,43635509628933772
2575;-0,41879999999999995;2575;-0,43682480037576327
2576;-0,41900000000000004;2576;-0,43682480037576327
2577;-0,4192;2577;-0,43682480037576327
2578;-0,4194;2578;-0,43682480037576327
2579;-0,4196;2579;-0,43682480037576327
2580;-0,41980000000000006;2580;-0,43682480037576327
2581;-0,42000000000000004;2581;-0,43658994833255049
2582;-0,4202;2582;-0,43635509628933772
2583;-0,4204;2583;-0,43658994833255049
2584;-0,42060000000000003;2584;-0,43658994833255049
2585;-0,4208;2585;-0,43682480037576327
2586;-0,421;2586;-0,43776420854861436
2587;-0,42119999999999996;2587;-0,43893846876467824
2588;-0,42140000000000005;2588;-0,43940817285110378
2589;-0,42160000000000003;2589;-0,43940817285110378
2590;-0,4218;2590;-0,43940817285110378
2591;-0,422;2591;-0,43940817285110378
2592;-0,4222;2592;-0,43964302489431656
2593;-0,4224;2593;-0,44034758102395488
2594;-0,4226;2594;-0,44034758102395488
2595;-0,42279999999999995;2595;-0,44128698919680603
2596;-0,42300000000000004;2596;-0,44199154532644436
2597;-0,4232;2597;-0,44293095349929545
2598;-0,4234;2598;-0,44316580554250823
2599;-0,4236;2599;-0,44316580554250823
2600;-0,42380000000000007;2600;-0,44316580554250823
2601;-0,42400000000000004;2601;-0,44293095349929545
2602;-0,4242;2602;-0,44269610145608268
2603;-0,4244;2603;-0,44175669328323158
2604;-0,42460000000000003;2604;-0,44175669328323158
2605;-0,4248;2605;-0,44175669328323158
2606;-0,425;2606;-0,44128698919680603
2607;-0,42519999999999997;2607;-0,44081728511038049
2608;-0,42539999999999994;2608;-0,44011272898074211
2609;-0,42560000000000003;2609;-0,44011272898074211
2610;-0,4258;2610;-0,44081728511038049
2611;-0,426;2611;-0,44128698919680603
2612;-0,42619999999999997;2612;-0,44199154532644436
2613;-0,4264;2613;-0,44246124941286991
2614;-0,4266;2614;-0,44246124941286991
2615;-0,42679999999999996;2615;-0,44246124941286991
2616;-0,42699999999999994;2616;-0,44269610145608268
2617;-0,4272;2617;-0,44246124941286991
2618;-0,4274;2618;-0,443400657585721
2619;-0,4276;2619;-0,4443400657585721
2620;-0,42779999999999996;2620;-0,4443400657585721
2621;-0,42800000000000005;2621;-0,4452794739314232
2622;-0,4282;2622;-0,44598403006106152
2623;-0,4284;2623;-0,44668858619069984
2624;-0,4286;2624;-0,44645373414748707
2625;-0,4288;2625;-0,44645373414748707
2626;-0,429;2626;-0,44692343823391262
2627;-0,42919999999999997;2627;-0,44692343823391262
2628;-0,42939999999999995;2628;-0,44692343823391262
2629;-0,42960000000000004;2629;-0,44692343823391262
2630;-0,4298;2630;-0,44692343823391262
2631;-0,43;2631;-0,44692343823391262
2632;-0,43019999999999997;2632;-0,44668858619069984
2633;-0,4304;2633;-0,44645373414748707
2634;-0,4306;2634;-0,44762799436355094
2635;-0,43079999999999996;2635;-0,44762799436355094
2636;-0,43099999999999994;2636;-0,44833255049318926
2637;-0,4312;2637;-0,44950681070925319
2638;-0,4314;2638;-0,44974166275246596
2639;-0,4316;2639;-0,44997651479567874
2640;-0,43179999999999996;2640;-0,44997651479567874
2641;-0,43200000000000005;2641;-0,45021136683889151
2642;-0,43220000000000003;2642;-0,45021136683889151
2643;-0,4324;2643;-0,45138562705495539
2644;-0,4326;2644;-0,45232503522780648
2645;-0,4328;2645;-0,45232503522780648
2646;-0,433;2646;-0,45232503522780648
2647;-0,4332;2647;-0,45302959135744481
2648;-0,43339999999999995;2648;-0,45349929544387035
2649;-0,43360000000000004;2649;-0,45326444340065758
2650;-0,4338;2650;-0,45326444340065758
2651;-0,434;2651;-0,45302959135744481
2652;-0,4342;2652;-0,45279473931423203
2653;-0,4344;2653;-0,45302959135744481
2654;-0,4346;2654;-0,45232503522780648
2655;-0,43479999999999996;2655;-0,45232503522780648
2656;-0,43499999999999994;2656;-0,45232503522780648
2657;-0,43520000000000003;2657;-0,45185533114138093
2658;-0,4354;2658;-0,45185533114138093
2659;-0,4356;2659;-0,45279473931423203
2660;-0,43579999999999997;2660;-0,45279473931423203
2661;-0,43600000000000005;2661;-0,45326444340065758
2662;-0,43620000000000003;2662;-0,45420385157350868
2663;-0,4364;2663;-0,45420385157350868
2664;-0,4366;2664;-0,45420385157350868
2665;-0,4368;2665;-0,45420385157350868
2666;-0,437;2666;-0,45420385157350868
2667;-0,4372;2667;-0,454908407703147
2668;-0,43739999999999996;2668;-0,45561296383278532
2669;-0,43760000000000004;2669;-0,45655237200563648
2670;-0,4378;2670;-0,45655237200563648
2671;-0,438;2671;-0,4572569281352748
2672;-0,4382;2672;-0,45796148426491312
2673;-0,4384;2673;-0,45796148426491312
2674;-0,4386;2674;-0,45749178017848757
2675;-0,43879999999999997;2675;-0,45749178017848757
2676;-0,43899999999999995;2676;-0,457022076092062
2677;-0,43920000000000003;2677;-0,457022076092062
2678;-0,4394;2678;-0,457022076092062
2679;-0,4396;2679;-0,45678722404884925
2680;-0,43979999999999997;2680;-0,45678722404884925
2681;-0,44000000000000006;2681;-0,45655237200563648
2682;-0,44020000000000004;2682;-0,45678722404884925
2683;-0,4404;2683;-0,4572569281352748
2684;-0,4406;2684;-0,4581963363081259
2685;-0,4408;2685;-0,4581963363081259
2686;-0,441;2686;-0,45937059652418977
2687;-0,4412;2687;-0,46007515265382809
2688;-0,44139999999999996;2688;-0,46031000469704086
2689;-0,44160000000000005;2689;-0,46054485674025364
2690;-0,4418;2690;-0,46054485674025364
2691;-0,442;2691;-0,46077970878346641
2692;-0,4422;2692;-0,46195396899953028
2693;-0,4424;2693;-0,46336308125880693
2694;-0,4426;2694;-0,46406763738844525
2695;-0,44279999999999997;2695;-0,46406763738844525
2696;-0,44299999999999995;2696;-0,46500704556129641
2697;-0,44320000000000004;2697;-0,46547674964772195
2698;-0,4434;2698;-0,46571160169093473
2699;-0,4436;2699;-0,46571160169093473
2700;-0,4438;2700;-0,46571160169093473
2701;-0,44400000000000006;2701;-0,46547674964772195
2702;-0,44420000000000004;2702;-0,46500704556129641
2703;-0,4444;2703;-0,46500704556129641
2704;-0,4446;2704;-0,46500704556129641
2705;-0,44480000000000003;2705;-0,46500704556129641
2706;-0,445;2706;-0,46453734147487086
2707;-0,4452;2707;-0,46430248943165808
2708;-0,44539999999999996;2708;-0,46500704556129641
2709;-0,44560000000000005;2709;-0,4659464537341475
2710;-0,44580000000000003;2710;-0,4659464537341475
2711;-0,446;2711;-0,4668858619069986
2712;-0,4462;2712;-0,46712071395021137
2713;-0,4464;2713;-0,46712071395021137
2714;-0,4466;2714;-0,46735556599342415
2715;-0,4468;2715;-0,46735556599342415
2716;-0,44699999999999995;2716;-0,46759041803663692
2717;-0,44720000000000004;2717;-0,46876467825270079
2718;-0,4474;2718;-0,46946923438233912
2719;-0,4476;2719;-0,47040864255519022
2720;-0,4478;2720;-0,47040864255519022
2721;-0,44800000000000006;2721;-0,47087834664161576
2722;-0,44820000000000004;2722;-0,47134805072804131
2723;-0,4484;2723;-0,47111319868482854
2724;-0,4486;2724;-0,47134805072804131
2725;-0,44880000000000003;2725;-0,47134805072804131
2726;-0,449;2726;-0,47111319868482854
2727;-0,4492;2727;-0,47111319868482854
2728;-0,44939999999999997;2728;-0,47087834664161576
2729;-0,44960000000000006;2729;-0,47040864255519022
2730;-0,44980000000000003;2730;-0,47040864255519022
2731;-0,45;2731;-0,47017379051197744
2732;-0,4502;2732;-0,47017379051197744
2733;-0,45039999999999997;2733;-0,47087834664161576
2734;-0,4506;2734;-0,47181775481446686
2735;-0,4508;2735;-0,47181775481446686
2736;-0,45099999999999996;2736;-0,47252231094410524
2737;-0,45119999999999993;2737;-0,47252231094410524
2738;-0,4514;2738;-0,47252231094410524
2739;-0,4516;2739;-0,47252231094410524
2740;-0,4518;2740;-0,47252231094410524
2741;-0,45199999999999996;2741;-0,47299201503053079
2742;-0,45220000000000005;2742;-0,47393142320338189
2743;-0,4524;2743;-0,474870831376233
2744;-0,4526;2744;-0,474870831376233
2745;-0,4528;2745;-0,474870831376233
2746;-0,453;2746;-0,47581023954908408
2747;-0,4532;2747;-0,47581023954908408
2748;-0,45339999999999997;2748;-0,47581023954908408
2749;-0,45359999999999995;2749;-0,47581023954908408
2750;-0,45380000000000004;2750;-0,47581023954908408
2751;-0,454;2751;-0,47581023954908408
2752;-0,4542;2752;-0,47557538750587131
2753;-0,45439999999999997;2753;-0,474870831376233
2754;-0,4546;2754;-0,47463597933302021
2755;-0,4548;2755;-0,47463597933302021
2756;-0,45499999999999996;2756;-0,47463597933302021
2757;-0,45519999999999994;2757;-0,47463597933302021
2758;-0,4554;2758;-0,47557538750587131
2759;-0,4556;2759;-0,47627994363550963
2760;-0,4558;2760;-0,47627994363550963
2761;-0,45599999999999996;2761;-0,47721935180836073
2762;-0,45620000000000005;2762;-0,47721935180836073
2763;-0,45640000000000003;2763;-0,47721935180836073
2764;-0,4566;2764;-0,4774542038515735
2765;-0,4568;2765;-0,4774542038515735
2766;-0,457;2766;-0,47792390793799905
2767;-0,4572;2767;-0,47886331611085015
2768;-0,4574;2768;-0,47956787224048847
2769;-0,45759999999999995;2769;-0,480037576326914
2770;-0,45780000000000004;2770;-0,480037576326914
2771;-0,458;2771;-0,4807421324565524
2772;-0,4582;2772;-0,48097698449976517
2773;-0,4584;2773;-0,4807421324565524
2774;-0,4586;2774;-0,4807421324565524
2775;-0,4588;2775;-0,4807421324565524
2776;-0,45899999999999996;2776;-0,480037576326914
2777;-0,45919999999999994;2777;-0,48050728041333962
2778;-0,45940000000000003;2778;-0,480037576326914
2779;-0,4596;2779;-0,47980272428370124
2780;-0,4598;2780;-0,47980272428370124
2781;-0,45999999999999996;2781;-0,48050728041333962
2782;-0,46020000000000005;2782;-0,48097698449976517
2783;-0,46040000000000003;2783;-0,48215124471582904
2784;-0,4606;2784;-0,48285580084546736
2785;-0,4608;2785;-0,48285580084546736
2786;-0,461;2786;-0,48332550493189291
2787;-0,4612;2787;-0,48332550493189291
2788;-0,4614;2788;-0,48356035697510569
2789;-0,46159999999999995;2789;-0,48403006106153124
2790;-0,46180000000000004;2790;-0,48403006106153124
2791;-0,462;2791;-0,48473461719116956
2792;-0,4622;2792;-0,48590887740723343
2793;-0,4624;2793;-0,48661343353687175
2794;-0,4626;2794;-0,48731798966651008
2795;-0,4628;2795;-0,48731798966651008
2796;-0,46299999999999997;2796;-0,48778769375293562
2797;-0,46319999999999995;2797;-0,48778769375293562
2798;-0,46340000000000003;2798;-0,48755284170972285
2799;-0,4636;2799;-0,48731798966651008
2800;-0,4638;2800;-0,48731798966651008
2801;-0,46399999999999997;2801;-0,486378581493659
2802;-0,46420000000000006;2802;-0,486378581493659
2803;-0,46440000000000003;2803;-0,4861437294504462
2804;-0,4646;2804;-0,48567402536402066
2805;-0,4648;2805;-0,48567402536402066
2806;-0,465;2806;-0,48590887740723343
2807;-0,4652;2807;-0,48661343353687175
2808;-0,4654;2808;-0,48755284170972285
2809;-0,46559999999999996;2809;-0,488492249882574
2810;-0,46580000000000005;2810;-0,488492249882574
2811;-0,466;2811;-0,488492249882574
2812;-0,4662;2812;-0,48872710192578678
2813;-0,4664;2813;-0,48919680601221233
2814;-0,4666;2814;-0,48919680601221233
2815;-0,4668;2815;-0,48919680601221233
2816;-0,46699999999999997;2816;-0,49013621418506342
2817;-0,46719999999999995;2817;-0,4913104744011273
2818;-0,46740000000000004;2818;-0,49201503053076562
2819;-0,4676;2819;-0,49295443870361672
2820;-0,4678;2820;-0,49295443870361672
2821;-0,46799999999999997;2821;-0,49318929074682949
2822;-0,46820000000000006;2822;-0,49318929074682949
2823;-0,46840000000000004;2823;-0,49342414279004226
2824;-0,4686;2824;-0,49342414279004226
2825;-0,4688;2825;-0,49342414279004226
2826;-0,46900000000000003;2826;-0,49295443870361672
2827;-0,4692;2827;-0,49271958666040394
2828;-0,4694;2828;-0,49295443870361672
2829;-0,46959999999999996;2829;-0,49271958666040394
2830;-0,46980000000000005;2830;-0,49271958666040394
2831;-0,47000000000000003;2831;-0,49271958666040394
2832;-0,4702;2832;-0,49318929074682949
2833;-0,4704;2833;-0,49389384687646781
2834;-0,4706;2834;-0,49506810709253168
2835;-0,4708;2835;-0,49506810709253168
2836;-0,471;2836;-0,49506810709253168
2837;-0,47119999999999995;2837;-0,49506810709253168
2838;-0,47140000000000004;2838;-0,49530295913574446
2839;-0,4716;2839;-0,49553781117895723
2840;-0,4718;2840;-0,49553781117895723
2841;-0,472;2841;-0,49647721935180839
2842;-0,47220000000000006;2842;-0,49718177548144671
2843;-0,47240000000000004;2843;-0,49718177548144671
2844;-0,4726;2844;-0,49788633161108503
2845;-0,4728;2845;-0,49788633161108503
2846;-0,47300000000000003;2846;-0,49835603569751058
2847;-0,4732;2847;-0,49812118365429781
2848;-0,4734;2848;-0,49741662752465948
2849;-0,47359999999999997;2849;-0,49718177548144671
2850;-0,47380000000000005;2850;-0,49718177548144671
2851;-0,47400000000000003;2851;-0,49718177548144671
2852;-0,4742;2852;-0,49671207139502116
2853;-0,4744;2853;-0,49671207139502116
2854;-0,4746;2854;-0,49624236730859561
2855;-0,4748;2855;-0,49624236730859561
2856;-0,475;2856;-0,49647721935180839
2857;-0,47519999999999996;2857;-0,49694692343823393
2858;-0,47539999999999993;2858;-0,49788633161108503
2859;-0,4756;2859;-0,49859088774072335
2860;-0,4758;2860;-0,49859088774072335
2861;-0,476;2861;-0,49882573978393613
2862;-0,47619999999999996;2862;-0,4990605918271489
2863;-0,47640000000000005;2863;-0,49953029591357445
2864;-0,4766;2864;-0,50023485204321283
2865;-0,4768;2865;-0,50023485204321283
2866;-0,477;2866;-0,50117426021606393
2867;-0,4772;2867;-0,50187881634570219
2868;-0,4774;2868;-0,50258337247534057
2869;-0,47759999999999997;2869;-0,50328792860497884
2870;-0,47779999999999995;2870;-0,50328792860497884
2871;-0,47800000000000004;2871;-0,50352278064819167
2872;-0,4782;2872;-0,50328792860497884
2873;-0,4784;2873;-0,50305307656176612
2874;-0,47859999999999997;2874;-0,50305307656176612
2875;-0,4788;2875;-0,50305307656176612
2876;-0,479;2876;-0,50305307656176612
2877;-0,47919999999999996;2877;-0,50234852043212774
2878;-0,47939999999999994;2878;-0,502113668388915
2879;-0,4796;2879;-0,50234852043212774
2880;-0,4798;2880;-0,50234852043212774
2881;-0,48;2881;-0,50258337247534057
2882;-0,48019999999999996;2882;-0,50352278064819167
2883;-0,48040000000000005;2883;-0,50422733677782994
2884;-0,4806;2884;-0,50493189290746832
2885;-0,4808;2885;-0,50493189290746832
2886;-0,481;2886;-0,50493189290746832
2887;-0,4812;2887;-0,50493189290746832
2888;-0,4814;2888;-0,50493189290746832
2889;-0,4816;2889;-0,50563644903710658
2890;-0,48179999999999995;2890;-0,50563644903710658
2891;-0,48200000000000004;2891;-0,50657585720995768
2892;-0,4822;2892;-0,50751526538280878
2893;-0,4824;2893;-0,50845467355566
2894;-0,4826;2894;-0,5086895255988727
2895;-0,4828;2895;-0,5086895255988727
2896;-0,483;2896;-0,5086895255988727
2897;-0,48319999999999996;2897;-0,5086895255988727
2898;-0,48339999999999994;2898;-0,50845467355566
2899;-0,48360000000000003;2899;-0,50751526538280878
2900;-0,4838;2900;-0,50751526538280878
2901;-0,484;2901;-0,50751526538280878
2902;-0,48419999999999996;2902;-0,50728041333959606
2903;-0,48440000000000005;2903;-0,50704556129638323
2904;-0,48460000000000003;2904;-0,50728041333959606
2905;-0,4848;2905;-0,50728041333959606
2906;-0,485;2906;-0,50821982151244716
2907;-0,4852;2907;-0,50892437764208553
2908;-0,4854;2908;-0,51033348990136218
2909;-0,4856;2909;-0,51033348990136218
2910;-0,48579999999999995;2910;-0,51033348990136218
2911;-0,48600000000000004;2911;-0,51033348990136218
2912;-0,4862;2912;-0,51033348990136218
2913;-0,4864;2913;-0,51033348990136218
2914;-0,4866;2914;-0,511507750117426
2915;-0,4868;2915;-0,511507750117426
2916;-0,487;2916;-0,51244715829027709
2917;-0,48719999999999997;2917;-0,51338656646312819
2918;-0,48739999999999994;2918;-0,51385627054955374
2919;-0,48760000000000003;2919;-0,51432597463597929
2920;-0,4878;2920;-0,51432597463597929
2921;-0,488;2921;-0,51432597463597929
2922;-0,48819999999999997;2922;-0,51456082667919212
2923;-0,48840000000000006;2923;-0,51456082667919212
2924;-0,48860000000000003;2924;-0,513621418506341
2925;-0,4888;2925;-0,513621418506341
2926;-0,489;2926;-0,51338656646312819
2927;-0,4892;2927;-0,51338656646312819
2928;-0,4894;2928;-0,51268201033348992
2929;-0,4896;2929;-0,51268201033348992
2930;-0,48979999999999996;2930;-0,513621418506341
2931;-0,49000000000000005;2931;-0,513621418506341
2932;-0,4902;2932;-0,51456082667919212
2933;-0,4904;2933;-0,51550023485204322
2934;-0,4906;2934;-0,51573508689525593
2935;-0,4908;2935;-0,51573508689525593
2936;-0,491;2936;-0,51573508689525593
2937;-0,49119999999999997;2937;-0,51596993893846876
2938;-0,49139999999999995;2938;-0,51667449506810714
2939;-0,49160000000000004;2939;-0,51737905119774541
2940;-0,4918;2940;-0,51808360732738379
2941;-0,492;2941;-0,51808360732738379
2942;-0,49219999999999997;2942;-0,51855331141380934
2943;-0,49240000000000006;2943;-0,51902301550023489
2944;-0,49260000000000004;2944;-0,51972757162987315
2945;-0,4928;2945;-0,51949271958666043
2946;-0,493;2946;-0,51949271958666043
2947;-0,4932;2947;-0,51902301550023489
2948;-0,4934;2948;-0,51878816345702206
2949;-0,4936;2949;-0,51878816345702206
2950;-0,49379999999999996;2950;-0,51808360732738379
2951;-0,49400000000000005;2951;-0,51808360732738379
2952;-0,49420000000000003;2952;-0,51855331141380934
2953;-0,4944;2953;-0,51808360732738379
2954;-0,4946;2954;-0,51808360732738379
2955;-0,4948;2955;-0,5192578675434476
2956;-0,495;2956;-0,5192578675434476
2957;-0,4952;2957;-0,5201972757162987
2958;-0,49539999999999995;2958;-0,52066697980272425
2959;-0,49560000000000004;2959;-0,52066697980272425
2960;-0,4958;2960;-0,52090183184593708
2961;-0,496;2961;-0,52090183184593708
2962;-0,4962;2962;-0,52090183184593708
2963;-0,49640000000000006;2963;-0,52137153593236263
2964;-0,49660000000000004;2964;-0,52231094410521373
2965;-0,4968;2965;-0,52325035227806482
2966;-0,497;2966;-0,52325035227806482
2967;-0,49720000000000003;2967;-0,5239549084077032
2968;-0,4974;2968;-0,52442461249412875
2969;-0,4976;2969;-0,52465946453734147
2970;-0,49779999999999996;2970;-0,52465946453734147
2971;-0,49800000000000005;2971;-0,52465946453734147
2972;-0,49820000000000003;2972;-0,5239549084077032
2973;-0,4984;2973;-0,52418976045091592
2974;-0,4986;2974;-0,52442461249412875
2975;-0,4988;2975;-0,5239549084077032
2976;-0,499;2976;-0,5239549084077032
2977;-0,4992;2977;-0,52372005636449037
2978;-0,49939999999999996;2978;-0,52372005636449037
2979;-0,49960000000000004;2979;-0,52418976045091592
2980;-0,4998;2980;-0,5248943165805543
2981;-0,5;2981;-0,5248943165805543
2982;-0,5002;2982;-0,52606857679661811
2983;-0,5004;2983;-0,52653828088304366
2984;-0,5006;2984;-0,52653828088304366
2985;-0,5008;2985;-0,52677313292625649
2986;-0,501;2986;-0,52677313292625649
2987;-0,5012;2987;-0,527242837012682
2988;-0,50140000000000007;2988;-0,52818224518553314
2989;-0,5016;2989;-0,529356505401597
2990;-0,5018;2990;-0,53006106153123533
2991;-0,502;2991;-0,53006106153123533
2992;-0,5022;2992;-0,53100046970408643
2993;-0,5024;2993;-0,53100046970408643
2994;-0,50259999999999994;2994;-0,53123532174729915
2995;-0,50279999999999991;2995;-0,5317050258337247
2996;-0,503;2996;-0,5317050258337247
2997;-0,5032;2997;-0,531470173790512
2998;-0,5034;2998;-0,531470173790512
2999;-0,50359999999999994;2999;-0,531470173790512
3000;-0,5038;3000;-0,5317050258337247
3001;-0,504;3001;-0,5317050258337247
3002;-0,5042;3002;-0,531470173790512
3003;-0,5044;3003;-0,5317050258337247
3004;-0,5046;3004;-0,53264443400657591
3005;-0,5048;3005;-0,53334899013621417
3006;-0,505;3006;-0,53334899013621417
3007;-0,5052;3007;-0,53475810239549082
3008;-0,50540000000000007;3008;-0,53499295443870365
3009;-0,5056;3009;-0,53499295443870365
3010;-0,5058;3010;-0,53522780648191637
3011;-0,506;3011;-0,53522780648191637
3012;-0,5062;3012;-0,53522780648191637
3013;-0,5064;3013;-0,5364020666979803
3014;-0,50659999999999994;3014;-0,53757632691404411
3015;-0,50679999999999992;3015;-0,53781117895725694
3016;-0,507;3016;-0,53781117895725694
3017;-0,5072;3017;-0,53828088304368249
3018;-0,5074;3018;-0,538750587130108
3019;-0,50759999999999994;3019;-0,53851573508689521
3020;-0,5078;3020;-0,53851573508689521
3021;-0,508;3021;-0,53851573508689521
3022;-0,5082;3022;-0,53828088304368249
3023;-0,5084;3023;-0,53781117895725694
3024;-0,5086;3024;-0,53757632691404411
3025;-0,5088;3025;-0,53757632691404411
3026;-0,509;3026;-0,53757632691404411
3027;-0,5092;3027;-0,53687177078440584
3028;-0,50940000000000007;3028;-0,53687177078440584
3029;-0,5096;3029;-0,53781117895725694
3030;-0,5098;3030;-0,53851573508689521
3031;-0,51;3031;-0,53851573508689521
3032;-0,5102;3032;-0,53945514325974631
3033;-0,5104;3033;-0,53945514325974631
3034;-0,51059999999999994;3034;-0,53922029121653359
3035;-0,51079999999999992;3035;-0,53922029121653359
3036;-0,511;3036;-0,53922029121653359
3037;-0,5112;3037;-0,53968999530295914
3038;-0,5114;3038;-0,54039455143259751
3039;-0,51159999999999994;3039;-0,54133395960544861
3040;-0,5118;3040;-0,54109910756223578
3041;-0,512;3041;-0,54109910756223578
3042;-0,5122;3042;-0,54156881164866133
3043;-0,5124;3043;-0,54180366369187416
3044;-0,51260000000000006;3044;-0,54156881164866133
3045;-0,5128;3045;-0,54086425551902306
3046;-0,513;3046;-0,54086425551902306
3047;-0,5132;3047;-0,54039455143259751
3048;-0,51340000000000008;3048;-0,54015969938938468
3049;-0,51360000000000006;3049;-0,539924847346172
3050;-0,5138;3050;-0,54015969938938468
3051;-0,514;3051;-0,54015969938938468
3052;-0,5142;3052;-0,539924847346172
3053;-0,5144;3053;-0,53968999530295914
3054;-0,5146;3054;-0,54086425551902306
3055;-0,51479999999999992;3055;-0,54156881164866133
3056;-0,515;3056;-0,54156881164866133
3057;-0,5152;3057;-0,54203851573508688
3058;-0,5154;3058;-0,54227336777829971
3059;-0,5156;3059;-0,54274307186472526
3060;-0,5158;3060;-0,542977923907938
3061;-0,516;3061;-0,542977923907938
3062;-0,5162;3062;-0,54391733208078907
3063;-0,5164;3063;-0,54485674025364017
3064;-0,51660000000000006;3064;-0,54579614842649127
3065;-0,5168;3065;-0,54650070455612965
3066;-0,517;3066;-0,54650070455612965
3067;-0,5172;3067;-0,54697040864255519
3068;-0,51740000000000008;3068;-0,54720526068576791
3069;-0,51760000000000006;3069;-0,54720526068576791
3070;-0,5178;3070;-0,54650070455612965
3071;-0,518;3071;-0,54650070455612965
3072;-0,5182;3072;-0,54673555659934236
3073;-0,5184;3073;-0,54697040864255519
3074;-0,5186;3074;-0,54650070455612965
3075;-0,51879999999999993;3075;-0,54626585251291682
3076;-0,519;3076;-0,54626585251291682
3077;-0,5192;3077;-0,54650070455612965
3078;-0,5194;3078;-0,54650070455612965
3079;-0,5196;3079;-0,54720526068576791
3080;-0,5198;3080;-0,54837952090183184
3081;-0,52;3081;-0,54837952090183184
3082;-0,5202;3082;-0,54884922498825739
3083;-0,5204;3083;-0,54908407703147022
3084;-0,52060000000000006;3084;-0,54955378111789577
3085;-0,5208;3085;-0,54978863316110849
3086;-0,521;3086;-0,54978863316110849
3087;-0,5212;3087;-0,55072804133395958
3088;-0,52140000000000009;3088;-0,55190230155002351
3089;-0,52160000000000006;3089;-0,55260685767966178
3090;-0,5218;3090;-0,55354626585251288
3091;-0,522;3091;-0,55354626585251288
3092;-0,5222;3092;-0,55401596993893842
3093;-0,5224;3093;-0,55401596993893842
3094;-0,5226;3094;-0,5547205260685768
3095;-0,52279999999999993;3095;-0,5547205260685768
3096;-0,523;3096;-0,5547205260685768
3097;-0,5232;3097;-0,55425082198215125
3098;-0,5234;3098;-0,5547205260685768
3099;-0,5236;3099;-0,55425082198215125
3100;-0,5238;3100;-0,55378111789572571
3101;-0,524;3101;-0,55378111789572571
3102;-0,5242;3102;-0,55425082198215125
3103;-0,5244;3103;-0,55495537811178952
3104;-0,52460000000000007;3104;-0,5556599342414279
3105;-0,5248;3105;-0,55683419445749183
3106;-0,525;3106;-0,55683419445749183
3107;-0,5252;3107;-0,55683419445749183
3108;-0,5254;3108;-0,55706904650070455
3109;-0,52560000000000007;3109;-0,55706904650070455
3110;-0,5258;3110;-0,55683419445749183
3111;-0,526;3111;-0,55683419445749183
3112;-0,5262;3112;-0,55753875058713009
3113;-0,5264;3113;-0,558713010803194
3114;-0,5266;3114;-0,558713010803194
3115;-0,52679999999999993;3115;-0,55918271488961957
3116;-0,52699999999999991;3116;-0,55918271488961957
3117;-0,5272;3117;-0,55941756693283229
3118;-0,5274;3118;-0,55918271488961957
3119;-0,5276;3119;-0,55918271488961957
3120;-0,52779999999999994;3120;-0,55894786284640674
3121;-0,528;3121;-0,55894786284640674
3122;-0,5282;3122;-0,55777360263034292
3123;-0,5284;3123;-0,55753875058713009
3124;-0,5286;3124;-0,55777360263034292
3125;-0,5288;3125;-0,55753875058713009
3126;-0,529;3126;-0,55753875058713009
3127;-0,5292;3127;-0,55753875058713009
3128;-0,5294;3128;-0,55847815875998119
3129;-0,52960000000000007;3129;-0,55941756693283229
3130;-0,5298;3130;-0,56059182714889622
3131;-0,53;3131;-0,56059182714889622
3132;-0,5302;3132;-0,56059182714889622
3133;-0,5304;3133;-0,56082667919210893
3134;-0,5306;3134;-0,56106153123532176
3135;-0,53079999999999994;3135;-0,56176608736496
3136;-0,53099999999999992;3136;-0,56176608736496
3137;-0,5312;3137;-0,56247064349459841
3138;-0,5314;3138;-0,56364490371066234
3139;-0,5316;3139;-0,56411460779708789
3140;-0,53179999999999994;3140;-0,565054015969939
3141;-0,532;3141;-0,565054015969939
3142;-0,5322;3142;-0,56552372005636453
3143;-0,5324;3143;-0,56552372005636453
3144;-0,5326;3144;-0,56458431188351343
3145;-0,5328;3145;-0,5643494598403006
3146;-0,533;3146;-0,5643494598403006
3147;-0,5332;3147;-0,5643494598403006
3148;-0,5334;3148;-0,56411460779708789
3149;-0,53360000000000007;3149;-0,56364490371066234
3150;-0,5338;3150;-0,56341005166744951
3151;-0,534;3151;-0,56341005166744951
3152;-0,5342;3152;-0,56341005166744951
3153;-0,5344;3153;-0,56411460779708789
3154;-0,5346;3154;-0,565054015969939
3155;-0,53479999999999994;3155;-0,5652888680131517
3156;-0,53499999999999992;3156;-0,5652888680131517
3157;-0,5352;3157;-0,5652888680131517
3158;-0,5354;3158;-0,5652888680131517
3159;-0,5356;3159;-0,56552372005636453
3160;-0,53579999999999994;3160;-0,56599342414279008
3161;-0,536;3161;-0,56599342414279008
3162;-0,5362;3162;-0,56693283231564118
3163;-0,5364;3163;-0,56740253640206673
3164;-0,5366;3164;-0,56787224048849227
3165;-0,5368;3165;-0,568107092531705
3166;-0,537;3166;-0,568107092531705
3167;-0,5372;3167;-0,56857679661813054
3168;-0,5374;3168;-0,56857679661813054
3169;-0,53760000000000008;3169;-0,568107092531705
3170;-0,53780000000000006;3170;-0,56881164866134337
3171;-0,538;3171;-0,56881164866134337
3172;-0,5382;3172;-0,56904650070455609
3173;-0,5384;3173;-0,56857679661813054
3174;-0,5386;3174;-0,568107092531705
3175;-0,5388;3175;-0,568107092531705
3176;-0,53899999999999992;3176;-0,568107092531705
3177;-0,5392;3177;-0,56857679661813054
3178;-0,5394;3178;-0,56951620479098164
3179;-0,5396;3179;-0,57069046500704557
3180;-0,5398;3180;-0,57092531705025829
3181;-0,54;3181;-0,57092531705025829
3182;-0,5402;3182;-0,57092531705025829
3183;-0,5404;3183;-0,57116016909347112
3184;-0,5406;3184;-0,57139502113668383
3185;-0,54080000000000006;3185;-0,57256928135274776
3186;-0,541;3186;-0,57256928135274776
3187;-0,5412;3187;-0,57327383748238614
3188;-0,5414;3188;-0,57397839361202441
3189;-0,54160000000000008;3189;-0,57444809769845
3190;-0,54180000000000006;3190;-0,57444809769845
3191;-0,542;3191;-0,57444809769845
3192;-0,5422;3192;-0,57421324565523724
3193;-0,5424;3193;-0,57421324565523724
3194;-0,5426;3194;-0,57397839361202441
3195;-0,5428;3195;-0,57397839361202441
3196;-0,54299999999999993;3196;-0,57397839361202441
3197;-0,5432;3197;-0,57397839361202441
3198;-0,5434;3198;-0,57374354156881169
3199;-0,5436;3199;-0,57374354156881169
3200;-0,5438;3200;-0,57374354156881169
3201;-0,544;3201;-0,57374354156881169
3202;-0,5442;3202;-0,57444809769845
3203;-0,5444;3203;-0,57515265382808833
3204;-0,5446;3204;-0,57632691404415215
3205;-0,54480000000000006;3205;-0,576561766087365
3206;-0,545;3206;-0,576561766087365
3207;-0,5452;3207;-0,57726632221700325
3208;-0,5454;3208;-0,57750117426021608
3209;-0,54560000000000008;3209;-0,5777360263034288
3210;-0,54580000000000006;3210;-0,57891028651949272
3211;-0,546;3211;-0,57891028651949272
3212;-0,5462;3212;-0,57984969469234382
3213;-0,5464;3213;-0,58031939877876937
3214;-0,5466;3214;-0,58125880695162047
3215;-0,5468;3215;-0,581728511038046
3216;-0,54699999999999993;3216;-0,581728511038046
3217;-0,5472;3217;-0,5814936589948333
3218;-0,5474;3218;-0,5814936589948333
3219;-0,5476;3219;-0,58102395490840775
3220;-0,5478;3220;-0,58078910286519492
3221;-0,548;3221;-0,58078910286519492
3222;-0,5482;3222;-0,58078910286519492
3223;-0,5484;3223;-0,58031939877876937
3224;-0,5486;3224;-0,58008454673555665
3225;-0,54880000000000007;3225;-0,58008454673555665
3226;-0,549;3226;-0,58008454673555665
3227;-0,5492;3227;-0,58078910286519492
3228;-0,5494;3228;-0,5814936589948333
3229;-0,54960000000000009;3229;-0,58243306716768439
3230;-0,54980000000000007;3230;-0,58243306716768439
3231;-0,55;3231;-0,58243306716768439
3232;-0,5502;3232;-0,58243306716768439
3233;-0,5504;3233;-0,58266791921089711
3234;-0,5506;3234;-0,58313762329732266
3235;-0,5508;3235;-0,58407703147017376
3236;-0,55099999999999993;3236;-0,58407703147017376
3237;-0,55119999999999991;3237;-0,58501643964302485
3238;-0,5514;3238;-0,5854861437294504
3239;-0,5516;3239;-0,58619069985908878
3240;-0,5518;3240;-0,58666040394551433
3241;-0,55199999999999994;3241;-0,58666040394551433
3242;-0,5522;3242;-0,5864255519023015
3243;-0,5524;3243;-0,58619069985908878
3244;-0,5526;3244;-0,585955847815876
3245;-0,5528;3245;-0,58666040394551433
3246;-0,553;3246;-0,58666040394551433
3247;-0,5532;3247;-0,5864255519023015
3248;-0,5534;3248;-0,58619069985908878
3249;-0,5536;3249;-0,58619069985908878
3250;-0,55380000000000007;3250;-0,586895255988727
3251;-0,554;3251;-0,586895255988727
3252;-0,5542;3252;-0,58783466416157826
3253;-0,5544;3253;-0,58853922029121652
3254;-0,5546;3254;-0,5892437764208549
3255;-0,5548;3255;-0,58947862846406762
3256;-0,55499999999999994;3256;-0,58947862846406762
3257;-0,55519999999999992;3257;-0,58947862846406762
3258;-0,5554;3258;-0,58947862846406762
3259;-0,5556;3259;-0,590183184593706
3260;-0,5558;3260;-0,5911225927665571
3261;-0,55599999999999994;3261;-0,5911225927665571
3262;-0,5562;3262;-0,59182714889619537
3263;-0,5564;3263;-0,59229685298262091
3264;-0,5566;3264;-0,59300140911225929
3265;-0,5568;3265;-0,59229685298262091
3266;-0,557;3266;-0,5920620009394082
3267;-0,5572;3267;-0,5920620009394082
3268;-0,5574;3268;-0,59182714889619537
3269;-0,5576;3269;-0,59159229685298265
3270;-0,55780000000000007;3270;-0,5911225927665571
3271;-0,558;3271;-0,59041803663691872
3272;-0,5582;3272;-0,59041803663691872
3273;-0,5584;3273;-0,590183184593706
3274;-0,5586;3274;-0,58994833255049317
3275;-0,5588;3275;-0,590183184593706
3276;-0,55899999999999994;3276;-0,5911225927665571
3277;-0,55919999999999992;3277;-0,5911225927665571
3278;-0,5594;3278;-0,5920620009394082
3279;-0,5596;3279;-0,59229685298262091
3280;-0,5598;3280;-0,59276655706904646
3281;-0,55999999999999994;3281;-0,59300140911225929
3282;-0,5602;3282;-0,59300140911225929
3283;-0,5604;3283;-0,593236261155472
3284;-0,5606;3284;-0,59417566932832311
3285;-0,5608;3285;-0,59511507750117421
3286;-0,561;3286;-0,59581963363081258
3287;-0,5612;3287;-0,59581963363081258
3288;-0,5614;3288;-0,59675904180366368
3289;-0,5616;3289;-0,59699389384687651
3290;-0,56180000000000008;3290;-0,59699389384687651
3291;-0,562;3291;-0,59722874589008923
3292;-0,5622;3292;-0,59722874589008923
3293;-0,5624;3293;-0,59699389384687651
3294;-0,5626;3294;-0,59699389384687651
3295;-0,5628;3295;-0,59722874589008923
3296;-0,563;3296;-0,59675904180366368
3297;-0,56319999999999992;3297;-0,59675904180366368
3298;-0,5634;3298;-0,59699389384687651
3299;-0,5636;3299;-0,59675904180366368
3300;-0,5638;3300;-0,59746359793330206
3301;-0,564;3301;-0,59840300610615316
3302;-0,5642;3302;-0,59840300610615316
3303;-0,5644;3303;-0,59934241427900425
3304;-0,5646;3304;-0,5998121183654298
3305;-0,5648;3305;-0,60004697040864252
3306;-0,56500000000000006;3306;-0,60028182245185535
3307;-0,5652;3307;-0,60028182245185535
3308;-0,5654;3308;-0,60028182245185535
3309;-0,5656;3309;-0,60145608266791917
3310;-0,56580000000000008;3310;-0,60239549084077026
3311;-0,56600000000000006;3311;-0,60310004697040864
3312;-0,5662;3312;-0,60310004697040864
3313;-0,5664;3313;-0,60356975105683419
3314;-0,5666;3314;-0,60403945514325974
3315;-0,5668;3315;-0,603804603100047
3316;-0,567;3316;-0,603804603100047
3317;-0,56719999999999993;3317;-0,603804603100047
3318;-0,5674;3318;-0,60310004697040864
3319;-0,5676;3319;-0,60263034288398309
3320;-0,5678;3320;-0,60239549084077026
3321;-0,568;3321;-0,60192578675434472
3322;-0,5682;3322;-0,60192578675434472
3323;-0,5684;3323;-0,60192578675434472
3324;-0,5686;3324;-0,601690934711132
3325;-0,5688;3325;-0,60216063879755755
3326;-0,56900000000000006;3326;-0,60310004697040864
3327;-0,5692;3327;-0,60310004697040864
3328;-0,5694;3328;-0,603804603100047
3329;-0,5696;3329;-0,603804603100047
3330;-0,56980000000000008;3330;-0,603804603100047
3331;-0,57000000000000006;3331;-0,60403945514325974
3332;-0,5702;3332;-0,60403945514325974
3333;-0,5704;3333;-0,60450915922968529
3334;-0,5706;3334;-0,60544856740253639
3335;-0,5708;3335;-0,60662282761860031
3336;-0,571;3336;-0,60709253170502586
3337;-0,57119999999999993;3337;-0,60709253170502586
3338;-0,5714;3338;-0,60756223579145141
3339;-0,5716;3339;-0,60826679192108968
3340;-0,5718;3340;-0,60779708783466413
3341;-0,572;3341;-0,60779708783466413
3342;-0,5722;3342;-0,60779708783466413
3343;-0,5724;3343;-0,60732738374823858
3344;-0,5726;3344;-0,60732738374823858
3345;-0,5728;3345;-0,60709253170502586
3346;-0,57300000000000006;3346;-0,60709253170502586
3347;-0,5732;3347;-0,60709253170502586
3348;-0,5734;3348;-0,606857679661813
3349;-0,5736;3349;-0,606857679661813
3350;-0,57380000000000009;3350;-0,60756223579145141
3351;-0,57400000000000007;3351;-0,60873649600751523
3352;-0,5742;3352;-0,60873649600751523
3353;-0,5744;3353;-0,60920620009394078
3354;-0,5746;3354;-0,60920620009394078
3355;-0,5748;3355;-0,6094410521371536
3356;-0,575;3356;-0,60967590418036632
3357;-0,57519999999999993;3357;-0,60967590418036632
3358;-0,57539999999999991;3358;-0,61061531235321742
3359;-0,5756;3359;-0,61178957256928135
3360;-0,5758;3360;-0,61249412869891973
3361;-0,576;3361;-0,613198684828558
3362;-0,57619999999999993;3362;-0,613198684828558
3363;-0,5764;3363;-0,61390324095819637
3364;-0,5766;3364;-0,61437294504462192
3365;-0,5768;3365;-0,61484264913104747
3366;-0,577;3366;-0,61437294504462192
3367;-0,5772;3367;-0,61437294504462192
3368;-0,5774;3368;-0,61437294504462192
3369;-0,5776;3369;-0,61460779708783464
3370;-0,5778;3370;-0,61413809300140909
3371;-0,57800000000000007;3371;-0,61390324095819637
3372;-0,5782;3372;-0,61390324095819637
3373;-0,5784;3373;-0,61413809300140909
3374;-0,5786;3374;-0,61437294504462192
3375;-0,5788;3375;-0,615312353217473
3376;-0,579;3376;-0,61601690934711129
3377;-0,57919999999999994;3377;-0,61601690934711129
3378;-0,57939999999999992;3378;-0,61601690934711129
3379;-0,5796;3379;-0,61601690934711129
3380;-0,5798;3380;-0,61601690934711129
3381;-0,58;3381;-0,61601690934711129
3382;-0,58019999999999994;3382;-0,61601690934711129
3383;-0,5804;3383;-0,61719116956317521
3384;-0,5806;3384;-0,61789572569281348
3385;-0,5808;3385;-0,61813057773602631
3386;-0,581;3386;-0,61883513386566458
3387;-0,5812;3387;-0,61883513386566458
3388;-0,5814;3388;-0,61930483795209024
3389;-0,5816;3389;-0,61930483795209024
3390;-0,5818;3390;-0,61930483795209024
3391;-0,58200000000000007;3391;-0,61906998590887741
3392;-0,5822;3392;-0,61906998590887741
3393;-0,5824;3393;-0,618365429779239
3394;-0,5826;3394;-0,61883513386566458
3395;-0,5828;3395;-0,618365429779239
3396;-0,583;3396;-0,61813057773602631
3397;-0,58319999999999994;3397;-0,61813057773602631
3398;-0,58339999999999992;3398;-0,61813057773602631
3399;-0,5836;3399;-0,61906998590887741
3400;-0,5838;3400;-0,61977454203851579
3401;-0,584;3401;-0,6209488022545796
3402;-0,58419999999999994;3402;-0,6209488022545796
3403;-0,5844;3403;-0,6209488022545796
3404;-0,5846;3404;-0,6209488022545796
3405;-0,5848;3405;-0,62118365429779243
3406;-0,585;3406;-0,62141850634100515
3407;-0,5852;3407;-0,62141850634100515
3408;-0,5854;3408;-0,62235791451385625
3409;-0,5856;3409;-0,62306247064349463
3410;-0,5858;3410;-0,62400187881634572
3411;-0,58600000000000008;3411;-0,624706434945984
3412;-0,5862;3412;-0,624706434945984
3413;-0,5864;3413;-0,62494128698919682
3414;-0,5866;3414;-0,624706434945984
3415;-0,5868;3415;-0,624706434945984
3416;-0,587;3416;-0,62447158290277127
3417;-0,58719999999999994;3417;-0,62447158290277127
3418;-0,58739999999999992;3418;-0,62423673085955844
3419;-0,5876;3419;-0,62423673085955844
3420;-0,5878;3420;-0,62423673085955844
3421;-0,588;3421;-0,62400187881634572
3422;-0,5882;3422;-0,62400187881634572
3423;-0,5884;3423;-0,62400187881634572
3424;-0,5886;3424;-0,624706434945984
3425;-0,5888;3425;-0,62564584311883509
3426;-0,589;3426;-0,62635039924847347
3427;-0,58920000000000006;3427;-0,62635039924847347
3428;-0,5894;3428;-0,62635039924847347
3429;-0,5896;3429;-0,62635039924847347
3430;-0,5898;3430;-0,62635039924847347
3431;-0,59000000000000008;3431;-0,626820103334899
3432;-0,59020000000000006;3432;-0,626820103334899
3433;-0,5904;3433;-0,62799436355096294
3434;-0,5906;3434;-0,62869891968060121
3435;-0,5908;3435;-0,62940347581023959
3436;-0,591;3436;-0,62987317989666514
3437;-0,5912;3437;-0,62987317989666514
3438;-0,59139999999999993;3438;-0,63034288398309068
3439;-0,5916;3439;-0,63010803193987786
3440;-0,5918;3440;-0,62963832785345231
3441;-0,592;3441;-0,62940347581023959
3442;-0,5922;3442;-0,62940347581023959
3443;-0,5924;3443;-0,62940347581023959
3444;-0,5926;3444;-0,62916862376702676
3445;-0,5928;3445;-0,62963832785345231
3446;-0,593;3446;-0,62940347581023959
3447;-0,59320000000000006;3447;-0,62940347581023959
3448;-0,5934;3448;-0,62963832785345231
3449;-0,5936;3449;-0,63034288398309068
3450;-0,5938;3450;-0,63128229215594178
3451;-0,59400000000000008;3451;-0,63175199624236733
3452;-0,59420000000000006;3452;-0,63175199624236733
3453;-0,5944;3453;-0,63175199624236733
3454;-0,5946;3454;-0,63175199624236733
3455;-0,5948;3455;-0,63198684828558
3456;-0,595;3456;-0,633161108501644
3457;-0,5952;3457;-0,633161108501644
3458;-0,59539999999999993;3458;-0,63386566463128224
3459;-0,5956;3459;-0,63480507280413334
3460;-0,5958;3460;-0,63550962893377172
3461;-0,596;3461;-0,6362141850634101
3462;-0,5962;3462;-0,6362141850634101
3463;-0,5964;3463;-0,63644903710662282
3464;-0,5966;3464;-0,63668388914983565
3465;-0,5968;3465;-0,63597933302019727
3466;-0,597;3466;-0,6362141850634101
3467;-0,59720000000000006;3467;-0,6362141850634101
3468;-0,5974;3468;-0,6362141850634101
3469;-0,5976;3469;-0,63597933302019727
3470;-0,5978;3470;-0,63550962893377172
3471;-0,59800000000000009;3471;-0,635274776890559
3472;-0,59820000000000007;3472;-0,635274776890559
3473;-0,5984;3473;-0,63550962893377172
3474;-0,5986;3474;-0,63644903710662282
3475;-0,5988;3475;-0,6371535932362612
3476;-0,599;3476;-0,63738844527947391
3477;-0,5992;3477;-0,63738844527947391
3478;-0,59939999999999993;3478;-0,63785814936589946
3479;-0,5996;3479;-0,63785814936589946
3480;-0,5998;3480;-0,63785814936589946
3481;-0,6;3481;-0,63856270549553784
3482;-0,6002;3482;-0,63856270549553784
3483;-0,60039999999999993;3483;-0,63950211366838894
3484;-0,6006;3484;-0,63973696571160166
3485;-0,6008;3485;-0,64020666979802721
3486;-0,601;3486;-0,64020666979802721
3487;-0,6012;3487;-0,64020666979802721
3488;-0,6014;3488;-0,64020666979802721
3489;-0,6016;3489;-0,64020666979802721
3490;-0,6018;3490;-0,63997181775481449
3491;-0,602;3491;-0,63997181775481449
3492;-0,60220000000000007;3492;-0,63997181775481449
3493;-0,6024;3493;-0,63997181775481449
3494;-0,6026;3494;-0,63950211366838894
3495;-0,6028;3495;-0,63903240958196339
3496;-0,603;3496;-0,63903240958196339
3497;-0,6032;3497;-0,63903240958196339
3498;-0,60339999999999994;3498;-0,63973696571160166
3499;-0,60359999999999991;3499;-0,64044152184124
3500;-0,6038;3500;-0,64161578205730385
3501;-0,604;3501;-0,64161578205730385
3502;-0,6042;3502;-0,64161578205730385
3503;-0,60439999999999994;3503;-0,64185063410051668
3504;-0,6046;3504;-0,6420854861437294
3505;-0,6048;3505;-0,642555190230155
3506;-0,605;3506;-0,64325974635979333
3507;-0,6052;3507;-0,64325974635979333
3508;-0,6054;3508;-0,64396430248943171
3509;-0,6056;3509;-0,64466885861907
3510;-0,6058;3510;-0,64537341474870835
3511;-0,606;3511;-0,64560826679192107
3512;-0,60620000000000007;3512;-0,64560826679192107
3513;-0,6064;3513;-0,64560826679192107
3514;-0,6066;3514;-0,64560826679192107
3515;-0,6068;3515;-0,64537341474870835
3516;-0,607;3516;-0,64560826679192107
3517;-0,6072;3517;-0,64560826679192107
3518;-0,60739999999999994;3518;-0,64537341474870835
3519;-0,60759999999999992;3519;-0,64513856270549552
3520;-0,6078;3520;-0,64513856270549552
3521;-0,608;3521;-0,64513856270549552
3522;-0,6082;3522;-0,64513856270549552
3523;-0,60839999999999994;3523;-0,64631282292155945
3524;-0,6086;3524;-0,64725223109441055
3525;-0,6088;3525;-0,64772193518083609
3526;-0,609;3526;-0,64819163926726164
3527;-0,6092;3527;-0,64819163926726164
3528;-0,6094;3528;-0,64842649131047436
3529;-0,6096;3529;-0,64866134335368719
3530;-0,6098;3530;-0,64913104744011274
3531;-0,61;3531;-0,65030530765617656
3532;-0,61020000000000008;3532;-0,65030530765617656
3533;-0,6104;3533;-0,65100986378581494
3534;-0,6106;3534;-0,65218412400187886
3535;-0,6108;3535;-0,65265382808830441
3536;-0,611;3536;-0,65265382808830441
3537;-0,6112;3537;-0,65265382808830441
3538;-0,61139999999999994;3538;-0,65241897604509158
3539;-0,61159999999999992;3539;-0,65241897604509158
3540;-0,6118;3540;-0,651949271958666
3541;-0,612;3541;-0,65218412400187886
3542;-0,6122;3542;-0,65218412400187886
3543;-0,61239999999999994;3543;-0,65171441991545331
3544;-0,6126;3544;-0,65100986378581494
3545;-0,6128;3545;-0,65100986378581494
3546;-0,613;3546;-0,651949271958666
3547;-0,6132;3547;-0,651949271958666
3548;-0,61340000000000006;3548;-0,65265382808830441
3549;-0,6136;3549;-0,65359323626115551
3550;-0,6138;3550;-0,65406294034758106
3551;-0,614;3551;-0,65406294034758106
3552;-0,61420000000000008;3552;-0,65406294034758106
3553;-0,61440000000000006;3553;-0,65429779239079378
3554;-0,6146;3554;-0,65406294034758106
3555;-0,6148;3555;-0,65523720056364487
3556;-0,615;3556;-0,656176608736496
3557;-0,6152;3557;-0,656176608736496
3558;-0,6154;3558;-0,65711601690934707
3559;-0,61559999999999993;3559;-0,65758572099577262
3560;-0,6158;3560;-0,65852512916862371
3561;-0,616;3561;-0,65852512916862371
3562;-0,6162;3562;-0,65852512916862371
3563;-0,6164;3563;-0,65899483325504937
3564;-0,6166;3564;-0,65875998121183654
3565;-0,6168;3565;-0,65922968529826209
3566;-0,617;3566;-0,65875998121183654
3567;-0,6172;3567;-0,65875998121183654
3568;-0,61740000000000006;3568;-0,65852512916862371
3569;-0,6176;3569;-0,65805542508219816
3570;-0,6178;3570;-0,65852512916862371
3571;-0,618;3571;-0,65875998121183654
3572;-0,61820000000000008;3572;-0,65875998121183654
3573;-0,61840000000000006;3573;-0,65969938938468764
3574;-0,6186;3574;-0,66087364960075157
3575;-0,6188;3575;-0,66110850164396429
3576;-0,619;3576;-0,66110850164396429
3577;-0,6192;3577;-0,66110850164396429
3578;-0,6194;3578;-0,66110850164396429
3579;-0,61959999999999993;3579;-0,66134335368717712
3580;-0,6198;3580;-0,66228276186002821
3581;-0,62;3581;-0,66298731798966648
3582;-0,6202;3582;-0,66298731798966648
3583;-0,6204;3583;-0,66298731798966648
3584;-0,6206;3584;-0,66369187411930486
3585;-0,6208;3585;-0,66369187411930486
3586;-0,621;3586;-0,66322217003287931
3587;-0,6212;3587;-0,66322217003287931
3588;-0,62140000000000006;3588;-0,66322217003287931
3589;-0,6216;3589;-0,66298731798966648
3590;-0,6218;3590;-0,66251761390324093
3591;-0,622;3591;-0,66251761390324093
3592;-0,62220000000000009;3592;-0,66251761390324093
3593;-0,62240000000000006;3593;-0,66228276186002821
3594;-0,6226;3594;-0,66204790981681538
3595;-0,6228;3595;-0,66204790981681538
3596;-0,623;3596;-0,66275246594645376
3597;-0,6232;3597;-0,66392672616251758
3598;-0,6234;3598;-0,66392672616251758
3599;-0,62359999999999993;3599;-0,664631282292156
3600;-0,6238;3600;-0,66486613433536867
3601;-0,624;3601;-0,66533583842179422
3602;-0,6242;3602;-0,66533583842179422
3603;-0,6244;3603;-0,66533583842179422
3604;-0,6246;3604;-0,66580554250821977
3605;-0,6248;3605;-0,66651009863785815
3606;-0,625;3606;-0,66768435885392208
3607;-0,6252;3607;-0,66838891498356034
3608;-0,6254;3608;-0,66838891498356034
3609;-0,6256;3609;-0,66909347111319872
3610;-0,6258;3610;-0,66956317519962427
3611;-0,626;3611;-0,66932832315641144
3612;-0,6262;3612;-0,66909347111319872
3613;-0,62640000000000007;3613;-0,66909347111319872
3614;-0,6266;3614;-0,66909347111319872
3615;-0,6268;3615;-0,66885861906998589
3616;-0,627;3616;-0,66815406294034763
3617;-0,6272;3617;-0,6679192108971348
3618;-0,6274;3618;-0,6679192108971348
3619;-0,62759999999999994;3619;-0,66768435885392208
3620;-0,62779999999999991;3620;-0,66768435885392208
3621;-0,628;3621;-0,66885861906998589
3622;-0,6282;3622;-0,66956317519962427
3623;-0,6284;3623;-0,66956317519962427
3624;-0,62859999999999994;3624;-0,67003287928604982
3625;-0,6288;3625;-0,67050258337247537
3626;-0,629;3626;-0,67050258337247537
3627;-0,6292;3627;-0,67073743541568809
3628;-0,6294;3628;-0,67073743541568809
3629;-0,6296;3629;-0,67144199154532647
3630;-0,6298;3630;-0,67238139971817756
3631;-0,63;3631;-0,67332080789102866
3632;-0,6302;3632;-0,67402536402066693
3633;-0,63040000000000007;3633;-0,67402536402066693
3634;-0,6306;3634;-0,67449506810709248
3635;-0,6308;3635;-0,67472992015030531
3636;-0,631;3636;-0,67496477219351814
3637;-0,6312;3637;-0,67472992015030531
3638;-0,6314;3638;-0,67472992015030531
3639;-0,63159999999999994;3639;-0,67449506810709248
3640;-0,63179999999999992;3640;-0,67449506810709248
3641;-0,632;3641;-0,67402536402066693
3642;-0,6322;3642;-0,67402536402066693
3643;-0,6324;3643;-0,67402536402066693
3644;-0,63259999999999994;3644;-0,67355565993424138
3645;-0,6328;3645;-0,67355565993424138
3646;-0,633;3646;-0,67449506810709248
3647;-0,6332;3647;-0,6756693283231564
3648;-0,6334;3648;-0,6756693283231564
3649;-0,6336;3649;-0,67590418036636923
3650;-0,6338;3650;-0,676139032409582
3651;-0,634;3651;-0,676139032409582
3652;-0,6342;3652;-0,67637388445279478
3653;-0,63440000000000007;3653;-0,67637388445279478
3654;-0,6346;3654;-0,677078440582433
3655;-0,6348;3655;-0,67801784875528415
3656;-0,635;3656;-0,67872240488492253
3657;-0,6352;3657;-0,67942696101456079
3658;-0,6354;3658;-0,67942696101456079
3659;-0,63559999999999994;3659;-0,68013151714419917
3660;-0,63579999999999992;3660;-0,68013151714419917
3661;-0,636;3661;-0,68036636918741189
3662;-0,6362;3662;-0,68013151714419917
3663;-0,6364;3663;-0,68013151714419917
3664;-0,63659999999999994;3664;-0,67989666510098634
3665;-0,6368;3665;-0,68036636918741189
3666;-0,637;3666;-0,68013151714419917
3667;-0,6372;3667;-0,67966181305777362
3668;-0,6374;3668;-0,67966181305777362
3669;-0,63760000000000006;3669;-0,67942696101456079
3670;-0,6378;3670;-0,67989666510098634
3671;-0,638;3671;-0,68083607327383744
3672;-0,6382;3672;-0,68177548144668854
3673;-0,63840000000000008;3673;-0,68177548144668854
3674;-0,63860000000000006;3674;-0,68177548144668854
3675;-0,6388;3675;-0,68201033348990137
3676;-0,639;3676;-0,68201033348990137
3677;-0,6392;3677;-0,68201033348990137
3678;-0,6394;3678;-0,68201033348990137
3679;-0,6396;3679;-0,68294974166275246
3680;-0,63979999999999992;3680;-0,68365429779239084
3681;-0,64;3681;-0,68435885392202911
3682;-0,6402;3682;-0,68482855800845466
3683;-0,6404;3683;-0,68482855800845466
3684;-0,6406;3684;-0,68529826209488021
3685;-0,6408;3685;-0,68506341005166749
3686;-0,641;3686;-0,68482855800845466
3687;-0,6412;3687;-0,68482855800845466
3688;-0,6414;3688;-0,68482855800845466
3689;-0,64160000000000006;3689;-0,68482855800845466
3690;-0,6418;3690;-0,68482855800845466
3691;-0,642;3691;-0,68435885392202911
3692;-0,6422;3692;-0,68388914983560356
3693;-0,64240000000000008;3693;-0,68388914983560356
3694;-0,64260000000000006;3694;-0,68388914983560356
3695;-0,6428;3695;-0,68482855800845466
3696;-0,643;3696;-0,68576796618130575
3697;-0,6432;3697;-0,68694222639736968
3698;-0,6434;3698;-0,68694222639736968
3699;-0,6436;3699;-0,6871770784405824
3700;-0,64379999999999993;3700;-0,68741193048379523
3701;-0,644;3701;-0,68788163457022078
3702;-0,6442;3702;-0,68835133865664633
3703;-0,6444;3703;-0,68835133865664633
3704;-0,6446;3704;-0,6890558947862846
3705;-0,6448;3705;-0,69023015500234852
3706;-0,645;3706;-0,6909347111319869
3707;-0,6452;3707;-0,69163926726162517
3708;-0,6454;3708;-0,69163926726162517
3709;-0,64560000000000006;3709;-0,69163926726162517
3710;-0,6458;3710;-0,69163926726162517
3711;-0,646;3711;-0,69163926726162517
3712;-0,6462;3712;-0,69140441521841245
3713;-0,64640000000000009;3713;-0,69140441521841245
3714;-0,64660000000000006;3714;-0,691874119304838
3715;-0,6468;3715;-0,69163926726162517
3716;-0,647;3716;-0,6909347111319869
3717;-0,6472;3717;-0,69069985908877407
3718;-0,6474;3718;-0,69069985908877407
3719;-0,6476;3719;-0,69069985908877407
3720;-0,64779999999999993;3720;-0,69163926726162517
3721;-0,648;3721;-0,69234382339126355
3722;-0,6482;3722;-0,69328323156411464
3723;-0,6484;3723;-0,69328323156411464
3724;-0,6486;3724;-0,69351808360732736
3725;-0,6488;3725;-0,69375293565054019
3726;-0,649;3726;-0,69375293565054019
3727;-0,6492;3727;-0,694927195866604
3728;-0,6494;3728;-0,694927195866604
3729;-0,64960000000000007;3729;-0,69563175199624239
3730;-0,6498;3730;-0,6968060122123062
3731;-0,65;3731;-0,69751056834194458
3732;-0,6502;3732;-0,69821512447158285
3733;-0,6504;3733;-0,69821512447158285
3734;-0,65060000000000007;3734;-0,69821512447158285
3735;-0,6508;3735;-0,6977454203851573
3736;-0,651;3736;-0,69751056834194458
3737;-0,6512;3737;-0,69821512447158285
3738;-0,6514;3738;-0,69821512447158285
3739;-0,6516;3739;-0,69844997651479568
3740;-0,65179999999999993;3740;-0,69821512447158285
3741;-0,65199999999999991;3741;-0,6977454203851573
3742;-0,6522;3742;-0,69751056834194458
3743;-0,6524;3743;-0,69751056834194458
3744;-0,6526;3744;-0,69751056834194458
3745;-0,65279999999999994;3745;-0,69844997651479568
3746;-0,653;3746;-0,69891968060122123
3747;-0,6532;3747;-0,69915453264443406
3748;-0,6534;3748;-0,69915453264443406
3749;-0,6536;3749;-0,69915453264443406
3750;-0,6538;3750;-0,69915453264443406
3751;-0,654;3751;-0,69915453264443406
3752;-0,6542;3752;-0,70009394081728515
3753;-0,6544;3753;-0,70009394081728515
3754;-0,65460000000000007;3754;-0,70079849694692342
3755;-0,6548;3755;-0,70173790511977452
3756;-0,655;3756;-0,70220760920620007
3757;-0,6552;3757;-0,70220760920620007
3758;-0,6554;3758;-0,70220760920620007
3759;-0,6556;3759;-0,70220760920620007
3760;-0,65579999999999994;3760;-0,70220760920620007
3761;-0,65599999999999992;3761;-0,70197275716298735
3762;-0,6562;3762;-0,70197275716298735
3763;-0,6564;3763;-0,70197275716298735
3764;-0,6566;3764;-0,70220760920620007
3765;-0,65679999999999994;3765;-0,70173790511977452
3766;-0,657;3766;-0,70173790511977452
3767;-0,6572;3767;-0,70220760920620007
3768;-0,6574;3768;-0,70220760920620007
3769;-0,6576;3769;-0,70267731329262562
3770;-0,6578;3770;-0,70361672146547671
3771;-0,658;3771;-0,70455612963832781
3772;-0,6582;3772;-0,70502583372475336
3773;-0,6584;3773;-0,70502583372475336
3774;-0,65860000000000007;3774;-0,70502583372475336
3775;-0,6588;3775;-0,70526068576796619
3776;-0,659;3776;-0,70549553781117891
3777;-0,6592;3777;-0,70596524189760446
3778;-0,6594;3778;-0,70596524189760446
3779;-0,6596;3779;-0,70713950211366838
3780;-0,65979999999999994;3780;-0,70737435415688121
3781;-0,65999999999999992;3781;-0,70784405824330676
3782;-0,6602;3782;-0,70807891028651948
3783;-0,6604;3783;-0,70807891028651948
3784;-0,6606;3784;-0,70784405824330676
3785;-0,66079999999999994;3785;-0,70784405824330676
3786;-0,661;3786;-0,70760920620009393
3787;-0,6612;3787;-0,70713950211366838
3788;-0,6614;3788;-0,70713950211366838
3789;-0,6616;3789;-0,70713950211366838
3790;-0,6618;3790;-0,70643494598403012
3791;-0,662;3791;-0,70643494598403012
3792;-0,6622;3792;-0,70620009394081729
3793;-0,6624;3793;-0,70620009394081729
3794;-0,66260000000000008;3794;-0,70690465007045566
3795;-0,66280000000000006;3795;-0,70760920620009393
3796;-0,663;3796;-0,708548614372945
3797;-0,6632;3797;-0,70878346641615786
3798;-0,6634;3798;-0,70878346641615786
3799;-0,6636;3799;-0,70878346641615786
3800;-0,6638;3800;-0,70901831845937058
3801;-0,66399999999999992;3801;-0,70948802254579613
3802;-0,6642;3802;-0,71066228276186
3803;-0,6644;3803;-0,71066228276186
3804;-0,6646;3804;-0,71136683889149832
3805;-0,6648;3805;-0,71230624706434942
3806;-0,665;3806;-0,712775951150775
3807;-0,6652;3807;-0,7130108031939878
3808;-0,6654;3808;-0,7130108031939878
3809;-0,6656;3809;-0,71254109910756225
3810;-0,66580000000000006;3810;-0,71254109910756225
3811;-0,666;3811;-0,712775951150775
3812;-0,6662;3812;-0,71254109910756225
3813;-0,6664;3813;-0,71254109910756225
3814;-0,66660000000000008;3814;-0,71230624706434942
3815;-0,66680000000000006;3815;-0,71230624706434942
3816;-0,667;3816;-0,7120713950211367
3817;-0,6672;3817;-0,7120713950211367
3818;-0,6674;3818;-0,7120713950211367
3819;-0,6676;3819;-0,712775951150775
3820;-0,6678;3820;-0,71395021136683889
3821;-0,66799999999999993;3821;-0,71441991545326444
3822;-0,6682;3822;-0,71465476749647727
3823;-0,6684;3823;-0,71465476749647727
3824;-0,6686;3824;-0,71488961953969
3825;-0,6688;3825;-0,71488961953969
3826;-0,669;3826;-0,71582902771254109
3827;-0,6692;3827;-0,71676843588539219
3828;-0,6694;3828;-0,71676843588539219
3829;-0,6696;3829;-0,71770784405824328
3830;-0,66980000000000006;3830;-0,71841240018788166
3831;-0,67;3831;-0,71841240018788166
3832;-0,6702;3832;-0,71911695631751993
3833;-0,6704;3833;-0,71911695631751993
3834;-0,67060000000000008;3834;-0,71958666040394548
3835;-0,67080000000000006;3835;-0,71911695631751993
3836;-0,671;3836;-0,71935180836073276
3837;-0,6712;3837;-0,71935180836073276
3838;-0,6714;3838;-0,71935180836073276
3839;-0,6716;3839;-0,71888210427430721
3840;-0,6718;3840;-0,71841240018788166
3841;-0,67199999999999993;3841;-0,71817754814466883
3842;-0,6722;3842;-0,71817754814466883
3843;-0,6724;3843;-0,71817754814466883
3844;-0,6726;3844;-0,71911695631751993
3845;-0,6728;3845;-0,71982151244715831
3846;-0,673;3846;-0,72029121653358386
3847;-0,6732;3847;-0,7207609206200094
3848;-0,6734;3848;-0,7207609206200094
3849;-0,6736;3849;-0,72099577266322212
3850;-0,67380000000000007;3850;-0,72099577266322212
3851;-0,674;3851;-0,72193518083607322
3852;-0,6742;3852;-0,72310944105213715
3853;-0,6744;3853;-0,72310944105213715
3854;-0,67460000000000009;3854;-0,72310944105213715
3855;-0,67480000000000007;3855;-0,72404884922498824
3856;-0,675;3856;-0,72428370126820107
3857;-0,6752;3857;-0,72451855331141379
3858;-0,6754;3858;-0,72451855331141379
3859;-0,6756;3859;-0,72475340535462662
3860;-0,6758;3860;-0,72451855331141379
3861;-0,67599999999999993;3861;-0,72451855331141379
3862;-0,67619999999999991;3862;-0,72475340535462662
3863;-0,6764;3863;-0,72475340535462662
3864;-0,6766;3864;-0,72428370126820107
3865;-0,6768;3865;-0,72404884922498824
3866;-0,67699999999999994;3866;-0,72451855331141379
3867;-0,6772;3867;-0,72475340535462662
3868;-0,6774;3868;-0,72475340535462662
3869;-0,6776;3869;-0,72522310944105217
3870;-0,6778;3870;-0,726397369657116
3871;-0,678;3871;-0,72616251761390327
3872;-0,6782;3872;-0,726397369657116
3873;-0,6784;3873;-0,726397369657116
3874;-0,6786;3874;-0,72663222170032882
3875;-0,67880000000000007;3875;-0,72663222170032882
3876;-0,679;3876;-0,72780648191639263
3877;-0,6792;3877;-0,728511038046031
3878;-0,6794;3878;-0,728511038046031
3879;-0,6796;3879;-0,72874589008924373
3880;-0,6798;3880;-0,72945044621888211
3881;-0,67999999999999994;3881;-0,72992015030530766
3882;-0,68019999999999992;3882;-0,72968529826209483
3883;-0,6804;3883;-0,72968529826209483
3884;-0,6806;3884;-0,72968529826209483
3885;-0,6808;3885;-0,72968529826209483
3886;-0,68099999999999994;3886;-0,72968529826209483
3887;-0,6812;3887;-0,72968529826209483
3888;-0,6814;3888;-0,72968529826209483
3889;-0,6816;3889;-0,72945044621888211
3890;-0,6818;3890;-0,72945044621888211
3891;-0,682;3891;-0,72945044621888211
3892;-0,6822;3892;-0,72992015030530766
3893;-0,6824;3893;-0,72992015030530766
3894;-0,6826;3894;-0,730624706434946
3895;-0,68280000000000007;3895;-0,73179896665100985
3896;-0,683;3896;-0,73179896665100985
3897;-0,6832;3897;-0,73179896665100985
3898;-0,6834;3898;-0,73179896665100985
3899;-0,6836;3899;-0,73203381869422268
3900;-0,6838;3900;-0,732738374823861
3901;-0,68399999999999994;3901;-0,73344293095349933
3902;-0,68419999999999992;3902;-0,73391263503992488
3903;-0,6844;3903;-0,73391263503992488
3904;-0,6846;3904;-0,734852043212776
3905;-0,6848;3905;-0,73532174729920152
3906;-0,68499999999999994;3906;-0,73508689525598869
3907;-0,6852;3907;-0,73532174729920152
3908;-0,6854;3908;-0,73532174729920152
3909;-0,6856;3909;-0,73532174729920152
3910;-0,6858;3910;-0,73508689525598869
3911;-0,686;3911;-0,73508689525598869
3912;-0,6862;3912;-0,734852043212776
3913;-0,6864;3913;-0,734852043212776
3914;-0,6866;3914;-0,73461719116956314
3915;-0,68680000000000008;3915;-0,73461719116956314
3916;-0,687;3916;-0,73461719116956314
3917;-0,6872;3917;-0,73555659934241424
3918;-0,6874;3918;-0,73649600751526534
3919;-0,6876;3919;-0,73649600751526534
3920;-0,6878;3920;-0,73720056364490372
3921;-0,688;3921;-0,73743541568811644
3922;-0,68819999999999992;3922;-0,737905119774542
3923;-0,6884;3923;-0,73813997181775481
3924;-0,6886;3924;-0,73813997181775481
3925;-0,6888;3925;-0,73884452794739319
3926;-0,689;3926;-0,740018788163457
3927;-0,6892;3927;-0,74025364020666984
3928;-0,6894;3928;-0,74095819633630811
3929;-0,6896;3929;-0,74095819633630811
3930;-0,6898;3930;-0,74166275246594648
3931;-0,69000000000000006;3931;-0,7418976045091592
3932;-0,6902;3932;-0,74236730859558475
3933;-0,6904;3933;-0,74236730859558475
3934;-0,6906;3934;-0,74236730859558475
3935;-0,69080000000000008;3935;-0,74260216063879758
3936;-0,69100000000000006;3936;-0,74307186472522313
3937;-0,6912;3937;-0,74236730859558475
3938;-0,6914;3938;-0,742132456552372
3939;-0,6916;3939;-0,742132456552372
3940;-0,6918;3940;-0,7418976045091592
3941;-0,692;3941;-0,742132456552372
3942;-0,69219999999999993;3942;-0,74307186472522313
3943;-0,6924;3943;-0,7437764208548614
3944;-0,6926;3944;-0,7437764208548614
3945;-0,6928;3945;-0,74401127289807423
3946;-0,693;3946;-0,74401127289807423
3947;-0,6932;3947;-0,74401127289807423
3948;-0,6934;3948;-0,74401127289807423
3949;-0,6936;3949;-0,74401127289807423
3950;-0,6938;3950;-0,745185533114138
3951;-0,69400000000000006;3951;-0,74612494128698925
3952;-0,6942;3952;-0,74612494128698925
3953;-0,6944;3953;-0,74682949741662752
3954;-0,6946;3954;-0,74682949741662752
3955;-0,69480000000000008;3955;-0,7465946453734148
3956;-0,69500000000000006;3956;-0,7465946453734148
3957;-0,6952;3957;-0,7465946453734148
3958;-0,6954;3958;-0,74612494128698925
3959;-0,6956;3959;-0,74612494128698925
3960;-0,6958;3960;-0,74589008924377642
3961;-0,696;3961;-0,74589008924377642
3962;-0,69619999999999993;3962;-0,74542038515735087
3963;-0,6964;3963;-0,745185533114138
3964;-0,6966;3964;-0,745185533114138
3965;-0,6968;3965;-0,745185533114138
3966;-0,697;3966;-0,74565523720056359
3967;-0,6972;3967;-0,7465946453734148
3968;-0,6974;3968;-0,74729920150305307
3969;-0,6976;3969;-0,74729920150305307
3970;-0,6978;3970;-0,7475340535462659
3971;-0,69800000000000006;3971;-0,74729920150305307
3972;-0,6982;3972;-0,7475340535462659
3973;-0,6984;3973;-0,74776890558947862
3974;-0,6986;3974;-0,74776890558947862
3975;-0,69880000000000009;3975;-0,74870831376232971
3976;-0,69900000000000007;3976;-0,74941286989196809
3977;-0,6992;3977;-0,75011742602160636
3978;-0,6994;3978;-0,75058713010803191
3979;-0,6996;3979;-0,75058713010803191
3980;-0,6998;3980;-0,75082198215124474
3981;-0,7;3981;-0,75082198215124474
3982;-0,70019999999999993;3982;-0,75082198215124474
3983;-0,70039999999999991;3983;-0,75058713010803191
3984;-0,7006;3984;-0,75058713010803191
3985;-0,7008;3985;-0,75011742602160636
3986;-0,701;3986;-0,75011742602160636
3987;-0,70119999999999993;3987;-0,74964772193518081
3988;-0,7014;3988;-0,74941286989196809
3989;-0,7016;3989;-0,74941286989196809
3990;-0,7018;3990;-0,74941286989196809
3991;-0,702;3991;-0,75035227806481919
3992;-0,7022;3992;-0,75129168623767029
3993;-0,7024;3993;-0,75223109441052138
3994;-0,7026;3994;-0,75223109441052138
3995;-0,7028;3995;-0,7524659464537341
3996;-0,70300000000000007;3996;-0,75270079849694693
3997;-0,7032;3997;-0,75293565054015965
3998;-0,7034;3998;-0,75387505871301075
3999;-0,7036;3999;-0,75387505871301075
4000;-0,7038;4000;-0,754814466885862
4001;-0,704;4001;-0,75598872710192577
4002;-0,70419999999999994;4002;-0,75692813527477687
4003;-0,70439999999999992;4003;-0,75763269140441525
4004;-0,7046;4004;-0,75763269140441525
4005;-0,7048;4005;-0,7581023954908408
4006;-0,705;4006;-0,7581023954908408
4007;-0,70519999999999994;4007;-0,7581023954908408
4008;-0,7054;4008;-0,7581023954908408
4009;-0,7056;4009;-0,7581023954908408
4010;-0,7058;4010;-0,7581023954908408
4011;-0,706;4011;-0,757867543447628
4012;-0,7062;4012;-0,75739783936120242
4013;-0,7064;4013;-0,7571629873179897
4014;-0,7066;4014;-0,7571629873179897
4015;-0,7068;4015;-0,757867543447628
4016;-0,70700000000000007;4016;-0,75880695162047906
4017;-0,7072;4017;-0,75974635979333016
4018;-0,7074;4018;-0,76045091592296854
4019;-0,7076;4019;-0,76045091592296854
4020;-0,7078;4020;-0,76045091592296854
4021;-0,708;4021;-0,76045091592296854
4022;-0,70819999999999994;4022;-0,76045091592296854
4023;-0,70839999999999992;4023;-0,76139032409581964
4024;-0,7086;4024;-0,76139032409581964
4025;-0,7088;4025;-0,76232973226867073
4026;-0,709;4026;-0,76326914044152183
4027;-0,70919999999999994;4027;-0,76397369657116021
4028;-0,7094;4028;-0,76444340065758576
4029;-0,7096;4029;-0,76444340065758576
4030;-0,7098;4030;-0,76467825270079848
4031;-0,71;4031;-0,765147956787224
4032;-0,7102;4032;-0,765147956787224
4033;-0,7104;4033;-0,76491310474401131
4034;-0,7106;4034;-0,76491310474401131
4035;-0,7108;4035;-0,76467825270079848
4036;-0,71100000000000008;4036;-0,76420854861437293
4037;-0,7112;4037;-0,76397369657116021
4038;-0,7114;4038;-0,76397369657116021
4039;-0,7116;4039;-0,76397369657116021
4040;-0,7118;4040;-0,76397369657116021
4041;-0,712;4041;-0,76467825270079848
4042;-0,71219999999999994;4042;-0,7658525129168624
4043;-0,71239999999999992;4043;-0,7658525129168624
4044;-0,7126;4044;-0,7658525129168624
4045;-0,7128;4045;-0,76608736496007512
4046;-0,713;4046;-0,76608736496007512
4047;-0,7132;4047;-0,76608736496007512
4048;-0,7134;4048;-0,7667919210897135
4049;-0,7136;4049;-0,7667919210897135
4050;-0,7138;4050;-0,7677313292625646
4051;-0,714;4051;-0,76796618130577732
4052;-0,71420000000000006;4052;-0,76843588539220287
4053;-0,7144;4053;-0,76914044152184124
4054;-0,7146;4054;-0,76914044152184124
4055;-0,7148;4055;-0,76914044152184124
4056;-0,71500000000000008;4056;-0,7686707374354157
4057;-0,71520000000000006;4057;-0,76843588539220287
4058;-0,7154;4058;-0,7686707374354157
4059;-0,7156;4059;-0,7686707374354157
4060;-0,7158;4060;-0,76914044152184124
4061;-0,716;4061;-0,7686707374354157
4062;-0,7162;4062;-0,76843588539220287
4063;-0,71639999999999993;4063;-0,7686707374354157
4064;-0,7166;4064;-0,7686707374354157
4065;-0,7168;4065;-0,76914044152184124
4066;-0,717;4066;-0,76984499765147962
4067;-0,7172;4067;-0,77101925786754344
4068;-0,7174;4068;-0,77101925786754344
4069;-0,7176;4069;-0,77101925786754344
4070;-0,7178;4070;-0,77101925786754344
4071;-0,718;4071;-0,77125410991075627
4072;-0,71820000000000006;4072;-0,771488961953969
4073;-0,7184;4073;-0,77242837012682009
4074;-0,7186;4074;-0,77242837012682009
4075;-0,7188;4075;-0,77313292625645846
4076;-0,71900000000000008;4076;-0,773602630342884
4077;-0,71920000000000006;4077;-0,77454203851573511
4078;-0,7194;4078;-0,77454203851573511
4079;-0,7196;4079;-0,77454203851573511
4080;-0,7198;4080;-0,77430718647252228
4081;-0,72;4081;-0,77383748238609673
4082;-0,7202;4082;-0,773602630342884
4083;-0,72039999999999993;4083;-0,77313292625645846
4084;-0,7206;4084;-0,77313292625645846
4085;-0,7208;4085;-0,77313292625645846
4086;-0,721;4086;-0,77289807421324563
4087;-0,7212;4087;-0,77266322217003292
4088;-0,7214;4088;-0,77242837012682009
4089;-0,7216;4089;-0,77242837012682009
4090;-0,7218;4090;-0,77313292625645846
4091;-0,722;4091;-0,77383748238609673
4092;-0,72220000000000006;4092;-0,77454203851573511
4093;-0,7224;4093;-0,77477689055894783
4094;-0,7226;4094;-0,77477689055894783
4095;-0,7228;4095;-0,77501174260216066
4096;-0,72300000000000009;4096;-0,77501174260216066
4097;-0,72320000000000007;4097;-0,77548144668858621
4098;-0,7234;4098;-0,7764208548614373
4099;-0,7236;4099;-0,7764208548614373
4100;-0,7238;4100;-0,77759511507750112
4101;-0,724;4101;-0,77806481916392678
4102;-0,7242;4102;-0,778769375293565
4103;-0,72439999999999993;4103;-0,77900422733677788
4104;-0,7246;4104;-0,77900422733677788
4105;-0,7248;4105;-0,77970878346641614
4106;-0,725;4106;-0,77970878346641614
4107;-0,7252;4107;-0,77970878346641614
4108;-0,72539999999999993;4108;-0,77970878346641614
4109;-0,7256;4109;-0,77970878346641614
4110;-0,7258;4110;-0,77947393142320343
4111;-0,726;4111;-0,77900422733677788
4112;-0,7262;4112;-0,77900422733677788
4113;-0,7264;4113;-0,77970878346641614
4114;-0,7266;4114;-0,77970878346641614
4115;-0,7268;4115;-0,78041333959605452
4116;-0,727;4116;-0,78135274776890562
4117;-0,72720000000000007;4117;-0,78182245185533117
4118;-0,7274;4118;-0,78205730389854389
4119;-0,7276;4119;-0,78205730389854389
4120;-0,7278;4120;-0,78229215594175672
4121;-0,728;4121;-0,78252700798496944
4122;-0,7282;4122;-0,78346641615782053
4123;-0,72839999999999994;4123;-0,78417097228745891
4124;-0,72859999999999991;4124;-0,78417097228745891
4125;-0,7288;4125;-0,78417097228745891
4126;-0,729;4126;-0,78487552841709718
4127;-0,7292;4127;-0,78534523250352273
4128;-0,72939999999999994;4128;-0,78558008454673556
4129;-0,7296;4129;-0,78558008454673556
4130;-0,7298;4130;-0,78558008454673556
4131;-0,73;4131;-0,78534523250352273
4132;-0,7302;4132;-0,78534523250352273
4133;-0,7304;4133;-0,78487552841709718
4134;-0,7306;4134;-0,78487552841709718
4135;-0,7308;4135;-0,78417097228745891
4136;-0,731;4136;-0,78417097228745891
4137;-0,73120000000000007;4137;-0,78393612024424608
4138;-0,7314;4138;-0,78393612024424608
4139;-0,7316;4139;-0,78393612024424608
4140;-0,7318;4140;-0,78487552841709718
4141;-0,732;4141;-0,78558008454673556
4142;-0,7322;4142;-0,78581493658994839
4143;-0,73239999999999994;4143;-0,78581493658994839
4144;-0,73259999999999992;4144;-0,78581493658994839
4145;-0,7328;4145;-0,78628464067637394
4146;-0,733;4146;-0,78651949271958665
4147;-0,7332;4147;-0,787224048849225
4148;-0,73339999999999994;4148;-0,78839830906528885
4149;-0,7336;4149;-0,78839830906528885
4150;-0,7338;4150;-0,7888680131517144
4151;-0,734;4151;-0,7898074213245655
4152;-0,7342;4152;-0,790277125410991
4153;-0,7344;4153;-0,79051197745420387
4154;-0,7346;4154;-0,79051197745420387
4155;-0,7348;4155;-0,790277125410991
4156;-0,735;4156;-0,79004227336777832
4157;-0,73520000000000008;4157;-0,79004227336777832
4158;-0,7354;4158;-0,79004227336777832
4159;-0,7356;4159;-0,79004227336777832
4160;-0,7358;4160;-0,7898074213245655
4161;-0,736;4161;-0,78933771723814
4162;-0,7362;4162;-0,78933771723814
4163;-0,73639999999999994;4163;-0,79004227336777832
4164;-0,73659999999999992;4164;-0,79004227336777832
4165;-0,7368;4165;-0,79074682949741659
4166;-0,737;4166;-0,79168623767026769
4167;-0,7372;4167;-0,79192108971348052
4168;-0,73739999999999994;4168;-0,79192108971348052
4169;-0,7376;4169;-0,79192108971348052
4170;-0,7378;4170;-0,79192108971348052
4171;-0,738;4171;-0,79192108971348052
4172;-0,7382;4172;-0,79262564584311879
4173;-0,73840000000000006;4173;-0,79356505401596988
4174;-0,7386;4174;-0,79356505401596988
4175;-0,7388;4175;-0,79426961014560826
4176;-0,739;4176;-0,79497416627524664
4177;-0,73920000000000008;4177;-0,79544387036167219
4178;-0,73940000000000006;4178;-0,79520901831845936
4179;-0,7396;4179;-0,79520901831845936
4180;-0,7398;4180;-0,79520901831845936
4181;-0,74;4181;-0,79544387036167219
4182;-0,7402;4182;-0,79520901831845936
4183;-0,7404;4183;-0,79520901831845936
4184;-0,74059999999999993;4184;-0,79520901831845936
4185;-0,7408;4185;-0,79544387036167219
4186;-0,741;4186;-0,79520901831845936
4187;-0,7412;4187;-0,79520901831845936
4188;-0,7414;4188;-0,79591357444809774
4189;-0,7416;4189;-0,79591357444809774
4190;-0,7418;4190;-0,79708783466416155
4191;-0,742;4191;-0,79779239079379993
4192;-0,7422;4192;-0,79802724283701265
4193;-0,74240000000000006;4193;-0,79802724283701265
4194;-0,7426;4194;-0,7984969469234382
4195;-0,7428;4195;-0,7984969469234382
4196;-0,743;4196;-0,79920150305307658
4197;-0,74320000000000008;4197;-0,80014091122592768
4198;-0,74340000000000006;4198;-0,80108031939877877
4199;-0,7436;4199;-0,80108031939877877
4200;-0,7438;4200;-0,80155002348520432
4201;-0,744;4201;-0,80201972757162987
4202;-0,7442;4202;-0,80248943165805542
4203;-0,7444;4203;-0,802959135744481
4204;-0,74459999999999993;4204;-0,802959135744481
4205;-0,7448;4205;-0,8022545796148427
4206;-0,745;4206;-0,8022545796148427
4207;-0,7452;4207;-0,8022545796148427
4208;-0,7454;4208;-0,80155002348520432
4209;-0,7456;4209;-0,80155002348520432
4210;-0,7458;4210;-0,80131517144199149
4211;-0,746;4211;-0,80108031939877877
4212;-0,7462;4212;-0,80108031939877877
4213;-0,74640000000000006;4213;-0,8022545796148427
4214;-0,7466;4214;-0,8022545796148427
4215;-0,7468;4215;-0,8031939877876938
4216;-0,747;4216;-0,80366369187411935
4217;-0,74720000000000009;4217;-0,80389854391733206
4218;-0,74740000000000006;4218;-0,80389854391733206
4219;-0,7476;4219;-0,80389854391733206
4220;-0,7478;4220;-0,80413339596054489
4221;-0,748;4221;-0,80530765617660871
4222;-0,7482;4222;-0,80601221230624709
4223;-0,7484;4223;-0,80601221230624709
4224;-0,74859999999999993;4224;-0,80601221230624709
4225;-0,7488;4225;-0,80648191639267264
4226;-0,749;4226;-0,80671676843588536
4227;-0,7492;4227;-0,80742132456552373
4228;-0,7494;4228;-0,80742132456552373
4229;-0,7496;4229;-0,80742132456552373
4230;-0,7498;4230;-0,80742132456552373
4231;-0,75;4231;-0,80742132456552373
4232;-0,7502;4232;-0,80765617660873645
4233;-0,7504;4233;-0,8071864725223109
4234;-0,7506;4234;-0,8071864725223109
4235;-0,7508;4235;-0,80671676843588536
4236;-0,751;4236;-0,80671676843588536
4237;-0,7512;4237;-0,80671676843588536
4238;-0,75140000000000007;4238;-0,80765617660873645
4239;-0,7516;4239;-0,80765617660873645
4240;-0,7518;4240;-0,80836073273837483
4241;-0,752;4241;-0,80883043682480038
4242;-0,7522;4242;-0,80883043682480038
4243;-0,7524;4243;-0,8090652888680131
4244;-0,75259999999999994;4244;-0,80930014091122593
4245;-0,75279999999999991;4245;-0,80930014091122593
4246;-0,753;4246;-0,81047440112728986
4247;-0,7532;4247;-0,81117895725692812
4248;-0,7534;4248;-0,81164866134335367
4249;-0,75359999999999994;4249;-0,8118835133865665
4250;-0,7538;4250;-0,8118835133865665
4251;-0,754;4251;-0,812353217472992
4252;-0,7542;4252;-0,812353217472992
4253;-0,7544;4253;-0,812353217472992
4254;-0,7546;4254;-0,812353217472992
4255;-0,7548;4255;-0,812353217472992
4256;-0,755;4256;-0,81164866134335367
4257;-0,7552;4257;-0,8118835133865665
4258;-0,75540000000000007;4258;-0,811413809300141
4259;-0,7556;4259;-0,81164866134335367
4260;-0,7558;4260;-0,81164866134335367
4261;-0,756;4261;-0,811413809300141
4262;-0,7562;4262;-0,81164866134335367
4263;-0,7564;4263;-0,81258806951620477
4264;-0,75659999999999994;4264;-0,81352747768905587
4265;-0,75679999999999992;4265;-0,81352747768905587
4266;-0,757;4266;-0,81352747768905587
4267;-0,7572;4267;-0,81399718177548142
4268;-0,7574;4268;-0,81423203381869425
4269;-0,75759999999999994;4269;-0,81470173790511979
4270;-0,7578;4270;-0,81470173790511979
4271;-0,758;4271;-0,81587599812118361
4272;-0,7582;4272;-0,816580554250822
4273;-0,7584;4273;-0,81705025833724754
4274;-0,7586;4274;-0,81775481446688592
4275;-0,7588;4275;-0,81775481446688592
4276;-0,759;4276;-0,81845937059652418
4277;-0,7592;4277;-0,81845937059652418
4278;-0,75940000000000007;4278;-0,81845937059652418
4279;-0,7596;4279;-0,81798966651009863
4280;-0,7598;4280;-0,81798966651009863
4281;-0,76;4281;-0,818694222639737
4282;-0,7602;4282;-0,81916392672616256
4283;-0,7604;4283;-0,818694222639737
4284;-0,76059999999999994;4284;-0,81845937059652418
4285;-0,76079999999999992;4285;-0,81845937059652418
4286;-0,761;4286;-0,81822451855331146
4287;-0,7612;4287;-0,81916392672616256
4288;-0,7614;4288;-0,81986848285580083
4289;-0,76159999999999994;4289;-0,82080789102865193
4290;-0,7618;4290;-0,82080789102865193
4291;-0,762;4291;-0,82080789102865193
4292;-0,7622;4292;-0,82104274307186476
4293;-0,7624;4293;-0,82127759511507747
4294;-0,76260000000000006;4294;-0,82198215124471585
4295;-0,7628;4295;-0,82198215124471585
4296;-0,763;4296;-0,822921559417567
4297;-0,7632;4297;-0,82362611554720522
4298;-0,76340000000000008;4298;-0,8243306716768436
4299;-0,76360000000000006;4299;-0,82503522780648186
4300;-0,7638;4300;-0,82503522780648186
4301;-0,764;4301;-0,82456552372005631
4302;-0,7642;4302;-0,82503522780648186
4303;-0,7644;4303;-0,82480037576326914
4304;-0,7646;4304;-0,82480037576326914
4305;-0,76479999999999992;4305;-0,82480037576326914
4306;-0,765;4306;-0,82480037576326914
4307;-0,7652;4307;-0,82456552372005631
4308;-0,7654;4308;-0,8243306716768436
4309;-0,7656;4309;-0,82456552372005631
4310;-0,7658;4310;-0,82456552372005631
4311;-0,766;4311;-0,82456552372005631
4312;-0,7662;4312;-0,82527007984969469
4313;-0,7664;4313;-0,82620948802254579
4314;-0,76660000000000006;4314;-0,82644434006575862
4315;-0,7668;4315;-0,82644434006575862
4316;-0,767;4316;-0,82667919210897134
4317;-0,7672;4317;-0,82667919210897134
4318;-0,76740000000000008;4318;-0,82667919210897134
4319;-0,76760000000000006;4319;-0,82738374823860972
4320;-0,7678;4320;-0,82738374823860972
4321;-0,768;4321;-0,82832315641146081
4322;-0,7682;4322;-0,82855800845467353
4323;-0,7684;4323;-0,82902771254109908
4324;-0,7686;4324;-0,82973226867073746
4325;-0,76879999999999993;4325;-0,82973226867073746
4326;-0,769;4326;-0,82996712071395018
4327;-0,7692;4327;-0,82996712071395018
4328;-0,7694;4328;-0,82973226867073746
4329;-0,7696;4329;-0,82879286049788636
4330;-0,7698;4330;-0,82879286049788636
4331;-0,77;4331;-0,82902771254109908
4332;-0,7702;4332;-0,82855800845467353
4333;-0,7704;4333;-0,82832315641146081
4334;-0,77060000000000006;4334;-0,82879286049788636
4335;-0,7708;4335;-0,82879286049788636
4336;-0,771;4336;-0,82879286049788636
4337;-0,7712;4337;-0,82996712071395018
4338;-0,77140000000000009;4338;-0,83067167684358856
4339;-0,77160000000000006;4339;-0,83067167684358856
4340;-0,7718;4340;-0,83067167684358856
4341;-0,772;4341;-0,83090652888680128
4342;-0,7722;4342;-0,83090652888680128
4343;-0,7724;4343;-0,83137623297322683
4344;-0,7726;4344;-0,8320807891028652
4345;-0,77279999999999993;4345;-0,8320807891028652
4346;-0,773;4346;-0,8330201972757163
4347;-0,7732;4347;-0,83372475340535468
4348;-0,7734;4348;-0,83466416157820578
4349;-0,7736;4349;-0,83513386566463133
4350;-0,7738;4350;-0,83513386566463133
4351;-0,774;4351;-0,83513386566463133
4352;-0,7742;4352;-0,8348990136214185
4353;-0,7744;4353;-0,83466416157820578
4354;-0,77460000000000007;4354;-0,83372475340535468
4355;-0,7748;4355;-0,83372475340535468
4356;-0,775;4356;-0,83419445749178023
4357;-0,7752;4357;-0,83372475340535468
4358;-0,7754;4358;-0,83348990136214185
4359;-0,77560000000000007;4359;-0,83348990136214185
4360;-0,7758;4360;-0,83348990136214185
4361;-0,776;4361;-0,8339596054485674
4362;-0,7762;4362;-0,83513386566463133
4363;-0,7764;4363;-0,83583842179426959
4364;-0,7766;4364;-0,83583842179426959
4365;-0,77679999999999993;4365;-0,83583842179426959
4366;-0,77699999999999991;4366;-0,83607327383748242
4367;-0,7772;4367;-0,83607327383748242
4368;-0,7774;4368;-0,83677782996712069
4369;-0,7776;4369;-0,83748238609675907
4370;-0,77779999999999994;4370;-0,83748238609675907
4371;-0,778;4371;-0,83842179426961017
4372;-0,7782;4372;-0,83912635039924843
4373;-0,7784;4373;-0,84006575857209953
4374;-0,7786;4374;-0,84053546265852508
4375;-0,7788;4375;-0,84053546265852508
4376;-0,779;4376;-0,84100516674495063
4377;-0,7792;4377;-0,84100516674495063
4378;-0,7794;4378;-0,84077031470173791
4379;-0,77960000000000007;4379;-0,84077031470173791
4380;-0,7798;4380;-0,84077031470173791
4381;-0,78;4381;-0,84053546265852508
4382;-0,7802;4382;-0,84030061061531236
4383;-0,7804;4383;-0,84030061061531236
4384;-0,7806;4384;-0,84077031470173791
4385;-0,78079999999999994;4385;-0,84077031470173791
4386;-0,78099999999999992;4386;-0,841709722874589
4387;-0,7812;4387;-0,84241427900422738
4388;-0,7814;4388;-0,84288398309065293
4389;-0,7816;4389;-0,84288398309065293
4390;-0,78179999999999994;4390;-0,84288398309065293
4391;-0,782;4391;-0,84335368717707848
4392;-0,7822;4392;-0,8435885392202912
4393;-0,7824;4393;-0,84405824330671675
4394;-0,7826;4394;-0,84499765147956785
4395;-0,7828;4395;-0,84499765147956785
4396;-0,783;4396;-0,84499765147956785
4397;-0,7832;4397;-0,84570220760920622
4398;-0,7834;4398;-0,84617191169563177
4399;-0,78360000000000007;4399;-0,84640676373884449
4400;-0,7838;4400;-0,84640676373884449
4401;-0,784;4401;-0,84711131986848287
4402;-0,7842;4402;-0,84687646782527
4403;-0,7844;4403;-0,84734617191169559
4404;-0,7846;4404;-0,84687646782527
4405;-0,78479999999999994;4405;-0,84687646782527
4406;-0,78499999999999992;4406;-0,84617191169563177
4407;-0,7852;4407;-0,84617191169563177
4408;-0,7854;4408;-0,84593705965241894
4409;-0,7856;4409;-0,84593705965241894
4410;-0,78579999999999994;4410;-0,84593705965241894
4411;-0,786;4411;-0,84687646782527
4412;-0,7862;4412;-0,84758102395490842
4413;-0,7864;4413;-0,84781587599812114
4414;-0,7866;4414;-0,848050728041334
4415;-0,7868;4415;-0,848050728041334
4416;-0,787;4416;-0,848050728041334
4417;-0,7872;4417;-0,848050728041334
4418;-0,7874;4418;-0,84922498825739789
4419;-0,78760000000000008;4419;-0,84992954438703616
4420;-0,78780000000000006;4420;-0,84992954438703616
4421;-0,788;4421;-0,84992954438703616
4422;-0,7882;4422;-0,85063410051667454
4423;-0,7884;4423;-0,85039924847346171
4424;-0,7886;4424;-0,85039924847346171
4425;-0,7888;4425;-0,85039924847346171
4426;-0,78899999999999992;4426;-0,85039924847346171
4427;-0,7892;4427;-0,84969469234382344
4428;-0,7894;4428;-0,85039924847346171
4429;-0,7896;4429;-0,85039924847346171
4430;-0,7898;4430;-0,85039924847346171
4431;-0,79;4431;-0,84969469234382344
4432;-0,7902;4432;-0,84945984030061061
4433;-0,7904;4433;-0,84922498825739789
4434;-0,7906;4434;-0,84922498825739789
4435;-0,79080000000000006;4435;-0,84922498825739789
4436;-0,791;4436;-0,85039924847346171
4437;-0,7912;4437;-0,85110380460310009
4438;-0,7914;4438;-0,85110380460310009
4439;-0,79160000000000008;4439;-0,85110380460310009
4440;-0,79180000000000006;4440;-0,85110380460310009
4441;-0,792;4441;-0,85133865664631281
4442;-0,7922;4442;-0,85133865664631281
4443;-0,7924;4443;-0,85227806481916391
4444;-0,7926;4444;-0,85298262094880228
4445;-0,7928;4445;-0,85298262094880228
4446;-0,79299999999999993;4446;-0,85392202912165338
4447;-0,7932;4447;-0,8541568811648661
4448;-0,7934;4448;-0,8541568811648661
4449;-0,7936;4449;-0,85462658525129165
4450;-0,7938;4450;-0,85462658525129165
4451;-0,794;4451;-0,85439173320807893
4452;-0,7942;4452;-0,8541568811648661
4453;-0,7944;4453;-0,8541568811648661
4454;-0,7946;4454;-0,85462658525129165
4455;-0,79480000000000006;4455;-0,85462658525129165
4456;-0,795;4456;-0,8541568811648661
4457;-0,7952;4457;-0,85392202912165338
4458;-0,7954;4458;-0,8541568811648661
4459;-0,79560000000000008;4459;-0,85462658525129165
4460;-0,79580000000000006;4460;-0,85462658525129165
4461;-0,796;4461;-0,85580084546735558
4462;-0,7962;4462;-0,85674025364020667
4463;-0,7964;4463;-0,85674025364020667
4464;-0,7966;4464;-0,85720995772663222
4465;-0,7968;4465;-0,85720995772663222
4466;-0,79699999999999993;4466;-0,857444809769845
4467;-0,7972;4467;-0,85814936589948332
4468;-0,7974;4468;-0,85932362611554725
4469;-0,7976;4469;-0,85955847815876
4470;-0,7978;4470;-0,85955847815876
4471;-0,798;4471;-0,86073273837482389
4472;-0,7982;4472;-0,86120244246124944
4473;-0,7984;4473;-0,861672146547675
4474;-0,7986;4474;-0,86237670267731326
4475;-0,79880000000000007;4475;-0,86237670267731326
4476;-0,799;4476;-0,86237670267731326
4477;-0,7992;4477;-0,8628464067637388
4478;-0,7994;4478;-0,86261155472052609
4479;-0,79960000000000009;4479;-0,86261155472052609
4480;-0,79980000000000007;4480;-0,86261155472052609
4481;-0,8;4481;-0,86261155472052609
4482;-0,8002;4482;-0,86237670267731326
4483;-0,8004;4483;-0,86261155472052609
4484;-0,8006;4484;-0,86331611085016435
4485;-0,8008;4485;-0,86331611085016435
4486;-0,80099999999999993;4486;-0,86425551902301545
4487;-0,8012;4487;-0,864725223109441
4488;-0,80139999999999989;4488;-0,864725223109441
4489;-0,8016;4489;-0,86496007515265383
4490;-0,80180000000000007;4490;-0,86496007515265383
4491;-0,80199999999999994;4491;-0,864725223109441
4492;-0,8022;4492;-0,86542977923907938
4493;-0,80239999999999989;4493;-0,86636918741193047
4494;-0,8026;4494;-0,86636918741193047
4495;-0,80280000000000007;4495;-0,86636918741193047
4496;-0,80299999999999994;4496;-0,8666040394551433
4497;-0,8032;4497;-0,86636918741193047
4498;-0,80340000000000011;4498;-0,8666040394551433
4499;-0,8036;4499;-0,86636918741193047
4500;-0,80380000000000007;4500;-0,86636918741193047
4501;-0,80399999999999994;4501;-0,86542977923907938
4502;-0,8042;4502;-0,86519492719586666
4503;-0,8044;4503;-0,86496007515265383
4504;-0,8046;4504;-0,864725223109441
4505;-0,8048;4505;-0,864725223109441
4506;-0,805;4506;-0,86425551902301545
4507;-0,80519999999999992;4507;-0,86425551902301545
4508;-0,8054;4508;-0,86402066697980273
4509;-0,80559999999999987;4509;-0,864725223109441
4510;-0,8058;4510;-0,864725223109441
4511;-0,806;4511;-0,86589948332550493
4512;-0,80619999999999992;4512;-0,86589948332550493
4513;-0,8064;4513;-0,86613433536871776
4514;-0,80660000000000009;4514;-0,86636918741193047
4515;-0,8068;4515;-0,86636918741193047
4516;-0,807;4516;-0,8666040394551433
4517;-0,80719999999999992;4517;-0,8675434476279944
4518;-0,8074;4518;-0,8684828558008455
4519;-0,8076000000000001;4519;-0,8694222639736966
4520;-0,8078;4520;-0,8694222639736966
4521;-0,808;4521;-0,87012682010333486
4522;-0,8082;4522;-0,87059652418976041
4523;-0,8084;4523;-0,871066228276186
4524;-0,8086;4524;-0,871066228276186
4525;-0,8088;4525;-0,871066228276186
4526;-0,80899999999999994;4526;-0,87059652418976041
4527;-0,8092;4527;-0,87059652418976041
4528;-0,8093999999999999;4528;-0,87130108031939879
4529;-0,8096;4529;-0,871066228276186
4530;-0,80980000000000008;4530;-0,871066228276186
4531;-0,80999999999999994;4531;-0,87059652418976041
4532;-0,8102;4532;-0,87036167214654769
4533;-0,8103999999999999;4533;-0,871066228276186
4534;-0,8106;4534;-0,87177078440582434
4535;-0,81080000000000008;4535;-0,87177078440582434
4536;-0,81099999999999994;4536;-0,87294504462188816
4537;-0,8112;4537;-0,87294504462188816
4538;-0,81140000000000012;4538;-0,87294504462188816
4539;-0,8116;4539;-0,873179896665101
4540;-0,81180000000000008;4540;-0,873179896665101
4541;-0,81199999999999994;4541;-0,87341474870831382
4542;-0,8122;4542;-0,87411930483795208
4543;-0,8124;4543;-0,87482386096759046
4544;-0,8126;4544;-0,87552841709722873
4545;-0,8128;4545;-0,87552841709722873
4546;-0,81300000000000006;4546;-0,87623297322686711
4547;-0,81319999999999992;4547;-0,87670267731329266
4548;-0,8134;4548;-0,87670267731329266
4549;-0,81359999999999988;4549;-0,87670267731329266
4550;-0,8138;4550;-0,87670267731329266
4551;-0,81400000000000006;4551;-0,87646782527007983
4552;-0,81419999999999992;4552;-0,87646782527007983
4553;-0,8144;4553;-0,87646782527007983
4554;-0,8146000000000001;4554;-0,87623297322686711
4555;-0,8148;4555;-0,87623297322686711
4556;-0,81500000000000006;4556;-0,87576326914044156
4557;-0,81519999999999992;4557;-0,87646782527007983
4558;-0,8154;4558;-0,8771723813997182
4559;-0,8156000000000001;4559;-0,8781117895725693
4560;-0,8158;4560;-0,8781117895725693
4561;-0,81600000000000006;4561;-0,8790511977454204
4562;-0,8162;4562;-0,87928604978863312
4563;-0,8164;4563;-0,87975575387505867
4564;-0,8166;4564;-0,8799906059182715
4565;-0,8168;4565;-0,8799906059182715
4566;-0,817;4566;-0,88069516204790976
4567;-0,8172;4567;-0,881634570220761
4568;-0,8173999999999999;4568;-0,88186942226397369
4569;-0,8176;4569;-0,88257397839361207
4570;-0,81780000000000008;4570;-0,88257397839361207
4571;-0,818;4571;-0,88327853452325034
4572;-0,8182;4572;-0,88351338656646317
4573;-0,81839999999999991;4573;-0,88374823860967588
4574;-0,8186;4574;-0,88374823860967588
4575;-0,81880000000000008;4575;-0,88374823860967588
4576;-0,819;4576;-0,88374823860967588
4577;-0,8192;4577;-0,88304368248003762
4578;-0,81940000000000013;4578;-0,88257397839361207
4579;-0,8196;4579;-0,88233912635039924
4580;-0,81980000000000008;4580;-0,88233912635039924
4581;-0,82;4581;-0,88210427430718652
4582;-0,8202;4582;-0,88186942226397369
4583;-0,8204;4583;-0,88304368248003762
4584;-0,8206;4584;-0,88374823860967588
4585;-0,8208;4585;-0,88374823860967588
4586;-0,82100000000000006;4586;-0,88421794269610143
4587;-0,82119999999999993;4587;-0,88445279473931426
4588;-0,8214;4588;-0,88492249882573981
4589;-0,82159999999999989;4589;-0,88515735086895253
4590;-0,8218;4590;-0,88515735086895253
4591;-0,82200000000000006;4591;-0,88609675904180363
4592;-0,82219999999999993;4592;-0,88727101925786755
4593;-0,8224;4593;-0,88750587130108027
4594;-0,82260000000000011;4594;-0,88844527947393137
4595;-0,8228;4595;-0,88844527947393137
4596;-0,82300000000000006;4596;-0,888914983560357
4597;-0,82319999999999993;4597;-0,88938468764678258
4598;-0,8234;4598;-0,88938468764678258
4599;-0,82360000000000011;4599;-0,88938468764678258
4600;-0,8238;4600;-0,88938468764678258
4601;-0,82400000000000007;4601;-0,88914983560356975
4602;-0,8242;4602;-0,88938468764678258
4603;-0,8244;4603;-0,888914983560357
4604;-0,8246;4604;-0,88914983560356975
4605;-0,8248;4605;-0,88914983560356975
4606;-0,825;4606;-0,88914983560356975
4607;-0,8252;4607;-0,88914983560356975
4608;-0,82539999999999991;4608;-0,89008924377642085
4609;-0,8256;4609;-0,89102865194927194
4610;-0,82579999999999987;4610;-0,89102865194927194
4611;-0,826;4611;-0,89102865194927194
4612;-0,8262;4612;-0,89126350399248477
4613;-0,82639999999999991;4613;-0,89126350399248477
4614;-0,8266;4614;-0,89126350399248477
4615;-0,82680000000000009;4615;-0,89220291216533587
4616;-0,827;4616;-0,89220291216533587
4617;-0,8272;4617;-0,89337717238139969
4618;-0,82739999999999991;4618;-0,89384687646782524
4619;-0,8276;4619;-0,89431658055425078
4620;-0,82780000000000009;4620;-0,89478628464067633
4621;-0,828;4621;-0,89478628464067633
4622;-0,8282;4622;-0,89525598872710188
4623;-0,8284;4623;-0,89478628464067633
4624;-0,8286;4624;-0,89408172851103807
4625;-0,8288;4625;-0,89384687646782524
4626;-0,829;4626;-0,89384687646782524
4627;-0,82919999999999994;4627;-0,89408172851103807
4628;-0,8294;4628;-0,89384687646782524
4629;-0,82959999999999989;4629;-0,89361202442461252
4630;-0,8298;4630;-0,89337717238139969
4631;-0,83000000000000007;4631;-0,89337717238139969
4632;-0,83019999999999994;4632;-0,89337717238139969
4633;-0,8304;4633;-0,89408172851103807
4634;-0,83059999999999989;4634;-0,89478628464067633
4635;-0,8308;4635;-0,89478628464067633
4636;-0,83100000000000007;4636;-0,89478628464067633
4637;-0,83119999999999994;4637;-0,89478628464067633
4638;-0,8314;4638;-0,89525598872710188
4639;-0,83160000000000012;4639;-0,89549084077031471
4640;-0,8318;4640;-0,896195396899953
4641;-0,83200000000000007;4641;-0,896195396899953
4642;-0,83219999999999994;4642;-0,89713480507280419
4643;-0,8324;4643;-0,89783936120244245
4644;-0,8326;4644;-0,898309065288868
4645;-0,8328;4645;-0,89901362141850638
4646;-0,833;4646;-0,89901362141850638
4647;-0,8332;4647;-0,89948332550493193
4648;-0,83339999999999992;4648;-0,8992484734617191
4649;-0,8336;4649;-0,8992484734617191
4650;-0,83379999999999987;4650;-0,8992484734617191
4651;-0,834;4651;-0,8992484734617191
4652;-0,8342;4652;-0,89948332550493193
4653;-0,83439999999999992;4653;-0,8992484734617191
4654;-0,8346;4654;-0,89948332550493193
4655;-0,8348000000000001;4655;-0,8992484734617191
4656;-0,835;4656;-0,8992484734617191
4657;-0,8352;4657;-0,89971817754814465
4658;-0,83539999999999992;4658;-0,90065758572099575
4659;-0,8356;4659;-0,90112728980742129
4660;-0,8358000000000001;4660;-0,90112728980742129
4661;-0,836;4661;-0,90112728980742129
4662;-0,8362;4662;-0,90112728980742129
4663;-0,8364;4663;-0,90112728980742129
4664;-0,8366;4664;-0,90206669798027239
4665;-0,8368;4665;-0,90277125410991077
4666;-0,837;4666;-0,90277125410991077
4667;-0,83719999999999994;4667;-0,90277125410991077
4668;-0,8374;4668;-0,90300610615312349
4669;-0,8375999999999999;4669;-0,90324095819633632
4670;-0,8378;4670;-0,903475810239549
4671;-0,83800000000000008;4671;-0,903475810239549
4672;-0,8382;4672;-0,90324095819633632
4673;-0,8384;4673;-0,90300610615312349
4674;-0,8385999999999999;4674;-0,90253640206669794
4675;-0,8388;4675;-0,90230155002348522
4676;-0,83900000000000008;4676;-0,90230155002348522
4677;-0,8392;4677;-0,90230155002348522
4678;-0,8394;4678;-0,90206669798027239
4679;-0,83960000000000012;4679;-0,90206669798027239
4680;-0,8398;4680;-0,90230155002348522
4681;-0,84000000000000008;4681;-0,90230155002348522
4682;-0,8402;4682;-0,90300610615312349
4683;-0,8404;4683;-0,90418036636918742
4684;-0,8406;4684;-0,90441521841240013
4685;-0,8408;4685;-0,904650070455613
4686;-0,841;4686;-0,904650070455613
4687;-0,84120000000000006;4687;-0,90488492249882579
4688;-0,84139999999999993;4688;-0,90511977454203851
4689;-0,8416;4689;-0,90629403475810244
4690;-0,84179999999999988;4690;-0,90723344293095354
4691;-0,842;4691;-0,90723344293095354
4692;-0,84220000000000006;4692;-0,9079379990605918
4693;-0,84239999999999993;4693;-0,90864255519023018
4694;-0,8426;4694;-0,90934711131986845
4695;-0,8428000000000001;4695;-0,909816815406294
4696;-0,843;4696;-0,909816815406294
4697;-0,84320000000000006;4697;-0,909816815406294
4698;-0,84339999999999993;4698;-0,909816815406294
4699;-0,8436;4699;-0,91005166744950683
4700;-0,84380000000000011;4700;-0,90958196336308128
4701;-0,844;4701;-0,90958196336308128
4702;-0,84420000000000006;4702;-0,90934711131986845
4703;-0,8444;4703;-0,90934711131986845
4704;-0,8446;4704;-0,90934711131986845
4705;-0,8448;4705;-0,90934711131986845
4706;-0,845;4706;-0,90934711131986845
4707;-0,8452;4707;-0,91005166744950683
4708;-0,8454;4708;-0,91099107562235793
4709;-0,84559999999999991;4709;-0,91122592766557065
4710;-0,8458;4710;-0,91146077970878348
4711;-0,84600000000000009;4711;-0,91146077970878348
4712;-0,8462;4712;-0,91146077970878348
4713;-0,8464;4713;-0,91169563175199619
4714;-0,84659999999999991;4714;-0,91263503992484729
4715;-0,8468;4715;-0,91333959605448567
4716;-0,84700000000000009;4716;-0,91333959605448567
4717;-0,8472;4717;-0,91427900422733677
4718;-0,8474;4718;-0,91474870831376232
4719;-0,84760000000000013;4719;-0,91474870831376232
4720;-0,8478;4720;-0,91521841240018786
4721;-0,84800000000000009;4721;-0,91521841240018786
4722;-0,8482;4722;-0,91521841240018786
4723;-0,8484;4723;-0,91498356035697515
4724;-0,8486;4724;-0,91498356035697515
4725;-0,8488;4725;-0,91521841240018786
4726;-0,849;4726;-0,91521841240018786
4727;-0,84920000000000007;4727;-0,91498356035697515
4728;-0,84939999999999993;4728;-0,91521841240018786
4729;-0,8496;4729;-0,91498356035697515
4730;-0,84979999999999989;4730;-0,91498356035697515
4731;-0,85;4731;-0,91498356035697515
4732;-0,85020000000000007;4732;-0,916157820573039
4733;-0,85039999999999993;4733;-0,91686237670267734
4734;-0,8506;4734;-0,91686237670267734
4735;-0,85079999999999989;4735;-0,91686237670267734
4736;-0,851;4736;-0,91686237670267734
4737;-0,85120000000000007;4737;-0,91709722874589006
4738;-0,85139999999999993;4738;-0,91756693283231561
4739;-0,8516;4739;-0,918271488961954
4740;-0,85180000000000011;4740;-0,91897604509159225
4741;-0,852;4741;-0,91897604509159225
4742;-0,85220000000000007;4742;-0,92015030530765618
4743;-0,85239999999999994;4743;-0,92015030530765618
4744;-0,8526;4744;-0,92062000939408173
4745;-0,8528;4745;-0,92108971348050728
4746;-0,853;4746;-0,92108971348050728
4747;-0,8532;4747;-0,92108971348050728
4748;-0,8534;4748;-0,92015030530765618
4749;-0,85359999999999991;4749;-0,92015030530765618
4750;-0,8538;4750;-0,92062000939408173
4751;-0,85399999999999987;4751;-0,92062000939408173
4752;-0,8542;4752;-0,9203851573508689
4753;-0,8544;4753;-0,92015030530765618
4754;-0,85459999999999992;4754;-0,92015030530765618
4755;-0,8548;4755;-0,92062000939408173
4756;-0,85500000000000009;4756;-0,92062000939408173
4757;-0,8552;4757;-0,92179426961014566
4758;-0,8554;4758;-0,9222639736965712
4759;-0,85559999999999992;4759;-0,92249882573978392
4760;-0,8558;4760;-0,92249882573978392
4761;-0,85600000000000009;4761;-0,92249882573978392
4762;-0,8562;4762;-0,92249882573978392
4763;-0,8564;4763;-0,923438233912635
4764;-0,8566;4764;-0,92390793799906057
4765;-0,8568;4765;-0,924612494128699
4766;-0,857;4766;-0,924612494128699
4767;-0,8572;4767;-0,9250821982151245
4768;-0,85739999999999994;4768;-0,92555190230155
4769;-0,8576;4769;-0,92578675434476276
4770;-0,8577999999999999;4770;-0,92555190230155
4771;-0,858;4771;-0,92555190230155
4772;-0,85820000000000007;4772;-0,92531705025833721
4773;-0,85839999999999994;4773;-0,92531705025833721
4774;-0,8586;4774;-0,92555190230155
4775;-0,8587999999999999;4775;-0,92555190230155
4776;-0,859;4776;-0,92555190230155
4777;-0,85920000000000007;4777;-0,9250821982151245
4778;-0,85939999999999994;4778;-0,9250821982151245
4779;-0,8596;4779;-0,92555190230155
4780;-0,85980000000000012;4780;-0,92649131047440114
4781;-0,86;4781;-0,92649131047440114
4782;-0,86020000000000008;4782;-0,92719586660403941
4783;-0,86039999999999994;4783;-0,92743071864725224
4784;-0,8606;4784;-0,927665570690465
4785;-0,8608;4785;-0,92813527477689051
4786;-0,861;4786;-0,92813527477689051
4787;-0,8612;4787;-0,92837012682010334
4788;-0,8614;4788;-0,92907468294974171
4789;-0,86159999999999992;4789;-0,93024894316580553
4790;-0,8618;4790;-0,93071864725223108
4791;-0,86199999999999988;4791;-0,93071864725223108
4792;-0,8622;4792;-0,93165805542508218
4793;-0,8624;4793;-0,93212775951150773
4794;-0,86259999999999992;4794;-0,93212775951150773
4795;-0,8628;4795;-0,93212775951150773
4796;-0,8630000000000001;4796;-0,93212775951150773
4797;-0,8632;4797;-0,93212775951150773
4798;-0,86340000000000006;4798;-0,93236261155472056
4799;-0,86359999999999992;4799;-0,931892907468295
4800;-0,8638;4800;-0,93142320338186946
4801;-0,8640000000000001;4801;-0,93142320338186946
4802;-0,8642;4802;-0,93142320338186946
4803;-0,86440000000000006;4803;-0,93095349929544391
4804;-0,8646;4804;-0,93095349929544391
4805;-0,8648;4805;-0,931892907468295
4806;-0,865;4806;-0,931892907468295
4807;-0,8652;4807;-0,9328323156411461
4808;-0,8654;4808;-0,9328323156411461
4809;-0,8656;4809;-0,93330201972757165
4810;-0,8657999999999999;4810;-0,93353687177078437
4811;-0,866;4811;-0,93353687177078437
4812;-0,86620000000000008;4812;-0,93353687177078437
4813;-0,8664;4813;-0,93400657585720992
4814;-0,8666;4814;-0,934945984030061
4815;-0,8667999999999999;4815;-0,93541568811648657
4816;-0,867;4816;-0,93541568811648657
4817;-0,86720000000000008;4817;-0,9356505401596994
4818;-0,8674;4818;-0,9356505401596994
4819;-0,8676;4819;-0,93682480037576332
4820;-0,86780000000000013;4820;-0,93658994833255049
4821;-0,868;4821;-0,93658994833255049
4822;-0,86820000000000008;4822;-0,93612024424612494
4823;-0,8684;4823;-0,93612024424612494
4824;-0,8686;4824;-0,93612024424612494
4825;-0,8688;4825;-0,9356505401596994
4826;-0,869;4826;-0,9356505401596994
4827;-0,8692;4827;-0,93518083607327385
4828;-0,86940000000000006;4828;-0,9356505401596994
4829;-0,86959999999999993;4829;-0,9356505401596994
4830;-0,8698;4830;-0,93682480037576332
4831;-0,86999999999999988;4831;-0,93682480037576332
4832;-0,8702;4832;-0,93799906059182714
4833;-0,87040000000000006;4833;-0,93846876467825269
4834;-0,87059999999999993;4834;-0,93846876467825269
4835;-0,8708;4835;-0,93893846876467824
4836;-0,87100000000000011;4836;-0,93893846876467824
4837;-0,8712;4837;-0,93940817285110378
4838;-0,87140000000000006;4838;-0,94058243306716771
4839;-0,87159999999999993;4839;-0,94081728511038043
4840;-0,8718;4840;-0,94175669328323153
4841;-0,87200000000000011;4841;-0,94175669328323153
4842;-0,8722;4842;-0,94246124941286991
4843;-0,87240000000000006;4843;-0,94293095349929545
4844;-0,8726;4844;-0,94316580554250817
4845;-0,8728;4845;-0,94316580554250817
4846;-0,873;4846;-0,94316580554250817
4847;-0,8732;4847;-0,94316580554250817
4848;-0,8734;4848;-0,94269610145608262
4849;-0,8736;4849;-0,94293095349929545
4850;-0,87379999999999991;4850;-0,94269610145608262
4851;-0,874;4851;-0,94269610145608262
4852;-0,87420000000000009;4852;-0,94246124941286991
4853;-0,8744;4853;-0,94269610145608262
4854;-0,8746;4854;-0,94363550962893372
4855;-0,87479999999999991;4855;-0,9443400657585721
4856;-0,875;4856;-0,9443400657585721
4857;-0,87520000000000009;4857;-0,94480976984499765
4858;-0,8754;4858;-0,94480976984499765
4859;-0,8756;4859;-0,9452794739314232
4860;-0,87579999999999991;4860;-0,9452794739314232
4861;-0,876;4861;-0,9452794739314232
4862;-0,87620000000000009;4862;-0,94598403006106158
4863;-0,8764;4863;-0,94668858619069984
4864;-0,8766;4864;-0,94762799436355094
4865;-0,8768;4865;-0,94809769844997649
4866;-0,877;4866;-0,94809769844997649
4867;-0,8772;4867;-0,94833255049318932
4868;-0,8774;4868;-0,94903710662282759
4869;-0,87759999999999994;4869;-0,94903710662282759
4870;-0,8778;4870;-0,94880225457961487
4871;-0,87799999999999989;4871;-0,94880225457961487
4872;-0,8782;4872;-0,94903710662282759
4873;-0,87840000000000007;4873;-0,94833255049318932
4874;-0,87859999999999994;4874;-0,94809769844997649
4875;-0,8788;4875;-0,94833255049318932
4876;-0,87899999999999989;4876;-0,94833255049318932
4877;-0,8792;4877;-0,94833255049318932
4878;-0,87940000000000007;4878;-0,94833255049318932
4879;-0,87959999999999994;4879;-0,94927195866604042
4880;-0,8798;4880;-0,95044621888210423
4881;-0,88000000000000012;4881;-0,95044621888210423
4882;-0,8802;4882;-0,95044621888210423
4883;-0,88040000000000007;4883;-0,95068107092531706
4884;-0,88059999999999994;4884;-0,95068107092531706
4885;-0,8808;4885;-0,95091592296852978
4886;-0,881;4886;-0,95091592296852978
4887;-0,8812;4887;-0,95185533114138088
4888;-0,8814;4888;-0,95279473931423209
4889;-0,8816;4889;-0,95326444340065764
4890;-0,88179999999999992;4890;-0,9539689995302959
4891;-0,882;4891;-0,9539689995302959
4892;-0,88219999999999987;4892;-0,95420385157350873
4893;-0,8824;4893;-0,95467355565993428
4894;-0,8826;4894;-0,95443870361672145
4895;-0,88279999999999992;4895;-0,95443870361672145
4896;-0,883;4896;-0,95443870361672145
4897;-0,8832000000000001;4897;-0,95420385157350873
4898;-0,8834;4898;-0,95420385157350873
4899;-0,8836;4899;-0,95349929544387035
4900;-0,88379999999999992;4900;-0,95302959135744481
4901;-0,884;4901;-0,95302959135744481
4902;-0,8842000000000001;4902;-0,95302959135744481
4903;-0,8844;4903;-0,95302959135744481
4904;-0,8846;4904;-0,95420385157350873
4905;-0,8848;4905;-0,954908407703147
4906;-0,885;4906;-0,954908407703147
4907;-0,8852;4907;-0,95514325974635983
4908;-0,8854;4908;-0,95514325974635983
4909;-0,88559999999999994;4909;-0,95561296383278538
4910;-0,8858;4910;-0,9558478158759981
4911;-0,8859999999999999;4911;-0,9558478158759981
4912;-0,8862;4912;-0,95631751996242365
4913;-0,88640000000000008;4913;-0,957022076092062
4914;-0,88659999999999994;4914;-0,95796148426491312
4915;-0,8868;4915;-0,95819633630812584
4916;-0,8869999999999999;4916;-0,95819633630812584
4917;-0,8872;4917;-0,95866604039455139
4918;-0,88740000000000008;4918;-0,95960544856740249
4919;-0,8876;4919;-0,95960544856740249
4920;-0,8878;4920;-0,95984030061061532
4921;-0,88800000000000012;4921;-0,95984030061061532
4922;-0,8882;4922;-0,95984030061061532
4923;-0,88840000000000008;4923;-0,95984030061061532
4924;-0,8886;4924;-0,95960544856740249
4925;-0,8888;4925;-0,95984030061061532
4926;-0,889;4926;-0,95984030061061532
4927;-0,8892;4927;-0,95984030061061532
4928;-0,8894;4928;-0,960075152653828
4929;-0,88960000000000006;4929;-0,961249412869892
4930;-0,88979999999999992;4930;-0,96195396899953034
4931;-0,89;4931;-0,96195396899953034
4932;-0,89019999999999988;4932;-0,96218882104274306
4933;-0,8904;4933;-0,96265852512916861
4934;-0,89060000000000006;4934;-0,96265852512916861
4935;-0,89079999999999993;4935;-0,96312822921559416
4936;-0,891;4936;-0,96383278534523253
4937;-0,8912000000000001;4937;-0,96383278534523253
4938;-0,8914;4938;-0,96430248943165808
4939;-0,89160000000000006;4939;-0,96477219351808363
4940;-0,89179999999999993;4940;-0,96524189760450918
4941;-0,892;4941;-0,9654767496477219
4942;-0,8922000000000001;4942;-0,9654767496477219
4943;-0,8924;4943;-0,96594645373414745
4944;-0,89260000000000006;4944;-0,9654767496477219
4945;-0,8928;4945;-0,96477219351808363
4946;-0,893;4946;-0,96477219351808363
4947;-0,8932;4947;-0,96477219351808363
4948;-0,8934;4948;-0,96500704556129635
4949;-0,8936;4949;-0,96477219351808363
4950;-0,8938;4950;-0,9645373414748708
4951;-0,89399999999999991;4951;-0,9645373414748708
4952;-0,8942;4952;-0,9645373414748708
4953;-0,89440000000000008;4953;-0,96500704556129635
4954;-0,8946;4954;-0,96594645373414745
4955;-0,8948;4955;-0,966416157820573
4956;-0,89499999999999991;4956;-0,96665100986378583
4957;-0,8952;4957;-0,96665100986378583
4958;-0,89540000000000008;4958;-0,96688586190699854
4959;-0,8956;4959;-0,96688586190699854
4960;-0,8958;4960;-0,96782527007984964
4961;-0,89600000000000013;4961;-0,968529826209488
4962;-0,8962;4962;-0,968529826209488
4963;-0,89640000000000009;4963;-0,969704086425552
4964;-0,8966;4964;-0,97040864255519022
4965;-0,8968;4965;-0,97087834664161576
4966;-0,897;4966;-0,97158290277125414
4967;-0,8972;4967;-0,97158290277125414
4968;-0,8974;4968;-0,97158290277125414
4969;-0,89760000000000006;4969;-0,97158290277125414
4970;-0,89779999999999993;4970;-0,97158290277125414
4971;-0,898;4971;-0,97158290277125414
4972;-0,89819999999999989;4972;-0,97158290277125414
4973;-0,8984;4973;-0,97158290277125414
4974;-0,89860000000000007;4974;-0,97181775481446686
4975;-0,89879999999999993;4975;-0,97158290277125414
4976;-0,899;4976;-0,97158290277125414
4977;-0,89920000000000011;4977;-0,97158290277125414
4978;-0,8994;4978;-0,97228745890089241
4979;-0,89960000000000007;4979;-0,97322686707374351
4980;-0,89979999999999993;4980;-0,97346171911695634
4981;-0,9;4981;-0,97346171911695634
4982;-0,90020000000000011;4982;-0,97346171911695634
4983;-0,9004;4983;-0,97346171911695634
4984;-0,90060000000000007;4984;-0,97346171911695634
4985;-0,90079999999999993;4985;-0,9741662752465946
4986;-0,901;4986;-0,9751056834194457
4987;-0,9012;4987;-0,9751056834194457
4988;-0,9014;4988;-0,97534053546265853
4989;-0,9016;4989;-0,97581023954908408
4990;-0,9018;4990;-0,9760450915922968
4991;-0,90199999999999991;4991;-0,976984499765148
4992;-0,9022;4992;-0,976984499765148
4993;-0,90239999999999987;4993;-0,97674964772193518
4994;-0,9026;4994;-0,97651479567872246
4995;-0,9028;4995;-0,9760450915922968
4996;-0,90299999999999991;4996;-0,9760450915922968
4997;-0,9032;4997;-0,9760450915922968
4998;-0,90340000000000009;4998;-0,97581023954908408
4999;-0,9036;4999;-0,97534053546265853
5000;-0,9038;5000;-0,97534053546265853
5001;-0,90399999999999991;5001;-0,97557538750587125
5002;-0,9042;5002;-0,97557538750587125
5003;-0,90440000000000009;5003;-0,97651479567872246
5004;-0,9046;5004;-0,97745420385157356
5005;-0,9048;5005;-0,97745420385157356
5006;-0,905;5006;-0,97745420385157356
5007;-0,9052;5007;-0,97745420385157356
5008;-0,9054;5008;-0,97768905589478627
5009;-0,9056;5009;-0,97839361202442465
5010;-0,90579999999999994;5010;-0,9788633161108502
5011;-0,906;5011;-0,97909816815406292
5012;-0,90619999999999989;5012;-0,97909816815406292
5013;-0,9064;5013;-0,980037576326914
5014;-0,90660000000000007;5014;-0,980037576326914
5015;-0,90679999999999994;5015;-0,98050728041333957
5016;-0,907;5016;-0,98097698449976511
5017;-0,9071999999999999;5017;-0,98097698449976511
5018;-0,9074;5018;-0,9807421324565524
5019;-0,90760000000000007;5019;-0,98097698449976511
5020;-0,90779999999999994;5020;-0,9807421324565524
5021;-0,908;5021;-0,98050728041333957
5022;-0,90820000000000012;5022;-0,98050728041333957
5023;-0,9084;5023;-0,980037576326914
5024;-0,90860000000000007;5024;-0,980037576326914
5025;-0,90879999999999994;5025;-0,9798027242837013
5026;-0,909;5026;-0,9798027242837013
5027;-0,9092;5027;-0,9798027242837013
5028;-0,9094;5028;-0,98050728041333957
5029;-0,9096;5029;-0,98097698449976511
5030;-0,9098;5030;-0,98121183654297794
5031;-0,90999999999999992;5031;-0,98121183654297794
5032;-0,9102;5032;-0,98121183654297794
5033;-0,91039999999999988;5033;-0,98121183654297794
5034;-0,9106;5034;-0,98191639267261621
5035;-0,9108;5035;-0,98262094880225459
5036;-0,91099999999999992;5036;-0,98332550493189286
5037;-0,9112;5037;-0,98332550493189286
5038;-0,9114000000000001;5038;-0,98379520901831841
5039;-0,9116;5039;-0,98379520901831841
5040;-0,9118;5040;-0,98520432127759516
5041;-0,91199999999999992;5041;-0,98543917332080788
5042;-0,9122;5042;-0,98543917332080788
5043;-0,9124000000000001;5043;-0,98520432127759516
5044;-0,9126;5044;-0,98449976514795678
5045;-0,91280000000000006;5045;-0,98449976514795678
5046;-0,913;5046;-0,98520432127759516
5047;-0,9132;5047;-0,98520432127759516
5048;-0,9134;5048;-0,98496946923438233
5049;-0,9136;5049;-0,98449976514795678
5050;-0,9138;5050;-0,98449976514795678
5051;-0,914;5051;-0,98543917332080788
5052;-0,9141999999999999;5052;-0,98543917332080788
5053;-0,9144;5053;-0,986378581493659
5054;-0,91460000000000008;5054;-0,98684828558008453
5055;-0,9148;5055;-0,98708313762329736
5056;-0,915;5056;-0,98708313762329736
5057;-0,9151999999999999;5057;-0,98708313762329736
5058;-0,9154;5058;-0,98731798966651008
5059;-0,91560000000000008;5059;-0,98802254579614845
5060;-0,9158;5060;-0,98802254579614845
5061;-0,916;5061;-0,98872710192578672
5062;-0,91620000000000013;5062;-0,98872710192578672
5063;-0,9164;5063;-0,98919680601221227
5064;-0,91660000000000008;5064;-0,9894316580554251
5065;-0,9168;5065;-0,99060591827148892
5066;-0,917;5066;-0,99060591827148892
5067;-0,9172;5067;-0,99060591827148892
5068;-0,9174;5068;-0,9903710662282762
5069;-0,9176;5069;-0,98990136214185065
5070;-0,91780000000000006;5070;-0,98990136214185065
5071;-0,91799999999999993;5071;-0,98966651009863782
5072;-0,9182;5072;-0,98966651009863782
5073;-0,91839999999999988;5073;-0,9894316580554251
5074;-0,9186;5074;-0,9894316580554251
5075;-0,91880000000000006;5075;-0,9894316580554251
5076;-0,91899999999999993;5076;-0,99060591827148892
5077;-0,9192;5077;-0,99060591827148892
5078;-0,91940000000000011;5078;-0,99154532644434
5079;-0,9196;5079;-0,99201503053076556
5080;-0,91980000000000006;5080;-0,99201503053076556
5081;-0,91999999999999993;5081;-0,99224988257397839
5082;-0,9202;5082;-0,99224988257397839
5083;-0,92040000000000011;5083;-0,99248473461719122
5084;-0,9206;5084;-0,993658994833255
5085;-0,92080000000000006;5085;-0,99389384687646787
5086;-0,921;5086;-0,99459840300610614
5087;-0,9212;5087;-0,99459840300610614
5088;-0,9214;5088;-0,99553781117895723
5089;-0,9216;5089;-0,99577266322217006
5090;-0,9218;5090;-0,99647721935180833
5091;-0,922;5091;-0,99647721935180833
5092;-0,92219999999999991;5092;-0,99647721935180833
5093;-0,9224;5093;-0,99718177548144671
5094;-0,92260000000000009;5094;-0,99671207139502116
5095;-0,9228;5095;-0,99671207139502116
5096;-0,923;5096;-0,99624236730859561
5097;-0,92319999999999991;5097;-0,99624236730859561
5098;-0,9234;5098;-0,99600751526538278
5099;-0,92360000000000009;5099;-0,99600751526538278
5100;-0,9238;5100;-0,99624236730859561
5101;-0,924;5101;-0,99718177548144671
5102;-0,92420000000000013;5102;-0,99718177548144671
5103;-0,9244;5103;-0,99812118365429781
5104;-0,92460000000000009;5104;-0,99812118365429781
5105;-0,9248;5105;-0,99812118365429781
5106;-0,925;5106;-0,99812118365429781
5107;-0,9252;5107;-0,99812118365429781
5108;-0,9254;5108;-0,99882573978393607
5109;-0,9256;5109;-0,99976514795678717
5110;-0,9258;5110;-1
5111;-0,92599999999999993;5111;-1
5112;-0,9262;5112;-1
5113;-0,92639999999999989;5113;-1
5114;-0,9266;5114;-1
5115;-0,92680000000000007;5115;-1
5116;-0,92699999999999994;5116;-1
5117;-0,9272;5117;-1
5118;-0,92739999999999989;5118;-1
5119;-0,9276;5119;-1
5120;-0,92780000000000007;5120;-1
5121;-0,92799999999999994;5121;-1
5122;-0,9282;5122;-1
5123;-0,92840000000000011;5123;-1
5124;-0,9286;5124;-1
5125;-0,92880000000000007;5125;-1
5126;-0,92899999999999994;5126;-1
5127;-0,9292;5127;-1
5128;-0,9294;5128;-1
5129;-0,9296;5129;-1
5130;-0,9298;5130;-1
5131;-0,93;5131;-1
5132;-0,93019999999999992;5132;-1
5133;-0,9304;5133;-1
5134;-0,93059999999999987;5134;-1
5135;-0,9308;5135;-1
5136;-0,931;5136;-1
5137;-0,93119999999999992;5137;-1
5138;-0,9314;5138;-1
5139;-0,93160000000000009;5139;-1
5140;-0,9318;5140;-1
5141;-0,932;5141;-1
5142;-0,93219999999999992;5142;-1
5143;-0,9324;5143;-1
5144;-0,9326000000000001;5144;-1
5145;-0,9328;5145;-1
5146;-0,933;5146;-1
5147;-0,9332;5147;-1
5148;-0,9334;5148;-1
5149;-0,9336;5149;-1
5150;-0,9338;5150;-1
5151;-0,93399999999999994;5151;-1
5152;-0,9342;5152;-1
5153;-0,9343999999999999;5153;-1
5154;-0,9346;5154;-1
5155;-0,93480000000000008;5155;-1
5156;-0,93499999999999994;5156;-1
5157;-0,9352;5157;-1
5158;-0,9353999999999999;5158;-1
5159;-0,9356;5159;-1
5160;-0,93580000000000008;5160;-1
5161;-0,93599999999999994;5161;-1
5162;-0,9362;5162;-1
5163;-0,93640000000000012;5163;-1
5164;-0,9366;5164;-1
5165;-0,93680000000000008;5165;-1
5166;-0,93699999999999994;5166;-1
5167;-0,9372;5167;-1
5168;-0,9374;5168;-1
5169;-0,9376;5169;-1
5170;-0,9378;5170;-1
5171;-0,93800000000000006;5171;-1
5172;-0,93819999999999992;5172;-1
5173;-0,9384;5173;-1
5174;-0,93859999999999988;5174;-1
5175;-0,9388;5175;-1
5176;-0,93900000000000006;5176;-1
5177;-0,93919999999999992;5177;-1
5178;-0,9394;5178;-1
5179;-0,9396000000000001;5179;-1
5180;-0,9398;5180;-1
5181;-0,94000000000000006;5181;-1
5182;-0,94019999999999992;5182;-1
5183;-0,9404;5183;-1
5184;-0,9406000000000001;5184;-1
5185;-0,9408;5185;-1
5186;-0,94100000000000006;5186;-1
5187;-0,9412;5187;-1
5188;-0,9414;5188;-1
5189;-0,9416;5189;-1
5190;-0,9418;5190;-1
5191;-0,942;5191;-1
5192;-0,9422;5192;-1
5193;-0,9423999999999999;5193;-1
5194;-0,9426;5194;-1
5195;-0,94280000000000008;5195;-1
5196;-0,943;5196;-1
5197;-0,9432;5197;-1
5198;-0,94339999999999991;5198;-1
5199;-0,9436;5199;-1
5200;-0,94380000000000008;5200;-1
5201;-0,944;5201;-1
5202;-0,9442;5202;-1
5203;-0,94440000000000013;5203;-1
5204;-0,9446;5204;-1
5205;-0,94480000000000008;5205;-1
5206;-0,945;5206;-1
5207;-0,9452;5207;-1
5208;-0,9454;5208;-1
5209;-0,9456;5209;-1
5210;-0,9458;5210;-1
5211;-0,94600000000000006;5211;-1
5212;-0,94619999999999993;5212;-1
5213;-0,9464;5213;-1
5214;-0,94659999999999989;5214;-1
5215;-0,9468;5215;-1
5216;-0,94700000000000006;5216;-1
5217;-0,94719999999999993;5217;-1
5218;-0,9474;5218;-1
5219;-0,94760000000000011;5219;-1
5220;-0,9478;5220;-1
5221;-0,94800000000000006;5221;-1
5222;-0,94819999999999993;5222;-1
5223;-0,9484;5223;-1
5224;-0,94860000000000011;5224;-1
5225;-0,9488;5225;-1
5226;-0,94900000000000007;5226;-1
5227;-0,9492;5227;-1
5228;-0,9494;5228;-1
5229;-0,9496;5229;-1
5230;-0,9498;5230;-1
5231;-0,95;5231;-1
5232;-0,9502;5232;-1
5233;-0,95039999999999991;5233;-1
5234;-0,9506;5234;-1
5235;-0,95079999999999987;5235;-1
5236;-0,951;5236;-1
5237;-0,9512;5237;-1
5238;-0,95139999999999991;5238;-1
5239;-0,9516;5239;-1
5240;-0,95180000000000009;5240;-1
5241;-0,952;5241;-1
5242;-0,9522;5242;-1
5243;-0,95239999999999991;5243;-1
5244;-0,9526;5244;-1
5245;-0,95280000000000009;5245;-1
5246;-0,953;5246;-1
5247;-0,9532;5247;-1
5248;-0,9534;5248;-1
5249;-0,9536;5249;-1
5250;-0,9538;5250;-1
5251;-0,954;5251;-1
5252;-0,95419999999999994;5252;-1
5253;-0,9544;5253;-1
5254;-0,95459999999999989;5254;-1
5255;-0,9548;5255;-1
5256;-0,95500000000000007;5256;-1
5257;-0,95519999999999994;5257;-1
5258;-0,9554;5258;-1
5259;-0,95559999999999989;5259;-1
5260;-0,9558;5260;-1
5261;-0,95600000000000007;5261;-1
5262;-0,95619999999999994;5262;-1
5263;-0,9564;5263;-1
5264;-0,95660000000000012;5264;-1
5265;-0,9568;5265;-1
5266;-0,95700000000000007;5266;-1
5267;-0,95719999999999994;5267;-1
5268;-0,9574;5268;-1
5269;-0,9576;5269;-1
5270;-0,9578;5270;-1
5271;-0,958;5271;-1
5272;-0,9582;5272;-1
5273;-0,95839999999999992;5273;-1
5274;-0,9586;5274;-1
5275;-0,95879999999999987;5275;-1
5276;-0,959;5276;-1
5277;-0,9592;5277;-1
5278;-0,95939999999999992;5278;-1
5279;-0,9596;5279;-1
5280;-0,9598000000000001;5280;-1
5281;-0,96;5281;-1
5282;-0,9602;5282;-1
5283;-0,96039999999999992;5283;-1
5284;-0,9606;5284;-1
5285;-0,9608000000000001;5285;-1
5286;-0,961;5286;-1
5287;-0,9612;5287;-1
5288;-0,9614;5288;-1
5289;-0,9616;5289;-1
5290;-0,9618;5290;-1
5291;-0,962;5291;-1
5292;-0,96219999999999994;5292;-1
5293;-0,9624;5293;-1
5294;-0,9625999999999999;5294;-1
5295;-0,9628;5295;-1
5296;-0,96300000000000008;5296;-1
5297;-0,9632;5297;-1
5298;-0,9634;5298;-1
5299;-0,9635999999999999;5299;-1
5300;-0,9638;5300;-1
5301;-0,96400000000000008;5301;-1
5302;-0,9642;5302;-1
5303;-0,9644;5303;-1
5304;-0,96460000000000012;5304;-1
5305;-0,9648;5305;-1
5306;-0,96500000000000008;5306;-1
5307;-0,9652;5307;-1
5308;-0,9654;5308;-1
5309;-0,9656;5309;-1
5310;-0,9658;5310;-1
5311;-0,966;5311;-1
5312;-0,96620000000000006;5312;-1
5313;-0,96639999999999993;5313;-1
5314;-0,9666;5314;-1
5315;-0,96679999999999988;5315;-1
5316;-0,967;5316;-1
5317;-0,96720000000000006;5317;-1
5318;-0,96739999999999993;5318;-1
5319;-0,9676;5319;-1
5320;-0,9678000000000001;5320;-1
5321;-0,968;5321;-1
5322;-0,96820000000000006;5322;-1
5323;-0,96839999999999993;5323;-1
5324;-0,9686;5324;-1
5325;-0,96880000000000011;5325;-1
5326;-0,969;5326;-1
5327;-0,96920000000000006;5327;-1
5328;-0,9694;5328;-1
5329;-0,9696;5329;-1
5330;-0,9698;5330;-1
5331;-0,97;5331;-1
5332;-0,9702;5332;-1
5333;-0,9704;5333;-1
5334;-0,97059999999999991;5334;-1
5335;-0,9708;5335;-1
5336;-0,97100000000000009;5336;-1
5337;-0,9712;5337;-1
5338;-0,9714;5338;-1
5339;-0,97159999999999991;5339;-1
5340;-0,9718;5340;-1
5341;-0,97200000000000009;5341;-1
5342;-0,9722;5342;-1
5343;-0,9724;5343;-1
5344;-0,97260000000000013;5344;-1
5345;-0,9728;5345;-1
5346;-0,97300000000000009;5346;-1
5347;-0,9732;5347;-1
5348;-0,9734;5348;-1
5349;-0,9736;5349;-1
5350;-0,9738;5350;-1
5351;-0,974;5351;-1
5352;-0,97420000000000007;5352;-1
5353;-0,97439999999999993;5353;-1
5354;-0,9746;5354;-1
5355;-0,97479999999999989;5355;-1
5356;-0,975;5356;-1
5357;-0,97520000000000007;5357;-1
5358;-0,97539999999999993;5358;-1
5359;-0,9756;5359;-1
5360;-0,97579999999999989;5360;-1
5361;-0,976;5361;-1
5362;-0,97620000000000007;5362;-1
5363;-0,97639999999999993;5363;-1
5364;-0,9766;5364;-1
5365;-0,97680000000000011;5365;-1
5366;-0,977;5366;-1
5367;-0,97720000000000007;5367;-1
5368;-0,97739999999999994;5368;-1
5369;-0,9776;5369;-1
5370;-0,9778;5370;-1
5371;-0,978;5371;-1
5372;-0,9782;5372;-1
5373;-0,9784;5373;-1
5374;-0,97859999999999991;5374;-1
5375;-0,9788;5375;-1
5376;-0,97899999999999987;5376;-1
5377;-0,9792;5377;-1
5378;-0,9794;5378;-1
5379;-0,97959999999999992;5379;-1
5380;-0,9798;5380;-1
5381;-0,98000000000000009;5381;-1
5382;-0,9802;5382;-1
5383;-0,9804;5383;-1
5384;-0,98059999999999992;5384;-1
5385;-0,9808;5385;-1
5386;-0,98100000000000009;5386;-1
5387;-0,9812;5387;-1
5388;-0,9814;5388;-1
5389;-0,9816;5389;-1
5390;-0,9818;5390;-1
5391;-0,982;5391;-1
5392;-0,9822;5392;-1
5393;-0,98239999999999994;5393;-1
5394;-0,9826;5394;-1
5395;-0,9827999999999999;5395;-1
5396;-0,983;5396;-1
5397;-0,98320000000000007;5397;-1
5398;-0,98339999999999994;5398;-1
5399;-0,9836;5399;-1
5400;-0,9837999999999999;5400;-1
5401;-0,984;5401;-1
5402;-0,98420000000000007;5402;-1
5403;-0,98439999999999994;5403;-1
5404;-0,9846;5404;-1
5405;-0,98480000000000012;5405;-1
5406;-0,985;5406;-1
5407;-0,98520000000000008;5407;-1
5408;-0,98539999999999994;5408;-1
5409;-0,9856;5409;-1
5410;-0,9858;5410;-1
5411;-0,986;5411;-1
5412;-0,9862;5412;-1
5413;-0,9864;5413;-1
5414;-0,98659999999999992;5414;-1
5415;-0,9868;5415;-1
5416;-0,98699999999999988;5416;-1
5417;-0,9872;5417;-1
5418;-0,9874;5418;-1
5419;-0,98759999999999992;5419;-1
5420;-0,9878;5420;-1
5421;-0,9880000000000001;5421;-1
5422;-0,9882;5422;-1
5423;-0,98840000000000006;5423;-1
5424;-0,98859999999999992;5424;-1
5425;-0,9888;5425;-1
5426;-0,9890000000000001;5426;-1
5427;-0,9892;5427;-1
5428;-0,98940000000000006;5428;-1
5429;-0,9896;5429;-1
5430;-0,9898;5430;-1
5431;-0,99;5431;-1
5432;-0,9902;5432;-1
5433;-0,9904;5433;-1
5434;-0,9906;5434;-1
5435;-0,9907999999999999;5435;-1
5436;-0,991;5436;-1
5437;-0,99120000000000008;5437;-1
5438;-0,9914;5438;-1
5439;-0,9916;5439;-1
5440;-0,9917999999999999;5440;-1
5441;-0,992;5441;-1
5442;-0,99220000000000008;5442;-1
5443;-0,9924;5443;-1
5444;-0,9926;5444;-1
5445;-0,99280000000000013;5445;-1
5446;-0,993;5446;-1
5447;-0,99320000000000008;5447;-1
5448;-0,9934;5448;-1
5449;-0,9936;5449;-1
5450;-0,9938;5450;-1
5451;-0,994;5451;-1
5452;-0,9942;5452;-1
5453;-0,99440000000000006;5453;-1
5454;-0,99459999999999993;5454;-1
5455;-0,9948;5455;-1
5456;-0,99499999999999988;5456;-1
5457;-0,9952;5457;-1
5458;-0,99540000000000006;5458;-1
5459;-0,99559999999999993;5459;-1
5460;-0,9958;5460;-1
5461;-0,99600000000000011;5461;-1
5462;-0,9962;5462;-1
5463;-0,99640000000000006;5463;-1
5464;-0,99659999999999993;5464;-1
5465;-0,9968;5465;-1
5466;-0,99700000000000011;5466;-1
5467;-0,9972;5467;-1
5468;-0,99740000000000006;5468;-1
5469;-0,9976;5469;-1
5470;-0,9978;5470;-1
5471;-0,998;5471;-1
5472;-0,9982;5472;-1
5473;-0,9984;5473;-1
5474;-0,9986;5474;-1
5475;-0,99879999999999991;5475;-1
5476;-0,999;5476;-1
5477;-0,99920000000000009;5477;-1
5478;-0,9994;5478;-1
5479;-0,9996;5479;-1
5480;-0,99979999999999991;5480;-1
5481;-1;5481;-1
5482;-1;5482;-1
5483;-1;5483;-1
5484;-1;5484;-1
5485;-1;5485;-1
5486;-1;5486;-1
5487;-1;5487;-1
5488;-1;5488;-1
5489;-1;5489;-1
5490;-1;5490;-1
5491;-1;5491;-1
5492;-1;5492;-1
5493;-1;5493;-1
5494;-1;5494;-1
5495;-1;5495;-1
5496;-1;5496;-1
5497;-1;5497;-1
5498;-1;5498;-1
5499;-1;5499;-1
5500;-1;5500;-1
5501;-1;5501;-1
5502;-1;5502;-1
5503;-1;5503;-1
5504;-1;5504;-1
5505;-1;5505;-1
5506;-1;5506;-1
5507;-1;5507;-1
5508;-1;5508;-1
5509;-1;5509;-1
5510;-1;5510;-1
5511;-1;5511;-1
5512;-1;5512;-1
5513;-1;5513;-1
5514;-1;5514;-1
5515;-1;5515;-1
5516;-1;5516;-1
5517;-1;5517;-1
5518;-1;5518;-1
5519;-1;5519;-1
5520;-1;5520;-1
5521;-1;5521;-1
5522;-1;5522;-1
5523;-1;5523;-1
5524;-1;5524;-1
5525;-1;5525;-1
5526;-1;5526;-1
5527;-1;5527;-1
5528;-1;5528;-1
5529;-1;5529;-1
5530;-1;5530;-1
5531;-1;5531;-1
5532;-1;5532;-1
5533;-1;5533;-1
5534;-1;5534;-1
5535;-1;5535;-1
5536;-1;5536;-1
5537;-1;5537;-1
5538;-1;5538;-1
5539;-1;5539;-1
5540;-1;5540;-1
5541;-1;5541;-1
5542;-1;5542;-1
5543;-1;5543;-1
5544;-1;5544;-1
5545;-1;5545;-1
5546;-1;5546;-1
5547;-1;5547;-1
5548;-1;5548;-1
5549;-1;5549;-1
5550;-1;5550;-1
5551;-1;5551;-1
5552;-1;5552;-1
5553;-1;5553;-1
5554;-1;5554;-1
5555;-1;5555;-1
5556;-1;5556;-1
5557;-1;5557;-1
5558;-1;5558;-1
5559;-1;5559;-1
5560;-1;5560;-1
5561;-1;5561;-1
5562;-1;5562;-1
5563;-1;5563;-1
5564;-1;5564;-1
5565;-1;5565;-1
5566;-1;5566;-1
5567;-1;5567;-1
5568;-1;5568;-1
5569;-1;5569;-1
5570;-1;5570;-1
5571;-1;5571;-1
5572;-1;5572;-1
5573;-1;5573;-1
5574;-1;5574;-1
5575;-1;5575;-1
5576;-1;5576;-1
5577;-1;5577;-1
5578;-1;5578;-1
5579;-1;5579;-1
5580;-1;5580;-1
5581;-1;5581;-1
5582;-1;5582;-1
5583;-1;5583;-1
5584;-1;5584;-1
5585;-1;5585;-1
5586;-1;5586;-1
5587;-1;5587;-1
5588;-1;5588;-1
5589;-1;5589;-1
5590;-1;5590;-1
5591;-1;5591;-1
5592;-1;5592;-1
5593;-1;5593;-1
5594;-1;5594;-1
5595;-1;5595;-1
5596;-1;5596;-1
5597;-1;5597;-1
5598;-1;5598;-1
5599;-1;5599;-1
5600;-1;5600;-1
5601;-1;5601;-1
5602;-1;5602;-1
5603;-1;5603;-1
5604;-1;5604;-1
5605;-1;5605;-1
5606;-1;5606;-1
5607;-1;5607;-1
5608;-1;5608;-1
5609;-1;5609;-1
5610;-1;5610;-1
5611;-1;5611;-1
5612;-1;5612;-1
5613;-1;5613;-1
5614;-1;5614;-1
5615;-1;5615;-1
5616;-1;5616;-1
5617;-1;5617;-1
5618;-1;5618;-1
5619;-1;5619;-1
5620;-1;5620;-1
5621;-1;5621;-1
5622;-1;5622;-1
5623;-1;5623;-1
5624;-1;5624;-1
5625;-1;5625;-1
5626;-1;5626;-1
5627;-1;5627;-1
5628;-1;5628;-1
5629;-1;5629;-1
5630;-1;5630;-1
5631;-1;5631;-1
5632;-1;5632;-1
5633;-1;5633;-1
5634;-1;5634;-1
5635;-1;5635;-1
5636;-1;5636;-1
5637;-1;5637;-1
5638;-1;5638;-1
5639;-1;5639;-1
5640;-1;5640;-1
5641;-1;5641;-1
5642;-1;5642;-1
5643;-1;5643;-1
5644;-1;5644;-1
5645;-1;5645;-1
5646;-1;5646;-1
5647;-1;5647;-1
5648;-1;5648;-1
5649;-1;5649;-1
5650;-1;5650;-1
5651;-1;5651;-1
5652;-1;5652;-1
5653;-1;5653;-1
5654;-1;5654;-1
5655;-1;5655;-1
5656;-1;5656;-1
5657;-1;5657;-1
5658;-1;5658;-1
5659;-1;5659;-1
5660;-1;5660;-1
5661;-1;5661;-1
5662;-1;5662;-1
5663;-1;5663;-1
5664;-1;5664;-1
5665;-1;5665;-1
5666;-1;5666;-1
5667;-1;5667;-1
5668;-1;5668;-1
5669;-1;5669;-1
5670;-1;5670;-1
5671;-1;5671;-1
5672;-1;5672;-1
5673;-1;5673;-1
5674;-1;5674;-1
5675;-1;5675;-1
5676;-1;5676;-1
5677;-1;5677;-1
5678;-1;5678;-1
5679;-1;5679;-1
5680;-1;5680;-1
5681;-1;5681;-1
5682;-1;5682;-1
5683;-1;5683;-1
5684;-1;5684;-1
5685;-1;5685;-1
5686;-1;5686;-1
5687;-1;5687;-1
5688;-1;5688;-1
5689;-1;5689;-1
5690;-1;5690;-1
5691;-1;5691;-1
5692;-1;5692;-1
5693;-1;5693;-1
5694;-1;5694;-1
5695;-1;5695;-1
5696;-1;5696;-1
5697;-1;5697;-1
5698;-1;5698;-1
5699;-1;5699;-1
5700;-1;5700;-1
5701;-1;5701;-1
5702;-1;5702;-1
5703;-1;5703;-1
5704;-1;5704;-1
5705;-1;5705;-1
5706;-1;5706;-1
5707;-1;5707;-1
5708;-1;5708;-1
5709;-1;5709;-1
5710;-1;5710;-1
5711;-1;5711;-1
5712;-1;5712;-1
5713;-1;5713;-1
5714;-1;5714;-1
5715;-1;5715;-1
5716;-1;5716;-1
5717;-1;5717;-1
5718;-1;5718;-1
5719;-1;5719;-1
5720;-1;5720;-1
5721;-1;5721;-1
5722;-1;5722;-1
5723;-1;5723;-1
5724;-1;5724;-1
5725;-1;5725;-1
5726;-1;5726;-1
5727;-1;5727;-1
5728;-1;5728;-1
5729;-1;5729;-1
5730;-1;5730;-1
5731;-1;5731;-1
5732;-1;5732;-1
5733;-1;5733;-1
5734;-1;5734;-1
5735;-1;5735;-1
5736;-1;5736;-1
5737;-1;5737;-1
5738;-1;5738;-1
5739;-1;5739;-1
5740;-1;5740;-1
5741;-1;5741;-1
5742;-1;5742;-1
5743;-1;5743;-1
5744;-1;5744;-1
5745;-1;5745;-1
5746;-1;5746;-1
5747;-1;5747;-1
5748;-1;5748;-1
5749;-1;5749;-1
5750;-1;5750;-1
5751;-1;5751;-1
5752;-1;5752;-1
5753;-1;5753;-1
5754;-1;5754;-1
5755;-1;5755;-1
5756;-1;5756;-1
5757;-1;5757;-1
5758;-1;5758;-1
5759;-1;5759;-1
5760;-1;5760;-1
5761;-1;5761;-1
5762;-1;5762;-1
5763;-1;5763;-1
5764;-1;5764;-1
5765;-1;5765;-1
5766;-1;5766;-1
5767;-1;5767;-1
5768;-1;5768;-1
5769;-1;5769;-1
5770;-1;5770;-1
5771;-1;5771;-1
5772;-1;5772;-1
5773;-1;5773;-1
5774;-1;5774;-1
5775;-1;5775;-1
5776;-1;5776;-1
5777;-1;5777;-1
5778;-1;5778;-1
5779;-1;5779;-1
5780;-1;5780;-1
5781;-1;5781;-1
5782;-1;5782;-1
5783;-1;5783;-1
5784;-1;5784;-1
5785;-1;5785;-1
5786;-1;5786;-1
5787;-1;5787;-1
5788;-1;5788;-1
5789;-1;5789;-1
5790;-1;5790;-1
5791;-1;5791;-1
5792;-1;5792;-1
5793;-1;5793;-1
5794;-1;5794;-1
5795;-1;5795;-1
5796;-1;5796;-1
5797;-1;5797;-1
5798;-1;5798;-1
5799;-1;5799;-1
5800;-1;5800;-1
5801;-1;5801;-1
5802;-1;5802;-1
5803;-1;5803;-1
5804;-1;5804;-1
5805;-1;5805;-1
5806;-1;5806;-1
5807;-1;5807;-1
5808;-1;5808;-1
5809;-1;5809;-1
5810;-1;5810;-1
5811;-1;5811;-1
5812;-1;5812;-1
5813;-1;5813;-1
5814;-1;5814;-1
5815;-1;5815;-1
5816;-1;5816;-1
5817;-1;5817;-1
5818;-1;5818;-1
5819;-1;5819;-1
5820;-1;5820;-1
5821;-1;5821;-1
5822;-1;5822;-1
5823;-1;5823;-1
5824;-1;5824;-1
5825;-1;5825;-1
5826;-1;5826;-1
5827;-1;5827;-1
5828;-1;5828;-1
5829;-1;5829;-1
5830;-1;5830;-1
5831;-1;5831;-1
5832;-1;5832;-1
5833;-1;5833;-1
5834;-1;5834;-1
5835;-1;5835;-1
5836;-1;5836;-1
5837;-1;5837;-1
5838;-1;5838;-1
5839;-1;5839;-1
5840;-1;5840;-1
5841;-1;5841;-1
5842;-1;5842;-1
5843;-1;5843;-1
5844;-1;5844;-1
5845;-1;5845;-1
5846;-1;5846;-1
5847;-1;5847;-1
5848;-1;5848;-1
5849;-1;5849;-1
5850;-1;5850;-1
5851;-1;5851;-1
5852;-1;5852;-1
5853;-1;5853;-1
5854;-1;5854;-1
5855;-1;5855;-1
5856;-1;5856;-1
5857;-1;5857;-1
5858;-1;5858;-1
5859;-1;5859;-1
5860;-1;5860;-1
5861;-1;5861;-1
5862;-1;5862;-1
5863;-1;5863;-1
5864;-1;5864;-1
5865;-1;5865;-1
5866;-1;5866;-1
5867;-1;5867;-1
5868;-1;5868;-1
5869;-1;5869;-1
5870;-1;5870;-1
5871;-1;5871;-1
5872;-1;5872;-1
5873;-1;5873;-1
5874;-1;5874;-1
5875;-1;5875;-1
5876;-1;5876;-1
5877;-1;5877;-1
5878;-1;5878;-1
5879;-1;5879;-1
5880;-1;5880;-1
5881;-1;5881;-1
5882;-1;5882;-1
5883;-1;5883;-1
5884;-1;5884;-1
5885;-1;5885;-1
5886;-1;5886;-1
5887;-1;5887;-1
5888;-1;5888;-1
5889;-1;5889;-1
5890;-1;5890;-1
5891;-1;5891;-1
5892;-1;5892;-1
5893;-1;5893;-1
5894;-1;5894;-1
5895;-1;5895;-1
5896;-1;5896;-1
5897;-1;5897;-1
5898;-1;5898;-1
5899;-1;5899;-1
5900;-1;5900;-1
5901;-1;5901;-1
5902;-1;5902;-1
5903;-1;5903;-1
5904;-1;5904;-1
5905;-1;5905;-1
5906;-1;5906;-1
5907;-1;5907;-1
5908;-1;5908;-1
5909;-1;5909;-1
5910;-1;5910;-1
EOF
