Name;YT Scope Project;
File;C:\Users\kimro\Documents\Bachelor\data\spool_mapping\spool_mapping_run_03.03.26_down.csv;
Starttime of export;134170041642630000;tirsdag 3. mars 2026;10:36:04.263
Endtime of export;134170041709750329;tirsdag 3. mars 2026;10:36:10.975


Name;fSpoolPosition;Name;fU

0;-1;0;0
1;-1;1;0
2;-1;2;0
3;-1;3;0
4;-1;4;0
5;-1;5;0
6;-1;6;0
7;-1;7;0
8;-1;8;0
9;-1;9;0
10;-1;10;0
11;-1;11;0
12;-1;12;0
13;-1;13;0
14;-1;14;0
15;-1;15;0
16;-1;16;0
17;-1;17;0
18;-1;18;0
19;-1;19;0
20;-1;20;0
21;-1;21;0
22;-1;22;0
23;-1;23;0
24;-1;24;0
25;-1;25;0
26;-1;26;0
27;-1;27;0
28;-1;28;0
29;-1;29;0
30;-1;30;0
31;-1;31;0
32;-1;32;0
33;-1;33;0
34;-1;34;0
35;-1;35;0
36;-1;36;0
37;-1;37;0
38;-1;38;0
39;-1;39;0
40;-1;40;0
41;-1;41;0
42;-1;42;0
43;-1;43;0
44;-1;44;0
45;-1;45;0
46;-1;46;0
47;-1;47;0
48;-1;48;0
49;-1;49;0
50;-1;50;0
51;-1;51;0
52;-1;52;0
53;-1;53;0
54;-1;54;0
55;-1;55;0
56;-1;56;0
57;-1;57;0
58;-1;58;0
59;-1;59;0
60;-1;60;0
61;-1;61;0
62;-1;62;0
63;-1;63;0
64;-1;64;0
65;-1;65;0
66;-1;66;0
67;-1;67;0
68;-1;68;0
69;-1;69;0
70;-1;70;0
71;-1;71;0
72;-1;72;0
73;-1;73;0
74;-1;74;0
75;-1;75;0
76;-1;76;0
77;-1;77;0
78;-1;78;0
79;-1;79;0
80;-1;80;0
81;-1;81;0
82;-1;82;0
83;-1;83;0
84;-1;84;0
85;-1;85;0
86;-1;86;0
87;-1;87;0
88;-1;88;0
89;-1;89;0
90;-1;90;0
91;-1;91;0
92;-1;92;0
93;-1;93;0
94;-1;94;0
95;-1;95;0
96;-1;96;0
97;-1;97;0
98;-1;98;0
99;-1;99;0
100;-1;100;0
101;-1;101;0
102;-1;102;0
103;-1;103;0
104;-1;104;0
105;-1;105;0
106;-1;106;0
107;-1;107;0
108;-1;108;0
109;-1;109;0
110;-1;110;0
111;-1;111;0
112;-1;112;0
113;-1;113;0
114;-1;114;0
115;-1;115;0
116;-1;116;0
117;-1;117;0
118;-1;118;0
119;-1;119;0
120;-1;120;0
121;-1;121;0
122;-1;122;0
123;-1;123;0
124;-1;124;0
125;-1;125;0
126;-1;126;0
127;-1;127;0
128;-1;128;0
129;-1;129;0
130;-1;130;0
131;-1;131;0
132;-1;132;0
133;-1;133;0
134;-1;134;0
135;-1;135;0
136;-1;136;0
137;-1;137;0
138;-1;138;0
139;-1;139;0
140;-1;140;0
141;-1;141;0
142;-1;142;0
143;-1;143;0
144;-1;144;0
145;-1;145;0
146;-1;146;0
147;-1;147;0
148;-1;148;0
149;-1;149;0
150;-1;150;0
151;-1;151;0
152;-1;152;0
153;-1;153;0
154;-1;154;0
155;-1;155;0
156;-1;156;0
157;-1;157;0
158;-1;158;0
159;-1;159;0
160;-1;160;0
161;-1;161;0
162;-1;162;0
163;-1;163;0
164;-1;164;0
165;-1;165;0
166;-1;166;0
167;-1;167;0
168;-1;168;0
169;-1;169;0
170;-1;170;0
171;-1;171;0
172;-1;172;0
173;-1;173;0
174;-1;174;0
175;-1;175;0
176;-1;176;0
177;-1;177;0
178;-1;178;0
179;-1;179;0
180;-1;180;0
181;-1;181;0
182;-1;182;0
183;-1;183;0
184;-1;184;0
185;-1;185;0
186;-1;186;0
187;-1;187;0
188;-1;188;0
189;-1;189;0
190;-1;190;0
191;-1;191;0
192;-1;192;0
193;-1;193;0
194;-1;194;0
195;-1;195;0
196;-1;196;0
197;-1;197;0
198;-1;198;0
199;-1;199;0
200;-1;200;0
201;-1;201;0
202;-1;202;0
203;-1;203;0
204;-1;204;0
205;-1;205;0
206;-1;206;0
207;-1;207;0
208;-1;208;0
209;-1;209;0
210;-1;210;0
211;-1;211;0
212;-1;212;0
213;-1;213;0
214;-1;214;0
215;-1;215;0
216;-1;216;0
217;-1;217;0
218;-1;218;0
219;-1;219;0
220;-1;220;0
221;-1;221;0
222;-1;222;0
223;-1;223;0
224;-1;224;0
225;-1;225;0
226;-1;226;0
227;-1;227;0
228;-1;228;0
229;-1;229;0
230;-1;230;0
231;-1;231;0
232;-1;232;0
233;-1;233;0
234;-1;234;0
235;-1;235;0
236;-1;236;0
237;-1;237;0
238;-1;238;0
239;-1;239;0
240;-1;240;0
241;-1;241;0
242;-1;242;0
243;-1;243;0
244;-1;244;0
245;-1;245;0
246;-1;246;0
247;-1;247;0
248;-1;248;0
249;-1;249;0
250;-1;250;0
251;-1;251;0
252;-1;252;0
253;-1;253;0
254;-1;254;0
255;-1;255;0
256;-1;256;0
257;-1;257;0
258;-1;258;0
259;-1;259;0
260;-1;260;0
261;-1;261;0
262;-1;262;0
263;-1;263;0
264;-1;264;0
265;-1;265;0
266;-1;266;0
267;-1;267;0
268;-1;268;0
269;-1;269;0
270;-1;270;0
271;-1;271;0
272;-1;272;0
273;-1;273;0
274;-1;274;0
275;-1;275;0
276;-1;276;0
277;-1;277;0
278;-1;278;0
279;-1;279;0
280;-1;280;0
281;-1;281;0
282;-1;282;0
283;-1;283;0
284;-1;284;0
285;-1;285;0
286;-1;286;0
287;-1;287;0
288;-1;288;0
289;-1;289;0
290;-1;290;0
291;-1;291;0
292;-1;292;0
293;-1;293;0
294;-1;294;0
295;-1;295;0
296;-1;296;0
297;-1;297;0
298;-1;298;0
299;-1;299;0
300;-1;300;0
301;-1;301;0
302;-1;302;0
303;-1;303;0
304;-1;304;0
305;-1;305;0
306;-1;306;0
307;-1;307;0
308;-1;308;0
309;-1;309;0
310;-1;310;0
311;-1;311;0
312;-1;312;0
313;-1;313;0
314;-1;314;0
315;-1;315;0
316;-1;316;0
317;-1;317;0
318;-1;318;0
319;-1;319;0
320;-1;320;0
321;-1;321;0
322;-1;322;0
323;-1;323;0
324;-1;324;0
325;-1;325;0
326;-1;326;0
327;-1;327;0
328;-1;328;0
329;-1;329;0
330;-1;330;0
331;-1;331;0
332;-1;332;0
333;-1;333;0
334;-1;334;0
335;-1;335;0
336;-1;336;0
337;-1;337;0
338;-1;338;0
339;-1;339;0
340;-1;340;0
341;-1;341;0
342;-1;342;0
343;-1;343;0
344;-1;344;0
345;-1;345;0
346;-1;346;0
347;-1;347;0
348;-1;348;0
349;-1;349;0
350;-1;350;0
351;-1;351;0
352;-1;352;0
353;-1;353;0
354;-1;354;0
355;-1;355;0
356;-1;356;0
357;-1;357;0
358;-1;358;0
359;-1;359;0
360;-1;360;0
361;-1;361;0
362;-1;362;0
363;-1;363;0
364;-1;364;0
365;-1;365;0
366;-1;366;0
367;-1;367;0
368;-1;368;0
369;-1;369;0
370;-1;370;0
371;-1;371;0
372;-1;372;0
373;-1;373;0
374;-1;374;0
375;-1;375;0
376;-1;376;0
377;-1;377;0
378;-1;378;0
379;-1;379;0
380;-1;380;0
381;-1;381;0
382;-1;382;0
383;-1;383;0
384;-1;384;0
385;-1;385;0
386;-1;386;0
387;-1;387;0
388;-1;388;0
389;-1;389;0
390;-1;390;0
391;-1;391;0
392;-1;392;0
393;-1;393;0
394;-1;394;0
395;-1;395;0
396;-1;396;0
397;-1;397;0
398;-1;398;0
399;-1;399;0
400;-1;400;0
401;-1;401;0
402;-1;402;0
403;-1;403;0
404;-1;404;0
405;-1;405;0
406;-1;406;0
407;-1;407;0
408;-1;408;0
409;-1;409;0
410;-1;410;0
411;-1;411;0
412;-1;412;0
413;-1;413;0
414;-1;414;0
415;-1;415;0
416;-1;416;0
417;-1;417;0
418;-1;418;0
419;-1;419;0
420;-1;420;0
421;-1;421;0
422;-1;422;0
423;-1;423;0
424;-1;424;0
425;-1;425;0
426;-1;426;0
427;-1;427;0
428;-1;428;0
429;-1;429;0
430;-1;430;0
431;-1;431;0
432;-1;432;0
433;-1;433;0
434;-1;434;0
435;-1;435;0
436;-1;436;0
437;-1;437;0
438;-1;438;0
439;-1;439;0
440;-1;440;0
441;-1;441;0
442;-1;442;0
443;-1;443;0
444;-1;444;0
445;-1;445;0
446;-1;446;0
447;-1;447;0
448;-1;448;0
449;-1;449;0
450;-1;450;0
451;-1;451;0
452;-1;452;0
453;-1;453;0
454;-1;454;0
455;-1;455;0
456;-1;456;0
457;-1;457;0
458;-1;458;0
459;-1;459;0
460;-1;460;0
461;-1;461;0
462;-1;462;0
463;-1;463;0
464;-1;464;0
465;-1;465;0
466;-1;466;0
467;-1;467;0
468;-1;468;0
469;-1;469;0
470;-1;470;0
471;-1;471;0
472;-1;472;0
473;-1;473;0
474;-1;474;0
475;-1;475;0
476;-1;476;0
477;-1;477;0
478;-1;478;0
479;-1;479;0
480;-1;480;0
481;-1;481;0
482;-1;482;0
483;-1;483;0
484;-1;484;0
485;-1;485;0
486;-1;486;0
487;-1;487;0
488;-1;488;0
489;-1;489;0
490;-1;490;0
491;-1;491;0
492;-1;492;0
493;-1;493;0
494;-1;494;0
495;-1;495;0
496;-1;496;0
497;-1;497;0
498;-1;498;0
499;-1;499;0
500;-1;500;0
501;-1;501;0
502;-1;502;0
503;-1;503;0
504;-1;504;0
505;-1;505;0
506;-1;506;0
507;-1;507;0
508;-1;508;0
509;-1;509;0
510;-1;510;0
511;-1;511;0
512;-1;512;0
513;-1;513;0
514;-1;514;0
515;-1;515;0
516;-1;516;0
517;-1;517;0
518;-1;518;0
519;-1;519;0
520;-1;520;0
521;-1;521;0
522;-1;522;0
523;-1;523;0
524;-1;524;0
525;-1;525;0
526;-1;526;0
527;-1;527;0
528;-1;528;0
529;-1;529;0
530;-1;530;0
531;-1;531;0
532;-1;532;0
533;-1;533;0
534;-1;534;0
535;-1;535;0
536;-1;536;0
537;-1;537;0
538;-1;538;0
539;-1;539;0
540;-1;540;0
541;-1;541;0
542;-1;542;0
543;-1;543;0
544;-1;544;0
545;-1;545;0
546;-1;546;0
547;-1;547;0
548;-1;548;0
549;-1;549;0
550;-1;550;0
551;-1;551;0
552;-1;552;0
553;-1;553;0
554;-1;554;0
555;-1;555;0
556;-1;556;0
557;-1;557;0
558;-1;558;0
559;-1;559;0
560;-1;560;0
561;-1;561;0
562;-1;562;0
563;-1;563;0
564;-1;564;0
565;-1;565;0
566;-1;566;0
567;-1;567;0
568;-1;568;0
569;-1;569;0
570;-1;570;0
571;-1;571;0
572;-1;572;0
573;-1;573;0
574;-1;574;0
575;-1;575;0
576;-1;576;0
577;-1;577;0
578;-1;578;0
579;-1;579;0
580;-1;580;0
581;-1;581;0
582;-1;582;0
583;-1;583;0
584;-1;584;0
585;-1;585;0
586;-1;586;0
587;-1;587;0
588;-1;588;0
589;-1;589;0
590;-1;590;0
591;-1;591;0
592;-1;592;0
593;-1;593;0
594;-1;594;0
595;-1;595;0
596;-1;596;0
597;-1;597;0
598;-1;598;0
599;-1;599;0
600;-1;600;0
601;-1;601;0
602;-1;602;0
603;-1;603;0
604;-1;604;0
605;-1;605;0
606;-1;606;0
607;-1;607;0
608;-1;608;0
609;-1;609;0
610;-1;610;0
611;-1;611;0
612;-1;612;0
613;-1;613;0
614;-1;614;0
615;-1;615;0
616;-1;616;0
617;-1;617;0
618;-1;618;0
619;-1;619;0
620;-1;620;0
621;-1;621;0
622;-1;622;0
623;-1;623;0
624;-1;624;0
625;-1;625;0
626;-1;626;0
627;-1;627;0
628;-1;628;0
629;-1;629;0
630;-1;630;0
631;-1;631;0
632;-1;632;0
633;-1;633;0
634;-1;634;0
635;-1;635;0
636;-1;636;0
637;-1;637;0
638;-1;638;0
639;-1;639;0
640;-1;640;0
641;-1;641;0
642;-1;642;0
643;-1;643;0
644;-1;644;0
645;-1;645;0
646;-1;646;0
647;-1;647;0
648;-1;648;0
649;-1;649;0
650;-1;650;0
651;-1;651;0
652;-1;652;0
653;-1;653;0
654;-1;654;0
655;-1;655;0
656;-1;656;0
657;-1;657;0
658;-1;658;0
659;-1;659;0
660;-1;660;0
661;-1;661;0
662;-1;662;0
663;-1;663;0
664;-1;664;0
665;-1;665;0
666;-1;666;0
667;-1;667;0
668;-1;668;0
669;-1;669;0
670;-1;670;0
671;-1;671;0
672;-1;672;0
673;-1;673;0
674;-1;674;0
675;-1;675;0
676;-1;676;0
677;-1;677;0
678;-1;678;0
679;-1;679;0
680;-1;680;0
681;-1;681;0
682;-1;682;0
683;-1;683;0
684;-1;684;0
685;-1;685;0
686;-1;686;0
687;-1;687;0
688;-1;688;0
689;-1;689;0
690;-1;690;0
691;-1;691;0
692;-1;692;0
693;-1;693;0
694;-1;694;0
695;-1;695;0
696;-1;696;0
697;-1;697;0
698;-1;698;0
699;-1;699;0
700;-1;700;0
701;-1;701;0
702;-1;702;0
703;-1;703;0
704;-1;704;0
705;-1;705;0
706;-1;706;0
707;-1;707;0
708;-1;708;0
709;-1;709;0
710;-1;710;0
711;-1;711;0
712;-1;712;0
713;-1;713;0
714;-1;714;0
715;-1;715;0
716;-1;716;0
717;-1;717;0
718;-1;718;0
719;-1;719;0
720;-1;720;0
721;-1;721;0
722;-1;722;0
723;-1;723;0
724;-1;724;0
725;-1;725;0
726;-1;726;0
727;-1;727;0
728;-1;728;0
729;-1;729;0
730;-1;730;0
731;-1;731;0
732;-1;732;0
733;-1;733;0
734;-1;734;0
735;-1;735;0
736;-1;736;0
737;-1;737;0
738;-1;738;0
739;-1;739;0
740;-1;740;0
741;-1;741;0
742;-1;742;0
743;-1;743;0
744;-1;744;0
745;-1;745;0
746;-1;746;0
747;-1;747;0
748;-1;748;0
749;-1;749;0
750;-1;750;0
751;-1;751;0
752;-1;752;0
753;-1;753;0
754;-1;754;0
755;-1;755;0
756;-1;756;0
757;-1;757;0
758;-1;758;0
759;-1;759;0
760;-1;760;0
761;-1;761;0
762;-1;762;0
763;-1;763;0
764;-1;764;0
765;-1;765;0
766;-1;766;0
767;-1;767;0
768;-1;768;0
769;-1;769;0
770;-1;770;0
771;-1;771;0
772;-1;772;0
773;-1;773;0
774;-1;774;0
775;-1;775;0
776;-1;776;0
777;-1;777;0
778;-1;778;0
779;-1;779;0
780;-1;780;0
781;-1;781;0
782;-1;782;0
783;-1;783;0
784;-1;784;0
785;-1;785;0
786;-1;786;0
787;-1;787;0
788;-1;788;0
789;-1;789;0
790;-1;790;0
791;-1;791;0
792;-1;792;0
793;-1;793;0
794;-1;794;0
795;-1;795;0
796;-1;796;0
797;-1;797;0
798;-1;798;0
799;-1;799;0
800;-1;800;0
801;-1;801;0
802;-1;802;0
803;-1;803;0
804;-1;804;0
805;-1;805;0
806;-1;806;0
807;-1;807;0
808;-1;808;0
809;-1;809;0
810;-1;810;0
811;-1;811;0
812;-1;812;0
813;-1;813;0
814;-1;814;0
815;-1;815;0
816;-1;816;0
817;-1;817;0
818;-1;818;0
819;-1;819;0
820;-1;820;0
821;-1;821;0
822;-1;822;0
823;-1;823;0
824;-1;824;0
825;-1;825;0
826;-1;826;0
827;-1;827;0
828;-1;828;0
829;-1;829;0
830;-1;830;0
831;-1;831;0
832;-1;832;0
833;-1;833;0
834;-1;834;0
835;-1;835;0
836;-1;836;0
837;-1;837;0
838;-1;838;0
839;-1;839;0
840;-1;840;0
841;-1;841;0
842;-1;842;0
843;-1;843;0
844;-1;844;0
845;-1;845;0
846;-1;846;0
847;-1;847;0
848;-1;848;0
849;-1;849;0
850;-1;850;0
851;-1;851;0
852;-1;852;0
853;-1;853;0
854;-1;854;0
855;-1;855;0
856;-1;856;0
857;-1;857;0
858;-1;858;0
859;-1;859;0
860;-1;860;0
861;-1;861;0
862;-1;862;0
863;-1;863;0
864;-1;864;0
865;-1;865;0,0002
866;-1;866;0,0004
867;-1;867;0,00060000000000000006
868;-1;868;0,0008
869;-1;869;0,001
870;-1;870;0,0012000000000000001
871;-1;871;0,0014
872;-1;872;0,0016
873;-1;873;0,0018
874;-1;874;0,002
875;-1;875;0,0021999999999999997
876;-1;876;0,0024000000000000002
877;-1;877;0,0026
878;-1;878;0,0028
879;-1;879;0,003
880;-0,98919680601221227;880;0,0032
881;-0,866838891498356;881;0,0034000000000000002
882;-0,74448097698449978;882;0,0036
883;-0,74448097698449978;883;0,0038
884;-0,62235791451385625;884;0,004
885;-0,49976514795678723;885;0,0042000000000000006
886;-0,3771723813997182;886;0,0043999999999999994
887;-0,25434476279943635;887;0,0046
888;-0,25434476279943635;888;0,0048000000000000004
889;-0,13151714419915453;889;0,005
890;-0,00868952559887271;890;0,0052
891;-0,0058713010803193985;891;0,0054
892;-0,0044621888210427431;892;0,0056
893;-0,0044621888210427431;893;0,0058000000000000005
894;-0,0037576326914044154;894;0,006
895;0;895;0,0062
896;0;896;0,0064
897;0;897;0,0066
898;0;898;0,0068000000000000005
899;0;899;0,007000000000000001
900;0;900;0,0072
901;0;901;0,0073999999999999995
902;0;902;0,0076
903;0;903;0,0078
904;0;904;0,008
905;0;905;0,0082
906;0;906;0,0084000000000000012
907;0;907;0,0086
908;0;908;0,0087999999999999988
909;0;909;0,009
910;0;910;0,0092
911;0;911;0,0094
912;0;912;0,0096000000000000009
913;0;913;0,0098
914;0;914;0,01
915;0;915;0,010199999999999999
916;0;916;0,0104
917;0;917;0,0106
918;0;918;0,0108
919;0;919;0,011
920;0;920;0,0112
921;0;921;0,0114
922;0;922;0,011600000000000001
923;0;923;0,0118
924;0;924;0,012
925;0;925;0,012199999999999999
926;0;926;0,0124
927;0;927;0,0126
928;0;928;0,0128
929;0;929;0,013000000000000001
930;0;930;0,0132
931;0;931;0,0134
932;0;932;0,013600000000000001
933;0;933;0,013800000000000002
934;0;934;0,014000000000000002
935;0;935;0,014199999999999999
936;0;936;0,0144
937;0;937;0,014599999999999998
938;0;938;0,014799999999999999
939;0;939;0,015
940;0;940;0,0152
941;0;941;0,0154
942;0;942;0,0156
943;0;943;0,0158
944;0;944;0,016
945;0;945;0,0162
946;0;946;0,0164
947;0;947;0,0166
948;0;948;0,016800000000000002
949;0;949;0,017
950;0;950;0,0172
951;0;951;0,0174
952;0;952;0,017599999999999998
953;0;953;0,0178
954;0;954;0,018
955;0;955;0,0182
956;0;956;0,0184
957;0;957;0,0186
958;0;958;0,0188
959;0;959;0,019
960;0;960;0,019200000000000002
961;0;961;0,0194
962;0;962;0,0196
963;0;963;0,0198
964;0;964;0,02
965;0;965;0,020200000000000003
966;0;966;0,020399999999999998
967;0;967;0,0206
968;0;968;0,0208
969;0;969;0,020999999999999998
970;0;970;0,0212
971;0;971;0,0214
972;0;972;0,0216
973;0;973;0,0218
974;0;974;0,022
975;0;975;0,0222
976;0;976;0,0224
977;0;977;0,022600000000000002
978;0;978;0,0228
979;0;979;0,023
980;0;980;0,023200000000000002
981;0;981;0,0234
982;0;982;0,0236
983;0;983;0,023799999999999998
984;0;984;0,024
985;0;985;0,0242
986;0;986;0,024399999999999998
987;0;987;0,0246
988;0;988;0,0248
989;0;989;0,025
990;0;990;0,0252
991;0;991;0,0254
992;0;992;0,0256
993;0;993;0,0258
994;0;994;0,026000000000000002
995;0;995;0,0262
996;0;996;0,0264
997;0;997;0,026600000000000002
998;0;998;0,0268
999;0;999;0,027000000000000003
1000;0;1000;0,027200000000000002
1001;0,0037192003719200371;1001;0,0274
1002;0,0041841004184100415;1002;0,027600000000000003
1003;0,0041841004184100415;1003;0,027800000000000002
1004;0,0044165504416550441;1004;0,028000000000000004
1005;0,0046490004649000468;1005;0,028199999999999996
1006;0,0041841004184100415;1006;0,028399999999999998
1007;0,00395165039516504;1007;0,028599999999999997
1008;0,00395165039516504;1008;0,0288
1009;0,0037192003719200371;1009;0,028999999999999998
1010;0;1010;0,029199999999999997
1011;0,0037192003719200371;1011;0,0294
1012;0,0041841004184100415;1012;0,029599999999999998
1013;0,0041841004184100415;1013;0,0298
1014;0,0046490004649000468;1014;0,03
1015;0,0051139005113900512;1015;0,030199999999999998
1016;0,00604370060437006;1016;0,0304
1017;0,0055788005578800556;1017;0,0306
1018;0,0055788005578800556;1018;0,0308
1019;0,0051139005113900512;1019;0,031
1020;0,0046490004649000468;1020;0,0312
1021;0,0046490004649000468;1021;0,0314
1022;0,0046490004649000468;1022;0,0316
1023;0,0046490004649000468;1023;0,0318
1024;0,0046490004649000468;1024;0,032
1025;0,0046490004649000468;1025;0,0322
1026;0,0051139005113900512;1026;0,0324
1027;0,0051139005113900512;1027;0,032600000000000004
1028;0,0051139005113900512;1028;0,0328
1029;0,0058112505811250582;1029;0,033
1030;0,0058112505811250582;1030;0,0332
1031;0,0051139005113900512;1031;0,0334
1032;0,0048814504881450485;1032;0,033600000000000005
1033;0,0048814504881450485;1033;0,033800000000000004
1034;0,0046490004649000468;1034;0,034
1035;0,0046490004649000468;1035;0,0342
1036;0,0044165504416550441;1036;0,0344
1037;0,0051139005113900512;1037;0,0346
1038;0,0051139005113900512;1038;0,0348
1039;0,00604370060437006;1039;0,034999999999999996
1040;0,0065086006508600653;1040;0,035199999999999995
1041;0,0065086006508600653;1041;0,0354
1042;0,0062761506276150627;1042;0,0356
1043;0,0062761506276150627;1043;0,0358
1044;0,0058112505811250582;1044;0,036
1045;0,0055788005578800556;1045;0,036199999999999996
1046;0,0051139005113900512;1046;0,0364
1047;0,0055788005578800556;1047;0,0366
1048;0,0055788005578800556;1048;0,0368
1049;0,0055788005578800556;1049;0,037
1050;0,00604370060437006;1050;0,0372
1051;0,0065086006508600653;1051;0,0374
1052;0,0067410506741050671;1052;0,0376
1053;0,0067410506741050671;1053;0,0378
1054;0,0072059507205950724;1054;0,038
1055;0,0067410506741050671;1055;0,0382
1056;0,0065086006508600653;1056;0,038400000000000004
1057;0,0062761506276150627;1057;0,0386
1058;0,0062761506276150627;1058;0,0388
1059;0,0062761506276150627;1059;0,039
1060;0,0062761506276150627;1060;0,0392
1061;0,0065086006508600653;1061;0,039400000000000004
1062;0,0074384007438400741;1062;0,0396
1063;0,0074384007438400741;1063;0,0398
1064;0,00790330079033008;1064;0,04
1065;0,008368200836820083;1065;0,0402
1066;0,008368200836820083;1066;0,040400000000000005
1067;0,0081357508135750812;1067;0,040600000000000004
1068;0,0081357508135750812;1068;0,040799999999999996
1069;0,00790330079033008;1069;0,040999999999999995
1070;0,0076708507670850768;1070;0,0412
1071;0,0076708507670850768;1071;0,0414
1072;0,00790330079033008;1072;0,0416
1073;0,00790330079033008;1073;0,0418
1074;0,00790330079033008;1074;0,041999999999999996
1075;0,008368200836820083;1075;0,0422
1076;0,0088331008833100882;1076;0,0424
1077;0,0092980009298000935;1077;0,0426
1078;0,0092980009298000935;1078;0,0428
1079;0,0092980009298000935;1079;0,043
1080;0,0092980009298000935;1080;0,0432
1081;0,0088331008833100882;1081;0,0434
1082;0,008368200836820083;1082;0,0436
1083;0,008368200836820083;1083;0,0438
1084;0,0081357508135750812;1084;0,044
1085;0,00790330079033008;1085;0,0442
1086;0,008368200836820083;1086;0,0444
1087;0,0092980009298000935;1087;0,0446
1088;0,0092980009298000935;1088;0,0448
1089;0,0097629009762900971;1089;0,045
1090;0,010227801022780102;1090;0,045200000000000004
1091;0,0099953509995351;1091;0,0454
1092;0,0095304509530450953;1092;0,0456
1093;0,0095304509530450953;1093;0,0458
1094;0,0092980009298000935;1094;0,046
1095;0,00906555090655509;1095;0,046200000000000005
1096;0,0092980009298000935;1096;0,046400000000000004
1097;0,0095304509530450953;1097;0,0466
1098;0,0095304509530450953;1098;0,0468
1099;0,0095304509530450953;1099;0,047
1100;0,0095304509530450953;1100;0,0472
1101;0,0099953509995351;1101;0,0474
1102;0,010692701069270108;1102;0,047599999999999996
1103;0,010692701069270108;1103;0,047799999999999995
1104;0,010925151092515109;1104;0,048
1105;0,011390051139005115;1105;0,0482
1106;0,010925151092515109;1106;0,0484
1107;0,010692701069270108;1107;0,0486
1108;0,010692701069270108;1108;0,048799999999999996
1109;0,010692701069270108;1109;0,049
1110;0,010227801022780102;1110;0,0492
1111;0,011157601115760111;1111;0,0494
1112;0,011854951185495118;1112;0,0496
1113;0,011854951185495118;1113;0,0498
1114;0,012552301255230125;1114;0,05
1115;0,012552301255230125;1115;0,0502
1116;0,012319851231985124;1116;0,0504
1117;0,011854951185495118;1117;0,0506
1118;0,011854951185495118;1118;0,0508
1119;0,011622501162250116;1119;0,051000000000000004
1120;0,011854951185495118;1120;0,0512
1121;0,012319851231985124;1121;0,0514
1122;0,012552301255230125;1122;0,0516
1123;0,012552301255230125;1123;0,0518
1124;0,012319851231985124;1124;0,052000000000000005
1125;0,011854951185495118;1125;0,0522
1126;0,012552301255230125;1126;0,0524
1127;0,013249651324965132;1127;0,0526
1128;0,013249651324965132;1128;0,0528
1129;0,013482101348210134;1129;0,053000000000000005
1130;0,013249651324965132;1130;0,053200000000000004
1131;0,013017201301720131;1131;0,0534
1132;0,012552301255230125;1132;0,0536
1133;0,012552301255230125;1133;0,0538
1134;0,012552301255230125;1134;0,054000000000000006
1135;0,013017201301720131;1135;0,054200000000000005
1136;0,013482101348210134;1136;0,054400000000000004
1137;0,014411901441190145;1137;0,0546
1138;0,015109251510925152;1138;0,0548
1139;0,015109251510925152;1139;0,055000000000000007
1140;0,014876801487680148;1140;0,055200000000000006
1141;0,014876801487680148;1141;0,055400000000000005
1142;0,014411901441190145;1142;0,055600000000000004
1143;0,014876801487680148;1143;0,0558
1144;0,014876801487680148;1144;0,056000000000000008
1145;0,015109251510925152;1145;0,056200000000000007
1146;0,015806601580660159;1146;0,056399999999999992
1147;0,016039051603905161;1147;0,0566
1148;0,016271501627150162;1148;0,056799999999999996
1149;0,016271501627150162;1149;0,056999999999999995
1150;0,016736401673640166;1150;0,057199999999999994
1151;0,017433751743375175;1151;0,057399999999999993
1152;0,01813110181311018;1152;0,0576
1153;0,01813110181311018;1153;0,0578
1154;0,01813110181311018;1154;0,057999999999999996
1155;0,01813110181311018;1155;0,058199999999999995
1156;0,017898651789865178;1156;0,058399999999999994
1157;0,017666201766620176;1157;0,0586
1158;0,017433751743375175;1158;0,0588
1159;0,017433751743375175;1159;0,059
1160;0,01813110181311018;1160;0,059199999999999996
1161;0,018596001859600187;1161;0,059399999999999994
1162;0,019525801952580194;1162;0,0596
1163;0,020223152022315203;1163;0,0598
1164;0,020223152022315203;1164;0,06
1165;0,020223152022315203;1165;0,0602
1166;0,020223152022315203;1166;0,060399999999999995
1167;0,0199907019990702;1167;0,0606
1168;0,0199907019990702;1168;0,0608
1169;0,0199907019990702;1169;0,061
1170;0,020455602045560205;1170;0,0612
1171;0,02115295211529521;1171;0,061399999999999996
1172;0,021617852161785217;1172;0,0616
1173;0,022547652254765224;1173;0,0618
1174;0,022547652254765224;1174;0,062
1175;0,022780102278010229;1175;0,0622
1176;0,023477452347745235;1176;0,0624
1177;0,023942352394235238;1177;0,0626
1178;0,024407252440725245;1178;0,0628
1179;0,024407252440725245;1179;0,063
1180;0,024407252440725245;1180;0,0632
1181;0,024407252440725245;1181;0,0634
1182;0,023942352394235238;1182;0,0636
1183;0,023942352394235238;1183;0,0638
1184;0,023942352394235238;1184;0,064
1185;0,024872152487215249;1185;0,064200000000000007
1186;0,025337052533705252;1186;0,0644
1187;0,026266852626685263;1187;0,0646
1188;0,026266852626685263;1188;0,0648
1189;0,026266852626685263;1189;0,065
1190;0,026266852626685263;1190;0,065200000000000008
1191;0,026034402603440261;1191;0,0654
1192;0,026034402603440261;1192;0,0656
1193;0,026034402603440261;1193;0,0658
1194;0,026034402603440261;1194;0,066
1195;0,026499302649930265;1195;0,066200000000000009
1196;0,026964202696420268;1196;0,0664
1197;0,026731752673175267;1197;0,0666
1198;0,027196652719665274;1198;0,0668
1199;0,027196652719665274;1199;0,067
1200;0,027894002789400279;1200;0,06720000000000001
1201;0,028358902835890282;1201;0,0674
1202;0,028823802882380289;1202;0,067600000000000007
1203;0,029521152952115295;1203;0,0678
1204;0,029521152952115295;1204;0,068
1205;0,029056252905625291;1205;0,068200000000000011
1206;0,029056252905625291;1206;0,0684
1207;0,028823802882380289;1207;0,068600000000000008
1208;0,029521152952115295;1208;0,0688
1209;0,029521152952115295;1209;0,068999999999999992
1210;0,030218503021850304;1210;0,0692
1211;0,031148303114830311;1211;0,069399999999999989
1212;0,031613203161320318;1212;0,0696
1213;0,031613203161320318;1213;0,0698
1214;0,031613203161320318;1214;0,069999999999999993
1215;0,031380753138075312;1215;0,0702
1216;0,031148303114830311;1216;0,07039999999999999
1217;0,031845653184565316;1217;0,0706
1218;0,031613203161320318;1218;0,0708
1219;0,031613203161320318;1219;0,071
1220;0,032078103207810321;1220;0,0712
1221;0,03277545327754533;1221;0,071399999999999991
1222;0,033007903300790328;1222;0,0716
1223;0,033007903300790328;1223;0,0718
1224;0,033007903300790328;1224;0,072
1225;0,033705253370525337;1225;0,0722
1226;0,034170153417015341;1226;0,072399999999999992
1227;0,034867503486750349;1227;0,0726
1228;0,035332403533240353;1228;0,0728
1229;0,035332403533240353;1229;0,073
1230;0,034867503486750349;1230;0,0732
1231;0,034635053463505344;1231;0,073399999999999993
1232;0,034170153417015341;1232;0,0736
1233;0,035332403533240353;1233;0,0738
1234;0,035332403533240353;1234;0,074
1235;0,035797303579730357;1235;0,0742
1236;0,036727103672710371;1236;0,0744
1237;0,037424453742445372;1237;0,0746
1238;0,037192003719200374;1238;0,0748
1239;0,037192003719200374;1239;0,075
1240;0,036959553695955369;1240;0,0752
1241;0,036959553695955369;1241;0,0754
1242;0,036959553695955369;1242;0,0756
1243;0,037192003719200374;1243;0,0758
1244;0,037192003719200374;1244;0,076
1245;0,037889353788935376;1245;0,0762
1246;0,038354253835425386;1246;0,0764
1247;0,038586703858670385;1247;0,0766
1248;0,038586703858670385;1248;0,076800000000000007
1249;0,038586703858670385;1249;0,077
1250;0,039284053928405394;1250;0,0772
1251;0,0402138540213854;1251;0,0774
1252;0,040446304044630406;1252;0,0776
1253;0,040446304044630406;1253;0,077800000000000008
1254;0,040446304044630406;1254;0,078
1255;0,0402138540213854;1255;0,0782
1256;0,0402138540213854;1256;0,0784
1257;0,0399814039981404;1257;0,0786
1258;0,040678754067875404;1258;0,078800000000000009
1259;0,040678754067875404;1259;0,079
1260;0,041841004184100417;1260;0,0792
1261;0,042538354253835425;1261;0,0794
1262;0,043235704323570434;1262;0,0796
1263;0,043003254300325429;1263;0,07980000000000001
1264;0,043003254300325429;1264;0,08
1265;0,043003254300325429;1265;0,080200000000000007
1266;0,04230590423059042;1266;0,0804
1267;0,04230590423059042;1267;0,0806
1268;0,043003254300325429;1268;0,080800000000000011
1269;0,043003254300325429;1269;0,081
1270;0,043468154346815432;1270;0,081200000000000008
1271;0,043700604370060438;1271;0,0814
1272;0,044165504416550441;1272;0,081599999999999992
1273;0,044397954439795446;1273;0,0818
1274;0,044397954439795446;1274;0,08199999999999999
1275;0,04486285448628545;1275;0,0822
1276;0,045327754532775454;1276;0,0824
1277;0,045792654579265457;1277;0,082599999999999993
1278;0,045560204556020459;1278;0,0828
1279;0,045560204556020459;1279;0,08299999999999999
1280;0,045327754532775454;1280;0,0832
1281;0,045095304509530448;1281;0,0834
1282;0,045095304509530448;1282;0,0836
1283;0,045792654579265457;1283;0,0838
1284;0,045792654579265457;1284;0,083999999999999991
1285;0,046722454672245464;1285;0,0842
1286;0,047652254765225478;1286;0,0844
1287;0,047884704788470477;1287;0,0846
1288;0,047652254765225478;1288;0,0848
1289;0,047652254765225478;1289;0,084999999999999992
1290;0,047419804741980473;1290;0,0852
1291;0,047419804741980473;1291;0,0854
1292;0,046954904695490469;1292;0,0856
1293;0,047187354718735475;1293;0,0858
1294;0,047187354718735475;1294;0,086
1295;0,04834960483496048;1295;0,0862
1296;0,04834960483496048;1296;0,0864
1297;0,048582054858205485;1297;0,0866
1298;0,049279404927940494;1298;0,0868
1299;0,049279404927940494;1299;0,087
1300;0,049511854951185492;1300;0,0872
1301;0,050441655044165506;1301;0,0874
1302;0,05090655509065551;1302;0,0876
1303;0,050441655044165506;1303;0,0878
1304;0,050441655044165506;1304;0,088
1305;0,0502092050209205;1305;0,0882
1306;0,0499767549976755;1306;0,0884
1307;0,050441655044165506;1307;0,0886
1308;0,051139005113900508;1308;0,0888
1309;0,051139005113900508;1309;0,089
1310;0,052068805206880522;1310;0,0892
1311;0,052766155276615524;1311;0,089400000000000007
1312;0,052998605299860529;1312;0,0896
1313;0,052766155276615524;1313;0,0898
1314;0,052766155276615524;1314;0,09
1315;0,052766155276615524;1315;0,0902
1316;0,052998605299860529;1316;0,090400000000000008
1317;0,053463505346350533;1317;0,0906
1318;0,053928405392840537;1318;0,0908
1319;0,053928405392840537;1319;0,091
1320;0,054625755462575545;1320;0,0912
1321;0,055090655509065549;1321;0,091400000000000009
1322;0,055090655509065549;1322;0,0916
1323;0,056020455602045563;1323;0,0918
1324;0,056020455602045563;1324;0,092
1325;0,056717805671780565;1325;0,0922
1326;0,057182705718270568;1326;0,09240000000000001
1327;0,057647605764760579;1327;0,0926
1328;0,057415155741515574;1328;0,092800000000000007
1329;0,057415155741515574;1329;0,093
1330;0,057415155741515574;1330;0,0932
1331;0,057415155741515574;1331;0,093400000000000011
1332;0,057880055788005577;1332;0,0936
1333;0,058809855880985591;1333;0,0938
1334;0,058809855880985591;1334;0,094
1335;0,059274755927475595;1335;0,094199999999999992
1336;0,0602045560204556;1336;0,0944
1337;0,0597396559739656;1337;0,09459999999999999
1338;0,0597396559739656;1338;0,0948
1339;0,0597396559739656;1339;0,095
1340;0,059507205950720593;1340;0,095199999999999993
1341;0,059274755927475595;1341;0,0954
1342;0,059507205950720593;1342;0,095599999999999991
1343;0,0597396559739656;1343;0,0958
1344;0,0597396559739656;1344;0,096
1345;0,060437006043700607;1345;0,0962
1346;0,060901906090190611;1346;0,0964
1347;0,060669456066945605;1347;0,096599999999999991
1348;0,061134356113435609;1348;0,0968
1349;0,061134356113435609;1349;0,097
1350;0,061831706183170618;1350;0,0972
1351;0,061831706183170618;1351;0,0974
1352;0,061831706183170618;1352;0,097599999999999992
1353;0,061366806136680614;1353;0,0978
1354;0,061366806136680614;1354;0,098
1355;0,061366806136680614;1355;0,0982
1356;0,061134356113435609;1356;0,0984
1357;0,061831706183170618;1357;0,0986
1358;0,062529056252905627;1358;0,0988
1359;0,062529056252905627;1359;0,099
1360;0,062993956299395623;1360;0,0992
1361;0,063923756392375644;1361;0,0994
1362;0,063691306369130632;1362;0,0996
1363;0,063691306369130632;1363;0,0998
1364;0,063691306369130632;1364;0,1
1365;0,063226406322640635;1365;0,1002
1366;0,063226406322640635;1366;0,1004
1367;0,063923756392375644;1367;0,1006
1368;0,064388656438865641;1368;0,1008
1369;0,064388656438865641;1369;0,101
1370;0,064388656438865641;1370;0,1012
1371;0,06555090655509066;1371;0,1014
1372;0,065783356578335658;1372;0,1016
1373;0,066480706648070667;1373;0,1018
1374;0,066480706648070667;1374;0,10200000000000001
1375;0,067410506741050674;1375;0,1022
1376;0,067875406787540685;1376;0,1024
1377;0,067642956764295673;1377;0,1026
1378;0,067410506741050674;1378;0,1028
1379;0,067410506741050674;1379;0,10300000000000001
1380;0,067410506741050674;1380;0,1032
1381;0,067642956764295673;1381;0,1034
1382;0,068340306834030681;1382;0,1036
1383;0,06903765690376569;1383;0,1038
1384;0,06903765690376569;1384;0,10400000000000001
1385;0,0697350069735007;1385;0,1042
1386;0,0697350069735007;1386;0,1044
1387;0,0697350069735007;1387;0,1046
1388;0,0695025569502557;1388;0,1048
1389;0,0695025569502557;1389;0,10500000000000001
1390;0,0697350069735007;1390;0,1052
1391;0,0695025569502557;1391;0,10540000000000001
1392;0,0697350069735007;1392;0,1056
1393;0,0699674569967457;1393;0,1058
1394;0,0699674569967457;1394;0,10600000000000001
1395;0,070432357043235708;1395;0,1062
1396;0,0706648070664807;1396;0,10640000000000001
1397;0,071129707112970716;1397;0,1066
1398;0,071594607159460713;1398;0,1068
1399;0,071594607159460713;1399;0,10700000000000001
1400;0,072291957229195722;1400;0,1072
1401;0,072756857275685732;1401;0,10740000000000001
1402;0,07252440725244072;1402;0,1076
1403;0,072291957229195722;1403;0,1078
1404;0,072291957229195722;1404;0,10800000000000001
1405;0,072291957229195722;1405;0,1082
1406;0,072756857275685732;1406;0,10840000000000001
1407;0,073454207345420741;1407;0,1086
1408;0,074616457461645747;1408;0,10880000000000001
1409;0,074616457461645747;1409;0,10900000000000001
1410;0,075081357508135757;1410;0,1092
1411;0,075081357508135757;1411;0,10940000000000001
1412;0,075081357508135757;1412;0,1096
1413;0,075081357508135757;1413;0,10980000000000001
1414;0,075081357508135757;1414;0,11000000000000001
1415;0,075546257554625754;1415;0,1102
1416;0,075778707577870752;1416;0,11040000000000001
1417;0,076243607624360762;1417;0,1106
1418;0,076708507670850773;1418;0,11080000000000001
1419;0,076708507670850773;1419;0,11100000000000002
1420;0,077405857740585768;1420;0,11120000000000001
1421;0,077405857740585768;1421;0,11140000000000001
1422;0,077870757787075778;1422;0,1116
1423;0,077870757787075778;1423;0,11180000000000001
1424;0,077870757787075778;1424;0,11200000000000002
1425;0,078335657833565789;1425;0,11220000000000001
1426;0,078568107856810787;1426;0,11240000000000001
1427;0,078103207810320777;1427;0,11259999999999999
1428;0,077870757787075778;1428;0,11279999999999998
1429;0,077870757787075778;1429;0,11299999999999999
1430;0,07763830776383078;1430;0,1132
1431;0,078335657833565789;1431;0,11339999999999999
1432;0,0792654579265458;1432;0,11359999999999999
1433;0,0799628079962808;1433;0,11379999999999998
1434;0,0799628079962808;1434;0,11399999999999999
1435;0,080660158066015814;1435;0,1142
1436;0,0801952580195258;1436;0,11439999999999999
1437;0,0801952580195258;1437;0,1146
1438;0,0801952580195258;1438;0,11479999999999999
1439;0,0801952580195258;1439;0,11499999999999999
1440;0,0801952580195258;1440;0,1152
1441;0,080660158066015814;1441;0,11539999999999999
1442;0,08112505811250581;1442;0,1156
1443;0,082054858205485817;1443;0,11579999999999999
1444;0,082054858205485817;1444;0,11599999999999999
1445;0,082752208275220826;1445;0,1162
1446;0,082752208275220826;1446;0,11639999999999999
1447;0,083682008368200833;1447;0,1166
1448;0,084379358437935842;1448;0,11679999999999999
1449;0,084379358437935842;1449;0,11699999999999999
1450;0,085076708507670851;1450;0,1172
1451;0,085076708507670851;1451;0,11739999999999999
1452;0,084844258484425852;1452;0,1176
1453;0,084844258484425852;1453;0,11779999999999999
1454;0,084844258484425852;1454;0,118
1455;0,084844258484425852;1455;0,1182
1456;0,085774058577405859;1456;0,11839999999999999
1457;0,086471408647140868;1457;0,1186
1458;0,087168758716875877;1458;0,11879999999999999
1459;0,087168758716875877;1459;0,119
1460;0,087633658763365874;1460;0,1192
1461;0,087168758716875877;1461;0,11939999999999999
1462;0,087168758716875877;1462;0,1196
1463;0,086936308693630865;1463;0,11979999999999999
1464;0,086936308693630865;1464;0,12
1465;0,086936308693630865;1465;0,1202
1466;0,087168758716875877;1466;0,1204
1467;0,087633658763365874;1467;0,1206
1468;0,087633658763365874;1468;0,12079999999999999
1469;0,087633658763365874;1469;0,121
1470;0,088098558809855884;1470;0,1212
1471;0,088331008833100882;1471;0,1214
1472;0,08926080892608089;1472;0,1216
1473;0,0897257089725709;1473;0,12179999999999999
1474;0,0897257089725709;1474;0,122
1475;0,0897257089725709;1475;0,1222
1476;0,0894932589493259;1476;0,1224
1477;0,088795908879590893;1477;0,1226
1478;0,088563458856345881;1478;0,12279999999999999
1479;0,088563458856345881;1479;0,123
1480;0,088795908879590893;1480;0,1232
1481;0,0897257089725709;1481;0,1234
1482;0,0901906090190609;1482;0,1236
1483;0,091120409112040918;1483;0,1238
1484;0,091120409112040918;1484;0,124
1485;0,091352859135285916;1485;0,1242
1486;0,091120409112040918;1486;0,1244
1487;0,091120409112040918;1487;0,1246
1488;0,091585309158530914;1488;0,1248
1489;0,091585309158530914;1489;0,125
1490;0,091585309158530914;1490;0,1252
1491;0,092050209205020925;1491;0,1254
1492;0,092282659228265923;1492;0,1256
1493;0,092282659228265923;1493;0,1258
1494;0,092282659228265923;1494;0,126
1495;0,092980009298000932;1495;0,1262
1496;0,093677359367735941;1496;0,1264
1497;0,094374709437470949;1497;0,1266
1498;0,095072059507205944;1498;0,1268
1499;0,095072059507205944;1499;0,127
1500;0,095536959553695955;1500;0,1272
1501;0,095304509530450957;1501;0,1274
1502;0,095072059507205944;1502;0,1276
1503;0,094839609483960946;1503;0,1278
1504;0,094839609483960946;1504;0,128
1505;0,095304509530450957;1505;0,1282
1506;0,096234309623430964;1506;0,12840000000000001
1507;0,09669920966992096;1507;0,1286
1508;0,097164109716410971;1508;0,1288
1509;0,097164109716410971;1509;0,129
1510;0,097164109716410971;1510;0,1292
1511;0,096931659693165972;1511;0,12940000000000002
1512;0,09669920966992096;1512;0,1296
1513;0,096931659693165972;1513;0,1298
1514;0,096931659693165972;1514;0,13
1515;0,096931659693165972;1515;0,1302
1516;0,097396559739655969;1516;0,13040000000000002
1517;0,098093909809390978;1517;0,1306
1518;0,098558809855880988;1518;0,1308
1519;0,098558809855880988;1519;0,131
1520;0,098558809855880988;1520;0,1312
1521;0,099488609948861;1521;0,13140000000000002
1522;0,100185960018596;1522;0,1316
1523;0,100418410041841;1523;0,1318
1524;0,10088331008833101;1524;0,132
1525;0,10088331008833101;1525;0,1322
1526;0,100650860065086;1526;0,13240000000000002
1527;0,100418410041841;1527;0,1326
1528;0,100418410041841;1528;0,1328
1529;0,10134821013482101;1529;0,133
1530;0,10134821013482101;1530;0,1332
1531;0,10227801022780102;1531;0,13340000000000002
1532;0,10320781032078104;1532;0,1336
1533;0,10390516039051603;1533;0,1338
1534;0,10390516039051603;1534;0,134
1535;0,10390516039051603;1535;0,1342
1536;0,10390516039051603;1536;0,13440000000000002
1537;0,10367271036727103;1537;0,1346
1538;0,10367271036727103;1538;0,1348
1539;0,10413761041376104;1539;0,135
1540;0,10413761041376104;1540;0,13520000000000001
1541;0,10460251046025104;1541;0,13540000000000002
1542;0,10506741050674105;1542;0,1356
1543;0,10576476057647606;1543;0,1358
1544;0,10553231055323105;1544;0,136
1545;0,10553231055323105;1545;0,13620000000000002
1546;0,10646211064621107;1546;0,13640000000000002
1547;0,10715946071594608;1547;0,1366
1548;0,10762436076243607;1548;0,1368
1549;0,10762436076243607;1549;0,137
1550;0,10762436076243607;1550;0,13720000000000002
1551;0,10739191073919108;1551;0,13740000000000002
1552;0,10715946071594608;1552;0,1376
1553;0,10715946071594608;1553;0,13779999999999998
1554;0,10808926080892609;1554;0,13799999999999998
1555;0,10808926080892609;1555;0,1382
1556;0,10878661087866109;1556;0,1384
1557;0,10925151092515109;1557;0,1386
1558;0,1099488609948861;1558;0,13879999999999998
1559;0,1097164109716411;1559;0,13899999999999998
1560;0,1097164109716411;1560;0,1392
1561;0,1097164109716411;1561;0,1394
1562;0,10925151092515109;1562;0,1396
1563;0,10925151092515109;1563;0,13979999999999998
1564;0,1099488609948861;1564;0,13999999999999999
1565;0,1099488609948861;1565;0,1402
1566;0,11041376104137611;1566;0,1404
1567;0,11041376104137611;1567;0,1406
1568;0,11064621106462111;1568;0,14079999999999998
1569;0,1111111111111111;1569;0,141
1570;0,1111111111111111;1570;0,1412
1571;0,11180846118084611;1571;0,1414
1572;0,11227336122733612;1572;0,1416
1573;0,11227336122733612;1573;0,14179999999999998
1574;0,11204091120409113;1574;0,142
1575;0,11204091120409113;1575;0,1422
1576;0,11180846118084611;1576;0,1424
1577;0,11180846118084611;1577;0,1426
1578;0,11180846118084611;1578;0,14279999999999998
1579;0,11250581125058112;1579;0,143
1580;0,11250581125058112;1580;0,1432
1581;0,11343561134356113;1581;0,1434
1582;0,11390051139005114;1582;0,1436
1583;0,11413296141329614;1583;0,14379999999999998
1584;0,11390051139005114;1584;0,144
1585;0,11390051139005114;1585;0,1442
1586;0,11390051139005114;1586;0,1444
1587;0,11413296141329614;1587;0,1446
1588;0,11413296141329614;1588;0,14479999999999998
1589;0,11483031148303115;1589;0,145
1590;0,11483031148303115;1590;0,1452
1591;0,11529521152952116;1591;0,1454
1592;0,11529521152952116;1592;0,1456
1593;0,11599256159925617;1593;0,14579999999999999
1594;0,11692236169223617;1594;0,146
1595;0,11692236169223617;1595;0,1462
1596;0,11738726173872617;1596;0,1464
1597;0,11785216178521618;1597;0,1466
1598;0,11854951185495119;1598;0,14679999999999999
1599;0,11785216178521618;1599;0,147
1600;0,11785216178521618;1600;0,1472
1601;0,11785216178521618;1601;0,1474
1602;0,11785216178521618;1602;0,1476
1603;0,11854951185495119;1603;0,1478
1604;0,1192468619246862;1604;0,148
1605;0,1192468619246862;1605;0,1482
1606;0,11971176197117619;1606;0,1484
1607;0,1206415620641562;1607;0,1486
1608;0,1204091120409112;1608;0,1488
1609;0,12017666201766621;1609;0,149
1610;0,12017666201766621;1610;0,1492
1611;0,11971176197117619;1611;0,1494
1612;0,12017666201766621;1612;0,1496
1613;0,1204091120409112;1613;0,1498
1614;0,1206415620641562;1614;0,15
1615;0,1206415620641562;1615;0,1502
1616;0,12133891213389121;1616;0,1504
1617;0,12180381218038122;1617;0,1506
1618;0,12180381218038122;1618;0,1508
1619;0,12250116225011623;1619;0,151
1620;0,12250116225011623;1620;0,1512
1621;0,12296606229660623;1621;0,1514
1622;0,12366341236634124;1622;0,1516
1623;0,12389586238958623;1623;0,1518
1624;0,12366341236634124;1624;0,152
1625;0,12366341236634124;1625;0,1522
1626;0,12343096234309624;1626;0,1524
1627;0,12296606229660623;1627;0,1526
1628;0,12389586238958623;1628;0,1528
1629;0,12459321245932124;1629;0,153
1630;0,12459321245932124;1630;0,1532
1631;0,12552301255230125;1631;0,1534
1632;0,12622036262203626;1632;0,15360000000000001
1633;0,12598791259879125;1633;0,1538
1634;0,12575546257554626;1634;0,154
1635;0,12575546257554626;1635;0,1542
1636;0,12575546257554626;1636;0,1544
1637;0,12575546257554626;1637;0,15460000000000002
1638;0,12598791259879125;1638;0,1548
1639;0,12645281264528127;1639;0,155
1640;0,12645281264528127;1640;0,1552
1641;0,12715016271501628;1641;0,1554
1642;0,12738261273826126;1642;0,15560000000000002
1643;0,12738261273826126;1643;0,1558
1644;0,12807996280799627;1644;0,156
1645;0,12807996280799627;1645;0,1562
1646;0,12877731287773128;1646;0,1564
1647;0,12947466294746629;1647;0,15660000000000002
1648;0,1297071129707113;1648;0,1568
1649;0,12924221292422131;1649;0,157
1650;0,12924221292422131;1650;0,1572
1651;0,12900976290097629;1651;0,1574
1652;0,12900976290097629;1652;0,15760000000000002
1653;0,12947466294746629;1653;0,1578
1654;0,1306369130636913;1654;0,158
1655;0,1306369130636913;1655;0,1582
1656;0,13110181311018132;1656;0,1584
1657;0,13203161320316131;1657;0,15860000000000002
1658;0,13156671315667132;1658;0,1588
1659;0,13156671315667132;1659;0,159
1660;0,13156671315667132;1660;0,1592
1661;0,13156671315667132;1661;0,15940000000000001
1662;0,13156671315667132;1662;0,15960000000000002
1663;0,13226406322640633;1663;0,1598
1664;0,13272896327289632;1664;0,16
1665;0,13272896327289632;1665;0,1602
1666;0,13272896327289632;1666;0,16040000000000001
1667;0,13296141329614133;1667;0,16060000000000002
1668;0,13365876336587634;1668;0,1608
1669;0,13389121338912133;1669;0,161
1670;0,13389121338912133;1670;0,1612
1671;0,13458856345885634;1671;0,16140000000000002
1672;0,13505346350534636;1672;0,16160000000000002
1673;0,13482101348210135;1673;0,1618
1674;0,13435611343561135;1674;0,162
1675;0,13435611343561135;1675;0,1622
1676;0,13435611343561135;1676;0,16240000000000002
1677;0,13435611343561135;1677;0,1626
1678;0,13482101348210135;1678;0,1628
1679;0,13575081357508137;1679;0,16299999999999998
1680;0,13575081357508137;1680;0,16319999999999998
1681;0,13644816364481638;1681;0,1634
1682;0,13644816364481638;1682;0,1636
1683;0,13621571362157137;1683;0,1638
1684;0,13621571362157137;1684;0,16399999999999998
1685;0,13621571362157137;1685;0,16419999999999998
1686;0,13644816364481638;1686;0,1644
1687;0,13644816364481638;1687;0,1646
1688;0,13714551371455136;1688;0,1648
1689;0,13784286378428637;1689;0,16499999999999998
1690;0,13784286378428637;1690;0,16519999999999999
1691;0,13807531380753138;1691;0,1654
1692;0,13830776383077639;1692;0,1656
1693;0,1390051139005114;1693;0,1658
1694;0,13970246397024641;1694;0,16599999999999998
1695;0,13970246397024641;1695;0,1662
1696;0,14016736401673641;1696;0,1664
1697;0,14086471408647142;1697;0,1666
1698;0,1406322640632264;1698;0,1668
1699;0,14016736401673641;1699;0,16699999999999998
1700;0,14016736401673641;1700;0,1672
1701;0,14016736401673641;1701;0,1674
1702;0,14086471408647142;1702;0,1676
1703;0,14156206415620642;1703;0,1678
1704;0,14225941422594143;1704;0,16799999999999998
1705;0,14225941422594143;1705;0,1682
1706;0,14295676429567644;1706;0,1684
1707;0,14295676429567644;1707;0,1686
1708;0,14272431427243143;1708;0,1688
1709;0,14272431427243143;1709;0,16899999999999998
1710;0,14272431427243143;1710;0,1692
1711;0,14272431427243143;1711;0,1694
1712;0,14295676429567644;1712;0,1696
1713;0,14342166434216644;1713;0,1698
1714;0,14411901441190145;1714;0,16999999999999998
1715;0,14411901441190145;1715;0,1702
1716;0,14411901441190145;1716;0,1704
1717;0,14411901441190145;1717;0,1706
1718;0,14481636448163646;1718;0,1708
1719;0,14504881450488144;1719;0,17099999999999999
1720;0,14504881450488144;1720;0,1712
1721;0,14574616457461645;1721;0,1714
1722;0,14621106462110647;1722;0,1716
1723;0,14621106462110647;1723;0,1718
1724;0,14597861459786146;1724;0,172
1725;0,14597861459786146;1725;0,1722
1726;0,14597861459786146;1726;0,1724
1727;0,14667596466759647;1727;0,1726
1728;0,14760576476057646;1728;0,1728
1729;0,14807066480706649;1729;0,173
1730;0,14807066480706649;1730;0,1732
1731;0,1487680148768015;1731;0,1734
1732;0,1487680148768015;1732;0,1736
1733;0,1487680148768015;1733;0,1738
1734;0,14853556485355648;1734;0,174
1735;0,14853556485355648;1735;0,1742
1736;0,14853556485355648;1736;0,1744
1737;0,14923291492329149;1737;0,1746
1738;0,14946536494653651;1738;0,1748
1739;0,15016271501627151;1739;0,175
1740;0,15016271501627151;1740;0,1752
1741;0,1508600650860065;1741;0,1754
1742;0,1503951650395165;1742;0,1756
1743;0,15132496513249652;1743;0,1758
1744;0,1515574151557415;1744;0,176
1745;0,1515574151557415;1745;0,1762
1746;0,15202231520223153;1746;0,1764
1747;0,15202231520223153;1747;0,1766
1748;0,15178986517898652;1748;0,1768
1749;0,1515574151557415;1749;0,177
1750;0,1515574151557415;1750;0,1772
1751;0,1515574151557415;1751;0,1774
1752;0,15202231520223153;1752;0,1776
1753;0,15271966527196654;1753;0,1778
1754;0,15341701534170155;1754;0,178
1755;0,15341701534170155;1755;0,1782
1756;0,15364946536494653;1756;0,1784
1757;0,15364946536494653;1757;0,1786
1758;0,15364946536494653;1758;0,17880000000000001
1759;0,15341701534170155;1759;0,179
1760;0,15341701534170155;1760;0,1792
1761;0,15318456531845653;1761;0,1794
1762;0,15364946536494653;1762;0,1796
1763;0,15434681543468154;1763;0,17980000000000002
1764;0,15388191538819154;1764;0,18
1765;0,15388191538819154;1765;0,1802
1766;0,15457926545792655;1766;0,1804
1767;0,15481171548117154;1767;0,1806
1768;0,15504416550441655;1768;0,18080000000000002
1769;0,15597396559739657;1769;0,181
1770;0,15597396559739657;1770;0,1812
1771;0,15643886564388657;1771;0,1814
1772;0,15597396559739657;1772;0,1816
1773;0,15550906555090654;1773;0,18180000000000002
1774;0,15550906555090654;1774;0,182
1775;0,15550906555090654;1775;0,1822
1776;0,15597396559739657;1776;0,1824
1777;0,15667131566713158;1777;0,1826
1778;0,15713621571362157;1778;0,18280000000000002
1779;0,15806601580660157;1779;0,183
1780;0,15806601580660157;1780;0,1832
1781;0,15829846582984658;1781;0,1834
1782;0,15806601580660157;1782;0,1836
1783;0,15783356578335658;1783;0,18380000000000002
1784;0,15853091585309159;1784;0,184
1785;0,15853091585309159;1785;0,1842
1786;0,15853091585309159;1786;0,1844
1787;0,15899581589958159;1787;0,18460000000000001
1788;0,15992561599256161;1788;0,18480000000000002
1789;0,16015806601580659;1789;0,185
1790;0,16015806601580659;1790;0,1852
1791;0,16039051603905161;1791;0,1854
1792;0,16132031613203163;1792;0,18560000000000001
1793;0,16132031613203163;1793;0,18580000000000002
1794;0,16178521617852162;1794;0,186
1795;0,16178521617852162;1795;0,1862
1796;0,16225011622501162;1796;0,1864
1797;0,16201766620176661;1797;0,18660000000000002
1798;0,16201766620176661;1798;0,18680000000000002
1799;0,16201766620176661;1799;0,187
1800;0,16201766620176661;1800;0,1872
1801;0,16271501627150162;1801;0,1874
1802;0,16341236634123663;1802;0,1876
1803;0,16410971641097163;1803;0,1878
1804;0,16503951650395166;1804;0,188
1805;0,16503951650395166;1805;0,18819999999999998
1806;0,16480706648070664;1806;0,18839999999999998
1807;0,16480706648070664;1807;0,1886
1808;0,16480706648070664;1808;0,1888
1809;0,16503951650395166;1809;0,189
1810;0,16503951650395166;1810;0,18919999999999998
1811;0,16503951650395166;1811;0,18939999999999999
1812;0,16550441655044165;1812;0,1896
1813;0,16666666666666666;1813;0,1898
1814;0,16713156671315668;1814;0,19
1815;0,16713156671315668;1815;0,19019999999999998
1816;0,16713156671315668;1816;0,19039999999999999
1817;0,16806136680613668;1817;0,1906
1818;0,16829381682938169;1818;0,1908
1819;0,16875871687587168;1819;0,191
1820;0,16875871687587168;1820;0,19119999999999998
1821;0,1689911668991167;1821;0,1914
1822;0,16875871687587168;1822;0,1916
1823;0,16852626685262667;1823;0,1918
1824;0,16829381682938169;1824;0,192
1825;0,16829381682938169;1825;0,19219999999999998
1826;0,1689911668991167;1826;0,1924
1827;0,16992096699209669;1827;0,1926
1828;0,17038586703858671;1828;0,1928
1829;0,17131566713156671;1829;0,193
1830;0,17131566713156671;1830;0,19319999999999998
1831;0,17131566713156671;1831;0,1934
1832;0,17085076708507671;1832;0,1936
1833;0,1706183170618317;1833;0,1938
1834;0,1706183170618317;1834;0,194
1835;0,1706183170618317;1835;0,19419999999999998
1836;0,17085076708507671;1836;0,1944
1837;0,17154811715481172;1837;0,1946
1838;0,17201301720130172;1838;0,1948
1839;0,17247791724779171;1839;0,195
1840;0,17247791724779171;1840;0,19519999999999998
1841;0,17247791724779171;1841;0,1954
1842;0,17317526731752672;1842;0,1956
1843;0,17364016736401675;1843;0,1958
1844;0,17410506741050674;1844;0,196
1845;0,17410506741050674;1845;0,19619999999999999
1846;0,17410506741050674;1846;0,1964
1847;0,17387261738726173;1847;0,1966
1848;0,17364016736401675;1848;0,1968
1849;0,17340771734077173;1849;0,197
1850;0,17340771734077173;1850;0,1972
1851;0,17410506741050674;1851;0,1974
1852;0,17503486750348676;1852;0,1976
1853;0,17549976754997676;1853;0,1978
1854;0,17596466759646676;1854;0,198
1855;0,17596466759646676;1855;0,1982
1856;0,17573221757322174;1856;0,1984
1857;0,17573221757322174;1857;0,1986
1858;0,17573221757322174;1858;0,1988
1859;0,17549976754997676;1859;0,199
1860;0,17549976754997676;1860;0,1992
1861;0,17596466759646676;1861;0,1994
1862;0,17666201766620176;1862;0,1996
1863;0,17689446768944678;1863;0,1998
1864;0,17712691771269176;1864;0,2
1865;0,17712691771269176;1865;0,2002
1866;0,17759181775918179;1866;0,2004
1867;0,17852161785216178;1867;0,20059999999999997
1868;0,17921896792189679;1868;0,2008
1869;0,17921896792189679;1869;0,20099999999999998
1870;0,17921896792189679;1870;0,2012
1871;0,1789865178986518;1871;0,20139999999999997
1872;0,17875406787540679;1872;0,2016
1873;0,17875406787540679;1873;0,20179999999999998
1874;0,1789865178986518;1874;0,202
1875;0,1789865178986518;1875;0,2022
1876;0,1799163179916318;1876;0,2024
1877;0,18061366806136681;1877;0,20259999999999997
1878;0,18154346815434683;1878;0,2028
1879;0,18154346815434683;1879;0,20299999999999999
1880;0,18154346815434683;1880;0,2032
1881;0,18154346815434683;1881;0,20339999999999997
1882;0,1810785681078568;1882;0,2036
1883;0,18154346815434683;1883;0,20379999999999998
1884;0,18154346815434683;1884;0,20400000000000001
1885;0,18154346815434683;1885;0,2042
1886;0,18200836820083682;1886;0,2044
1887;0,18224081822408184;1887;0,20459999999999998
1888;0,18247326824732682;1888;0,2048
1889;0,18340306834030684;1889;0,205
1890;0,18340306834030684;1890;0,2052
1891;0,18410041841004185;1891;0,20539999999999997
1892;0,18410041841004185;1892;0,2056
1893;0,18456531845653185;1893;0,20579999999999998
1894;0,18503021850302184;1894;0,20600000000000002
1895;0,18456531845653185;1895;0,2062
1896;0,18456531845653185;1896;0,2064
1897;0,18410041841004185;1897;0,20659999999999998
1898;0,18386796838679684;1898;0,2068
1899;0,18456531845653185;1899;0,207
1900;0,18549511854951187;1900;0,2072
1901;0,18549511854951187;1901;0,20739999999999997
1902;0,18619246861924685;1902;0,2076
1903;0,18688981868898186;1903;0,20779999999999998
1904;0,18688981868898186;1904;0,20800000000000002
1905;0,18688981868898186;1905;0,2082
1906;0,18688981868898186;1906;0,2084
1907;0,18642491864249186;1907;0,20859999999999998
1908;0,18688981868898186;1908;0,2088
1909;0,18712226871222687;1909;0,209
1910;0,18758716875871687;1910;0,2092
1911;0,18758716875871687;1911;0,20939999999999998
1912;0,1887494188749419;1912;0,2096
1913;0,18898186889818688;1913;0,2098
1914;0,18898186889818688;1914;0,21000000000000002
1915;0,18967921896792189;1915;0,2102
1916;0,18967921896792189;1916;0,2104
1917;0,19060901906090191;1917;0,21059999999999998
1918;0,19107391910739191;1918;0,21080000000000002
1919;0,19130636913063692;1919;0,211
1920;0,19107391910739191;1920;0,2112
1921;0,19107391910739191;1921;0,21139999999999998
1922;0,1908414690841469;1922;0,2116
1923;0,1908414690841469;1923;0,2118
1924;0,19153881915388191;1924;0,21200000000000002
1925;0,19246861924686193;1925;0,2122
1926;0,19246861924686193;1926;0,2124
1927;0,19293351929335192;1927;0,21259999999999998
1928;0,19363086936308693;1928;0,21280000000000002
1929;0,19363086936308693;1929;0,213
1930;0,19316596931659694;1930;0,2132
1931;0,19316596931659694;1931;0,21339999999999998
1932;0,19293351929335192;1932;0,2136
1933;0,19270106927010694;1933;0,2138
1934;0,19316596931659694;1934;0,21400000000000002
1935;0,19386331938633194;1935;0,2142
1936;0,19386331938633194;1936;0,2144
1937;0,19432821943282194;1937;0,21459999999999999
1938;0,19456066945606695;1938;0,21480000000000002
1939;0,19456066945606695;1939;0,215
1940;0,19549046954904695;1940;0,2152
1941;0,19549046954904695;1941;0,21539999999999998
1942;0,19595536959553697;1942;0,2156
1943;0,19618781961878196;1943;0,2158
1944;0,19618781961878196;1944;0,21600000000000003
1945;0,19572291957229196;1945;0,2162
1946;0,19572291957229196;1946;0,2164
1947;0,19572291957229196;1947;0,2166
1948;0,19549046954904695;1948;0,21680000000000002
1949;0,19618781961878196;1949;0,217
1950;0,19665271966527198;1950;0,2172
1951;0,19665271966527198;1951;0,21739999999999998
1952;0,19758251975825197;1952;0,21760000000000002
1953;0,19804741980474197;1953;0,2178
1954;0,19804741980474197;1954;0,21800000000000003
1955;0,19781496978149699;1955;0,2182
1956;0,19781496978149699;1956;0,2184
1957;0,19758251975825197;1957;0,2186
1958;0,19758251975825197;1958;0,21880000000000002
1959;0,19804741980474197;1959;0,219
1960;0,19874476987447698;1960;0,2192
1961;0,19874476987447698;1961;0,21939999999999998
1962;0,19874476987447698;1962;0,21960000000000002
1963;0,199209669920967;1963;0,2198
1964;0,199442119944212;1964;0,22000000000000003
1965;0,200371920037192;1965;0,2202
1966;0,200371920037192;1966;0,2204
1967;0,200836820083682;1967;0,2206
1968;0,200836820083682;1968;0,22080000000000002
1969;0,200604370060437;1969;0,221
1970;0,200371920037192;1970;0,2212
1971;0,200371920037192;1971;0,22139999999999999
1972;0,199907019990702;1972;0,22160000000000002
1973;0,200371920037192;1973;0,2218
1974;0,20106927010692702;1974;0,22200000000000003
1975;0,20176662017666203;1975;0,2222
1976;0,20176662017666203;1976;0,22240000000000001
1977;0,20269642026964202;1977;0,2226
1978;0,20269642026964202;1978;0,22280000000000003
1979;0,20246397024639703;1979;0,223
1980;0,20223152022315202;1980;0,2232
1981;0,20223152022315202;1981;0,2234
1982;0,20269642026964202;1982;0,22360000000000002
1983;0,20269642026964202;1983;0,2238
1984;0,20316132031613204;1984;0,22400000000000003
1985;0,20339377033937703;1985;0,2242
1986;0,20339377033937703;1986;0,22440000000000002
1987;0,20385867038586705;1987;0,2246
1988;0,20478847047884705;1988;0,22480000000000003
1989;0,20548582054858205;1989;0,225
1990;0,20595072059507205;1990;0,22519999999999998
1991;0,20595072059507205;1991;0,2254
1992;0,20641562064156208;1992;0,22559999999999997
1993;0,20641562064156208;1993;0,2258
1994;0,20618317061831706;1994;0,22599999999999998
1995;0,20571827057182707;1995;0,2262
1996;0,20571827057182707;1996;0,2264
1997;0,20548582054858205;1997;0,2266
1998;0,20595072059507205;1998;0,22679999999999997
1999;0,20664807066480706;1999;0,227
2000;0,20734542073454207;2000;0,22719999999999999
2001;0,20734542073454207;2001;0,2274
2002;0,20781032078103207;2002;0,22759999999999997
2003;0,20781032078103207;2003;0,2278
2004;0,20757787075778708;2004;0,22799999999999998
2005;0,20757787075778708;2005;0,22820000000000001
2006;0,20757787075778708;2006;0,2284
2007;0,20781032078103207;2007;0,2286
2008;0,20781032078103207;2008;0,22879999999999998
2009;0,20850767085076707;2009;0,229
2010;0,20920502092050208;2010;0,2292
2011;0,20920502092050208;2011;0,2294
2012;0,20943747094374709;2012;0,22959999999999997
2013;0,20990237099023709;2013;0,2298
2014;0,21083217108321711;2014;0,22999999999999998
2015;0,21176197117619711;2015;0,23020000000000002
2016;0,21176197117619711;2016;0,2304
2017;0,21245932124593211;2017;0,2306
2018;0,21292422129242214;2018;0,23079999999999998
2019;0,21269177126917713;2019;0,231
2020;0,21269177126917713;2020;0,2312
2021;0,21269177126917713;2021;0,2314
2022;0,21269177126917713;2022;0,23159999999999997
2023;0,21338912133891214;2023;0,2318
2024;0,21431892143189216;2024;0,23199999999999998
2025;0,21478382147838215;2025;0,23220000000000002
2026;0,21478382147838215;2026;0,2324
2027;0,21524872152487215;2027;0,2326
2028;0,21524872152487215;2028;0,23279999999999998
2029;0,21501627150162714;2029;0,233
2030;0,21478382147838215;2030;0,2332
2031;0,21478382147838215;2031;0,2334
2032;0,21455137145513714;2032;0,23359999999999997
2033;0,21478382147838215;2033;0,2338
2034;0,21524872152487215;2034;0,23399999999999999
2035;0,21594607159460716;2035;0,23420000000000002
2036;0,21594607159460716;2036;0,2344
2037;0,21641097164109716;2037;0,2346
2038;0,21641097164109716;2038;0,23479999999999998
2039;0,21710832171083216;2039;0,23500000000000001
2040;0,21780567178056717;2040;0,2352
2041;0,21780567178056717;2041;0,2354
2042;0,21827057182705717;2042;0,23559999999999998
2043;0,21827057182705717;2043;0,2358
2044;0,21803812180381218;2044;0,236
2045;0,21803812180381218;2045;0,23620000000000002
2046;0,21803812180381218;2046;0,2364
2047;0,21803812180381218;2047;0,2366
2048;0,21873547187354719;2048;0,23679999999999998
2049;0,21966527196652719;2049;0,23700000000000002
2050;0,2203626220362622;2050;0,2372
2051;0,2203626220362622;2051;0,2374
2052;0,2210599721059972;2052;0,23759999999999998
2053;0,22059507205950721;2053;0,2378
2054;0,2203626220362622;2054;0,238
2055;0,22013017201301721;2055;0,23820000000000002
2056;0,22013017201301721;2056;0,2384
2057;0,2198977219897722;2057;0,2386
2058;0,22013017201301721;2058;0,23879999999999998
2059;0,22059507205950721;2059;0,23900000000000002
2060;0,2203626220362622;2060;0,2392
2061;0,2203626220362622;2061;0,2394
2062;0,22059507205950721;2062;0,23959999999999998
2063;0,2210599721059972;2063;0,2398
2064;0,22152487215248723;2064;0,24
2065;0,22198977219897723;2065;0,24020000000000002
2066;0,22198977219897723;2066;0,2404
2067;0,22198977219897723;2067;0,2406
2068;0,22175732217573221;2068;0,2408
2069;0,22152487215248723;2069;0,24100000000000002
2070;0,22129242212924222;2070;0,2412
2071;0,22129242212924222;2071;0,2414
2072;0,22175732217573221;2072;0,24159999999999998
2073;0,22268712226871223;2073;0,24180000000000001
2074;0,22361692236169223;2074;0,242
2075;0,22454672245467225;2075;0,24220000000000003
2076;0,22454672245467225;2076;0,2424
2077;0,22454672245467225;2077;0,2426
2078;0,22454672245467225;2078;0,2428
2079;0,22454672245467225;2079;0,24300000000000002
2080;0,22524407252440726;2080;0,2432
2081;0,22524407252440726;2081;0,2434
2082;0,22524407252440726;2082;0,24359999999999998
2083;0,22617387261738725;2083;0,24380000000000002
2084;0,22663877266387727;2084;0,244
2085;0,22687122268712226;2085;0,24420000000000003
2086;0,22687122268712226;2086;0,2444
2087;0,22780102278010228;2087;0,2446
2088;0,22826592282659228;2088;0,2448
2089;0,22826592282659228;2089;0,24500000000000002
2090;0,22873082287308227;2090;0,2452
2091;0,22873082287308227;2091;0,2454
2092;0,22942817294281728;2092;0,24559999999999998
2093;0,22873082287308227;2093;0,24580000000000002
2094;0,22873082287308227;2094;0,246
2095;0,22849837284983729;2095;0,24620000000000003
2096;0,22849837284983729;2096;0,2464
2097;0,22942817294281728;2097;0,2466
2098;0,22989307298930731;2098;0,2468
2099;0,23059042305904232;2099;0,24700000000000003
2100;0,23128777312877732;2100;0,2472
2101;0,23128777312877732;2101;0,2474
2102;0,2308228730822873;2102;0,2476
2103;0,23059042305904232;2103;0,24780000000000002
2104;0,2303579730357973;2104;0,248
2105;0,2303579730357973;2105;0,24820000000000003
2106;0,2303579730357973;2106;0,2484
2107;0,2303579730357973;2107;0,24860000000000002
2108;0,2308228730822873;2108;0,2488
2109;0,23198512319851233;2109;0,24900000000000003
2110;0,23245002324500233;2110;0,2492
2111;0,23245002324500233;2111;0,2494
2112;0,23245002324500233;2112;0,2496
2113;0,23337982333798232;2113;0,24980000000000002
2114;0,23384472338447235;2114;0,25
2115;0,23407717340771733;2115;0,2502
2116;0,23407717340771733;2116;0,2504
2117;0,23430962343096234;2117;0,2506
2118;0,23384472338447235;2118;0,2508
2119;0,23361227336122734;2119;0,251
2120;0,23361227336122734;2120;0,2512
2121;0,23361227336122734;2121;0,25139999999999996
2122;0,23430962343096234;2122;0,2516
2123;0,23500697350069735;2123;0,25179999999999997
2124;0,23570432357043236;2124;0,252
2125;0,23663412366341235;2125;0,2522
2126;0,23663412366341235;2126;0,2524
2127;0,23640167364016737;2127;0,2526
2128;0,23640167364016737;2128;0,2528
2129;0,23593677359367735;2129;0,253
2130;0,23593677359367735;2130;0,2532
2131;0,23593677359367735;2131;0,25339999999999996
2132;0,23663412366341235;2132;0,2536
2133;0,23709902370990238;2133;0,25379999999999997
2134;0,23686657368665737;2134;0,254
2135;0,23756392375639238;2135;0,2542
2136;0,23756392375639238;2136;0,2544
2137;0,23756392375639238;2137;0,2546
2138;0,23802882380288237;2138;0,2548
2139;0,23872617387261738;2139;0,255
2140;0,23919107391910741;2140;0,2552
2141;0,23919107391910741;2141;0,25539999999999996
2142;0,23919107391910741;2142;0,2556
2143;0,23919107391910741;2143;0,25579999999999997
2144;0,23919107391910741;2144;0,256
2145;0,23895862389586239;2145;0,2562
2146;0,23895862389586239;2146;0,2564
2147;0,2401208740120874;2147;0,2566
2148;0,2405857740585774;2148;0,25680000000000003
2149;0,24174802417480243;2149;0,257
2150;0,24198047419804741;2150;0,2572
2151;0,24198047419804741;2151;0,25739999999999996
2152;0,24198047419804741;2152;0,2576
2153;0,24198047419804741;2153;0,2578
2154;0,24244537424453744;2154;0,258
2155;0,24221292422129242;2155;0,2582
2156;0,24221292422129242;2156;0,2584
2157;0,24267782426778242;2157;0,2586
2158;0,24407252440725244;2158;0,25880000000000003
2159;0,24384007438400743;2159;0,259
2160;0,24430497443049745;2160;0,2592
2161;0,24430497443049745;2161;0,25939999999999996
2162;0,24500232450023246;2162;0,2596
2163;0,24523477452347744;2163;0,2598
2164;0,24593212459321245;2164;0,26
2165;0,24662947466294746;2165;0,2602
2166;0,24662947466294746;2166;0,2604
2167;0,24616457461645747;2167;0,2606
2168;0,24593212459321245;2168;0,26080000000000003
2169;0,24593212459321245;2169;0,261
2170;0,24616457461645747;2170;0,2612
2171;0,24616457461645747;2171;0,26139999999999997
2172;0,24686192468619247;2172;0,2616
2173;0,24755927475592748;2173;0,2618
2174;0,24848907484890748;2174;0,262
2175;0,24848907484890748;2175;0,2622
2176;0,24848907484890748;2176;0,2624
2177;0,24825662482566249;2177;0,2626
2178;0,24779172477917247;2178;0,26280000000000003
2179;0,24848907484890748;2179;0,263
2180;0,24848907484890748;2180;0,2632
2181;0,24848907484890748;2181;0,26339999999999997
2182;0,24872152487215249;2182;0,2636
2183;0,2494188749418875;2183;0,2638
2184;0,2494188749418875;2184;0,264
2185;0,24965132496513251;2185;0,2642
2186;0,24965132496513251;2186;0,2644
2187;0,25034867503486752;2187;0,2646
2188;0,25011622501162251;2188;0,26480000000000004
2189;0,25058112505811253;2189;0,265
2190;0,25081357508135749;2190;0,2652
2191;0,25081357508135749;2191;0,26539999999999997
2192;0,25058112505811253;2192;0,2656
2193;0,25011622501162251;2193;0,2658
2194;0,24965132496513251;2194;0,266
2195;0,25058112505811253;2195;0,2662
2196;0,25058112505811253;2196;0,2664
2197;0,25127847512784751;2197;0,2666
2198;0,25197582519758249;2198;0,26680000000000004
2199;0,25267317526731753;2199;0,267
2200;0,25244072524407252;2200;0,2672
2201;0,25244072524407252;2201;0,26739999999999997
2202;0,2522082752208275;2202;0,2676
2203;0,2522082752208275;2203;0,2678
2204;0,2522082752208275;2204;0,268
2205;0,25244072524407252;2205;0,2682
2206;0,25244072524407252;2206;0,2684
2207;0,25290562529056254;2207;0,2686
2208;0,25406787540678755;2208;0,26880000000000004
2209;0,25430032543003256;2209;0,269
2210;0,25430032543003256;2210;0,2692
2211;0,25430032543003256;2211;0,2694
2212;0,25523012552301255;2212;0,2696
2213;0,25592747559274753;2213;0,2698
2214;0,25639237563923756;2214;0,27
2215;0,25708972570897259;2215;0,2702
2216;0,25708972570897259;2216;0,27040000000000003
2217;0,25685727568572758;2217;0,2706
2218;0,25685727568572758;2218;0,27080000000000004
2219;0,25639237563923756;2219;0,271
2220;0,25732217573221755;2220;0,2712
2221;0,25732217573221755;2221;0,2714
2222;0,2582519758251976;2222;0,2716
2223;0,25894932589493258;2223;0,2718
2224;0,25964667596466762;2224;0,272
2225;0,2594142259414226;2225;0,2722
2226;0,2594142259414226;2226;0,27240000000000003
2227;0,2594142259414226;2227;0,2726
2228;0,25918177591817759;2228;0,27280000000000004
2229;0,2594142259414226;2229;0,273
2230;0,25964667596466762;2230;0,2732
2231;0,25964667596466762;2231;0,2734
2232;0,2603440260344026;2232;0,2736
2233;0,26080892608089262;2233;0,2738
2234;0,26104137610413763;2234;0,274
2235;0,26104137610413763;2235;0,2742
2236;0,26104137610413763;2236;0,27440000000000003
2237;0,2615062761506276;2237;0,2746
2238;0,26220362622036264;2238;0,27480000000000004
2239;0,26266852626685261;2239;0,275
2240;0,26266852626685261;2240;0,2752
2241;0,26266852626685261;2241;0,2754
2242;0,2624360762436076;2242;0,27559999999999996
2243;0,26220362622036264;2243;0,2758
2244;0,26197117619711763;2244;0,27599999999999997
2245;0,26266852626685261;2245;0,2762
2246;0,26266852626685261;2246;0,2764
2247;0,26336587633658765;2247;0,2766
2248;0,26406322640632263;2248;0,2768
2249;0,26429567642956764;2249;0,277
2250;0,26429567642956764;2250;0,2772
2251;0,26429567642956764;2251;0,2774
2252;0,26406322640632263;2252;0,27759999999999996
2253;0,26406322640632263;2253;0,2778
2254;0,26406322640632263;2254;0,27799999999999997
2255;0,26452812645281265;2255;0,2782
2256;0,26452812645281265;2256;0,2784
2257;0,26476057647605766;2257;0,2786
2258;0,26545792654579264;2258;0,2788
2259;0,26569037656903766;2259;0,279
2260;0,26615527661552768;2260;0,2792
2261;0,26615527661552768;2261;0,2794
2262;0,26662017666201765;2262;0,27959999999999996
2263;0,2675499767549977;2263;0,2798
2264;0,26801487680148767;2264;0,27999999999999997
2265;0,26778242677824265;2265;0,2802
2266;0,26778242677824265;2266;0,2804
2267;0,26778242677824265;2267;0,2806
2268;0,26778242677824265;2268;0,2808
2269;0,26801487680148767;2269;0,281
2270;0,26894467689446772;2270;0,2812
2271;0,2696420269642027;2271;0,2814
2272;0,2696420269642027;2272;0,28159999999999996
2273;0,27010692701069272;2273;0,2818
2274;0,27010692701069272;2274;0,282
2275;0,26987447698744771;2275;0,2822
2276;0,2696420269642027;2276;0,2824
2277;0,2696420269642027;2277;0,2826
2278;0,2696420269642027;2278;0,2828
2279;0,26940957694095768;2279;0,28300000000000003
2280;0,26987447698744771;2280;0,2832
2281;0,27010692701069272;2281;0,2834
2282;0,27010692701069272;2282;0,28359999999999996
2283;0,2708042770804277;2283;0,2838
2284;0,27103672710367271;2284;0,284
2285;0,27150162715016274;2285;0,2842
2286;0,27219897721989772;2286;0,2844
2287;0,27219897721989772;2287;0,2846
2288;0,27266387726638774;2288;0,2848
2289;0,27289632728963276;2289;0,28500000000000003
2290;0,27266387726638774;2290;0,2852
2291;0,27219897721989772;2291;0,2854
2292;0,27219897721989772;2292;0,28559999999999997
2293;0,2717340771734077;2293;0,2858
2294;0,27266387726638774;2294;0,286
2295;0,27336122733612273;2295;0,2862
2296;0,27405857740585776;2296;0,2864
2297;0,27405857740585776;2297;0,2866
2298;0,27475592747559274;2298;0,2868
2299;0,27475592747559274;2299;0,28700000000000003
2300;0,27452347745234773;2300;0,2872
2301;0,27452347745234773;2301;0,2874
2302;0,27452347745234773;2302;0,28759999999999997
2303;0,27429102742910272;2303;0,2878
2304;0,27452347745234773;2304;0,288
2305;0,27498837749883775;2305;0,2882
2306;0,27522082752208277;2306;0,2884
2307;0,27522082752208277;2307;0,2886
2308;0,27568572756857274;2308;0,2888
2309;0,27568572756857274;2309;0,28900000000000003
2310;0,27638307763830777;2310;0,2892
2311;0,27731287773128777;2311;0,2894
2312;0,27731287773128777;2312;0,28959999999999997
2313;0,27777777777777779;2313;0,2898
2314;0,27824267782426776;2314;0,29
2315;0,2780102278010228;2315;0,2902
2316;0,27777777777777779;2316;0,2904
2317;0,27777777777777779;2317;0,2906
2318;0,27754532775453278;2318;0,2908
2319;0,27824267782426776;2319;0,29100000000000004
2320;0,27917247791724781;2320;0,2912
2321;0,27986982798698279;2321;0,2914
2322;0,27986982798698279;2322;0,29159999999999997
2323;0,28033472803347281;2323;0,2918
2324;0,28033472803347281;2324;0,292
2325;0,2801022780102278;2325;0,2922
2326;0,27986982798698279;2326;0,2924
2327;0,27986982798698279;2327;0,2926
2328;0,2801022780102278;2328;0,2928
2329;0,28079962807996278;2329;0,29300000000000004
2330;0,28103207810320779;2330;0,2932
2331;0,28126452812645281;2331;0,2934
2332;0,28126452812645281;2332;0,29359999999999997
2333;0,28172942817294283;2333;0,2938
2334;0,28172942817294283;2334;0,294
2335;0,28265922826592282;2335;0,2942
2336;0,28335657833565786;2336;0,2944
2337;0,28335657833565786;2337;0,29460000000000003
2338;0,28358902835890282;2338;0,2948
2339;0,28358902835890282;2339;0,29500000000000004
2340;0,28358902835890282;2340;0,2952
2341;0,28358902835890282;2341;0,2954
2342;0,28358902835890282;2342;0,2956
2343;0,28358902835890282;2343;0,2958
2344;0,28451882845188287;2344;0,296
2345;0,28521617852161785;2345;0,2962
2346;0,28614597861459784;2346;0,2964
2347;0,28614597861459784;2347;0,29660000000000003
2348;0,28637842863784285;2348;0,2968
2349;0,28614597861459784;2349;0,29700000000000004
2350;0,28614597861459784;2350;0,2972
2351;0,28614597861459784;2351;0,2974
2352;0,28614597861459784;2352;0,2976
2353;0,28614597861459784;2353;0,2978
2354;0,28661087866108786;2354;0,298
2355;0,28684332868433288;2355;0,2982
2356;0,28661087866108786;2356;0,2984
2357;0,28661087866108786;2357;0,29860000000000003
2358;0,28730822873082285;2358;0,2988
2359;0,28777312877731287;2359;0,29900000000000004
2360;0,28823802882380289;2360;0,2992
2361;0,28847047884704791;2361;0,2994
2362;0,28847047884704791;2362;0,2996
2363;0,28847047884704791;2363;0,2998
2364;0,28800557880055788;2364;0,3
2365;0,28777312877731287;2365;0,30019999999999997
2366;0,28730822873082285;2366;0,3004
2367;0,28730822873082285;2367;0,3006
2368;0,28777312877731287;2368;0,3008
2369;0,28847047884704791;2369;0,301
2370;0,2894002789400279;2370;0,3012
2371;0,28986517898651792;2371;0,3014
2372;0,28986517898651792;2372;0,3016
2373;0,28986517898651792;2373;0,30179999999999996
2374;0,28986517898651792;2374;0,302
2375;0,28986517898651792;2375;0,30219999999999997
2376;0,29033007903300789;2376;0,3024
2377;0,29033007903300789;2377;0,3026
2378;0,29033007903300789;2378;0,3028
2379;0,29125987912598789;2379;0,303
2380;0,29172477917247791;2380;0,3032
2381;0,29218967921896793;2381;0,3034
2382;0,29218967921896793;2382;0,3036
2383;0,29288702928870292;2383;0,30379999999999996
2384;0,29381682938168296;2384;0,304
2385;0,29474662947466296;2385;0,30419999999999997
2386;0,29474662947466296;2386;0,3044
2387;0,29474662947466296;2387;0,3046
2388;0,29521152952115293;2388;0,3048
2389;0,29497907949790797;2389;0,305
2390;0,29497907949790797;2390;0,3052
2391;0,29497907949790797;2391;0,3054
2392;0,29497907949790797;2392;0,3056
2393;0,29544397954439794;2393;0,30579999999999996
2394;0,296373779637378;2394;0,306
2395;0,29707112970711297;2395;0,30619999999999997
2396;0,297536029753603;2396;0,3064
2397;0,297536029753603;2397;0,3066
2398;0,297536029753603;2398;0,3068
2399;0,297303579730358;2399;0,307
2400;0,29707112970711297;2400;0,30720000000000003
2401;0,29707112970711297;2401;0,3074
2402;0,29707112970711297;2402;0,3076
2403;0,297303579730358;2403;0,30779999999999996
2404;0,297536029753603;2404;0,308
2405;0,298233379823338;2405;0,3082
2406;0,29916317991631797;2406;0,3084
2407;0,29916317991631797;2407;0,3086
2408;0,29916317991631797;2408;0,3088
2409;0,300092980009298;2409;0,309
2410;0,300557880055788;2410;0,30920000000000003
2411;0,30032543003254303;2411;0,3094
2412;0,30032543003254303;2412;0,3096
2413;0,300557880055788;2413;0,30979999999999996
2414;0,30032543003254303;2414;0,31
2415;0,300092980009298;2415;0,3102
2416;0,299860529986053;2416;0,3104
2417;0,299860529986053;2417;0,3106
2418;0,300557880055788;2418;0,3108
2419;0,30148768014876803;2419;0,311
2420;0,302185030218503;2420;0,31120000000000003
2421;0,302417480241748;2421;0,3114
2422;0,302417480241748;2422;0,3116
2423;0,302417480241748;2423;0,31179999999999997
2424;0,302185030218503;2424;0,312
2425;0,302185030218503;2425;0,3122
2426;0,302185030218503;2426;0,3124
2427;0,302185030218503;2427;0,3126
2428;0,30264993026499304;2428;0,3128
2429;0,303114830311483;2429;0,313
2430;0,303114830311483;2430;0,31320000000000003
2431;0,30404463040446306;2431;0,3134
2432;0,30404463040446306;2432;0,3136
2433;0,30404463040446306;2433;0,31379999999999997
2434;0,30404463040446306;2434;0,314
2435;0,30497443049744305;2435;0,3142
2436;0,30543933054393307;2436;0,3144
2437;0,30543933054393307;2437;0,3146
2438;0,30543933054393307;2438;0,3148
2439;0,30497443049744305;2439;0,315
2440;0,30497443049744305;2440;0,31520000000000004
2441;0,30497443049744305;2441;0,3154
2442;0,30497443049744305;2442;0,3156
2443;0,30567178056717803;2443;0,31579999999999997
2444;0,30613668061366806;2444;0,316
2445;0,30706648070664805;2445;0,3162
2446;0,30706648070664805;2446;0,3164
2447;0,30706648070664805;2447;0,3166
2448;0,30706648070664805;2448;0,3168
2449;0,30683403068340309;2449;0,317
2450;0,30729893072989306;2450;0,31720000000000004
2451;0,30706648070664805;2451;0,3174
2452;0,30706648070664805;2452;0,3176
2453;0,30753138075313807;2453;0,31779999999999997
2454;0,30869363086936308;2454;0,318
2455;0,3091585309158531;2455;0,3182
2456;0,30939098093909811;2456;0,3184
2457;0,30939098093909811;2457;0,3186
2458;0,3100883310088331;2458;0,31880000000000003
2459;0,31055323105532312;2459;0,319
2460;0,3112505811250581;2460;0,31920000000000004
2461;0,31194793119479314;2461;0,3194
2462;0,31194793119479314;2462;0,3196
2463;0,31171548117154813;2463;0,3198
2464;0,31171548117154813;2464;0,32
2465;0,31171548117154813;2465;0,3202
2466;0,31218038121803809;2466;0,3204
2467;0,31218038121803809;2467;0,3206
2468;0,31287773128777313;2468;0,32080000000000003
2469;0,31403998140399814;2469;0,321
2470;0,31496978149697813;2470;0,32120000000000004
2471;0,31520223152022314;2471;0,3214
2472;0,31520223152022314;2472;0,3216
2473;0,31496978149697813;2473;0,3218
2474;0,31450488145048816;2474;0,322
2475;0,31427243142724315;2475;0,3222
2476;0,31427243142724315;2476;0,3224
2477;0,31427243142724315;2477;0,3226
2478;0,31496978149697813;2478;0,32280000000000003
2479;0,31566713156671317;2479;0,323
2480;0,31589958158995818;2480;0,32320000000000004
2481;0,31613203161320313;2481;0,3234
2482;0,31613203161320313;2482;0,3236
2483;0,31706183170618318;2483;0,3238
2484;0,31706183170618318;2484;0,324
2485;0,3172942817294282;2485;0,3242
2486;0,31752673175267315;2486;0,3244
2487;0,31752673175267315;2487;0,3246
2488;0,3172942817294282;2488;0,32480000000000003
2489;0,31682938168293817;2489;0,325
2490;0,31636448163644815;2490;0,3252
2491;0,31706183170618318;2491;0,3254
2492;0,31706183170618318;2492;0,3256
2493;0,31752673175267315;2493;0,3258
2494;0,3184565318456532;2494;0,32599999999999996
2495;0,31938633193863319;2495;0,3262
2496;0,31915388191538818;2496;0,32639999999999997
2497;0,31915388191538818;2497;0,3266
2498;0,31915388191538818;2498;0,3268
2499;0,31892143189214317;2499;0,327
2500;0,31892143189214317;2500;0,3272
2501;0,31915388191538818;2501;0,3274
2502;0,31915388191538818;2502;0,3276
2503;0,31961878196187821;2503;0,3278
2504;0,32031613203161319;2504;0,32799999999999996
2505;0,3205485820548582;2505;0,3282
2506;0,32078103207810321;2506;0,32839999999999997
2507;0,32078103207810321;2507;0,3286
2508;0,32124593212459324;2508;0,3288
2509;0,32217573221757323;2509;0,329
2510;0,32240818224081824;2510;0,3292
2511;0,32264063226406325;2511;0,3294
2512;0,32264063226406325;2512;0,3296
2513;0,32240818224081824;2513;0,3298
2514;0,32240818224081824;2514;0,32999999999999996
2515;0,32217573221757323;2515;0,3302
2516;0,32287308228730821;2516;0,33039999999999997
2517;0,32287308228730821;2517;0,3306
2518;0,32357043235704325;2518;0,3308
2519;0,32426778242677823;2519;0,331
2520;0,32473268247326825;2520;0,3312
2521;0,32450023245002324;2521;0,33140000000000003
2522;0,32450023245002324;2522;0,3316
2523;0,32450023245002324;2523;0,3318
2524;0,32450023245002324;2524;0,33199999999999996
2525;0,32450023245002324;2525;0,3322
2526;0,32519758251975828;2526;0,3324
2527;0,32519758251975828;2527;0,3326
2528;0,32566248256624825;2528;0,3328
2529;0,32589493258949326;2529;0,333
2530;0,32659228265922824;2530;0,3332
2531;0,32705718270571826;2531;0,33340000000000003
2532;0,32705718270571826;2532;0,3336
2533;0,3277545327754533;2533;0,3338
2534;0,32821943282194327;2534;0,33399999999999996
2535;0,32868433286843329;2535;0,3342
2536;0,32868433286843329;2536;0,3344
2537;0,32868433286843329;2537;0,3346
2538;0,32821943282194327;2538;0,3348
2539;0,32821943282194327;2539;0,335
2540;0,32821943282194327;2540;0,3352
2541;0,32914923291492332;2541;0,33540000000000003
2542;0,32914923291492332;2542;0,3356
2543;0,3298465829846583;2543;0,3358
2544;0,33077638307763829;2544;0,33599999999999997
2545;0,3310088331008833;2545;0,3362
2546;0,33077638307763829;2546;0,3364
2547;0,33077638307763829;2547;0,3366
2548;0,33077638307763829;2548;0,3368
2549;0,33077638307763829;2549;0,337
2550;0,33077638307763829;2550;0,3372
2551;0,3310088331008833;2551;0,33740000000000003
2552;0,3310088331008833;2552;0,3376
2553;0,33147373314737333;2553;0,3378
2554;0,33147373314737333;2554;0,33799999999999997
2555;0,33217108321710831;2555;0,3382
2556;0,33263598326359833;2556;0,3384
2557;0,33263598326359833;2557;0,3386
2558;0,33310088331008836;2558;0,3388
2559;0,33379823337982334;2559;0,339
2560;0,33333333333333331;2560;0,3392
2561;0,33286843328684335;2561;0,33940000000000003
2562;0,33286843328684335;2562;0,3396
2563;0,33263598326359833;2563;0,3398
2564;0,33263598326359833;2564;0,33999999999999997
2565;0,33286843328684335;2565;0,3402
2566;0,33379823337982334;2566;0,3404
2567;0,33379823337982334;2567;0,3406
2568;0,33449558344955832;2568;0,3408
2569;0,33519293351929336;2569;0,341
2570;0,33496048349604834;2570;0,3412
2571;0,33496048349604834;2571;0,34140000000000004
2572;0,33496048349604834;2572;0,3416
2573;0,33496048349604834;2573;0,3418
2574;0,33519293351929336;2574;0,34199999999999997
2575;0,33565783356578338;2575;0,3422
2576;0,33612273361227335;2576;0,3424
2577;0,33612273361227335;2577;0,3426
2578;0,33635518363551836;2578;0,3428
2579;0,33682008368200839;2579;0,343
2580;0,33774988377498838;2580;0,3432
2581;0,33844723384472336;2581;0,34340000000000004
2582;0,33844723384472336;2582;0,3436
2583;0,33937703393770341;2583;0,3438
2584;0,33984193398419338;2584;0,344
2585;0,3403068340306834;2585;0,3442
2586;0,34007438400743839;2586;0,3444
2587;0,34007438400743839;2587;0,3446
2588;0,33984193398419338;2588;0,3448
2589;0,33984193398419338;2589;0,34500000000000003
2590;0,3403068340306834;2590;0,3452
2591;0,34100418410041838;2591;0,34540000000000004
2592;0,34100418410041838;2592;0,3456
2593;0,34170153417015342;2593;0,3458
2594;0,3423988842398884;2594;0,346
2595;0,34193398419339843;2595;0,3462
2596;0,34193398419339843;2596;0,3464
2597;0,34193398419339843;2597;0,3466
2598;0,34170153417015342;2598;0,3468
2599;0,34170153417015342;2599;0,34700000000000003
2600;0,34193398419339843;2600;0,3472
2601;0,34263133426313341;2601;0,34740000000000004
2602;0,34263133426313341;2602;0,3476
2603;0,3423988842398884;2603;0,3478
2604;0,34286378428637843;2604;0,348
2605;0,34286378428637843;2605;0,3482
2606;0,34332868433286845;2606;0,3484
2607;0,34332868433286845;2607;0,3486
2608;0,34425848442584844;2608;0,3488
2609;0,34449093444909346;2609;0,34900000000000003
2610;0,34495583449558342;2610;0,3492
2611;0,34472338447233847;2611;0,34940000000000004
2612;0,34472338447233847;2612;0,3496
2613;0,34472338447233847;2613;0,3498
2614;0,34449093444909346;2614;0,35
2615;0,34518828451882844;2615;0,35019999999999996
2616;0,34588563458856347;2616;0,3504
2617;0,34588563458856347;2617;0,35059999999999997
2618;0,34658298465829845;2618;0,3508
2619;0,34704788470478848;2619;0,351
2620;0,34681543468154347;2620;0,3512
2621;0,34658298465829845;2621;0,3514
2622;0,34658298465829845;2622;0,3516
2623;0,34681543468154347;2623;0,3518
2624;0,34681543468154347;2624;0,352
2625;0,34704788470478848;2625;0,35219999999999996
2626;0,34774523477452346;2626;0,3524
2627;0,34774523477452346;2627;0,35259999999999997
2628;0,3475127847512785;2628;0,3528
2629;0,34797768479776847;2629;0,353
2630;0,34797768479776847;2630;0,3532
2631;0,34797768479776847;2631;0,3534
2632;0,34797768479776847;2632;0,3536
2633;0,3484425848442585;2633;0,3538
2634;0,34913993491399348;2634;0,354
2635;0,34867503486750351;2635;0,35419999999999996
2636;0,3484425848442585;2636;0,3544
2637;0,34821013482101348;2637;0,35459999999999997
2638;0,34821013482101348;2638;0,3548
2639;0,3484425848442585;2639;0,355
2640;0,34937238493723849;2640;0,3552
2641;0,35006973500697353;2641;0,3554
2642;0,35053463505346349;2642;0,3556
2643;0,35053463505346349;2643;0,3558
2644;0,35099953509995352;2644;0,356
2645;0,35099953509995352;2645;0,35619999999999996
2646;0,35099953509995352;2646;0,3564
2647;0,35146443514644349;2647;0,3566
2648;0,35146443514644349;2648;0,3568
2649;0,35146443514644349;2649;0,357
2650;0,35192933519293351;2650;0,3572
2651;0,35309158530915852;2651;0,3574
2652;0,35355648535564854;2652;0,35760000000000003
2653;0,35355648535564854;2653;0,3578
2654;0,35378893537889355;2654;0,358
2655;0,35448628544862854;2655;0,35819999999999996
2656;0,35495118549511856;2656;0,3584
2657;0,35564853556485354;2657;0,3586
2658;0,35564853556485354;2658;0,3588
2659;0,35634588563458858;2659;0,359
2660;0,35611343561134357;2660;0,3592
2661;0,35564853556485354;2661;0,3594
2662;0,35564853556485354;2662;0,35960000000000003
2663;0,35564853556485354;2663;0,3598
2664;0,35634588563458858;2664;0,36
2665;0,35681078568107855;2665;0,36019999999999996
2666;0,35774058577405859;2666;0,3604
2667;0,35820548582054856;2667;0,3606
2668;0,35820548582054856;2668;0,3608
2669;0,35820548582054856;2669;0,361
2670;0,35797303579730361;2670;0,3612
2671;0,35774058577405859;2671;0,3614
2672;0,35774058577405859;2672;0,36160000000000003
2673;0,35774058577405859;2673;0,3618
2674;0,35774058577405859;2674;0,362
2675;0,35820548582054856;2675;0,36219999999999997
2676;0,3589028358902836;2676;0,3624
2677;0,35913528591352861;2677;0,3626
2678;0,35913528591352861;2678;0,3628
2679;0,35913528591352861;2679;0,363
2680;0,36006508600650861;2680;0,3632
2681;0,36029753602975362;2681;0,3634
2682;0,36076243607624359;2682;0,36360000000000003
2683;0,36076243607624359;2683;0,3638
2684;0,36169223616922364;2684;0,364
2685;0,36145978614597862;2685;0,36419999999999997
2686;0,36122733612273361;2686;0,3644
2687;0,36122733612273361;2687;0,3646
2688;0,36122733612273361;2688;0,3648
2689;0,36192468619246859;2689;0,365
2690;0,36285448628544864;2690;0,3652
2691;0,36355183635518362;2691;0,3654
2692;0,36401673640167365;2692;0,36560000000000004
2693;0,36401673640167365;2693;0,3658
2694;0,36401673640167365;2694;0,366
2695;0,36378428637842863;2695;0,36619999999999997
2696;0,36355183635518362;2696;0,3664
2697;0,36355183635518362;2697;0,3666
2698;0,36355183635518362;2698;0,3668
2699;0,36378428637842863;2699;0,367
2700;0,36424918642491866;2700;0,3672
2701;0,36494653649465364;2701;0,3674
2702;0,36541143654114366;2702;0,36760000000000004
2703;0,36541143654114366;2703;0,3678
2704;0,36541143654114366;2704;0,368
2705;0,36587633658763363;2705;0,36819999999999997
2706;0,36657368665736867;2706;0,3684
2707;0,36680613668061368;2707;0,3686
2708;0,36680613668061368;2708;0,3688
2709;0,36703858670385869;2709;0,369
2710;0,36680613668061368;2710;0,36920000000000003
2711;0,36657368665736867;2711;0,3694
2712;0,36657368665736867;2712;0,36960000000000004
2713;0,36657368665736867;2713;0,3698
2714;0,36727103672710365;2714;0,37
2715;0,3682008368200837;2715;0,3702
2716;0,36889818688981868;2716;0,3704
2717;0,3693630869363087;2717;0,3706
2718;0,3693630869363087;2718;0,3708
2719;0,3693630869363087;2719;0,371
2720;0,36913063691306369;2720;0,37120000000000003
2721;0,36913063691306369;2721;0,3714
2722;0,36913063691306369;2722;0,37160000000000004
2723;0,36913063691306369;2723;0,3718
2724;0,3693630869363087;2724;0,372
2725;0,37006043700604369;2725;0,3722
2726;0,3702928870292887;2726;0,3724
2727;0,37099023709902373;2727;0,3726
2728;0,37099023709902373;2728;0,3728
2729;0,37099023709902373;2729;0,373
2730;0,37168758716875872;2730;0,37320000000000003
2731;0,3723849372384937;2731;0,3734
2732;0,37284983728498372;2732;0,37360000000000004
2733;0,37284983728498372;2733;0,3738
2734;0,37261738726173871;2734;0,374
2735;0,3723849372384937;2735;0,3742
2736;0,3723849372384937;2736;0,3744
2737;0,3723849372384937;2737;0,3746
2738;0,3723849372384937;2738;0,3748
2739;0,37331473733147374;2739;0,375
2740;0,37377963737796371;2740;0,3752
2741;0,37447698744769875;2741;0,3754
2742;0,37447698744769875;2742;0,3756
2743;0,37447698744769875;2743;0,3758
2744;0,37447698744769875;2744;0,376
2745;0,37424453742445374;2745;0,3762
2746;0,37447698744769875;2746;0,37639999999999996
2747;0,37447698744769875;2747;0,3766
2748;0,37447698744769875;2748;0,37679999999999997
2749;0,37517433751743373;2749;0,377
2750;0,37563923756392376;2750;0,3772
2751;0,37587168758716877;2751;0,3774
2752;0,37656903765690375;2752;0,3776
2753;0,37656903765690375;2753;0,3778
2754;0,37703393770339377;2754;0,378
2755;0,37703393770339377;2755;0,3782
2756;0,3774988377498838;2756;0,37839999999999996
2757;0,37796373779637377;2757;0,3786
2758;0,37796373779637377;2758;0,37879999999999997
2759;0,37773128777312875;2759;0,379
2760;0,3774988377498838;2760;0,3792
2761;0,3774988377498838;2761;0,3794
2762;0,37796373779637377;2762;0,3796
2763;0,37796373779637377;2763;0,3798
2764;0,37889353788935382;2764;0,38
2765;0,3795908879590888;2765;0,3802
2766;0,38028823802882378;2766;0,38039999999999996
2767;0,38005578800557882;2767;0,3806
2768;0,38005578800557882;2768;0,38079999999999997
2769;0,38005578800557882;2769;0,381
2770;0,3795908879590888;2770;0,3812
2771;0,3795908879590888;2771;0,3814
2772;0,3795908879590888;2772;0,3816
2773;0,3795908879590888;2773;0,38180000000000003
2774;0,38028823802882378;2774;0,382
2775;0,38121803812180383;2775;0,3822
2776;0,38168293816829379;2776;0,38239999999999996
2777;0,38214783821478382;2777;0,3826
2778;0,38214783821478382;2778;0,3828
2779;0,38284518828451886;2779;0,383
2780;0,38284518828451886;2780;0,3832
2781;0,38354253835425384;2781;0,3834
2782;0,38400743840074386;2782;0,3836
2783;0,38400743840074386;2783;0,38380000000000003
2784;0,38354253835425384;2784;0,384
2785;0,38354253835425384;2785;0,3842
2786;0,38307763830776381;2786;0,38439999999999996
2787;0,38400743840074386;2787;0,3846
2788;0,38400743840074386;2788;0,3848
2789;0,38447233844723383;2789;0,385
2790;0,38540213854021388;2790;0,3852
2791;0,38609948860994886;2791;0,3854
2792;0,38586703858670385;2792;0,3856
2793;0,38586703858670385;2793;0,38580000000000003
2794;0,38586703858670385;2794;0,386
2795;0,38563458856345884;2795;0,3862
2796;0,38563458856345884;2796;0,38639999999999997
2797;0,38586703858670385;2797;0,3866
2798;0,38586703858670385;2798;0,3868
2799;0,38609948860994886;2799;0,387
2800;0,38702928870292885;2800;0,3872
2801;0,38749418874941888;2801;0,3874
2802;0,38749418874941888;2802;0,3876
2803;0,38749418874941888;2803;0,38780000000000003
2804;0,38749418874941888;2804;0,388
2805;0,3879590887959089;2805;0,3882
2806;0,3888888888888889;2806;0,38839999999999997
2807;0,3888888888888889;2807;0,3886
2808;0,3888888888888889;2808;0,3888
2809;0,38819153881915386;2809;0,389
2810;0,3879590887959089;2810;0,3892
2811;0,3879590887959089;2811;0,3894
2812;0,38865643886564388;2812;0,3896
2813;0,38865643886564388;2813;0,38980000000000004
2814;0,38935378893537892;2814;0,39
2815;0,39028358902835891;2815;0,3902
2816;0,39051603905160392;2816;0,39039999999999997
2817;0,39051603905160392;2817;0,3906
2818;0,39051603905160392;2818;0,3908
2819;0,39051603905160392;2819;0,391
2820;0,39051603905160392;2820;0,3912
2821;0,39051603905160392;2821;0,3914
2822;0,39098093909809389;2822;0,3916
2823;0,39098093909809389;2823;0,39180000000000004
2824;0,3921431892143189;2824;0,392
2825;0,39237563923756391;2825;0,3922
2826;0,39260808926080892;2826;0,39239999999999997
2827;0,39284053928405394;2827;0,3926
2828;0,39284053928405394;2828;0,3928
2829;0,39377033937703393;2829;0,393
2830;0,39446768944676897;2830;0,3932
2831;0,39493258949325893;2831;0,3934
2832;0,39493258949325893;2832;0,3936
2833;0,39493258949325893;2833;0,39380000000000004
2834;0,39470013947001392;2834;0,394
2835;0,39446768944676897;2835;0,3942
2836;0,39470013947001392;2836;0,3944
2837;0,39539748953974896;2837;0,3946
2838;0,39539748953974896;2838;0,3948
2839;0,395862389586239;2839;0,395
2840;0,39632728963272895;2840;0,3952
2841;0,39632728963272895;2841;0,39540000000000003
2842;0,39609483960948394;2842;0,3956
2843;0,39609483960948394;2843;0,39580000000000004
2844;0,395862389586239;2844;0,396
2845;0,39609483960948394;2845;0,3962
2846;0,39632728963272895;2846;0,3964
2847;0,396792189679219;2847;0,3966
2848;0,396792189679219;2848;0,3968
2849;0,39725708972570895;2849;0,397
2850;0,39772198977219897;2850;0,3972
2851;0,397954439795444;2851;0,39740000000000003
2852;0,398419339841934;2852;0,3976
2853;0,398419339841934;2853;0,39780000000000004
2854;0,398419339841934;2854;0,398
2855;0,399349139934914;2855;0,3982
2856;0,399581589958159;2856;0,3984
2857;0,399349139934914;2857;0,3986
2858;0,399349139934914;2858;0,3988
2859;0,399349139934914;2859;0,399
2860;0,399349139934914;2860;0,3992
2861;0,399814039981404;2861;0,39940000000000003
2862;0,400743840074384;2862;0,3996
2863;0,400743840074384;2863;0,39980000000000004
2864;0,401441190144119;2864;0,4
2865;0,40237099023709905;2865;0,4002
2866;0,40237099023709905;2866;0,4004
2867;0,40237099023709905;2867;0,4006
2868;0,40237099023709905;2868;0,4008
2869;0,40237099023709905;2869;0,40099999999999997
2870;0,401906090190609;2870;0,40119999999999995
2871;0,40237099023709905;2871;0,40140000000000003
2872;0,402603440260344;2872;0,4016
2873;0,402603440260344;2873;0,4018
2874;0,40353324035332405;2874;0,40199999999999997
2875;0,40423059042305903;2875;0,4022
2876;0,40423059042305903;2876;0,4024
2877;0,40469549046954906;2877;0,40259999999999996
2878;0,40469549046954906;2878;0,40279999999999994
2879;0,405160390516039;2879;0,403
2880;0,405160390516039;2880;0,4032
2881;0,40585774058577406;2881;0,4034
2882;0,40562529056252905;2882;0,40359999999999996
2883;0,40562529056252905;2883;0,40380000000000005
2884;0,405160390516039;2884;0,404
2885;0,40492794049279407;2885;0,4042
2886;0,40562529056252905;2886;0,4044
2887;0,40609019060901907;2887;0,4046
2888;0,40609019060901907;2888;0,4048
2889;0,40655509065550904;2889;0,40499999999999997
2890;0,40748489074848909;2890;0,40519999999999995
2891;0,40701999070199907;2891;0,40540000000000004
2892;0,40701999070199907;2892;0,4056
2893;0,40701999070199907;2893;0,4058
2894;0,40701999070199907;2894;0,40599999999999997
2895;0,40701999070199907;2895;0,4062
2896;0,40748489074848909;2896;0,4064
2897;0,40818224081822407;2897;0,40659999999999996
2898;0,40818224081822407;2898;0,40679999999999994
2899;0,40841469084146909;2899;0,40700000000000003
2900;0,40934449093444908;2900;0,4072
2901;0,40911204091120407;2901;0,4074
2902;0,4098093909809391;2902;0,40759999999999996
2903;0,4098093909809391;2903;0,40780000000000005
2904;0,4107391910739191;2904;0,40800000000000003
2905;0,41097164109716411;2905;0,4082
2906;0,41120409112040912;2906;0,4084
2907;0,41120409112040912;2907;0,4086
2908;0,41120409112040912;2908;0,4088
2909;0,41097164109716411;2909;0,409
2910;0,41097164109716411;2910;0,40919999999999995
2911;0,41143654114365413;2911;0,40940000000000004
2912;0,41213389121338911;2912;0,4096
2913;0,41213389121338911;2913;0,4098
2914;0,41306369130636911;2914;0,41
2915;0,41306369130636911;2915;0,4102
2916;0,41283124128312415;2916;0,4104
2917;0,41259879125987914;2917;0,41059999999999997
2918;0,41259879125987914;2918;0,41079999999999994
2919;0,41283124128312415;2919;0,41100000000000003
2920;0,41259879125987914;2920;0,4112
2921;0,41306369130636911;2921;0,4114
2922;0,41329614132961412;2922;0,41159999999999997
2923;0,41329614132961412;2923;0,41180000000000005
2924;0,41352859135285913;2924;0,41200000000000003
2925;0,41445839144583912;2925;0,4122
2926;0,41445839144583912;2926;0,4124
2927;0,41515574151557416;2927;0,4126
2928;0,41515574151557416;2928;0,4128
2929;0,41585309158530914;2929;0,413
2930;0,41608554160855415;2930;0,41319999999999996
2931;0,41608554160855415;2931;0,41340000000000005
2932;0,41585309158530914;2932;0,4136
2933;0,41585309158530914;2933;0,4138
2934;0,41585309158530914;2934;0,414
2935;0,41608554160855415;2935;0,4142
2936;0,41678289167828919;2936;0,4144
2937;0,41771269177126918;2937;0,41459999999999997
2938;0,41771269177126918;2938;0,41479999999999995
2939;0,41841004184100417;2939;0,41500000000000004
2940;0,41864249186424918;2940;0,4152
2941;0,41841004184100417;2941;0,4154
2942;0,41841004184100417;2942;0,41559999999999997
2943;0,41841004184100417;2943;0,41580000000000006
2944;0,41864249186424918;2944;0,41600000000000004
2945;0,41864249186424918;2945;0,4162
2946;0,41933984193398421;2946;0,4164
2947;0,41980474198047418;2947;0,4166
2948;0,41980474198047418;2948;0,4168
2949;0,41980474198047418;2949;0,417
2950;0,42073454207345423;2950;0,41719999999999996
2951;0,4211994421199442;2951;0,41740000000000005
2952;0,4211994421199442;2952;0,4176
2953;0,4211994421199442;2953;0,4178
2954;0,42166434216643423;2954;0,418
2955;0,42212924221292419;2955;0,4182
2956;0,42189679218967924;2956;0,4184
2957;0,42166434216643423;2957;0,41859999999999997
2958;0,42166434216643423;2958;0,41879999999999995
2959;0,42143189214318921;2959;0,41900000000000004
2960;0,42189679218967924;2960;0,4192
2961;0,42282659228265923;2961;0,4194
2962;0,42352394235239421;2962;0,4196
2963;0,42352394235239421;2963;0,41980000000000006
2964;0,42398884239888424;2964;0,42000000000000004
2965;0,42398884239888424;2965;0,4202
2966;0,42398884239888424;2966;0,4204
2967;0,42375639237563922;2967;0,42060000000000003
2968;0,42375639237563922;2968;0,4208
2969;0,42398884239888424;2969;0,421
2970;0,42398884239888424;2970;0,42119999999999996
2971;0,42491864249186423;2971;0,42140000000000005
2972;0,42515109251510924;2972;0,42160000000000003
2973;0,42515109251510924;2973;0,4218
2974;0,42561599256159927;2974;0,422
2975;0,42584844258484428;2975;0,4222
2976;0,42677824267782427;2976;0,4224
2977;0,4272431427243143;2977;0,4226
2978;0,4272431427243143;2978;0,42279999999999995
2979;0,42817294281729429;2979;0,42300000000000004
2980;0,4284053928405393;2980;0,4232
2981;0,42817294281729429;2981;0,4234
2982;0,42794049279404928;2982;0,4236
2983;0,42794049279404928;2983;0,42380000000000007
2984;0,42794049279404928;2984;0,42400000000000004
2985;0,42863784286378431;2985;0,4242
2986;0,42910274291027428;2986;0,4244
2987;0,42980009298000932;2987;0,42460000000000003
2988;0,43026499302649929;2988;0,4248
2989;0,43026499302649929;2989;0,425
2990;0,43026499302649929;2990;0,42519999999999997
2991;0,43003254300325428;2991;0,42539999999999994
2992;0,43026499302649929;2992;0,42560000000000003
2993;0,43026499302649929;2993;0,4258
2994;0,43026499302649929;2994;0,426
2995;0,43026499302649929;2995;0,42619999999999997
2996;0,43072989307298931;2996;0,4264
2997;0,4304974430497443;2997;0,4266
2998;0,4304974430497443;2998;0,42679999999999996
2999;0,43072989307298931;2999;0,42699999999999994
3000;0,43072989307298931;3000;0,4272
3001;0,43142724314272429;3001;0,4274
3002;0,43189214318921432;3002;0,4276
3003;0,43189214318921432;3003;0,42779999999999996
3004;0,43235704323570434;3004;0,42800000000000005
3005;0,43258949325894935;3005;0,4282
3006;0,43235704323570434;3006;0,4284
3007;0,43235704323570434;3007;0,4286
3008;0,43235704323570434;3008;0,4288
3009;0,43235704323570434;3009;0,429
3010;0,43328684332868433;3010;0,42919999999999997
3011;0,43398419339841932;3011;0,42939999999999995
3012;0,43468154346815435;3012;0,42960000000000004
3013;0,43514644351464438;3013;0,4298
3014;0,43514644351464438;3014;0,43
3015;0,43514644351464438;3015;0,43019999999999997
3016;0,43491399349139936;3016;0,4304
3017;0,43561134356113435;3017;0,4306
3018;0,43537889353788933;3018;0,43079999999999996
3019;0,43537889353788933;3019;0,43099999999999994
3020;0,43584379358437936;3020;0,4312
3021;0,43607624360762437;3021;0,4314
3022;0,43677359367735935;3022;0,4316
3023;0,43700604370060436;3023;0,43179999999999996
3024;0,43700604370060436;3024;0,43200000000000005
3025;0,43700604370060436;3025;0,43220000000000003
3026;0,4377033937703394;3026;0,4324
3027;0,43816829381682937;3027;0,4326
3028;0,43816829381682937;3028;0,4328
3029;0,43816829381682937;3029;0,433
3030;0,4377033937703394;3030;0,4332
3031;0,43747094374709439;3031;0,43339999999999995
3032;0,43747094374709439;3032;0,43360000000000004
3033;0,4377033937703394;3033;0,4338
3034;0,4377033937703394;3034;0,434
3035;0,43863319386331939;3035;0,4342
3036;0,43933054393305437;3036;0,4344
3037;0,44026034402603442;3037;0,4346
3038;0,44049279404927938;3038;0,43479999999999996
3039;0,44049279404927938;3039;0,43499999999999994
3040;0,44049279404927938;3040;0,43520000000000003
3041;0,44072524407252439;3041;0,4354
3042;0,4409576940957694;3042;0,4356
3043;0,4409576940957694;3043;0,43579999999999997
3044;0,4409576940957694;3044;0,43600000000000005
3045;0,4418874941887494;3045;0,43620000000000003
3046;0,44235239423523942;3046;0,4364
3047;0,44281729428172945;3047;0,4366
3048;0,44397954439795445;3048;0,4368
3049;0,44397954439795445;3049;0,437
3050;0,44444444444444442;3050;0,4372
3051;0,44514179451417946;3051;0,43739999999999996
3052;0,44560669456066948;3052;0,43760000000000004
3053;0,44607159460715945;3053;0,4378
3054;0,44607159460715945;3054;0,438
3055;0,44560669456066948;3055;0,4382
3056;0,44537424453742447;3056;0,4384
3057;0,44514179451417946;3057;0,4386
3058;0,44560669456066948;3058;0,43879999999999997
3059;0,44560669456066948;3059;0,43899999999999995
3060;0,44630404463040446;3060;0,43920000000000003
3061;0,44700139470013944;3061;0,4394
3062;0,44746629474662947;3062;0,4396
3063;0,44746629474662947;3063;0,43979999999999997
3064;0,44746629474662947;3064;0,44000000000000006
3065;0,44746629474662947;3065;0,44020000000000004
3066;0,44723384472338445;3066;0,4404
3067;0,44723384472338445;3067;0,4406
3068;0,44723384472338445;3068;0,4408
3069;0,44723384472338445;3069;0,441
3070;0,44769874476987448;3070;0,4412
3071;0,44862854486285447;3071;0,44139999999999996
3072;0,4490934449093445;3072;0,44160000000000005
3073;0,44932589493258951;3073;0,4418
3074;0,44932589493258951;3074;0,442
3075;0,44979079497907948;3075;0,4422
3076;0,45048814504881451;3076;0,4424
3077;0,4511854951185495;3077;0,4426
3078;0,45188284518828453;3078;0,44279999999999997
3079;0,45188284518828453;3079;0,44299999999999995
3080;0,4511854951185495;3080;0,44320000000000004
3081;0,4511854951185495;3081;0,4434
3082;0,45095304509530448;3082;0,4436
3083;0,45141794514179451;3083;0,4438
3084;0,45141794514179451;3084;0,44400000000000006
3085;0,4523477452347745;3085;0,44420000000000004
3086;0,45304509530450954;3086;0,4444
3087;0,45374244537424452;3087;0,4446
3088;0,45374244537424452;3088;0,44480000000000003
3089;0,45374244537424452;3089;0,445
3090;0,45350999535099956;3090;0,4452
3091;0,45304509530450954;3091;0,44539999999999996
3092;0,45304509530450954;3092;0,44560000000000005
3093;0,45350999535099956;3093;0,44580000000000003
3094;0,45350999535099956;3094;0,446
3095;0,45397489539748953;3095;0,4462
3096;0,45397489539748953;3096;0,4464
3097;0,45420734542073454;3097;0,4466
3098;0,45420734542073454;3098;0,4468
3099;0,45420734542073454;3099;0,44699999999999995
3100;0,45490469549046952;3100;0,44720000000000004
3101;0,45560204556020456;3101;0,4474
3102;0,45606694560669458;3102;0,4476
3103;0,45653184565318455;3103;0,4478
3104;0,45653184565318455;3104;0,44800000000000006
3105;0,45629939562993954;3105;0,44820000000000004
3106;0,45606694560669458;3106;0,4484
3107;0,45583449558344957;3107;0,4486
3108;0,45653184565318455;3108;0,44880000000000003
3109;0,45653184565318455;3109;0,449
3110;0,45746164574616455;3110;0,4492
3111;0,45792654579265457;3111;0,44939999999999997
3112;0,45862389586238961;3112;0,44960000000000006
3113;0,45815899581589958;3113;0,44980000000000003
3114;0,45815899581589958;3114;0,45
3115;0,45792654579265457;3115;0,4502
3116;0,45862389586238961;3116;0,45039999999999997
3117;0,45815899581589958;3117;0,4506
3118;0,45885634588563456;3118;0,4508
3119;0,45885634588563456;3119;0,45099999999999996
3120;0,45908879590887958;3120;0,45119999999999993
3121;0,4595536959553696;3121;0,4514
3122;0,45978614597861461;3122;0,4516
3123;0,45978614597861461;3123;0,4518
3124;0,45978614597861461;3124;0,45199999999999996
3125;0,46048349604834959;3125;0,45220000000000005
3126;0,46118084611808463;3126;0,4524
3127;0,46094839609483962;3127;0,4526
3128;0,46071594607159461;3128;0,4528
3129;0,46071594607159461;3129;0,453
3130;0,46071594607159461;3130;0,4532
3131;0,46071594607159461;3131;0,45339999999999997
3132;0,46094839609483962;3132;0,45359999999999995
3133;0,4616457461645746;3133;0,45380000000000004
3134;0,4616457461645746;3134;0,454
3135;0,46257554625755465;3135;0,4542
3136;0,46327289632728963;3136;0,45439999999999997
3137;0,46373779637377965;3137;0,4546
3138;0,46327289632728963;3138;0,4548
3139;0,46327289632728963;3139;0,45499999999999996
3140;0,46327289632728963;3140;0,45519999999999994
3141;0,46373779637377965;3141;0,4554
3142;0,46373779637377965;3142;0,4556
3143;0,46420269642026962;3143;0,4558
3144;0,46420269642026962;3144;0,45599999999999996
3145;0,46443514644351463;3145;0,45620000000000005
3146;0,46466759646675965;3146;0,45640000000000003
3147;0,46582984658298465;3147;0,4566
3148;0,46606229660622966;3148;0,4568
3149;0,46606229660622966;3149;0,457
3150;0,46629474662947468;3150;0,4572
3151;0,46652719665271969;3151;0,4574
3152;0,46722454672245467;3152;0,45759999999999995
3153;0,46675964667596465;3153;0,45780000000000004
3154;0,46675964667596465;3154;0,458
3155;0,46629474662947468;3155;0,4582
3156;0,46606229660622966;3156;0,4584
3157;0,46652719665271969;3157;0,4586
3158;0,46745699674569968;3158;0,4588
3159;0,46745699674569968;3159;0,45899999999999996
3160;0,46768944676894469;3160;0,45919999999999994
3161;0,46815434681543466;3161;0,45940000000000003
3162;0,46815434681543466;3162;0,4596
3163;0,46815434681543466;3163;0,4598
3164;0,46815434681543466;3164;0,45999999999999996
3165;0,46815434681543466;3165;0,46020000000000005
3166;0,46815434681543466;3166;0,46040000000000003
3167;0,46838679683867968;3167;0,4606
3168;0,46908414690841471;3168;0,4608
3169;0,46908414690841471;3169;0,461
3170;0,46931659693165967;3170;0,4612
3171;0,46978149697814969;3171;0,4614
3172;0,47001394700139471;3172;0,46159999999999995
3173;0,4709437470943747;3173;0,46180000000000004
3174;0,4709437470943747;3174;0,462
3175;0,47164109716410973;3175;0,4622
3176;0,47257089725708973;3176;0,4624
3177;0,47303579730357975;3177;0,4626
3178;0,47257089725708973;3178;0,4628
3179;0,47257089725708973;3179;0,46299999999999997
3180;0,47257089725708973;3180;0,46319999999999995
3181;0,47257089725708973;3181;0,46340000000000003
3182;0,47303579730357975;3182;0,4636
3183;0,47350069735006972;3183;0,4638
3184;0,47350069735006972;3184;0,46399999999999997
3185;0,47419804741980476;3185;0,46420000000000006
3186;0,47466294746629473;3186;0,46440000000000003
3187;0,47443049744304977;3187;0,4646
3188;0,47419804741980476;3188;0,4648
3189;0,47419804741980476;3189;0,465
3190;0,47443049744304977;3190;0,4652
3191;0,47419804741980476;3191;0,4654
3192;0,47443049744304977;3192;0,46559999999999996
3193;0,47489539748953974;3193;0,46580000000000005
3194;0,47489539748953974;3194;0,466
3195;0,47466294746629473;3195;0,4662
3196;0,47489539748953974;3196;0,4664
3197;0,47489539748953974;3197;0,4666
3198;0,47582519758251973;3198;0,4668
3199;0,47582519758251973;3199;0,46699999999999997
3200;0,47629009762900976;3200;0,46719999999999995
3201;0,47675499767549978;3201;0,46740000000000004
3202;0,47698744769874479;3202;0,4676
3203;0,47675499767549978;3203;0,4678
3204;0,47675499767549978;3204;0,46799999999999997
3205;0,47675499767549978;3205;0,46820000000000006
3206;0,47652254765225477;3206;0,46840000000000004
3207;0,47745234774523476;3207;0,4686
3208;0,4781496978149698;3208;0,4688
3209;0,4781496978149698;3209;0,46900000000000003
3210;0,47884704788470478;3210;0,4692
3211;0,4793119479311948;3211;0,4694
3212;0,47884704788470478;3212;0,46959999999999996
3213;0,47861459786145977;3213;0,46980000000000005
3214;0,47861459786145977;3214;0,47000000000000003
3215;0,4793119479311948;3215;0,4702
3216;0,4793119479311948;3216;0,4704
3217;0,47977684797768477;3217;0,4706
3218;0,4802417480241748;3218;0,4708
3219;0,4802417480241748;3219;0,471
3220;0,48047419804741981;3220;0,47119999999999995
3221;0,48093909809390983;3221;0,47140000000000004
3222;0,48093909809390983;3222;0,4716
3223;0,48163644816364481;3223;0,4718
3224;0,48163644816364481;3224;0,472
3225;0,48186889818688983;3225;0,47220000000000006
3226;0,48186889818688983;3226;0,47240000000000004
3227;0,48163644816364481;3227;0,4726
3228;0,4814039981403998;3228;0,4728
3229;0,4814039981403998;3229;0,47300000000000003
3230;0,48117154811715479;3230;0,4732
3231;0,48163644816364481;3231;0,4734
3232;0,48210134821013484;3232;0,47359999999999997
3233;0,48303114830311483;3233;0,47380000000000005
3234;0,48303114830311483;3234;0,47400000000000003
3235;0,48349604834960486;3235;0,4742
3236;0,48349604834960486;3236;0,4744
3237;0,48349604834960486;3237;0,4746
3238;0,48349604834960486;3238;0,4748
3239;0,48349604834960486;3239;0,475
3240;0,48372849837284981;3240;0,47519999999999996
3241;0,48372849837284981;3241;0,47539999999999993
3242;0,48465829846582986;3242;0,4756
3243;0,48489074848907487;3243;0,4758
3244;0,48489074848907487;3244;0,476
3245;0,48535564853556484;3245;0,47619999999999996
3246;0,48651789865178985;3246;0,47640000000000005
3247;0,48698279869827987;3247;0,4766
3248;0,48721524872152489;3248;0,4768
3249;0,48721524872152489;3249;0,477
3250;0,48791259879125987;3250;0,4772
3251;0,48837749883774989;3251;0,4774
3252;0,48814504881450488;3252;0,47759999999999997
3253;0,48791259879125987;3253;0,47779999999999995
3254;0,48791259879125987;3254;0,47800000000000004
3255;0,48768014876801485;3255;0,4782
3256;0,48814504881450488;3256;0,4784
3257;0,48884239888423991;3257;0,47859999999999997
3258;0,4895397489539749;3258;0,4788
3259;0,4895397489539749;3259;0,479
3260;0,49000464900046492;3260;0,47919999999999996
3261;0,48977219897721991;3261;0,47939999999999994
3262;0,48977219897721991;3262;0,4796
3263;0,48977219897721991;3263;0,4798
3264;0,48977219897721991;3264;0,48
3265;0,48977219897721991;3265;0,48019999999999996
3266;0,49000464900046492;3266;0,48040000000000005
3267;0,49046954904695489;3267;0,4806
3268;0,4907019990701999;3268;0,4808
3269;0,4907019990701999;3269;0,481
3270;0,49139934913993494;3270;0,4812
3271;0,49163179916317989;3271;0,4814
3272;0,49232914923291493;3272;0,4816
3273;0,49302649930264991;3273;0,48179999999999995
3274;0,49302649930264991;3274;0,48200000000000004
3275;0,49349139934913994;3275;0,4822
3276;0,49395629939562996;3276;0,4824
3277;0,49372384937238495;3277;0,4826
3278;0,49349139934913994;3278;0,4828
3279;0,49349139934913994;3279;0,483
3280;0,49349139934913994;3280;0,48319999999999996
3281;0,49395629939562996;3281;0,48339999999999994
3282;0,49465364946536494;3282;0,48360000000000003
3283;0,4953509995351;3283;0,4838
3284;0,4953509995351;3284;0,484
3285;0,49581589958158995;3285;0,48419999999999996
3286;0,49581589958158995;3286;0,48440000000000005
3287;0,49558344955834494;3287;0,48460000000000003
3288;0,49628079962807997;3288;0,4848
3289;0,49628079962807997;3289;0,485
3290;0,49628079962807997;3290;0,4852
3291;0,496513249651325;3291;0,4854
3292;0,49697814969781495;3292;0,4856
3293;0,497443049744305;3293;0,48579999999999995
3294;0,497443049744305;3294;0,48600000000000004
3295;0,49767549976755;3295;0,4862
3296;0,49767549976755;3296;0,4864
3297;0,49814039981403996;3297;0,4866
3298;0,498837749883775;3298;0,4868
3299;0,498837749883775;3299;0,487
3300;0,499302649930265;3300;0,48719999999999997
3301;0,499767549976755;3301;0,48739999999999994
3302;0,499302649930265;3302;0,48760000000000003
3303;0,499302649930265;3303;0,4878
3304;0,499302649930265;3304;0,488
3305;0,499302649930265;3305;0,48819999999999997
3306;0,500232450023245;3306;0,48840000000000006
3307;0,50092980009298;3307;0,48860000000000003
3308;0,50185960018596;3308;0,4888
3309;0,50185960018596;3309;0,489
3310;0,50185960018596;3310;0,4892
3311;0,50185960018596;3311;0,4894
3312;0,501627150162715;3312;0,4896
3313;0,50185960018596;3313;0,48979999999999996
3314;0,50185960018596;3314;0,49000000000000005
3315;0,502092050209205;3315;0,4902
3316;0,50232450023245;3316;0,4904
3317;0,50348675034867507;3317;0,4906
3318;0,50371920037192008;3318;0,4908
3319;0,50371920037192008;3319;0,491
3320;0,50418410041841;3320;0,49119999999999997
3321;0,50418410041841;3321;0,49139999999999995
3322;0,504416550441655;3322;0,49160000000000004
3323;0,50534635053463506;3323;0,4918
3324;0,50534635053463506;3324;0,492
3325;0,50511390051139;3325;0,49219999999999997
3326;0,50511390051139;3326;0,49240000000000006
3327;0,504881450488145;3327;0,49260000000000004
3328;0,504416550441655;3328;0,4928
3329;0,504416550441655;3329;0,493
3330;0,50511390051139;3330;0,4932
3331;0,50581125058112508;3331;0,4934
3332;0,506741050674105;3332;0,4936
3333;0,507205950720595;3333;0,49379999999999996
3334;0,507205950720595;3334;0,49400000000000005
3335;0,50697350069735;3335;0,49420000000000003
3336;0,50697350069735;3336;0,4944
3337;0,50697350069735;3337;0,4946
3338;0,50697350069735;3338;0,4948
3339;0,50697350069735;3339;0,495
3340;0,50697350069735;3340;0,4952
3341;0,50743840074384006;3341;0,49539999999999995
3342;0,50836820083682011;3342;0,49560000000000004
3343;0,50860065086006512;3343;0,4958
3344;0,50860065086006512;3344;0,496
3345;0,509530450953045;3345;0,4962
3346;0,50999535099953508;3346;0,49640000000000006
3347;0,50999535099953508;3347;0,49660000000000004
3348;0,51022780102278009;3348;0,4968
3349;0,51022780102278009;3349;0,497
3350;0,5104602510460251;3350;0,49720000000000003
3351;0,50999535099953508;3351;0,4974
3352;0,509530450953045;3352;0,4976
3353;0,5092980009298;3353;0,49779999999999996
3354;0,5092980009298;3354;0,49800000000000005
3355;0,51022780102278009;3355;0,49820000000000003
3356;0,51069270106927012;3356;0,4984
3357;0,51115760111576014;3357;0,4986
3358;0,51208740120874008;3358;0,4988
3359;0,51208740120874008;3359;0,499
3360;0,51208740120874008;3360;0,4992
3361;0,51208740120874008;3361;0,49939999999999996
3362;0,51208740120874008;3362;0,49960000000000004
3363;0,51208740120874008;3363;0,4998
3364;0,51208740120874008;3364;0,5
3365;0,51231985123198509;3365;0,5002
3366;0,51301720130172013;3366;0,5004
3367;0,51371455137145516;3367;0,5006
3368;0,51394700139470018;3368;0,5008
3369;0,51394700139470018;3369;0,501
3370;0,51441190144119009;3370;0,5012
3371;0,51534170153417014;3371;0,50140000000000007
3372;0,51580660158066016;3372;0,5016
3373;0,51627150162715019;3373;0,5018
3374;0,51627150162715019;3374;0,502
3375;0,51696885169688522;3375;0,5022
3376;0,5165039516503952;3376;0,5024
3377;0,51627150162715019;3377;0,50259999999999994
3378;0,51603905160390517;3378;0,50279999999999991
3379;0,51603905160390517;3379;0,503
3380;0,51696885169688522;3380;0,5032
3381;0,51766620176662015;3381;0,5034
3382;0,51813110181311017;3382;0,50359999999999994
3383;0,51882845188284521;3383;0,5038
3384;0,5185960018596002;3384;0,504
3385;0,5185960018596002;3385;0,5042
3386;0,51813110181311017;3386;0,5044
3387;0,51906090190609022;3387;0,5046
3388;0,51906090190609022;3388;0,5048
3389;0,51929335192933523;3389;0,505
3390;0,51929335192933523;3390;0,5052
3391;0,51975825197582515;3391;0,50540000000000007
3392;0,52022315202231517;3392;0,5056
3393;0,5206880520688052;3393;0,5058
3394;0,5206880520688052;3394;0,506
3395;0,5206880520688052;3395;0,5062
3396;0,52092050209205021;3396;0,5064
3397;0,52138540213854023;3397;0,50659999999999994
3398;0,52231520223152017;3398;0,50679999999999992
3399;0,52254765225476518;3399;0,507
3400;0,52254765225476518;3400;0,5072
3401;0,52231520223152017;3401;0,5074
3402;0,52231520223152017;3402;0,50759999999999994
3403;0,52231520223152017;3403;0,5078
3404;0,52301255230125521;3404;0,508
3405;0,52301255230125521;3405;0,5082
3406;0,52370990237099024;3406;0,5084
3407;0,52440725244072528;3407;0,5086
3408;0,52440725244072528;3408;0,5088
3409;0,52417480241748027;3409;0,509
3410;0,52417480241748027;3410;0,5092
3411;0,52417480241748027;3411;0,50940000000000007
3412;0,52440725244072528;3412;0,5096
3413;0,52440725244072528;3413;0,5098
3414;0,52487215248721519;3414;0,51
3415;0,52487215248721519;3415;0,5102
3416;0,52603440260344025;3416;0,5104
3417;0,52626685262668527;3417;0,51059999999999994
3418;0,52673175267317529;3418;0,51079999999999992
3419;0,52673175267317529;3419;0,511
3420;0,52673175267317529;3420;0,5112
3421;0,52742910274291033;3421;0,5114
3422;0,52789400278940024;3422;0,51159999999999994
3423;0,52789400278940024;3423;0,5118
3424;0,52766155276615523;3424;0,512
3425;0,52766155276615523;3425;0,5122
3426;0,52742910274291033;3426;0,5124
3427;0,52742910274291033;3427;0,51260000000000006
3428;0,52789400278940024;3428;0,5128
3429;0,52882380288238029;3429;0,513
3430;0,52882380288238029;3430;0,5132
3431;0,52928870292887031;3431;0,51340000000000008
3432;0,52998605299860535;3432;0,51360000000000006
3433;0,52975360297536034;3433;0,5138
3434;0,52975360297536034;3434;0,514
3435;0,52975360297536034;3435;0,5142
3436;0,52952115295211533;3436;0,5144
3437;0,52952115295211533;3437;0,5146
3438;0,52952115295211533;3438;0,51479999999999992
3439;0,52998605299860535;3439;0,515
3440;0,52998605299860535;3440;0,5152
3441;0,53068340306834028;3441;0,5154
3442;0,53091585309158529;3442;0,5156
3443;0,53161320316132032;3443;0,5158
3444;0,53184565318456534;3444;0,516
3445;0,53184565318456534;3445;0,5162
3446;0,53184565318456534;3446;0,5164
3447;0,53254300325430037;3447;0,51660000000000006
3448;0,53277545327754527;3448;0,5168
3449;0,53231055323105536;3449;0,517
3450;0,53231055323105536;3450;0,5172
3451;0,53184565318456534;3451;0,51740000000000008
3452;0,53161320316132032;3452;0,51760000000000006
3453;0,53231055323105536;3453;0,5178
3454;0,53300790330079029;3454;0,518
3455;0,53300790330079029;3455;0,5182
3456;0,53347280334728031;3456;0,5184
3457;0,53440260344026036;3457;0,5186
3458;0,53440260344026036;3458;0,51879999999999993
3459;0,53440260344026036;3459;0,519
3460;0,53440260344026036;3460;0,5192
3461;0,53440260344026036;3461;0,5194
3462;0,53463505346350537;3462;0,5196
3463;0,53486750348675038;3463;0,5198
3464;0,53579730357973032;3464;0,52
3465;0,53579730357973032;3465;0,5202
3466;0,53602975360297533;3466;0,5204
3467;0,53649465364946536;3467;0,52060000000000006
3468;0,53672710367271037;3468;0,5208
3469;0,53765690376569042;3469;0,521
3470;0,53765690376569042;3470;0,5212
3471;0,53812180381218033;3471;0,52140000000000009
3472;0,53905160390516038;3472;0,52160000000000006
3473;0,53928405392840539;3473;0,5218
3474;0,53905160390516038;3474;0,522
3475;0,53905160390516038;3475;0,5222
3476;0,53858670385867036;3476;0,5224
3477;0,53858670385867036;3477;0,5226
3478;0,53928405392840539;3478;0,52279999999999993
3479;0,53951650395165041;3479;0,523
3480;0,53951650395165041;3480;0,5232
3481;0,53998140399814043;3481;0,5234
3482;0,53998140399814043;3482;0,5236
3483;0,53998140399814043;3483;0,5238
3484;0,53974895397489542;3484;0,524
3485;0,53974895397489542;3485;0,5242
3486;0,54021385402138544;3486;0,5244
3487;0,54044630404463045;3487;0,52460000000000007
3488;0,54044630404463045;3488;0,5248
3489;0,54114365411436538;3489;0,525
3490;0,54114365411436538;3490;0,5252
3491;0,54137610413761039;3491;0,5254
3492;0,54184100418410042;3492;0,52560000000000007
3493;0,54184100418410042;3493;0,5258
3494;0,54277080427708047;3494;0,526
3495;0,54277080427708047;3495;0,5262
3496;0,54323570432357038;3496;0,5264
3497;0,54346815434681539;3497;0,5266
3498;0,5437006043700604;3498;0,52679999999999993
3499;0,5437006043700604;3499;0,52699999999999991
3500;0,5437006043700604;3500;0,5272
3501;0,54346815434681539;3501;0,5274
3502;0,5437006043700604;3502;0,5276
3503;0,54439795443979544;3503;0,52779999999999994
3504;0,54486285448628546;3504;0,528
3505;0,54486285448628546;3505;0,5282
3506;0,54532775453277549;3506;0,5284
3507;0,54532775453277549;3507;0,5286
3508;0,54532775453277549;3508;0,5288
3509;0,54509530450953048;3509;0,529
3510;0,54509530450953048;3510;0,5292
3511;0,54532775453277549;3511;0,5294
3512;0,54532775453277549;3512;0,52960000000000007
3513;0,54602510460251041;3513;0,5298
3514;0,54649000464900044;3514;0,53
3515;0,54649000464900044;3515;0,5302
3516;0,54672245467224545;3516;0,5304
3517;0,5476522547652255;3517;0,5306
3518;0,5476522547652255;3518;0,53079999999999994
3519;0,54788470478847051;3519;0,53099999999999992
3520;0,54788470478847051;3520;0,5312
3521;0,54834960483496054;3521;0,5314
3522;0,54881450488145045;3522;0,5316
3523;0,54881450488145045;3523;0,53179999999999994
3524;0,54881450488145045;3524;0,532
3525;0,54881450488145045;3525;0,5322
3526;0,54881450488145045;3526;0,5324
3527;0,54951185495118549;3527;0,5326
3528;0,55020920502092052;3528;0,5328
3529;0,55113900511390046;3529;0,533
3530;0,55113900511390046;3530;0,5332
3531;0,55160390516039048;3531;0,5334
3532;0,55137145513714547;3532;0,53360000000000007
3533;0,55113900511390046;3533;0,5338
3534;0,55067410506741055;3534;0,534
3535;0,55067410506741055;3535;0,5342
3536;0,55044165504416553;3536;0,5344
3537;0,55044165504416553;3537;0,5346
3538;0,55113900511390046;3538;0,53479999999999994
3539;0,55206880520688051;3539;0,53499999999999992
3540;0,55206880520688051;3540;0,5352
3541;0,55276615527661555;3541;0,5354
3542;0,55299860529986056;3542;0,5356
3543;0,55346350534635058;3543;0,53579999999999994
3544;0,55323105532310557;3544;0,536
3545;0,55323105532310557;3545;0,5362
3546;0,55369595536959548;3546;0,5364
3547;0,55369595536959548;3547;0,5366
3548;0,55346350534635058;3548;0,5368
3549;0,55323105532310557;3549;0,537
3550;0,55323105532310557;3550;0,5372
3551;0,55299860529986056;3551;0,5374
3552;0,55346350534635058;3552;0,53760000000000008
3553;0,55439330543933052;3553;0,53780000000000006
3554;0,55509065550906556;3554;0,538
3555;0,55509065550906556;3555;0,5382
3556;0,55578800557880059;3556;0,5384
3557;0,55578800557880059;3557;0,5386
3558;0,55578800557880059;3558;0,5388
3559;0,55578800557880059;3559;0,53899999999999992
3560;0,55578800557880059;3560;0,5392
3561;0,55578800557880059;3561;0,5394
3562;0,55578800557880059;3562;0,5396
3563;0,55648535564853552;3563;0,5398
3564;0,55718270571827055;3564;0,54
3565;0,55718270571827055;3565;0,5402
3566;0,55788005578800559;3566;0,5404
3567;0,5581125058112506;3567;0,5406
3568;0,55857740585774063;3568;0,54080000000000006
3569;0,55927475592747555;3569;0,541
3570;0,55927475592747555;3570;0,5412
3571;0,55997210599721059;3571;0,5414
3572;0,5602045560204556;3572;0,54160000000000008
3573;0,55997210599721059;3573;0,54180000000000006
3574;0,55973965597396558;3574;0,542
3575;0,55973965597396558;3575;0,5422
3576;0,55927475592747555;3576;0,5424
3577;0,5602045560204556;3577;0,5426
3578;0,56066945606694563;3578;0,5428
3579;0,56136680613668066;3579;0,54299999999999993
3580;0,56136680613668066;3580;0,5432
3581;0,56159925615992556;3581;0,5434
3582;0,56159925615992556;3582;0,5436
3583;0,56136680613668066;3583;0,5438
3584;0,56183170618317058;3584;0,544
3585;0,56183170618317058;3585;0,5442
3586;0,56183170618317058;3586;0,5444
3587;0,56206415620641559;3587;0,5446
3588;0,56252905625290561;3588;0,54480000000000006
3589;0,56299395629939564;3589;0,545
3590;0,56299395629939564;3590;0,5452
3591;0,56322640632264065;3591;0,5454
3592;0,56345885634588566;3592;0,54560000000000008
3593;0,56392375639237569;3593;0,54580000000000006
3594;0,5643886564388656;3594;0,546
3595;0,5643886564388656;3595;0,5462
3596;0,56508600650860064;3596;0,5464
3597;0,56531845653184565;3597;0,5466
3598;0,56508600650860064;3598;0,5468
3599;0,56485355648535562;3599;0,54699999999999993
3600;0,56485355648535562;3600;0,5472
3601;0,56485355648535562;3601;0,5474
3602;0,56531845653184565;3602;0,5476
3603;0,56601580660158068;3603;0,5478
3604;0,56671315667131572;3604;0,548
3605;0,56671315667131572;3605;0,5482
3606;0,56671315667131572;3606;0,5484
3607;0,56671315667131572;3607;0,5486
3608;0,56648070664807071;3608;0,54880000000000007
3609;0,56671315667131572;3609;0,549
3610;0,56671315667131572;3610;0,5492
3611;0,56671315667131572;3611;0,5494
3612;0,56717805671780563;3612;0,54960000000000009
3613;0,56810785681078568;3613;0,54980000000000007
3614;0,56880520688052072;3614;0,55
3615;0,56880520688052072;3615;0,5502
3616;0,56927010692701074;3616;0,5504
3617;0,56903765690376573;3617;0,5506
3618;0,56996745699674567;3618;0,5508
3619;0,57043235704323569;3619;0,55099999999999993
3620;0,57043235704323569;3620;0,55119999999999991
3621;0,57089725708972572;3621;0,5514
3622;0,57066480706648071;3622;0,5516
3623;0,57043235704323569;3623;0,5518
3624;0,57019990701999068;3624;0,55199999999999994
3625;0,57019990701999068;3625;0,5522
3626;0,57066480706648071;3626;0,5524
3627;0,57112970711297073;3627;0,5526
3628;0,57205950720595067;3628;0,5528
3629;0,57252440725244069;3629;0,553
3630;0,57252440725244069;3630;0,5532
3631;0,57252440725244069;3631;0,5534
3632;0,57229195722919568;3632;0,5536
3633;0,57229195722919568;3633;0,55380000000000007
3634;0,57205950720595067;3634;0,554
3635;0,57205950720595067;3635;0,5542
3636;0,57205950720595067;3636;0,5544
3637;0,5727568572756857;3637;0,5546
3638;0,57252440725244069;3638;0,5548
3639;0,57345420734542074;3639;0,55499999999999994
3640;0,57345420734542074;3640;0,55519999999999992
3641;0,57345420734542074;3641;0,5554
3642;0,57391910739191077;3642;0,5556
3643;0,57461645746164569;3643;0,5558
3644;0,57554625755462574;3644;0,55599999999999994
3645;0,57554625755462574;3645;0,5562
3646;0,57577870757787075;3646;0,5564
3647;0,57554625755462574;3647;0,5566
3648;0,57531380753138073;3648;0,5568
3649;0,57508135750813572;3649;0,557
3650;0,57508135750813572;3650;0,5572
3651;0,57554625755462574;3651;0,5574
3652;0,57601115760111576;3652;0,5576
3653;0,5767085076708508;3653;0,55780000000000007
3654;0,57740585774058573;3654;0,558
3655;0,57740585774058573;3655;0,5582
3656;0,57717340771734083;3656;0,5584
3657;0,57717340771734083;3657;0,5586
3658;0,57740585774058573;3658;0,5588
3659;0,57740585774058573;3659;0,55899999999999994
3660;0,57740585774058573;3660;0,55919999999999992
3661;0,57787075778707575;3661;0,5594
3662;0,5788005578800558;3662;0,5596
3663;0,5788005578800558;3663;0,5598
3664;0,57926545792654582;3664;0,55999999999999994
3665;0,57926545792654582;3665;0,5602
3666;0,57973035797303585;3666;0,5604
3667;0,58066015806601579;3667;0,5606
3668;0,58135750813575082;3668;0,5608
3669;0,58228730822873087;3669;0,561
3670;0,58228730822873087;3670;0,5612
3671;0,5829846582984658;3671;0,5614
3672;0,58275220827522078;3672;0,5616
3673;0,58275220827522078;3673;0,56180000000000008
3674;0,58275220827522078;3674;0,562
3675;0,58275220827522078;3675;0,5622
3676;0,58368200836820083;3676;0,5624
3677;0,58437935843793587;3677;0,5626
3678;0,58554160855416082;3678;0,5628
3679;0,58600650860065084;3679;0,563
3680;0,58600650860065084;3680;0,56319999999999992
3681;0,58577405857740583;3681;0,5634
3682;0,58554160855416082;3682;0,5636
3683;0,58577405857740583;3683;0,5638
3684;0,58577405857740583;3684;0,564
3685;0,58577405857740583;3685;0,5642
3686;0,58600650860065084;3686;0,5644
3687;0,58647140864714087;3687;0,5646
3688;0,58623895862389586;3688;0,5648
3689;0,58693630869363089;3689;0,56500000000000006
3690;0,58693630869363089;3690;0,5652
3691;0,58647140864714087;3691;0,5654
3692;0,58740120874012092;3692;0,5656
3693;0,58786610878661083;3693;0,56580000000000008
3694;0,58833100883310085;3694;0,56600000000000006
3695;0,58833100883310085;3695;0,5662
3696;0,58879590887959088;3696;0,5664
3697;0,58833100883310085;3697;0,5666
3698;0,58809855880985584;3698;0,5668
3699;0,58833100883310085;3699;0,567
3700;0,58833100883310085;3700;0,56719999999999993
3701;0,5892608089260809;3701;0,5674
3702;0,58995815899581594;3702;0,5676
3703;0,59065550906555087;3703;0,5678
3704;0,59088795908879588;3704;0,568
3705;0,59088795908879588;3705;0,5682
3706;0,59088795908879588;3706;0,5684
3707;0,59065550906555087;3707;0,5686
3708;0,59112040911204089;3708;0,5688
3709;0,59112040911204089;3709;0,56900000000000006
3710;0,59112040911204089;3710;0,5692
3711;0,5913528591352859;3711;0,5694
3712;0,59205020920502094;3712;0,5696
3713;0,592282659228266;3713;0,56980000000000008
3714;0,592515109251511;3714;0,57000000000000006
3715;0,592515109251511;3715;0,5702
3716;0,592515109251511;3716;0,5704
3717;0,59298000929800088;3717;0,5706
3718;0,59321245932124589;3718;0,5708
3719;0,59298000929800088;3719;0,571
3720;0,59298000929800088;3720;0,57119999999999993
3721;0,59298000929800088;3721;0,5714
3722;0,592515109251511;3722;0,5716
3723;0,592515109251511;3723;0,5718
3724;0,592747559274756;3724;0,572
3725;0,592747559274756;3725;0,5722
3726;0,5934449093444909;3726;0,5724
3727;0,59414225941422594;3727;0,5726
3728;0,594607159460716;3728;0,5728
3729;0,594607159460716;3729;0,57300000000000006
3730;0,594607159460716;3730;0,5732
3731;0,594607159460716;3731;0,5734
3732;0,594607159460716;3732;0,5736
3733;0,594839609483961;3733;0,57380000000000009
3734;0,594839609483961;3734;0,57400000000000007
3735;0,594839609483961;3735;0,5742
3736;0,595536959553696;3736;0,5744
3737;0,59576940957694091;3737;0,5746
3738;0,59623430962343094;3738;0,5748
3739;0,596699209669921;3739;0,575
3740;0,597164109716411;3740;0,57519999999999993
3741;0,597164109716411;3741;0,57539999999999991
3742;0,597861459786146;3742;0,5756
3743;0,59832635983263593;3743;0,5758
3744;0,59832635983263593;3744;0,576
3745;0,59832635983263593;3745;0,57619999999999993
3746;0,598093909809391;3746;0,5764
3747;0,597861459786146;3747;0,5766
3748;0,597629009762901;3748;0,5768
3749;0,598093909809391;3749;0,577
3750;0,598093909809391;3750;0,5772
3751;0,599023709902371;3751;0,5774
3752;0,599488609948861;3752;0,5776
3753;0,599953509995351;3753;0,5778
3754;0,599953509995351;3754;0,57800000000000007
3755;0,599953509995351;3755;0,5782
3756;0,599953509995351;3756;0,5784
3757;0,600185960018596;3757;0,5786
3758;0,60065086006508606;3758;0,5788
3759;0,601115760111576;3759;0,579
3760;0,601580660158066;3760;0,57919999999999994
3761;0,601580660158066;3761;0,57939999999999992
3762;0,602278010227801;3762;0,5796
3763;0,602742910274291;3763;0,5798
3764;0,60297536029753607;3764;0,58
3765;0,603672710367271;3765;0,58019999999999994
3766;0,603672710367271;3766;0,5804
3767;0,604602510460251;3767;0,5806
3768;0,60506741050674107;3768;0,5808
3769;0,6057647605764761;3769;0,581
3770;0,60506741050674107;3770;0,5812
3771;0,60506741050674107;3771;0,5814
3772;0,604834960483496;3772;0,5816
3773;0,604602510460251;3773;0,5818
3774;0,60529986052998608;3774;0,58200000000000007
3775;0,60599721059972111;3775;0,5822
3776;0,60599721059972111;3776;0,5824
3777;0,606462110646211;3777;0,5826
3778;0,606694560669456;3778;0,5828
3779;0,606462110646211;3779;0,583
3780;0,606462110646211;3780;0,58319999999999994
3781;0,606462110646211;3781;0,58339999999999992
3782;0,606462110646211;3782;0,5836
3783;0,606462110646211;3783;0,5838
3784;0,606927010692701;3784;0,584
3785;0,60762436076243609;3785;0,58419999999999994
3786;0,60762436076243609;3786;0,5844
3787;0,6078568107856811;3787;0,5846
3788;0,60808926080892611;3788;0,5848
3789;0,60808926080892611;3789;0,585
3790;0,608786610878661;3790;0,5852
3791;0,608786610878661;3791;0,5854
3792;0,60948396094839608;3792;0,5856
3793;0,60971641097164109;3793;0,5858
3794;0,6099488609948861;3794;0,58600000000000008
3795;0,60948396094839608;3795;0,5862
3796;0,60948396094839608;3796;0,5864
3797;0,60948396094839608;3797;0,5866
3798;0,60948396094839608;3798;0,5868
3799;0,61018131101813111;3799;0,587
3800;0,61087866108786615;3800;0,58719999999999994
3801;0,61087866108786615;3801;0,58739999999999992
3802;0,61134356113435606;3802;0,5876
3803;0,61111111111111116;3803;0,5878
3804;0,61111111111111116;3804;0,588
3805;0,61111111111111116;3805;0,5882
3806;0,61111111111111116;3806;0,5884
3807;0,61111111111111116;3807;0,5886
3808;0,61134356113435606;3808;0,5888
3809;0,61180846118084609;3809;0,589
3810;0,61227336122733611;3810;0,58920000000000006
3811;0,61227336122733611;3811;0,5894
3812;0,61297071129707115;3812;0,5896
3813;0,61343561134356117;3813;0,5898
3814;0,61343561134356117;3814;0,59000000000000008
3815;0,61436541143654111;3815;0,59020000000000006
3816;0,61436541143654111;3816;0,5904
3817;0,61483031148303113;3817;0,5906
3818;0,61506276150627615;3818;0,5908
3819;0,61506276150627615;3819;0,591
3820;0,61483031148303113;3820;0,5912
3821;0,61483031148303113;3821;0,59139999999999993
3822;0,61459786145978612;3822;0,5916
3823;0,61483031148303113;3823;0,5918
3824;0,61529521152952116;3824;0,592
3825;0,61622501162250121;3825;0,5922
3826;0,61622501162250121;3826;0,5924
3827;0,61692236169223613;3827;0,5926
3828;0,61668991166899112;3828;0,5928
3829;0,61645746164574622;3829;0,593
3830;0,61622501162250121;3830;0,59320000000000006
3831;0,61622501162250121;3831;0,5934
3832;0,61622501162250121;3832;0,5936
3833;0,61645746164574622;3833;0,5938
3834;0,61692236169223613;3834;0,59400000000000008
3835;0,61668991166899112;3835;0,59420000000000006
3836;0,61668991166899112;3836;0,5944
3837;0,61715481171548114;3837;0,5946
3838;0,61808461180846119;3838;0,5948
3839;0,61831706183170621;3839;0,595
3840;0,61878196187819623;3840;0,5952
3841;0,61878196187819623;3841;0,59539999999999993
3842;0,61971176197117617;3842;0,5956
3843;0,6204091120409112;3843;0,5958
3844;0,62017666201766619;3844;0,596
3845;0,61994421199442118;3845;0,5962
3846;0,61994421199442118;3846;0,5964
3847;0,61971176197117617;3847;0,5966
3848;0,62017666201766619;3848;0,5968
3849;0,62110646211064624;3849;0,597
3850;0,62180381218038117;3850;0,59720000000000006
3851;0,62180381218038117;3851;0,5974
3852;0,62226871222687119;3852;0,5976
3853;0,62226871222687119;3853;0,5978
3854;0,62226871222687119;3854;0,59800000000000009
3855;0,6225011622501162;3855;0,59820000000000007
3856;0,6225011622501162;3856;0,5984
3857;0,62296606229660623;3857;0,5986
3858;0,62296606229660623;3858;0,5988
3859;0,62343096234309625;3859;0,599
3860;0,62366341236634126;3860;0,5992
3861;0,62366341236634126;3861;0,59939999999999993
3862;0,62389586238958628;3862;0,5996
3863;0,62412831241283129;3863;0,5998
3864;0,62505811250581123;3864;0,6
3865;0,62552301255230125;3865;0,6002
3866;0,62552301255230125;3866;0,60039999999999993
3867;0,6264528126452813;3867;0,6006
3868;0,62668526266852631;3868;0,6008
3869;0,6264528126452813;3869;0,601
3870;0,62622036262203629;3870;0,6012
3871;0,62622036262203629;3871;0,6014
3872;0,62575546257554626;3872;0,6016
3873;0,62668526266852631;3873;0,6018
3874;0,62715016271501622;3874;0,602
3875;0,62831241283124128;3875;0,60220000000000007
3876;0,62831241283124128;3876;0,6024
3877;0,6285448628544863;3877;0,6026
3878;0,6285448628544863;3878;0,6028
3879;0,6285448628544863;3879;0,603
3880;0,62877731287773131;3880;0,6032
3881;0,62877731287773131;3881;0,60339999999999994
3882;0,62877731287773131;3882;0,60359999999999991
3883;0,62900976290097632;3883;0,6038
3884;0,62970711297071125;3884;0,604
3885;0,62993956299395626;3885;0,6042
3886;0,62993956299395626;3886;0,60439999999999994
3887;0,63040446304044628;3887;0,6046
3888;0,63040446304044628;3888;0,6048
3889;0,63110181311018132;3889;0,605
3890;0,63179916317991636;3890;0,6052
3891;0,63179916317991636;3891;0,6054
3892;0,63179916317991636;3892;0,6056
3893;0,63226406322640627;3893;0,6058
3894;0,63179916317991636;3894;0,606
3895;0,63156671315667134;3895;0,60620000000000007
3896;0,63156671315667134;3896;0,6064
3897;0,63179916317991636;3897;0,6066
3898;0,63226406322640627;3898;0,6068
3899;0,63319386331938632;3899;0,607
3900;0,63365876336587634;3900;0,6072
3901;0,63365876336587634;3901;0,60739999999999994
3902;0,63365876336587634;3902;0,60759999999999992
3903;0,63365876336587634;3903;0,6078
3904;0,63365876336587634;3904;0,608
3905;0,63389121338912136;3905;0,6082
3906;0,63389121338912136;3906;0,60839999999999994
3907;0,63389121338912136;3907;0,6086
3908;0,63435611343561138;3908;0,6088
3909;0,63505346350534631;3909;0,609
3910;0,63551836355183633;3910;0,6092
3911;0,63551836355183633;3911;0,6094
3912;0,63621571362157137;3912;0,6096
3913;0,63621571362157137;3913;0,6098
3914;0,6369130636913064;3914;0,61
3915;0,63761041376104133;3915;0,61020000000000008
3916;0,63761041376104133;3916;0,6104
3917;0,63761041376104133;3917;0,6106
3918;0,63761041376104133;3918;0,6108
3919;0,63714551371455141;3919;0,611
3920;0,6369130636913064;3920;0,6112
3921;0,6369130636913064;3921;0,61139999999999994
3922;0,63714551371455141;3922;0,61159999999999992
3923;0,63761041376104133;3923;0,6118
3924;0,63830776383077636;3924;0,612
3925;0,63877266387726639;3925;0,6122
3926;0,63877266387726639;3926;0,61239999999999994
3927;0,63854021385402138;3927;0,6126
3928;0,63854021385402138;3928;0,6128
3929;0,63854021385402138;3929;0,613
3930;0,63830776383077636;3930;0,6132
3931;0,63830776383077636;3931;0,61340000000000006
3932;0,63854021385402138;3932;0,6136
3933;0,63923756392375641;3933;0,6138
3934;0,63993491399349145;3934;0,614
3935;0,64039981403998136;3935;0,61420000000000008
3936;0,64039981403998136;3936;0,61440000000000006
3937;0,6410971641097164;3937;0,6146
3938;0,64132961413296141;3938;0,6148
3939;0,64225941422594146;3939;0,615
3940;0,64295676429567639;3940;0,6152
3941;0,64295676429567639;3941;0,6154
3942;0,64365411436541142;3942;0,61559999999999993
3943;0,64342166434216641;3943;0,6158
3944;0,64295676429567639;3944;0,616
3945;0,64272431427243137;3945;0,6162
3946;0,64272431427243137;3946;0,6164
3947;0,64342166434216641;3947;0,6166
3948;0,64388656438865643;3948;0,6168
3949;0,64435146443514646;3949;0,617
3950;0,64528126452812651;3950;0,6172
3951;0,64528126452812651;3951;0,61740000000000006
3952;0,64528126452812651;3952;0,6176
3953;0,64528126452812651;3953;0,6178
3954;0,64528126452812651;3954;0,618
3955;0,64551371455137141;3955;0,61820000000000008
3956;0,64551371455137141;3956;0,61840000000000006
3957;0,64551371455137141;3957;0,6186
3958;0,64621106462110645;3958;0,6188
3959;0,64644351464435146;3959;0,619
3960;0,64714086471408649;3960;0,6192
3961;0,64714086471408649;3961;0,6194
3962;0,64737331473733151;3962;0,61959999999999993
3963;0,64807066480706643;3963;0,6198
3964;0,64853556485355646;3964;0,62
3965;0,64900046490004648;3965;0,6202
3966;0,64900046490004648;3966;0,6204
3967;0,64946536494653651;3967;0,6206
3968;0,64923291492329149;3968;0,6208
3969;0,64900046490004648;3969;0,621
3970;0,64876801487680147;3970;0,6212
3971;0,64876801487680147;3971;0,62140000000000006
3972;0,64923291492329149;3972;0,6216
3973;0,64969781496978152;3973;0,6218
3974;0,65039516503951655;3974;0,622
3975;0,65062761506276146;3975;0,62220000000000009
3976;0,65062761506276146;3976;0,62240000000000006
3977;0,65039516503951655;3977;0,6226
3978;0,65016271501627154;3978;0,6228
3979;0,65016271501627154;3979;0,623
3980;0,65016271501627154;3980;0,6232
3981;0,65016271501627154;3981;0,6234
3982;0,65039516503951655;3982;0,62359999999999993
3983;0,65086006508600647;3983;0,6238
3984;0,65202231520223153;3984;0,624
3985;0,65248721524872155;3985;0,6242
3986;0,65248721524872155;3986;0,6244
3987;0,65248721524872155;3987;0,6246
3988;0,65295211529521158;3988;0,6248
3989;0,65388191538819151;3989;0,625
3990;0,65434681543468154;3990;0,6252
3991;0,65434681543468154;3991;0,6254
3992;0,65457926545792655;3992;0,6256
3993;0,65434681543468154;3993;0,6258
3994;0,65411436541143653;3994;0,626
3995;0,65434681543468154;3995;0,6262
3996;0,65434681543468154;3996;0,62640000000000007
3997;0,65481171548117156;3997;0,6266
3998;0,65574151557415161;3998;0,6268
3999;0,65643886564388654;3999;0,627
4000;0,65620641562064153;4000;0,6272
4001;0,65620641562064153;4001;0,6274
4002;0,65620641562064153;4002;0,62759999999999994
4003;0,65597396559739651;4003;0,62779999999999991
4004;0,65574151557415161;4004;0,628
4005;0,65574151557415161;4005;0,6282
4006;0,65574151557415161;4006;0,6284
4007;0,65620641562064153;4007;0,62859999999999994
4008;0,65667131566713155;4008;0,6288
4009;0,65736866573686659;4009;0,629
4010;0,65783356578335661;4010;0,6292
4011;0,65783356578335661;4011;0,6294
4012;0,65806601580660162;4012;0,6296
4013;0,65806601580660162;4013;0,6298
4014;0,65899581589958156;4014;0,63
4015;0,65946071594607159;4015;0,6302
4016;0,65946071594607159;4016;0,63040000000000007
4017;0,65946071594607159;4017;0,6306
4018;0,65922826592282657;4018;0,6308
4019;0,65899581589958156;4019;0,631
4020;0,6596931659693166;4020;0,6312
4021;0,6596931659693166;4021;0,6314
4022;0,66015806601580662;4022;0,63159999999999994
4023;0,66108786610878656;4023;0,63179999999999992
4024;0,6617852161785216;4024;0,632
4025;0,6617852161785216;4025;0,6322
4026;0,6617852161785216;4026;0,6324
4027;0,66155276615527658;4027;0,63259999999999994
4028;0,66155276615527658;4028;0,6328
4029;0,66155276615527658;4029;0,633
4030;0,66155276615527658;4030;0,6332
4031;0,66155276615527658;4031;0,6334
4032;0,6617852161785216;4032;0,6336
4033;0,66248256624825663;4033;0,6338
4034;0,66271501627150164;4034;0,634
4035;0,66317991631799167;4035;0,6342
4036;0,66317991631799167;4036;0,63440000000000007
4037;0,66341236634123668;4037;0,6346
4038;0,66410971641097161;4038;0,6348
4039;0,66457461645746163;4039;0,635
4040;0,66503951650395166;4040;0,6352
4041;0,66503951650395166;4041;0,6354
4042;0,66480706648070664;4042;0,63559999999999994
4043;0,66457461645746163;4043;0,63579999999999992
4044;0,66457461645746163;4044;0,636
4045;0,66527196652719667;4045;0,6362
4046;0,66527196652719667;4046;0,6364
4047;0,66620176662017672;4047;0,63659999999999994
4048;0,66666666666666663;4048;0,6368
4049;0,66759646675964668;4049;0,637
4050;0,66759646675964668;4050;0,6372
4051;0,66759646675964668;4051;0,6374
4052;0,66759646675964668;4052;0,63760000000000006
4053;0,6680613668061367;4053;0,6378
4054;0,6680613668061367;4054;0,638
4055;0,66829381682938171;4055;0,6382
4056;0,66829381682938171;4056;0,63840000000000008
4057;0,66899116689911664;4057;0,63860000000000006
4058;0,66945606694560666;4058;0,6388
4059;0,66992096699209669;4059;0,639
4060;0,6701534170153417;4060;0,6392
4061;0,6701534170153417;4061;0,6394
4062;0,67085076708507674;4062;0,6396
4063;0,67154811715481166;4063;0,63979999999999992
4064;0,67201301720130169;4064;0,64
4065;0,67247791724779171;4065;0,6402
4066;0,67247791724779171;4066;0,6404
4067;0,67201301720130169;4067;0,6406
4068;0,67201301720130169;4068;0,6408
4069;0,67178056717805668;4069;0,641
4070;0,67271036727103672;4070;0,6412
4071;0,67271036727103672;4071;0,6414
4072;0,67317526731752675;4072;0,64160000000000006
4073;0,67410506741050669;4073;0,6418
4074;0,6743375174337517;4074;0,642
4075;0,6743375174337517;4075;0,6422
4076;0,6743375174337517;4076;0,64240000000000008
4077;0,6743375174337517;4077;0,64260000000000006
4078;0,6743375174337517;4078;0,6428
4079;0,67456996745699671;4079;0,643
4080;0,67456996745699671;4080;0,6432
4081;0,67456996745699671;4081;0,6434
4082;0,67503486750348674;4082;0,6436
4083;0,67549976754997676;4083;0,64379999999999993
4084;0,67596466759646678;4084;0,644
4085;0,67596466759646678;4085;0,6442
4086;0,67596466759646678;4086;0,6444
4087;0,67642956764295681;4087;0,6446
4088;0,67666201766620182;4088;0,6448
4089;0,67689446768944672;4089;0,645
4090;0,67712691771269173;4090;0,6452
4091;0,67712691771269173;4091;0,6454
4092;0,67689446768944672;4092;0,64560000000000006
4093;0,67642956764295681;4093;0,6458
4094;0,67666201766620182;4094;0,646
4095;0,67712691771269173;4095;0,6462
4096;0,67712691771269173;4096;0,64640000000000009
4097;0,67759181775918176;4097;0,64660000000000006
4098;0,67805671780567178;4098;0,6468
4099;0,67805671780567178;4099;0,647
4100;0,67805671780567178;4100;0,6472
4101;0,67805671780567178;4101;0,6474
4102;0,67782426778242677;4102;0,6476
4103;0,67782426778242677;4103;0,64779999999999993
4104;0,67805671780567178;4104;0,648
4105;0,67828916782891679;4105;0,6482
4106;0,67828916782891679;4106;0,6484
4107;0,67828916782891679;4107;0,6486
4108;0,67898651789865183;4108;0,6488
4109;0,67968386796838676;4109;0,649
4110;0,67968386796838676;4110;0,6492
4111;0,67968386796838676;4111;0,6494
4112;0,68014876801487678;4112;0,64960000000000007
4113;0,68038121803812179;4113;0,6498
4114;0,68107856810785683;4114;0,65
4115;0,68061366806136681;4115;0,6502
4116;0,68061366806136681;4116;0,6504
4117;0,68038121803812179;4117;0,65060000000000007
4118;0,68014876801487678;4118;0,6508
4119;0,68061366806136681;4119;0,651
4120;0,68131101813110184;4120;0,6512
4121;0,68131101813110184;4121;0,6514
4122;0,68177591817759187;4122;0,6516
4123;0,6827057182705718;4123;0,65179999999999993
4124;0,68224081822408178;4124;0,65199999999999991
4125;0,68224081822408178;4125;0,6522
4126;0,68293816829381682;4126;0,6524
4127;0,68293816829381682;4127;0,6526
4128;0,68293816829381682;4128;0,65279999999999994
4129;0,68293816829381682;4129;0,653
4130;0,68340306834030684;4130;0,6532
4131;0,68386796838679687;4131;0,6534
4132;0,68386796838679687;4132;0,6536
4133;0,6847977684797768;4133;0,6538
4134;0,68526266852626683;4134;0,654
4135;0,68549511854951184;4135;0,6542
4136;0,68642491864249189;4136;0,6544
4137;0,68642491864249189;4137;0,65460000000000007
4138;0,68688981868898191;4138;0,6548
4139;0,68712226871222692;4139;0,655
4140;0,68688981868898191;4140;0,6552
4141;0,6866573686657369;4141;0,6554
4142;0,6866573686657369;4142;0,6556
4143;0,68642491864249189;4143;0,65579999999999994
4144;0,68688981868898191;4144;0,65599999999999992
4145;0,68735471873547183;4145;0,6562
4146;0,68805206880520686;4146;0,6564
4147;0,68805206880520686;4147;0,6566
4148;0,68851696885169689;4148;0,65679999999999994
4149;0,68828451882845187;4149;0,657
4150;0,68805206880520686;4150;0,6572
4151;0,68828451882845187;4151;0,6574
4152;0,68828451882845187;4152;0,6576
4153;0,68851696885169689;4153;0,6578
4154;0,6887494188749419;4154;0,658
4155;0,689679218967922;4155;0,6582
4156;0,69014411901441186;4156;0,6584
4157;0,69014411901441186;4157;0,65860000000000007
4158;0,69060901906090189;4158;0,6588
4159;0,69060901906090189;4159;0,659
4160;0,69130636913063692;4160;0,6592
4161;0,692003719200372;4161;0,6594
4162;0,692003719200372;4162;0,6596
4163;0,69246861924686187;4163;0,65979999999999994
4164;0,6929335192933519;4164;0,65999999999999992
4165;0,69246861924686187;4165;0,6602
4166;0,692236169223617;4166;0,6604
4167;0,692236169223617;4167;0,6606
4168;0,692003719200372;4168;0,66079999999999994
4169;0,69246861924686187;4169;0,661
4170;0,69316596931659691;4170;0,6612
4171;0,69363086936308693;4171;0,6614
4172;0,69363086936308693;4172;0,6616
4173;0,69363086936308693;4173;0,6618
4174;0,69316596931659691;4174;0,662
4175;0,69316596931659691;4175;0,6622
4176;0,69316596931659691;4176;0,6624
4177;0,69316596931659691;4177;0,66260000000000008
4178;0,69316596931659691;4178;0,66280000000000006
4179;0,69363086936308693;4179;0,663
4180;0,693863319386332;4180;0,6632
4181;0,694328219432822;4181;0,6634
4182;0,694328219432822;4182;0,6636
4183;0,695025569502557;4183;0,6638
4184;0,69525801952580191;4184;0,66399999999999992
4185;0,69595536959553694;4185;0,6642
4186;0,696652719665272;4186;0,6644
4187;0,696652719665272;4187;0,6646
4188;0,697350069735007;4188;0,6648
4189;0,69804741980474194;4189;0,665
4190;0,697582519758252;4190;0,6652
4191;0,697350069735007;4191;0,6654
4192;0,697350069735007;4192;0,6656
4193;0,697582519758252;4193;0,66580000000000006
4194;0,698512319851232;4194;0,666
4195;0,698977219897722;4195;0,6662
4196;0,699442119944212;4196;0,6664
4197;0,699442119944212;4197;0,66660000000000008
4198;0,699442119944212;4198;0,66680000000000006
4199;0,699209669920967;4199;0,667
4200;0,699907019990702;4200;0,6672
4201;0,699907019990702;4201;0,6674
4202;0,699907019990702;4202;0,6676
4203;0,699907019990702;4203;0,6678
4204;0,700371920037192;4204;0,66799999999999993
4205;0,700604370060437;4205;0,6682
4206;0,701069270106927;4206;0,6684
4207;0,701069270106927;4207;0,6686
4208;0,701766620176662;4208;0,6688
4209;0,701766620176662;4209;0,669
4210;0,701766620176662;4210;0,6692
4211;0,702231520223152;4211;0,6694
4212;0,702231520223152;4212;0,6696
4213;0,70269642026964207;4213;0,66980000000000006
4214;0,70269642026964207;4214;0,67
4215;0,70246397024639706;4215;0,6702
4216;0,702231520223152;4216;0,6704
4217;0,702231520223152;4217;0,67060000000000008
4218;0,70269642026964207;4218;0,67080000000000006
4219;0,703626220362622;4219;0,671
4220;0,704091120409112;4220;0,6712
4221;0,70455602045560206;4221;0,6714
4222;0,70455602045560206;4222;0,6716
4223;0,70455602045560206;4223;0,6718
4224;0,70455602045560206;4224;0,67199999999999993
4225;0,70455602045560206;4225;0,6722
4226;0,70455602045560206;4226;0,6724
4227;0,70455602045560206;4227;0,6726
4228;0,70455602045560206;4228;0,6728
4229;0,7052533705253371;4229;0,673
4230;0,705718270571827;4230;0,6732
4231;0,706183170618317;4231;0,6734
4232;0,706183170618317;4232;0,6736
4233;0,70664807066480706;4233;0,67380000000000007
4234;0,70711297071129708;4234;0,674
4235;0,70757787075778711;4235;0,6742
4236;0,708507670850767;4236;0,6744
4237;0,708507670850767;4237;0,67460000000000009
4238;0,70897257089725707;4238;0,67480000000000007
4239;0,70874012087401206;4239;0,675
4240;0,70874012087401206;4240;0,6752
4241;0,708507670850767;4241;0,6754
4242;0,708507670850767;4242;0,6756
4243;0,70920502092050208;4243;0,6758
4244;0,70966992096699211;4244;0,67599999999999993
4245;0,71059972105997216;4245;0,67619999999999991
4246;0,71106462110646207;4246;0,6764
4247;0,71106462110646207;4247;0,6766
4248;0,71106462110646207;4248;0,6768
4249;0,71106462110646207;4249;0,67699999999999994
4250;0,71129707112970708;4250;0,6772
4251;0,71129707112970708;4251;0,6774
4252;0,71129707112970708;4252;0,6776
4253;0,71129707112970708;4253;0,6778
4254;0,71222687122268713;4254;0,678
4255;0,71269177126917715;4255;0,6782
4256;0,71292422129242217;4256;0,6784
4257;0,71292422129242217;4257;0,6786
4258;0,71315667131566718;4258;0,67880000000000007
4259;0,7138540213854021;4259;0,679
4260;0,71362157136215709;4260;0,6792
4261;0,71408647140864712;4261;0,6794
4262;0,71408647140864712;4262;0,6796
4263;0,71455137145513714;4263;0,6798
4264;0,71408647140864712;4264;0,67999999999999994
4265;0,7138540213854021;4265;0,68019999999999992
4266;0,7138540213854021;4266;0,6804
4267;0,7138540213854021;4267;0,6806
4268;0,71455137145513714;4268;0,6808
4269;0,71524872152487218;4269;0,68099999999999994
4270;0,71594607159460721;4270;0,6812
4271;0,71617852161785212;4271;0,6814
4272;0,71617852161785212;4272;0,6816
4273;0,71594607159460721;4273;0,6818
4274;0,7157136215713622;4274;0,682
4275;0,7157136215713622;4275;0,6822
4276;0,7157136215713622;4276;0,6824
4277;0,7157136215713622;4277;0,6826
4278;0,71594607159460721;4278;0,68280000000000007
4279;0,71641097164109713;4279;0,683
4280;0,71757322175732219;4280;0,6832
4281;0,7178056717805672;4281;0,6834
4282;0,7178056717805672;4282;0,6836
4283;0,7178056717805672;4283;0,6838
4284;0,71873547187354714;4284;0,68399999999999994
4285;0,71943282194328217;4285;0,68419999999999992
4286;0,71920037192003716;4286;0,6844
4287;0,71920037192003716;4287;0,6846
4288;0,71943282194328217;4288;0,6848
4289;0,71896792189679215;4289;0,68499999999999994
4290;0,71896792189679215;4290;0,6852
4291;0,71920037192003716;4291;0,6854
4292;0,71920037192003716;4292;0,6856
4293;0,7198977219897722;4293;0,6858
4294;0,72082752208275225;4294;0,686
4295;0,72129242212924216;4295;0,6862
4296;0,72152487215248717;4296;0,6864
4297;0,72152487215248717;4297;0,6866
4298;0,72152487215248717;4298;0,68680000000000008
4299;0,72152487215248717;4299;0,687
4300;0,7219897721989772;4300;0,6872
4301;0,7219897721989772;4301;0,6874
4302;0,7219897721989772;4302;0,6876
4303;0,72245467224546722;4303;0,6878
4304;0,72222222222222221;4304;0,688
4305;0,72268712226871223;4305;0,68819999999999992
4306;0,72384937238493718;4306;0,6884
4307;0,72384937238493718;4307;0,6886
4308;0,72384937238493718;4308;0,6888
4309;0,72384937238493718;4309;0,689
4310;0,72431427243142721;4310;0,6892
4311;0,72454672245467222;4311;0,6894
4312;0,72454672245467222;4312;0,6896
4313;0,72454672245467222;4313;0,6898
4314;0,72431427243142721;4314;0,69000000000000006
4315;0,7240818224081822;4315;0,6902
4316;0,72454672245467222;4316;0,6904
4317;0,72454672245467222;4317;0,6906
4318;0,72501162250116225;4318;0,69080000000000008
4319;0,72570897257089728;4319;0,69100000000000006
4320;0,72617387261738731;4320;0,6912
4321;0,72594142259414229;4321;0,6914
4322;0,72594142259414229;4322;0,6916
4323;0,72594142259414229;4323;0,6918
4324;0,72640632264063232;4324;0,692
4325;0,72663877266387722;4325;0,69219999999999993
4326;0,72663877266387722;4326;0,6924
4327;0,72663877266387722;4327;0,6926
4328;0,72733612273361226;4328;0,6928
4329;0,72849837284983732;4329;0,693
4330;0,72896327289632734;4330;0,6932
4331;0,72942817294281725;4331;0,6934
4332;0,72942817294281725;4332;0,6936
4333;0,72966062296606227;4333;0,6938
4334;0,73059042305904232;4334;0,69400000000000006
4335;0,73082287308228733;4335;0,6942
4336;0,73128777312877735;4336;0,6944
4337;0,73128777312877735;4337;0,6946
4338;0,73105532310553234;4338;0,69480000000000008
4339;0,73082287308228733;4339;0,69500000000000006
4340;0,73059042305904232;4340;0,6952
4341;0,73105532310553234;4341;0,6954
4342;0,73105532310553234;4342;0,6956
4343;0,73152022315202236;4343;0,6958
4344;0,7324500232450023;4344;0,696
4345;0,73268247326824731;4345;0,69619999999999993
4346;0,73268247326824731;4346;0,6964
4347;0,73268247326824731;4347;0,6966
4348;0,73268247326824731;4348;0,6968
4349;0,7324500232450023;4349;0,697
4350;0,73268247326824731;4350;0,6972
4351;0,73268247326824731;4351;0,6974
4352;0,73268247326824731;4352;0,6976
4353;0,73337982333798235;4353;0,6978
4354;0,73361227336122736;4354;0,69800000000000006
4355;0,7345420734542073;4355;0,6982
4356;0,73477452347745231;4356;0,6984
4357;0,73477452347745231;4357;0,6986
4358;0,73523942352394234;4358;0,69880000000000009
4359;0,73616922361692239;4359;0,69900000000000007
4360;0,73663412366341241;4360;0,6992
4361;0,73686657368665742;4361;0,6994
4362;0,73686657368665742;4362;0,6996
4363;0,73663412366341241;4363;0,6998
4364;0,73616922361692239;4364;0,7
4365;0,73616922361692239;4365;0,70019999999999993
4366;0,73663412366341241;4366;0,70039999999999991
4367;0,73663412366341241;4367;0,7006
4368;0,73709902370990232;4368;0,7008
4369;0,73802882380288237;4369;0,701
4370;0,73802882380288237;4370;0,70119999999999993
4371;0,73779637377963736;4371;0,7014
4372;0,73779637377963736;4372;0,7016
4373;0,73779637377963736;4373;0,7018
4374;0,73779637377963736;4374;0,702
4375;0,73779637377963736;4375;0,7022
4376;0,73779637377963736;4376;0,7024
4377;0,73779637377963736;4377;0,7026
4378;0,7384937238493724;4378;0,7028
4379;0,73872617387261741;4379;0,70300000000000007
4380;0,73942352394235245;4380;0,7032
4381;0,73872617387261741;4381;0,7034
4382;0,73872617387261741;4382;0,7036
4383;0,73965597396559735;4383;0,7038
4384;0,74035332403533238;4384;0,704
4385;0,74105067410506742;4385;0,70419999999999994
4386;0,74035332403533238;4386;0,70439999999999992
4387;0,74035332403533238;4387;0,7046
4388;0,74012087401208737;4388;0,7048
4389;0,73988842398884236;4389;0,705
4390;0,74012087401208737;4390;0,70519999999999994
4391;0,74081822408182241;4391;0,7054
4392;0,74081822408182241;4392;0,7056
4393;0,74151557415155744;4393;0,7058
4394;0,74198047419804747;4394;0,706
4395;0,74198047419804747;4395;0,7062
4396;0,74198047419804747;4396;0,7064
4397;0,74198047419804747;4397;0,7066
4398;0,74198047419804747;4398;0,7068
4399;0,74198047419804747;4399;0,70700000000000007
4400;0,74198047419804747;4400;0,7072
4401;0,74314272431427242;4401;0,7074
4402;0,74314272431427242;4402;0,7076
4403;0,74314272431427242;4403;0,7078
4404;0,74360762436076244;4404;0,708
4405;0,74384007438400745;4405;0,70819999999999994
4406;0,74476987447698739;4406;0,70839999999999992
4407;0,74476987447698739;4407;0,7086
4408;0,74546722454672243;4408;0,7088
4409;0,74523477452347742;4409;0,709
4410;0,74593212459321245;4410;0,70919999999999994
4411;0,74593212459321245;4411;0,7094
4412;0,74593212459321245;4412;0,7096
4413;0,74546722454672243;4413;0,7098
4414;0,74523477452347742;4414;0,71
4415;0,74593212459321245;4415;0,7102
4416;0,74639702463970248;4416;0,7104
4417;0,74639702463970248;4417;0,7106
4418;0,7468619246861925;4418;0,7108
4419;0,74732682473268253;4419;0,71100000000000008
4420;0,74732682473268253;4420;0,7112
4421;0,74709437470943751;4421;0,7114
4422;0,74709437470943751;4422;0,7116
4423;0,74779172477917244;4423;0,7118
4424;0,74779172477917244;4424;0,712
4425;0,74802417480241745;4425;0,71219999999999994
4426;0,74848907484890748;4426;0,71239999999999992
4427;0,74848907484890748;4427;0,7126
4428;0,74872152487215249;4428;0,7128
4429;0,74988377498837755;4429;0,713
4430;0,75058112505811247;4430;0,7132
4431;0,75081357508135749;4431;0,7134
4432;0,75081357508135749;4432;0,7136
4433;0,75151092515109252;4433;0,7138
4434;0,75197582519758255;4434;0,714
4435;0,75244072524407257;4435;0,71420000000000006
4436;0,75220827522082756;4436;0,7144
4437;0,75220827522082756;4437;0,7146
4438;0,75197582519758255;4438;0,7148
4439;0,75174337517433754;4439;0,71500000000000008
4440;0,75244072524407257;4440;0,71520000000000006
4441;0,7531380753138075;4441;0,7154
4442;0,7531380753138075;4442;0,7156
4443;0,75360297536029752;4443;0,7158
4444;0,75406787540678755;4444;0,716
4445;0,75383542538354253;4445;0,7162
4446;0,75383542538354253;4446;0,71639999999999993
4447;0,75383542538354253;4447;0,7166
4448;0,75383542538354253;4448;0,7168
4449;0,75406787540678755;4449;0,717
4450;0,75406787540678755;4450;0,7172
4451;0,75476522547652258;4451;0,7174
4452;0,75476522547652258;4452;0,7176
4453;0,75523012552301261;4453;0,7178
4454;0,75592747559274753;4454;0,718
4455;0,75546257554625751;4455;0,71820000000000006
4456;0,75639237563923756;4456;0,7184
4457;0,75639237563923756;4457;0,7186
4458;0,75685727568572758;4458;0,7188
4459;0,75732217573221761;4459;0,71900000000000008
4460;0,75708972570897259;4460;0,71920000000000006
4461;0,75685727568572758;4461;0,7194
4462;0,75685727568572758;4462;0,7196
4463;0,75662482566248257;4463;0,7198
4464;0,75662482566248257;4464;0,72
4465;0,75732217573221761;4465;0,7202
4466;0,75801952580195253;4466;0,72039999999999993
4467;0,75801952580195253;4467;0,7206
4468;0,75848442584844256;4468;0,7208
4469;0,75848442584844256;4469;0,721
4470;0,75848442584844256;4470;0,7212
4471;0,75825197582519754;4471;0,7214
4472;0,75825197582519754;4472;0,7216
4473;0,75825197582519754;4473;0,7218
4474;0,75825197582519754;4474;0,722
4475;0,75918177591817759;4475;0,72220000000000006
4476;0,75918177591817759;4476;0,7224
4477;0,75918177591817759;4477;0,7226
4478;0,75987912598791263;4478;0,7228
4479;0,76034402603440265;4479;0,72300000000000009
4480;0,76104137610413758;4480;0,72320000000000007
4481;0,76197117619711763;4481;0,7234
4482;0,76197117619711763;4482;0,7236
4483;0,76220362622036264;4483;0,7238
4484;0,76243607624360765;4484;0,724
4485;0,76266852626685266;4485;0,7242
4486;0,76243607624360765;4486;0,72439999999999993
4487;0,76243607624360765;4487;0,7246
4488;0,76197117619711763;4488;0,7248
4489;0,76243607624360765;4489;0,725
4490;0,76313342631334258;4490;0,7252
4491;0,7635983263598326;4491;0,72539999999999993
4492;0,76406322640632263;4492;0,7256
4493;0,76406322640632263;4493;0,7258
4494;0,76406322640632263;4494;0,726
4495;0,76406322640632263;4495;0,7262
4496;0,76429567642956764;4496;0,7264
4497;0,76476057647605766;4497;0,7266
4498;0,76476057647605766;4498;0,7268
4499;0,76476057647605766;4499;0,727
4500;0,76522547652254769;4500;0,72720000000000007
4501;0,76569037656903771;4501;0,7274
4502;0,76662017666201765;4502;0,7276
4503;0,76662017666201765;4503;0,7278
4504;0,76708507670850767;4504;0,728
4505;0,76708507670850767;4505;0,7282
4506;0,76778242677824271;4506;0,72839999999999994
4507;0,76871222687122265;4507;0,72859999999999991
4508;0,76871222687122265;4508;0,7288
4509;0,76894467689446766;4509;0,729
4510;0,76917712691771267;4510;0,7292
4511;0,76894467689446766;4511;0,72939999999999994
4512;0,76847977684797764;4512;0,7296
4513;0,76847977684797764;4513;0,7298
4514;0,76894467689446766;4514;0,73
4515;0,76940957694095768;4515;0,7302
4516;0,77010692701069272;4516;0,7304
4517;0,77057182705718275;4517;0,7306
4518;0,77057182705718275;4518;0,7308
4519;0,77033937703393773;4519;0,731
4520;0,77033937703393773;4520;0,73120000000000007
4521;0,77010692701069272;4521;0,7314
4522;0,77033937703393773;4522;0,7316
4523;0,77033937703393773;4523;0,7318
4524;0,77033937703393773;4524;0,732
4525;0,77080427708042776;4525;0,7322
4526;0,77126917712691767;4526;0,73239999999999994
4527;0,77196652719665271;4527;0,73259999999999992
4528;0,77196652719665271;4528;0,7328
4529;0,77266387726638774;4529;0,733
4530;0,77289632728963276;4530;0,7332
4531;0,77359367735936768;4531;0,73339999999999994
4532;0,77405857740585771;4532;0,7336
4533;0,77405857740585771;4533;0,7338
4534;0,77452347745234773;4534;0,734
4535;0,77429102742910272;4535;0,7342
4536;0,77382612738261269;4536;0,7344
4537;0,77359367735936768;4537;0,7346
4538;0,77359367735936768;4538;0,7348
4539;0,77405857740585771;4539;0,735
4540;0,77452347745234773;4540;0,73520000000000008
4541;0,77522082752208277;4541;0,7354
4542;0,77545327754532778;4542;0,7356
4543;0,77545327754532778;4543;0,7358
4544;0,77545327754532778;4544;0,736
4545;0,77522082752208277;4545;0,7362
4546;0,77522082752208277;4546;0,73639999999999994
4547;0,77545327754532778;4547;0,73659999999999992
4548;0,77545327754532778;4548;0,7368
4549;0,77545327754532778;4549;0,737
4550;0,7759181775918178;4550;0,7372
4551;0,77638307763830772;4551;0,73739999999999994
4552;0,77708042770804275;4552;0,7376
4553;0,77708042770804275;4553;0,7378
4554;0,77684797768479774;4554;0,738
4555;0,77731287773128777;4555;0,7382
4556;0,7780102278010228;4556;0,73840000000000006
4557;0,77870757787075784;4557;0,7386
4558;0,77870757787075784;4558;0,7388
4559;0,77870757787075784;4559;0,739
4560;0,77847512784751283;4560;0,73920000000000008
4561;0,77777777777777779;4561;0,73940000000000006
4562;0,77777777777777779;4562;0,7396
4563;0,77777777777777779;4563;0,7398
4564;0,77870757787075784;4564;0,74
4565;0,77917247791724775;4565;0,7402
4566;0,77963737796373778;4566;0,7404
4567;0,77963737796373778;4567;0,74059999999999993
4568;0,77963737796373778;4568;0,7408
4569;0,77963737796373778;4569;0,741
4570;0,77940492794049276;4570;0,7412
4571;0,77940492794049276;4571;0,7414
4572;0,77917247791724775;4572;0,7416
4573;0,77917247791724775;4573;0,7418
4574;0,77986982798698279;4574;0,742
4575;0,77986982798698279;4575;0,7422
4576;0,78056717805671783;4576;0,74240000000000006
4577;0,78103207810320785;4577;0,7426
4578;0,78103207810320785;4578;0,7428
4579;0,78149697814969776;4579;0,743
4580;0,7821943282194328;4580;0,74320000000000008
4581;0,78265922826592282;4581;0,74340000000000006
4582;0,78312412831241285;4582;0,7436
4583;0,78312412831241285;4583;0,7438
4584;0,78358902835890287;4584;0,744
4585;0,78312412831241285;4585;0,7442
4586;0,78289167828916784;4586;0,7444
4587;0,78312412831241285;4587;0,74459999999999993
4588;0,78312412831241285;4588;0,7448
4589;0,78382147838214788;4589;0,745
4590;0,7842863784286378;4590;0,7452
4591;0,78498372849837283;4591;0,7454
4592;0,78498372849837283;4592;0,7456
4593;0,78498372849837283;4593;0,7458
4594;0,78498372849837283;4594;0,746
4595;0,78568107856810787;4595;0,7462
4596;0,78591352859135288;4596;0,74640000000000006
4597;0,78591352859135288;4597;0,7466
4598;0,78591352859135288;4598;0,7468
4599;0,78661087866108792;4599;0,747
4600;0,78730822873082285;4600;0,74720000000000009
4601;0,78800557880055788;4601;0,74740000000000006
4602;0,78870292887029292;4602;0,7476
4603;0,78870292887029292;4603;0,7478
4604;0,78870292887029292;4604;0,748
4605;0,78940027894002784;4605;0,7482
4606;0,78963272896327286;4606;0,7484
4607;0,79009762900976288;4607;0,74859999999999993
4608;0,79009762900976288;4608;0,7488
4609;0,79079497907949792;4609;0,749
4610;0,79009762900976288;4610;0,7492
4611;0,78986517898651787;4611;0,7494
4612;0,79056252905625291;4612;0,7496
4613;0,79056252905625291;4613;0,7498
4614;0,79125987912598794;4614;0,75
4615;0,791724779172478;4615;0,7502
4616;0,79242212924221289;4616;0,7504
4617;0,79242212924221289;4617;0,7506
4618;0,79242212924221289;4618;0,7508
4619;0,79218967921896788;4619;0,751
4620;0,79242212924221289;4620;0,7512
4621;0,79242212924221289;4621;0,75140000000000007
4622;0,79242212924221289;4622;0,7516
4623;0,79242212924221289;4623;0,7518
4624;0,79288702928870292;4624;0,752
4625;0,79335192933519294;4625;0,7522
4626;0,794049279404928;4626;0,7524
4627;0,79451417945141789;4627;0,75259999999999994
4628;0,79451417945141789;4628;0,75279999999999991
4629;0,79451417945141789;4629;0,753
4630;0,79497907949790791;4630;0,7532
4631;0,795908879590888;4631;0,7534
4632;0,796373779637378;4632;0,75359999999999994
4633;0,796373779637378;4633;0,7538
4634;0,796141329614133;4634;0,754
4635;0,795908879590888;4635;0,7542
4636;0,795676429567643;4636;0,7544
4637;0,796373779637378;4637;0,7546
4638;0,796373779637378;4638;0,7548
4639;0,796838679683868;4639;0,755
4640;0,79753602975360294;4640;0,7552
4641;0,798000929800093;4641;0,75540000000000007
4642;0,798000929800093;4642;0,7556
4643;0,798000929800093;4643;0,7558
4644;0,798000929800093;4644;0,756
4645;0,798000929800093;4645;0,7562
4646;0,798465829846583;4646;0,7564
4647;0,798465829846583;4647;0,75659999999999994
4648;0,798465829846583;4648;0,75679999999999992
4649;0,799163179916318;4649;0,757
4650;0,799860529986053;4650;0,7572
4651;0,800092980009298;4651;0,7574
4652;0,800092980009298;4652;0,75759999999999994
4653;0,800092980009298;4653;0,7578
4654;0,800790330079033;4654;0,758
4655;0,801487680148768;4655;0,7582
4656;0,80195258019525806;4656;0,7584
4657;0,80195258019525806;4657;0,7586
4658;0,80195258019525806;4658;0,7588
4659;0,801487680148768;4659;0,759
4660;0,801255230125523;4660;0,7592
4661;0,801255230125523;4661;0,75940000000000007
4662;0,801720130172013;4662;0,7596
4663;0,801720130172013;4663;0,7598
4664;0,802649930264993;4664;0,76
4665;0,803114830311483;4665;0,7602
4666;0,803114830311483;4666;0,7604
4667;0,803114830311483;4667;0,76059999999999994
4668;0,803114830311483;4668;0,76079999999999992
4669;0,803114830311483;4669;0,761
4670;0,803114830311483;4670;0,7612
4671;0,803114830311483;4671;0,7614
4672;0,803579730357973;4672;0,76159999999999994
4673;0,803579730357973;4673;0,7618
4674;0,803812180381218;4674;0,762
4675;0,80427708042770807;4675;0,7622
4676;0,80474198047419809;4676;0,7624
4677;0,805439330543933;4677;0,76260000000000006
4678;0,805439330543933;4678;0,7628
4679;0,80636913063691307;4679;0,763
4680;0,80660158066015808;4680;0,7632
4681;0,8070664807066481;4681;0,76340000000000008
4682;0,80753138075313813;4682;0,76360000000000006
4683;0,80753138075313813;4683;0,7638
4684;0,80683403068340309;4684;0,764
4685;0,80660158066015808;4685;0,7642
4686;0,80683403068340309;4686;0,7644
4687;0,80753138075313813;4687;0,7646
4688;0,80753138075313813;4688;0,76479999999999992
4689;0,808228730822873;4689;0,765
4690;0,80869363086936308;4690;0,7652
4691;0,80869363086936308;4691;0,7654
4692;0,80869363086936308;4692;0,7656
4693;0,80869363086936308;4693;0,7658
4694;0,80869363086936308;4694;0,766
4695;0,80869363086936308;4695;0,7662
4696;0,80869363086936308;4696;0,7664
4697;0,80939098093909811;4697;0,76660000000000006
4698;0,80939098093909811;4698;0,7668
4699;0,80962343096234313;4699;0,767
4700;0,81055323105532306;4700;0,7672
4701;0,81101813110181309;4701;0,76740000000000008
4702;0,81101813110181309;4702;0,76760000000000006
4703;0,81101813110181309;4703;0,7678
4704;0,81171548117154813;4704;0,768
4705;0,81194793119479314;4705;0,7682
4706;0,81287773128777308;4706;0,7684
4707;0,81287773128777308;4707;0,7686
4708;0,81287773128777308;4708;0,76879999999999993
4709;0,81218038121803815;4709;0,769
4710;0,81194793119479314;4710;0,7692
4711;0,81264528126452817;4711;0,7694
4712;0,81311018131101809;4712;0,7696
4713;0,81311018131101809;4713;0,7698
4714;0,81380753138075312;4714;0,77
4715;0,81473733147373317;4715;0,7702
4716;0,81450488145048816;4716;0,7704
4717;0,81403998140399814;4717;0,77060000000000006
4718;0,81403998140399814;4718;0,7708
4719;0,81450488145048816;4719;0,771
4720;0,81450488145048816;4720;0,7712
4721;0,81450488145048816;4721;0,77140000000000009
4722;0,8152022315202232;4722;0,77160000000000006
4723;0,8152022315202232;4723;0,7718
4724;0,81566713156671311;4724;0,772
4725;0,81659693165969316;4725;0,7722
4726;0,81659693165969316;4726;0,7724
4727;0,81682938168293817;4727;0,7726
4728;0,81682938168293817;4728;0,77279999999999993
4729;0,81752673175267321;4729;0,773
4730;0,81845653184565315;4730;0,7732
4731;0,81845653184565315;4731;0,7734
4732;0,81822408182240813;4732;0,7736
4733;0,81822408182240813;4733;0,7738
4734;0,81799163179916323;4734;0,774
4735;0,81799163179916323;4735;0,7742
4736;0,81845653184565315;4736;0,7744
4737;0,81892143189214317;4737;0,77460000000000007
4738;0,81892143189214317;4738;0,7748
4739;0,81961878196187821;4739;0,775
4740;0,81985123198512322;4740;0,7752
4741;0,81961878196187821;4741;0,7754
4742;0,81961878196187821;4742;0,77560000000000007
4743;0,81961878196187821;4743;0,7758
4744;0,81961878196187821;4744;0,776
4745;0,81961878196187821;4745;0,7762
4746;0,81985123198512322;4746;0,7764
4747;0,81985123198512322;4747;0,7766
4748;0,81985123198512322;4748;0,77679999999999993
4749;0,82008368200836823;4749;0,77699999999999991
4750;0,82031613203161324;4750;0,7772
4751;0,82078103207810316;4751;0,7774
4752;0,82147838214783819;4752;0,7776
4753;0,82147838214783819;4753;0,77779999999999994
4754;0,82194328219432822;4754;0,778
4755;0,82240818224081824;4755;0,7782
4756;0,82240818224081824;4756;0,7784
4757;0,82217573221757323;4757;0,7786
4758;0,82217573221757323;4758;0,7788
4759;0,82194328219432822;4759;0,779
4760;0,82194328219432822;4760;0,7792
4761;0,82240818224081824;4761;0,7794
4762;0,82310553231055328;4762;0,77960000000000007
4763;0,82310553231055328;4763;0,7798
4764;0,82357043235704319;4764;0,78
4765;0,82357043235704319;4765;0,7802
4766;0,82357043235704319;4766;0,7804
4767;0,82403533240353322;4767;0,7806
4768;0,82403533240353322;4768;0,78079999999999994
4769;0,82403533240353322;4769;0,78099999999999992
4770;0,82426778242677823;4770;0,7812
4771;0,82473268247326825;4771;0,7814
4772;0,82543003254300329;4772;0,7816
4773;0,82543003254300329;4773;0,78179999999999994
4774;0,82589493258949331;4774;0,782
4775;0,82659228265922824;4775;0,7822
4776;0,82705718270571826;4776;0,7824
4777;0,8277545327754533;4777;0,7826
4778;0,8277545327754533;4778;0,7828
4779;0,8277545327754533;4779;0,783
4780;0,82821943282194332;4780;0,7832
4781;0,82868433286843324;4781;0,7834
4782;0,82821943282194332;4782;0,78360000000000007
4783;0,82821943282194332;4783;0,7838
4784;0,8277545327754533;4784;0,784
4785;0,82845188284518834;4785;0,7842
4786;0,82891678289167825;4786;0,7844
4787;0,82938168293816827;4787;0,7846
4788;0,82938168293816827;4788;0,78479999999999994
4789;0,83031148303114832;4789;0,78499999999999992
4790;0,83007903300790331;4790;0,7852
4791;0,83007903300790331;4791;0,7854
4792;0,83007903300790331;4792;0,7856
4793;0,83007903300790331;4793;0,78579999999999994
4794;0,83007903300790331;4794;0,786
4795;0,83031148303114832;4795;0,7862
4796;0,83054393305439334;4796;0,7864
4797;0,83100883310088336;4797;0,7866
4798;0,83100883310088336;4798;0,7868
4799;0,83217108321710831;4799;0,787
4800;0,83263598326359833;4800;0,7872
4801;0,83263598326359833;4801;0,7874
4802;0,83356578335657838;4802;0,78760000000000008
4803;0,83356578335657838;4803;0,78780000000000006
4804;0,8340306834030683;4804;0,788
4805;0,83449558344955832;4805;0,7882
4806;0,83449558344955832;4806;0,7884
4807;0,8340306834030683;4807;0,7886
4808;0,8340306834030683;4808;0,7888
4809;0,83379823337982328;4809;0,78899999999999992
4810;0,83426313342631331;4810;0,7892
4811;0,83496048349604834;4811;0,7894
4812;0,83542538354253837;4812;0,7896
4813;0,83542538354253837;4813;0,7898
4814;0,83612273361227341;4814;0,79
4815;0,83589028358902839;4815;0,7902
4816;0,83565783356578338;4816;0,7904
4817;0,83565783356578338;4817;0,7906
4818;0,83565783356578338;4818;0,79080000000000006
4819;0,83565783356578338;4819;0,791
4820;0,83589028358902839;4820;0,7912
4821;0,83612273361227341;4821;0,7914
4822;0,83658763365876332;4822;0,79160000000000008
4823;0,83658763365876332;4823;0,79180000000000006
4824;0,83705253370525334;4824;0,792
4825;0,83751743375174337;4825;0,7922
4826;0,83751743375174337;4826;0,7924
4827;0,83844723384472342;4827;0,7926
4828;0,83844723384472342;4828;0,7928
4829;0,83891213389121344;4829;0,79299999999999993
4830;0,83914458391445834;4830;0,7932
4831;0,83891213389121344;4831;0,7934
4832;0,83844723384472342;4832;0,7936
4833;0,83844723384472342;4833;0,7938
4834;0,83798233379823339;4834;0,794
4835;0,83867968386796843;4835;0,7942
4836;0,83914458391445834;4836;0,7944
4837;0,83960948396094837;4837;0,7946
4838;0,83960948396094837;4838;0,79480000000000006
4839;0,84007438400743839;4839;0,795
4840;0,83960948396094837;4840;0,7952
4841;0,8403068340306834;4841;0,7954
4842;0,8403068340306834;4842;0,79560000000000008
4843;0,8403068340306834;4843;0,79580000000000006
4844;0,84053928405392841;4844;0,796
4845;0,84077173407717343;4845;0,7962
4846;0,84123663412366345;4846;0,7964
4847;0,84193398419339838;4847;0,7966
4848;0,84193398419339838;4848;0,7968
4849;0,8423988842398884;4849;0,79699999999999993
4850;0,84309623430962344;4850;0,7972
4851;0,84356113435611346;4851;0,7974
4852;0,84402603440260349;4852;0,7976
4853;0,8444909344490934;4853;0,7978
4854;0,8444909344490934;4854;0,798
4855;0,84518828451882844;4855;0,7982
4856;0,84472338447233841;4856;0,7984
4857;0,8444909344490934;4857;0,7986
4858;0,8444909344490934;4858;0,79880000000000007
4859;0,84472338447233841;4859;0,799
4860;0,84542073454207345;4860;0,7992
4861;0,84588563458856347;4861;0,7994
4862;0,84658298465829851;4862;0,79960000000000009
4863;0,8463505346350535;4863;0,79980000000000007
4864;0,8463505346350535;4864;0,8
4865;0,8463505346350535;4865;0,8002
4866;0,8463505346350535;4866;0,8004
4867;0,84658298465829851;4867;0,8006
4868;0,84658298465829851;4868;0,8008
4869;0,84658298465829851;4869;0,80099999999999993
4870;0,84704788470478842;4870;0,8012
4871;0,84774523477452346;4871;0,80139999999999989
4872;0,84867503486750351;4872;0,8016
4873;0,84890748489074852;4873;0,80180000000000007
4874;0,84890748489074852;4874;0,80199999999999994
4875;0,84890748489074852;4875;0,8022
4876;0,84937238493723854;4876;0,80239999999999989
4877;0,85030218503021848;4877;0,8026
4878;0,85076708507670851;4878;0,80280000000000007
4879;0,85076708507670851;4879;0,80299999999999994
4880;0,85030218503021848;4880;0,8032
4881;0,84983728498372846;4881;0,80340000000000011
4882;0,84937238493723854;4882;0,8036
4883;0,84983728498372846;4883;0,80380000000000007
4884;0,84983728498372846;4884;0,80399999999999994
4885;0,85053463505346349;4885;0,8042
4886;0,85099953509995352;4886;0,8044
4887;0,85146443514644354;4887;0,8046
4888;0,85123198512319853;4888;0,8048
4889;0,85123198512319853;4889;0,805
4890;0,85123198512319853;4890;0,80519999999999992
4891;0,85123198512319853;4891;0,8054
4892;0,85123198512319853;4892;0,80559999999999987
4893;0,85146443514644354;4893;0,8058
4894;0,85146443514644354;4894;0,806
4895;0,85216178521617847;4895;0,80619999999999992
4896;0,85262668526266849;4896;0,8064
4897;0,85309158530915852;4897;0,80660000000000009
4898;0,85285913528591351;4898;0,8068
4899;0,85285913528591351;4899;0,807
4900;0,85332403533240353;4900;0,80719999999999992
4901;0,85425383542538358;4901;0,8074
4902;0,85471873547187349;4902;0,8076000000000001
4903;0,85541608554160853;4903;0,8078
4904;0,85541608554160853;4904;0,808
4905;0,85564853556485354;4905;0,8082
4906;0,85541608554160853;4906;0,8084
4907;0,85471873547187349;4907;0,8086
4908;0,85564853556485354;4908;0,8088
4909;0,85564853556485354;4909;0,80899999999999994
4910;0,85611343561134357;4910;0,8092
4911;0,85657833565783359;4911;0,8093999999999999
4912;0,85727568572756863;4912;0,8096
4913;0,8568107856810786;4913;0,80980000000000008
4914;0,8568107856810786;4914;0,80999999999999994
4915;0,8568107856810786;4915;0,8102
4916;0,8568107856810786;4916;0,8103999999999999
4917;0,85727568572756863;4917;0,8106
4918;0,85797303579730355;4918;0,81080000000000008
4919;0,85797303579730355;4919;0,81099999999999994
4920;0,85774058577405854;4920;0,8112
4921;0,85820548582054856;4921;0,81140000000000012
4922;0,8589028358902836;4922;0,8116
4923;0,85913528591352861;4923;0,81180000000000008
4924;0,85913528591352861;4924;0,81199999999999994
4925;0,8589028358902836;4925;0,8122
4926;0,85960018596001864;4926;0,8124
4927;0,85983263598326365;4927;0,8126
4928;0,86006508600650855;4928;0,8128
4929;0,86006508600650855;4929;0,81300000000000006
4930;0,85983263598326365;4930;0,81319999999999992
4931;0,85936773593677362;4931;0,8134
4932;0,85913528591352861;4932;0,81359999999999988
4933;0,85960018596001864;4933;0,8138
4934;0,85960018596001864;4934;0,81400000000000006
4935;0,86006508600650855;4935;0,81419999999999992
4936;0,86076243607624359;4936;0,8144
4937;0,86076243607624359;4937;0,8146000000000001
4938;0,86052998605299857;4938;0,8148
4939;0,86052998605299857;4939;0,81500000000000006
4940;0,8609948860994886;4940;0,81519999999999992
4941;0,8609948860994886;4941;0,8154
4942;0,8609948860994886;4942;0,8156000000000001
4943;0,86122733612273361;4943;0,8158
4944;0,86122733612273361;4944;0,81600000000000006
4945;0,86169223616922364;4945;0,8162
4946;0,86238958623895867;4946;0,8164
4947;0,86285448628544859;4947;0,8166
4948;0,86331938633193861;4948;0,8168
4949;0,86331938633193861;4949;0,817
4950;0,86355183635518362;4950;0,8172
4951;0,86448163644816367;4951;0,8173999999999999
4952;0,86494653649465369;4952;0,8176
4953;0,86448163644816367;4953;0,81780000000000008
4954;0,86448163644816367;4954;0,818
4955;0,86424918642491866;4955;0,8182
4956;0,86355183635518362;4956;0,81839999999999991
4957;0,86401673640167365;4957;0,8186
4958;0,86471408647140868;4958;0,81880000000000008
4959;0,86471408647140868;4959;0,819
4960;0,86517898651789871;4960;0,8192
4961;0,86610878661087864;4961;0,81940000000000013
4962;0,86587633658763363;4962;0,8196
4963;0,86587633658763363;4963;0,81980000000000008
4964;0,86587633658763363;4964;0,82
4965;0,86587633658763363;4965;0,8202
4966;0,86610878661087864;4966;0,8204
4967;0,86610878661087864;4967;0,8206
4968;0,86587633658763363;4968;0,8208
4969;0,86587633658763363;4969;0,82100000000000006
4970;0,86657368665736867;4970;0,82119999999999993
4971;0,86750348675034872;4971;0,8214
4972;0,86773593677359373;4972;0,82159999999999989
4973;0,86866573686657367;4973;0,8218
4974;0,86866573686657367;4974;0,82200000000000006
4975;0,8693630869363087;4975;0,82219999999999993
4976;0,86982798698279873;4976;0,8224
4977;0,87029288702928875;4977;0,82260000000000011
4978;0,87006043700604374;4978;0,8228
4979;0,87006043700604374;4979;0,82300000000000006
4980;0,86959553695955372;4980;0,82319999999999993
4981;0,86913063691306369;4981;0,8234
4982;0,86959553695955372;4982;0,82360000000000011
4983;0,87006043700604374;4983;0,8238
4984;0,87006043700604374;4984;0,82400000000000007
4985;0,87052533705253365;4985;0,8242
4986;0,87099023709902368;4986;0,8244
4987;0,87099023709902368;4987;0,8246
4988;0,87122268712226869;4988;0,8248
4989;0,87122268712226869;4989;0,825
4990;0,87122268712226869;4990;0,8252
4991;0,87122268712226869;4991;0,82539999999999991
4992;0,8714551371455137;4992;0,8256
4993;0,87168758716875872;4993;0,82579999999999987
4994;0,87168758716875872;4994;0,826
4995;0,87215248721524874;4995;0,8262
4996;0,87215248721524874;4996;0,82639999999999991
4997;0,87284983728498378;4997;0,8266
4998;0,87331473733147369;4998;0,82680000000000009
4999;0,87331473733147369;4999;0,827
5000;0,87377963737796371;5000;0,8272
5001;0,87470943747094376;5001;0,82739999999999991
5002;0,87517433751743379;5002;0,8276
5003;0,87517433751743379;5003;0,82780000000000009
5004;0,87517433751743379;5004;0,828
5005;0,87470943747094376;5005;0,8282
5006;0,87447698744769875;5006;0,8284
5007;0,87494188749418877;5007;0,8286
5008;0,8754067875406788;5008;0,8288
5009;0,8754067875406788;5009;0,829
5010;0,87610413761041372;5010;0,82919999999999994
5011;0,87633658763365874;5011;0,8294
5012;0,87633658763365874;5012;0,82959999999999989
5013;0,87633658763365874;5013;0,8298
5014;0,87633658763365874;5014;0,83000000000000007
5015;0,87656903765690375;5015;0,83019999999999994
5016;0,87726638772663879;5016;0,8304
5017;0,87773128777312881;5017;0,83059999999999989
5018;0,87819618781961883;5018;0,8308
5019;0,87819618781961883;5019;0,83100000000000007
5020;0,87866108786610875;5020;0,83119999999999994
5021;0,87935843793584378;5021;0,8314
5022;0,87982333798233381;5022;0,83160000000000012
5023;0,88005578800557882;5023;0,8318
5024;0,88005578800557882;5024;0,83200000000000007
5025;0,88075313807531386;5025;0,83219999999999994
5026;0,88145048814504878;5026;0,8324
5027;0,88191538819153881;5027;0,8326
5028;0,88191538819153881;5028;0,8328
5029;0,88191538819153881;5029;0,833
5030;0,88168293816829379;5030;0,8332
5031;0,88168293816829379;5031;0,83339999999999992
5032;0,88214783821478382;5032;0,8336
5033;0,88284518828451886;5033;0,83379999999999987
5034;0,88284518828451886;5034;0,834
5035;0,88331008833100888;5035;0,8342
5036;0,88331008833100888;5036;0,83439999999999992
5037;0,88307763830776387;5037;0,8346
5038;0,88307763830776387;5038;0,8348000000000001
5039;0,88307763830776387;5039;0,835
5040;0,88284518828451886;5040;0,8352
5041;0,88307763830776387;5041;0,83539999999999992
5042;0,88307763830776387;5042;0,8356
5043;0,88377498837749879;5043;0,8358000000000001
5044;0,88377498837749879;5044;0,836
5045;0,88447233844723383;5045;0,8362
5046;0,88470478847047884;5046;0,8364
5047;0,88470478847047884;5047;0,8366
5048;0,88493723849372385;5048;0,8368
5049;0,88493723849372385;5049;0,837
5050;0,88540213854021388;5050;0,83719999999999994
5051;0,8858670385867039;5051;0,8374
5052;0,88633193863319382;5052;0,8375999999999999
5053;0,8858670385867039;5053;0,8378
5054;0,8858670385867039;5054;0,83800000000000008
5055;0,88540213854021388;5055;0,8382
5056;0,88563458856345889;5056;0,8384
5057;0,88633193863319382;5057;0,8385999999999999
5058;0,88679683867968384;5058;0,8388
5059;0,88679683867968384;5059;0,83900000000000008
5060;0,88749418874941888;5060;0,8392
5061;0,88749418874941888;5061;0,8394
5062;0,88726173872617387;5062;0,83960000000000012
5063;0,88726173872617387;5063;0,8398
5064;0,88726173872617387;5064;0,84000000000000008
5065;0,88726173872617387;5065;0,8402
5066;0,88749418874941888;5066;0,8404
5067;0,8879590887959089;5067;0,8406
5068;0,88842398884239893;5068;0,8408
5069;0,88842398884239893;5069;0,841
5070;0,88888888888888884;5070;0,84120000000000006
5071;0,88912133891213385;5071;0,84139999999999993
5072;0,88981868898186889;5072;0,8416
5073;0,89028358902835891;5073;0,84179999999999988
5074;0,89028358902835891;5074;0,842
5075;0,89074848907484894;5075;0,84220000000000006
5076;0,890980939098094;5076;0,84239999999999993
5077;0,89144583914458386;5077;0,8426
5078;0,89051603905160392;5078;0,8428000000000001
5079;0,89051603905160392;5079;0,843
5080;0,8900511390051139;5080;0,84320000000000006
5081;0,89051603905160392;5081;0,84339999999999993
5082;0,89074848907484894;5082;0,8436
5083;0,89144583914458386;5083;0,84380000000000011
5084;0,89144583914458386;5084;0,844
5085;0,89191073919107389;5085;0,84420000000000006
5086;0,89167828916782887;5086;0,8444
5087;0,89191073919107389;5087;0,8446
5088;0,8921431892143189;5088;0,8448
5089;0,8921431892143189;5089;0,845
5090;0,8921431892143189;5090;0,8452
5091;0,8921431892143189;5091;0,8454
5092;0,8921431892143189;5092;0,84559999999999991
5093;0,89260808926080892;5093;0,8458
5094;0,89260808926080892;5094;0,84600000000000009
5095;0,89260808926080892;5095;0,8462
5096;0,893537889353789;5096;0,8464
5097;0,893537889353789;5097;0,84659999999999991
5098;0,89400278940027889;5098;0,8468
5099;0,89400278940027889;5099;0,84700000000000009
5100;0,89493258949325893;5100;0,8472
5101;0,895397489539749;5101;0,8474
5102;0,895629939562994;5102;0,84760000000000013
5103;0,89493258949325893;5103;0,8478
5104;0,89493258949325893;5104;0,84800000000000009
5105;0,89446768944676891;5105;0,8482
5106;0,895165039516504;5106;0,8484
5107;0,895629939562994;5107;0,8486
5108;0,895862389586239;5108;0,8488
5109;0,895862389586239;5109;0,849
5110;0,895862389586239;5110;0,84920000000000007
5111;0,895862389586239;5111;0,84939999999999993
5112;0,895862389586239;5112;0,8496
5113;0,895862389586239;5113;0,84979999999999989
5114;0,895862389586239;5114;0,85
5115;0,89679218967921892;5115;0,85020000000000007
5116;0,896559739655974;5116;0,85039999999999993
5117;0,897257089725709;5117;0,8506
5118;0,897489539748954;5118;0,85079999999999989
5119;0,897489539748954;5119;0,851
5120;0,898186889818689;5120;0,85120000000000007
5121;0,898419339841934;5121;0,85139999999999993
5122;0,898651789865179;5122;0,8516
5123;0,89934913993491394;5123;0,85180000000000011
5124;0,89934913993491394;5124;0,852
5125;0,900046490004649;5125;0,85220000000000007
5126;0,900278940027894;5126;0,85239999999999994
5127;0,900511390051139;5127;0,8526
5128;0,900278940027894;5128;0,8528
5129;0,900278940027894;5129;0,853
5130;0,900511390051139;5130;0,8532
5131;0,901208740120874;5131;0,8534
5132;0,901906090190609;5132;0,85359999999999991
5133;0,902370990237099;5133;0,8538
5134;0,902370990237099;5134;0,85399999999999987
5135;0,902370990237099;5135;0,8542
5136;0,902603440260344;5136;0,8544
5137;0,902370990237099;5137;0,85459999999999992
5138;0,902835890283589;5138;0,8548
5139;0,902835890283589;5139;0,85500000000000009
5140;0,902835890283589;5140;0,8552
5141;0,902835890283589;5141;0,8554
5142;0,903533240353324;5142;0,85559999999999992
5143;0,90376569037656906;5143;0,8558
5144;0,90376569037656906;5144;0,85600000000000009
5145;0,90423059042305909;5145;0,8562
5146;0,90399814039981408;5146;0,8564
5147;0,90399814039981408;5147;0,8566
5148;0,904463040446304;5148;0,8568
5149;0,904463040446304;5149;0,857
5150;0,904695490469549;5150;0,8572
5151;0,904463040446304;5151;0,85739999999999994
5152;0,90423059042305909;5152;0,8576
5153;0,90376569037656906;5153;0,8577999999999999
5154;0,90376569037656906;5154;0,858
5155;0,90423059042305909;5155;0,85820000000000007
5156;0,904463040446304;5156;0,85839999999999994
5157;0,905392840539284;5157;0,8586
5158;0,90585774058577406;5158;0,8587999999999999
5159;0,90585774058577406;5159;0,859
5160;0,905625290562529;5160;0,85920000000000007
5161;0,905625290562529;5161;0,85939999999999994
5162;0,90585774058577406;5162;0,8596
5163;0,90609019060901907;5163;0,85980000000000012
5164;0,90609019060901907;5164;0,86
5165;0,90585774058577406;5165;0,86020000000000008
5166;0,90632264063226409;5166;0,86039999999999994
5167;0,907252440725244;5167;0,8606
5168;0,907484890748489;5168;0,8608
5169;0,907484890748489;5169;0,861
5170;0,90841469084146909;5170;0,8612
5171;0,90934449093444913;5171;0,8614
5172;0,90957694095769415;5172;0,86159999999999992
5173;0,90957694095769415;5173;0,8618
5174;0,90957694095769415;5174;0,86199999999999988
5175;0,91027429102742907;5175;0,8622
5176;0,91050674105067408;5176;0,8624
5177;0,909809390980939;5177;0,86259999999999992
5178;0,90934449093444913;5178;0,8628
5179;0,90934449093444913;5179;0,8630000000000001
5180;0,909809390980939;5180;0,8632
5181;0,91050674105067408;5181;0,86340000000000006
5182;0,91097164109716411;5182;0,86359999999999992
5183;0,91120409112040912;5183;0,8638
5184;0,91143654114365413;5184;0,8640000000000001
5185;0,91143654114365413;5185;0,8642
5186;0,91190144119014416;5186;0,86440000000000006
5187;0,91213389121338917;5187;0,8646
5188;0,91236634123663407;5188;0,8648
5189;0,91236634123663407;5189;0,865
5190;0,91236634123663407;5190;0,8652
5191;0,91236634123663407;5191;0,8654
5192;0,91306369130636911;5192;0,8656
5193;0,91399349139934916;5193;0,8657999999999999
5194;0,91399349139934916;5194;0,866
5195;0,91445839144583918;5195;0,86620000000000008
5196;0,91492329149232909;5196;0,8664
5197;0,91585309158530914;5197;0,8666
5198;0,91631799163179917;5198;0,8667999999999999
5199;0,91631799163179917;5199;0,867
5200;0,9170153417015342;5200;0,86720000000000008
5201;0,91724779172477922;5201;0,8674
5202;0,91655044165504418;5202;0,8676
5203;0,9170153417015342;5203;0,86780000000000013
5204;0,9170153417015342;5204;0,868
5205;0,91748024174802423;5205;0,86820000000000008
5206;0,91794514179451414;5206;0,8684
5207;0,91817759181775915;5207;0,8686
5208;0,91817759181775915;5208;0,8688
5209;0,91817759181775915;5209;0,869
5210;0,91817759181775915;5210;0,8692
5211;0,91817759181775915;5211;0,86940000000000006
5212;0,91817759181775915;5212;0,86959999999999993
5213;0,91841004184100417;5213;0,8698
5214;0,91841004184100417;5214;0,86999999999999988
5215;0,91841004184100417;5215;0,8702
5216;0,91841004184100417;5216;0,87040000000000006
5217;0,91933984193398421;5217;0,87059999999999993
5218;0,91957229195722923;5218;0,8708
5219;0,91957229195722923;5219;0,87100000000000011
5220;0,91933984193398421;5220;0,8712
5221;0,91957229195722923;5221;0,87140000000000006
5222;0,92003719200371925;5222;0,87159999999999993
5223;0,92050209205020916;5223;0,8718
5224;0,92050209205020916;5224;0,87200000000000011
5225;0,92073454207345418;5225;0,8722
5226;0,92073454207345418;5226;0,87240000000000006
5227;0,92003719200371925;5227;0,8726
5228;0,92050209205020916;5228;0,8728
5229;0,92050209205020916;5229;0,873
5230;0,92073454207345418;5230;0,8732
5231;0,9211994421199442;5231;0,8734
5232;0,92212924221292425;5232;0,8736
5233;0,92166434216643423;5233;0,87379999999999991
5234;0,92166434216643423;5234;0,874
5235;0,92212924221292425;5235;0,87420000000000009
5236;0,92212924221292425;5236;0,8744
5237;0,92236169223616926;5237;0,8746
5238;0,92236169223616926;5238;0,87479999999999991
5239;0,92305904230590419;5239;0,875
5240;0,92305904230590419;5240;0,87520000000000009
5241;0,92282659228265917;5241;0,8754
5242;0,92352394235239421;5242;0,8756
5243;0,92445374244537426;5243;0,87579999999999991
5244;0,9251510925151093;5244;0,876
5245;0,9251510925151093;5245;0,87620000000000009
5246;0,92491864249186428;5246;0,8764
5247;0,92608089260808923;5247;0,8766
5248;0,92631334263133425;5248;0,8768
5249;0,92677824267782427;5249;0,877
5250;0,92677824267782427;5250;0,8772
5251;0,92654579265457926;5251;0,8774
5252;0,92631334263133425;5252;0,87759999999999994
5253;0,9272431427243143;5253;0,8778
5254;0,92770804277080432;5254;0,87799999999999989
5255;0,92770804277080432;5255;0,8782
5256;0,92794049279404933;5256;0,87840000000000007
5257;0,92840539284053925;5257;0,87859999999999994
5258;0,92840539284053925;5258;0,8788
5259;0,92817294281729423;5259;0,87899999999999989
5260;0,92817294281729423;5260;0,8792
5261;0,92910274291027428;5261;0,87940000000000007
5262;0,92910274291027428;5262;0,87959999999999994
5263;0,92910274291027428;5263;0,8798
5264;0,92910274291027428;5264;0,88000000000000012
5265;0,92910274291027428;5265;0,8802
5266;0,92956764295676431;5266;0,88040000000000007
5267;0,93003254300325433;5267;0,88059999999999994
5268;0,93072989307298926;5268;0,8808
5269;0,93119479311947928;5269;0,881
5270;0,93119479311947928;5270;0,8812
5271;0,93142724314272429;5271;0,8814
5272;0,9316596931659693;5272;0,8816
5273;0,93189214318921432;5273;0,88179999999999992
5274;0,93189214318921432;5274;0,882
5275;0,93189214318921432;5275;0,88219999999999987
5276;0,93142724314272429;5276;0,8824
5277;0,93119479311947928;5277;0,8826
5278;0,9316596931659693;5278;0,88279999999999992
5279;0,93235704323570434;5279;0,883
5280;0,93235704323570434;5280;0,8832000000000001
5281;0,93282194328219437;5281;0,8834
5282;0,93282194328219437;5282;0,8836
5283;0,93282194328219437;5283;0,88379999999999992
5284;0,93282194328219437;5284;0,884
5285;0,93282194328219437;5285;0,8842000000000001
5286;0,93282194328219437;5286;0,8844
5287;0,93258949325894935;5287;0,8846
5288;0,93282194328219437;5288;0,8848
5289;0,93282194328219437;5289;0,885
5290;0,93282194328219437;5290;0,8852
5291;0,93328684332868428;5291;0,8854
5292;0,9337517433751743;5292;0,88559999999999994
5293;0,93444909344490934;5293;0,8858
5294;0,93444909344490934;5294;0,8859999999999999
5295;0,93444909344490934;5295;0,8862
5296;0,93514644351464438;5296;0,88640000000000008
5297;0,93584379358437941;5297;0,88659999999999994
5298;0,93607624360762431;5298;0,8868
5299;0,93584379358437941;5299;0,8869999999999999
5300;0,93584379358437941;5300;0,8872
5301;0,93514644351464438;5301;0,88740000000000008
5302;0,93537889353788939;5302;0,8876
5303;0,93584379358437941;5303;0,8878
5304;0,93630869363086933;5304;0,88800000000000012
5305;0,93630869363086933;5305;0,8882
5306;0,93677359367735935;5306;0,88840000000000008
5307;0,93700604370060436;5307;0,8886
5308;0,93677359367735935;5308;0,8888
5309;0,93677359367735935;5309;0,889
5310;0,93677359367735935;5310;0,8892
5311;0,93677359367735935;5311;0,8894
5312;0,93677359367735935;5312;0,88960000000000006
5313;0,93700604370060436;5313;0,88979999999999992
5314;0,93700604370060436;5314;0,89
5315;0,93700604370060436;5315;0,89019999999999988
5316;0,9377033937703394;5316;0,8904
5317;0,93816829381682942;5317;0,89060000000000006
5318;0,93863319386331934;5318;0,89079999999999993
5319;0,93956299395629939;5319;0,891
5320;0,93956299395629939;5320;0,8912000000000001
5321;0,94002789400278941;5321;0,8914
5322;0,94026034402603442;5322;0,89160000000000006
5323;0,94049279404927943;5323;0,89179999999999993
5324;0,94095769409576946;5324;0,892
5325;0,94095769409576946;5325;0,8922000000000001
5326;0,94049279404927943;5326;0,8924
5327;0,94119014411901436;5327;0,89260000000000006
5328;0,94165504416550438;5328;0,8928
5329;0,94235239423523942;5329;0,893
5330;0,94235239423523942;5330;0,8932
5331;0,94304974430497446;5331;0,8934
5332;0,94328219432821947;5332;0,8936
5333;0,94328219432821947;5333;0,8938
5334;0,9439795443979544;5334;0,89399999999999991
5335;0,9439795443979544;5335;0,8942
5336;0,9439795443979544;5336;0,89440000000000008
5337;0,94444444444444442;5337;0,8946
5338;0,94444444444444442;5338;0,8948
5339;0,94467689446768943;5339;0,89499999999999991
5340;0,94467689446768943;5340;0,8952
5341;0,94514179451417946;5341;0,89540000000000008
5342;0,94607159460715951;5342;0,8956
5343;0,94653649465364942;5343;0,8958
5344;0,94653649465364942;5344;0,89600000000000013
5345;0,94653649465364942;5345;0,8962
5346;0,94700139470013944;5346;0,89640000000000009
5347;0,94723384472338445;5347;0,8966
5348;0,94746629474662947;5348;0,8968
5349;0,94746629474662947;5349;0,897
5350;0,94746629474662947;5350;0,8972
5351;0,94700139470013944;5351;0,8974
5352;0,94746629474662947;5352;0,89760000000000006
5353;0,9481636448163645;5353;0,89779999999999993
5354;0,94839609483960952;5354;0,898
5355;0,94839609483960952;5355;0,89819999999999989
5356;0,94886099488609954;5356;0,8984
5357;0,94862854486285453;5357;0,89860000000000007
5358;0,94862854486285453;5358;0,89879999999999993
5359;0,94886099488609954;5359;0,899
5360;0,94886099488609954;5360;0,89920000000000011
5361;0,94886099488609954;5361;0,8994
5362;0,94909344490934444;5362;0,89960000000000007
5363;0,94909344490934444;5363;0,89979999999999993
5364;0,95002324500232449;5364;0,9
5365;0,95002324500232449;5365;0,90020000000000011
5366;0,95002324500232449;5366;0,9004
5367;0,95048814504881451;5367;0,90060000000000007
5368;0,95072059507205953;5368;0,90079999999999993
5369;0,95072059507205953;5369;0,901
5370;0,95072059507205953;5370;0,9012
5371;0,95141794514179456;5371;0,9014
5372;0,95165039516503946;5372;0,9016
5373;0,95165039516503946;5373;0,9018
5374;0,95141794514179456;5374;0,90199999999999991
5375;0,95141794514179456;5375;0,9022
5376;0,95141794514179456;5376;0,90239999999999987
5377;0,95188284518828448;5377;0,9026
5378;0,9523477452347745;5378;0,9028
5379;0,95304509530450954;5379;0,90299999999999991
5380;0,95304509530450954;5380;0,9032
5381;0,95327754532775455;5381;0,90340000000000009
5382;0,95327754532775455;5382;0,9036
5383;0,95304509530450954;5383;0,9038
5384;0,95304509530450954;5384;0,90399999999999991
5385;0,95304509530450954;5385;0,9042
5386;0,95350999535099956;5386;0,90440000000000009
5387;0,95350999535099956;5387;0,9046
5388;0,95350999535099956;5388;0,9048
5389;0,95397489539748959;5389;0,905
5390;0,95397489539748959;5390;0,9052
5391;0,95467224546722451;5391;0,9054
5392;0,95513714551371454;5392;0,9056
5393;0,95560204556020456;5393;0,90579999999999994
5394;0,95606694560669458;5394;0,906
5395;0,95606694560669458;5395;0,90619999999999989
5396;0,95653184565318461;5396;0,9064
5397;0,95676429567642962;5397;0,90660000000000007
5398;0,95653184565318461;5398;0,90679999999999994
5399;0,95583449558344957;5399;0,907
5400;0,95583449558344957;5400;0,9071999999999999
5401;0,95606694560669458;5401;0,9074
5402;0,95653184565318461;5402;0,90760000000000007
5403;0,95699674569967452;5403;0,90779999999999994
5404;0,95769409576940956;5404;0,908
5405;0,95769409576940956;5405;0,90820000000000012
5406;0,95769409576940956;5406;0,9084
5407;0,95769409576940956;5407;0,90860000000000007
5408;0,95769409576940956;5408;0,90879999999999994
5409;0,95815899581589958;5409;0,909
5410;0,95815899581589958;5410;0,9092
5411;0,95815899581589958;5411;0,9094
5412;0,95769409576940956;5412;0,9096
5413;0,95769409576940956;5413;0,9098
5414;0,95815899581589958;5414;0,90999999999999992
5415;0,95815899581589958;5415;0,9102
5416;0,9583914458391446;5416;0,91039999999999988
5417;0,95885634588563462;5417;0,9106
5418;0,95885634588563462;5418;0,9108
5419;0,95932124593212464;5419;0,91099999999999992
5420;0,95932124593212464;5420;0,9112
5421;0,95978614597861456;5421;0,9114000000000001
5422;0,96001859600185957;5422;0,9116
5423;0,96001859600185957;5423;0,9118
5424;0,95932124593212464;5424;0,91199999999999992
5425;0,95932124593212464;5425;0,9122
5426;0,96001859600185957;5426;0,9124000000000001
5427;0,96048349604834959;5427;0,9126
5428;0,96094839609483962;5428;0,91280000000000006
5429;0,96187819618781967;5429;0,913
5430;0,96187819618781967;5430;0,9132
5431;0,96187819618781967;5431;0,9134
5432;0,96234309623430958;5432;0,9136
5433;0,96257554625755459;5433;0,9138
5434;0,96280799628079961;5434;0,914
5435;0,96280799628079961;5435;0,9141999999999999
5436;0,96327289632728963;5436;0,9144
5437;0,96350534635053464;5437;0,91460000000000008
5438;0,96420269642026968;5438;0,9148
5439;0,96513249651324962;5439;0,915
5440;0,96513249651324962;5440;0,9151999999999999
5441;0,96513249651324962;5441;0,9154
5442;0,96559739655973964;5442;0,91560000000000008
5443;0,96582984658298465;5443;0,9158
5444;0,96629474662947468;5444;0,916
5445;0,96629474662947468;5445;0,91620000000000013
5446;0,96606229660622966;5446;0,9164
5447;0,96629474662947468;5447;0,91660000000000008
5448;0,9667596466759647;5448;0,9168
5449;0,96629474662947468;5449;0,917
5450;0,96629474662947468;5450;0,9172
5451;0,96699209669920971;5451;0,9174
5452;0,96745699674569963;5452;0,9176
5453;0,96792189679218965;5453;0,91780000000000006
5454;0,96838679683867968;5454;0,91799999999999993
5455;0,96838679683867968;5455;0,9182
5456;0,96838679683867968;5456;0,91839999999999988
5457;0,96745699674569963;5457;0,9186
5458;0,96745699674569963;5458;0,91880000000000006
5459;0,96745699674569963;5459;0,91899999999999993
5460;0,96745699674569963;5460;0,9192
5461;0,96792189679218965;5461;0,91940000000000011
5462;0,96838679683867968;5462;0,9196
5463;0,9688516968851697;5463;0,91980000000000006
5464;0,96908414690841471;5464;0,91999999999999993
5465;0,96908414690841471;5465;0,9202
5466;0,97024639702463966;5466;0,92040000000000011
5467;0,97071129707112969;5467;0,9206
5468;0,97071129707112969;5468;0,92080000000000006
5469;0,9709437470943747;5469;0,921
5470;0,9709437470943747;5470;0,9212
5471;0,9709437470943747;5471;0,9214
5472;0,97117619711761971;5472;0,9216
5473;0,9709437470943747;5473;0,9218
5474;0,9709437470943747;5474;0,922
5475;0,9709437470943747;5475;0,92219999999999991
5476;0,97140864714086472;5476;0,9224
5477;0,97280334728033468;5477;0,92260000000000009
5478;0,97350069735006972;5478;0,9228
5479;0,97350069735006972;5479;0,923
5480;0,97350069735006972;5480;0,92319999999999991
5481;0,9730357973035797;5481;0,9234
5482;0,97350069735006972;5482;0,92360000000000009
5483;0,97350069735006972;5483;0,9238
5484;0,97396559739655975;5484;0,924
5485;0,97396559739655975;5485;0,92420000000000013
5486;0,97373314737331473;5486;0,9244
5487;0,97396559739655975;5487;0,92460000000000009
5488;0,97443049744304977;5488;0,9248
5489;0,97443049744304977;5489;0,925
5490;0,97443049744304977;5490;0,9252
5491;0,97536029753602971;5491;0,9254
5492;0,97559274755927472;5492;0,9256
5493;0,97582519758251973;5493;0,9258
5494;0,97605764760576474;5494;0,92599999999999993
5495;0,97605764760576474;5495;0,9262
5496;0,97629009762900976;5496;0,92639999999999989
5497;0,97605764760576474;5497;0,9266
5498;0,97582519758251973;5498;0,92680000000000007
5499;0,97629009762900976;5499;0,92699999999999994
5500;0,97629009762900976;5500;0,9272
5501;0,97721989772198981;5501;0,92739999999999989
5502;0,97791724779172473;5502;0,9276
5503;0,97791724779172473;5503;0,92780000000000007
5504;0,97791724779172473;5504;0,92799999999999994
5505;0,97791724779172473;5505;0,9282
5506;0,97814969781496974;5506;0,92840000000000011
5507;0,97745234774523482;5507;0,9286
5508;0,97768479776847983;5508;0,92880000000000007
5509;0,97814969781496974;5509;0,92899999999999994
5510;0,97814969781496974;5510;0,9292
5511;0,97745234774523482;5511;0,9294
5512;0,97768479776847983;5512;0,9296
5513;0,97861459786145977;5513;0,9298
5514;0,97907949790794979;5514;0,93
5515;0,97907949790794979;5515;0,93019999999999992
5516;0,97954439795443982;5516;0,9304
5517;0,98047419804741975;5517;0,93059999999999987
5518;0,98070664807066477;5518;0,9308
5519;0,98093909809390978;5519;0,931
5520;0,98093909809390978;5520;0,93119999999999992
5521;0,98093909809390978;5521;0,9314
5522;0,98070664807066477;5522;0,93160000000000009
5523;0,98093909809390978;5523;0,9318
5524;0,98163644816364481;5524;0,932
5525;0,98163644816364481;5525;0,93219999999999992
5526;0,98256624825662486;5526;0,9324
5527;0,98396094839609483;5527;0,9326000000000001
5528;0,98442584844258485;5528;0,9328
5529;0,98442584844258485;5529;0,933
5530;0,98442584844258485;5530;0,9332
5531;0,98489074848907487;5531;0,9334
5532;0,98489074848907487;5532;0,9336
5533;0,98442584844258485;5533;0,9338
5534;0,98442584844258485;5534;0,93399999999999994
5535;0,98442584844258485;5535;0,9342
5536;0,98465829846582986;5536;0,9343999999999999
5537;0,98489074848907487;5537;0,9346
5538;0,98582054858205481;5538;0,93480000000000008
5539;0,98605299860529982;5539;0,93499999999999994
5540;0,98605299860529982;5540;0,9352
5541;0,98651789865178985;5541;0,9353999999999999
5542;0,98721524872152489;5542;0,9356
5543;0,98768014876801491;5543;0,93580000000000008
5544;0,98675034867503486;5544;0,93599999999999994
5545;0,98675034867503486;5545;0,9362
5546;0,98675034867503486;5546;0,93640000000000012
5547;0,98675034867503486;5547;0,9366
5548;0,98675034867503486;5548;0,93680000000000008
5549;0,9874476987447699;5549;0,93699999999999994
5550;0,9874476987447699;5550;0,9372
5551;0,98791259879125992;5551;0,9374
5552;0,98884239888423986;5552;0,9376
5553;0,98930729893072988;5553;0,9378
5554;0,98907484890748487;5554;0,93800000000000006
5555;0,98907484890748487;5555;0,93819999999999992
5556;0,98907484890748487;5556;0,9384
5557;0,98907484890748487;5557;0,93859999999999988
5558;0,98907484890748487;5558;0,9388
5559;0,98930729893072988;5559;0,93900000000000006
5560;0,98930729893072988;5560;0,93919999999999992
5561;0,9895397489539749;5561;0,9394
5562;0,98977219897721991;5562;0,9396000000000001
5563;0,99000464900046492;5563;0,9398
5564;0,99116689911668987;5564;0,94000000000000006
5565;0,99116689911668987;5565;0,94019999999999992
5566;0,99163179916317989;5566;0,9404
5567;0,99163179916317989;5567;0,9406000000000001
5568;0,99186424918642491;5568;0,9408
5569;0,99232914923291493;5569;0,94100000000000006
5570;0,99232914923291493;5570;0,9412
5571;0,99232914923291493;5571;0,9414
5572;0,99232914923291493;5572;0,9416
5573;0,992794049279405;5573;0,9418
5574;0,99349139934913988;5574;0,942
5575;0,99349139934913988;5575;0,9422
5576;0,99418874941887492;5576;0,9423999999999999
5577;0,99465364946536494;5577;0,9426
5578;0,99465364946536494;5578;0,94280000000000008
5579;0,99465364946536494;5579;0,943
5580;0,99465364946536494;5580;0,9432
5581;0,99442119944211993;5581;0,94339999999999991
5582;0,99442119944211993;5582;0,9436
5583;0,99442119944211993;5583;0,94380000000000008
5584;0,99442119944211993;5584;0,944
5585;0,99442119944211993;5585;0,9442
5586;0,99465364946536494;5586;0,94440000000000013
5587;0,99488609948861;5587;0,9446
5588;0,9953509995351;5588;0,94480000000000008
5589;0,996048349604835;5589;0,945
5590;0,996048349604835;5590;0,9452
5591;0,996048349604835;5591;0,9454
5592;0,99581589958159;5592;0,9456
5593;0,99581589958159;5593;0,9458
5594;0,9953509995351;5594;0,94600000000000006
5595;0,9953509995351;5595;0,94619999999999993
5596;0,99488609948861;5596;0,9464
5597;0,99488609948861;5597;0,94659999999999989
5598;0,995118549511855;5598;0,9468
5599;0,99581589958159;5599;0,94700000000000006
5600;0,99581589958159;5600;0,94719999999999993
5601;0,996048349604835;5601;0,9474
5602;0,996048349604835;5602;0,94760000000000011
5603;0,996048349604835;5603;0,9478
5604;0,996048349604835;5604;0,94800000000000006
5605;0,996048349604835;5605;0,94819999999999993
5606;0,995118549511855;5606;0,9484
5607;0,99488609948861;5607;0,94860000000000011
5608;0,99465364946536494;5608;0,9488
5609;0,99442119944211993;5609;0,94900000000000007
5610;0,99442119944211993;5610;0,9492
5611;0,99488609948861;5611;0,9494
5612;0,9953509995351;5612;0,9496
5613;0,9953509995351;5613;0,9498
5614;0,99581589958159;5614;0,95
5615;0,99651324965132493;5615;0,9502
5616;0,99651324965132493;5616;0,95039999999999991
5617;0,99628079962807992;5617;0,9506
5618;0,996048349604835;5618;0,95079999999999987
5619;0,996048349604835;5619;0,951
5620;0,995118549511855;5620;0,9512
5621;0,995118549511855;5621;0,95139999999999991
5622;0,9953509995351;5622;0,9516
5623;0,996048349604835;5623;0,95180000000000009
5624;0,99581589958159;5624;0,952
5625;0,99651324965132493;5625;0,9522
5626;0,99651324965132493;5626;0,95239999999999991
5627;0,99628079962807992;5627;0,9526
5628;0,996048349604835;5628;0,95280000000000009
5629;0,996048349604835;5629;0,953
5630;0,995118549511855;5630;0,9532
5631;0,995118549511855;5631;0,9534
5632;0,99488609948861;5632;0,9536
5633;0,995118549511855;5633;0,9538
5634;0,99442119944211993;5634;0,954
5635;0,99418874941887492;5635;0,95419999999999994
5636;0,99418874941887492;5636;0,9544
5637;0,99465364946536494;5637;0,95459999999999989
5638;0,99442119944211993;5638;0,9548
5639;0,99465364946536494;5639;0,95500000000000007
5640;0,9953509995351;5640;0,95519999999999994
5641;0,9953509995351;5641;0,9554
5642;0,99488609948861;5642;0,95559999999999989
5643;0,99488609948861;5643;0,9558
5644;0,995118549511855;5644;0,95600000000000007
5645;0,99442119944211993;5645;0,95619999999999994
5646;0,99442119944211993;5646;0,9564
5647;0,99465364946536494;5647;0,95660000000000012
5648;0,99488609948861;5648;0,9568
5649;0,99488609948861;5649;0,95700000000000007
5650;0,9953509995351;5650;0,95719999999999994
5651;0,9953509995351;5651;0,9574
5652;0,99465364946536494;5652;0,9576
5653;0,99442119944211993;5653;0,9578
5654;0,99465364946536494;5654;0,958
5655;0,99395629939562991;5655;0,9582
5656;0,99395629939562991;5656;0,95839999999999992
5657;0,99395629939562991;5657;0,9586
5658;0,99418874941887492;5658;0,95879999999999987
5659;0,99395629939562991;5659;0,959
5660;0,99395629939562991;5660;0,9592
5661;0,99395629939562991;5661;0,95939999999999992
5662;0,99465364946536494;5662;0,9596
5663;0,99442119944211993;5663;0,9598000000000001
5664;0,99465364946536494;5664;0,96
5665;0,99581589958159;5665;0,9602
5666;0,99581589958159;5666;0,96039999999999992
5667;0,99581589958159;5667;0,9606
5668;0,9953509995351;5668;0,9608000000000001
5669;0,99581589958159;5669;0,961
5670;0,9953509995351;5670;0,9612
5671;0,9953509995351;5671;0,9614
5672;0,99628079962807992;5672;0,9616
5673;0,99674569967456994;5673;0,9618
5674;0,99651324965132493;5674;0,962
5675;0,996978149697815;5675;0,96219999999999994
5676;0,996978149697815;5676;0,9624
5677;0,99651324965132493;5677;0,9625999999999999
5678;0,99628079962807992;5678;0,9628
5679;0,99628079962807992;5679;0,96300000000000008
5680;0,996048349604835;5680;0,9632
5681;0,996048349604835;5681;0,9634
5682;0,9953509995351;5682;0,9635999999999999
5683;0,996048349604835;5683;0,9638
5684;0,99581589958159;5684;0,96400000000000008
5685;0,9953509995351;5685;0,9642
5686;0,9953509995351;5686;0,9644
5687;0,996048349604835;5687;0,96460000000000012
5688;0,99628079962807992;5688;0,9648
5689;0,99651324965132493;5689;0,96500000000000008
5690;0,996978149697815;5690;0,9652
5691;0,996978149697815;5691;0,9654
5692;0,99674569967456994;5692;0,9656
5693;0,99651324965132493;5693;0,9658
5694;0,99674569967456994;5694;0,966
5695;0,99651324965132493;5695;0,96620000000000006
5696;0,99651324965132493;5696;0,96639999999999993
5697;0,996978149697815;5697;0,9666
5698;0,997443049744305;5698;0,96679999999999988
5699;0,997443049744305;5699;0,967
5700;0,996978149697815;5700;0,96720000000000006
5701;0,996978149697815;5701;0,96739999999999993
5702;0,99651324965132493;5702;0,9676
5703;0,996048349604835;5703;0,9678000000000001
5704;0,99581589958159;5704;0,968
5705;0,995118549511855;5705;0,96820000000000006
5706;0,995118549511855;5706;0,96839999999999993
5707;0,99488609948861;5707;0,9686
5708;0,99488609948861;5708;0,96880000000000011
5709;0,99418874941887492;5709;0,969
5710;0,99418874941887492;5710;0,96920000000000006
5711;0,99418874941887492;5711;0,9694
5712;0,99465364946536494;5712;0,9696
5713;0,99488609948861;5713;0,9698
5714;0,9953509995351;5714;0,97
5715;0,99581589958159;5715;0,9702
5716;0,99581589958159;5716;0,9704
5717;0,9953509995351;5717;0,97059999999999991
5718;0,995118549511855;5718;0,9708
5719;0,99488609948861;5719;0,97100000000000009
5720;0,995118549511855;5720;0,9712
5721;0,995118549511855;5721;0,9714
5722;0,99581589958159;5722;0,97159999999999991
5723;0,99628079962807992;5723;0,9718
5724;0,99581589958159;5724;0,97200000000000009
5725;0,996048349604835;5725;0,9722
5726;0,996048349604835;5726;0,9724
5727;0,995118549511855;5727;0,97260000000000013
5728;0,995118549511855;5728;0,9728
5729;0,9953509995351;5729;0,97300000000000009
5730;0,99488609948861;5730;0,9732
5731;0,99488609948861;5731;0,9734
5732;0,99488609948861;5732;0,9736
5733;0,99488609948861;5733;0,9738
5734;0,99465364946536494;5734;0,974
5735;0,995118549511855;5735;0,97420000000000007
5736;0,995118549511855;5736;0,97439999999999993
5737;0,996048349604835;5737;0,9746
5738;0,99581589958159;5738;0,97479999999999989
5739;0,99628079962807992;5739;0,975
5740;0,99674569967456994;5740;0,97520000000000007
5741;0,99674569967456994;5741;0,97539999999999993
5742;0,99628079962807992;5742;0,9756
5743;0,99628079962807992;5743;0,97579999999999989
5744;0,99651324965132493;5744;0,976
5745;0,99651324965132493;5745;0,97620000000000007
5746;0,99651324965132493;5746;0,97639999999999993
5747;0,997443049744305;5747;0,9766
5748;0,997443049744305;5748;0,97680000000000011
5749;0,997443049744305;5749;0,977
5750;0,997443049744305;5750;0,97720000000000007
5751;0,997443049744305;5751;0,97739999999999994
5752;0,99651324965132493;5752;0,9776
5753;0,99628079962807992;5753;0,9778
5754;0,99628079962807992;5754;0,978
5755;0,996048349604835;5755;0,9782
5756;0,996048349604835;5756;0,9784
5757;0,996048349604835;5757;0,97859999999999991
5758;0,99651324965132493;5758;0,9788
5759;0,99628079962807992;5759;0,97899999999999987
5760;0,99651324965132493;5760;0,9792
5761;0,99651324965132493;5761;0,9794
5762;0,996978149697815;5762;0,97959999999999992
5763;0,997443049744305;5763;0,9798
5764;0,99767549976755;5764;0,98000000000000009
5765;0,99814039981404;5765;0,9802
5766;0,99814039981404;5766;0,9804
5767;0,99767549976755;5767;0,98059999999999992
5768;0,99767549976755;5768;0,9808
5769;0,99767549976755;5769;0,98100000000000009
5770;0,99767549976755;5770;0,9812
5771;0,99767549976755;5771;0,9814
5772;0,998372849837285;5772;0,9816
5773;0,997907949790795;5773;0,9818
5774;0,99767549976755;5774;0,982
5775;0,997443049744305;5775;0,9822
5776;0,997443049744305;5776;0,98239999999999994
5777;0,99674569967456994;5777;0,9826
5778;0,99651324965132493;5778;0,9827999999999999
5779;0,99651324965132493;5779;0,983
5780;0,99628079962807992;5780;0,98320000000000007
5781;0,99628079962807992;5781;0,98339999999999994
5782;0,99628079962807992;5782;0,9836
5783;0,99628079962807992;5783;0,9837999999999999
5784;0,996048349604835;5784;0,984
5785;0,99628079962807992;5785;0,98420000000000007
5786;0,99628079962807992;5786;0,98439999999999994
5787;0,99674569967456994;5787;0,9846
5788;0,997443049744305;5788;0,98480000000000012
5789;0,99767549976755;5789;0,985
5790;0,997907949790795;5790;0,98520000000000008
5791;0,997907949790795;5791;0,98539999999999994
5792;0,99767549976755;5792;0,9856
5793;0,997907949790795;5793;0,9858
5794;0,997907949790795;5794;0,986
5795;0,997443049744305;5795;0,9862
5796;0,997443049744305;5796;0,9864
5797;0,997907949790795;5797;0,98659999999999992
5798;0,997443049744305;5798;0,9868
5799;0,996978149697815;5799;0,98699999999999988
5800;0,99674569967456994;5800;0,9872
5801;0,99674569967456994;5801;0,9874
5802;0,99651324965132493;5802;0,98759999999999992
5803;0,99628079962807992;5803;0,9878
5804;0,99651324965132493;5804;0,9880000000000001
5805;0,99628079962807992;5805;0,9882
5806;0,99628079962807992;5806;0,98840000000000006
5807;0,99628079962807992;5807;0,98859999999999992
5808;0,996048349604835;5808;0,9888
5809;0,996048349604835;5809;0,9890000000000001
5810;0,99628079962807992;5810;0,9892
5811;0,99628079962807992;5811;0,98940000000000006
5812;0,99674569967456994;5812;0,9896
5813;0,99674569967456994;5813;0,9898
5814;0,997443049744305;5814;0,99
5815;0,997907949790795;5815;0,9902
5816;0,997907949790795;5816;0,9904
5817;0,997443049744305;5817;0,9906
5818;0,997907949790795;5818;0,9907999999999999
5819;0,997907949790795;5819;0,991
5820;0,99767549976755;5820;0,99120000000000008
5821;0,99767549976755;5821;0,9914
5822;0,997443049744305;5822;0,9916
5823;0,996978149697815;5823;0,9917999999999999
5824;0,99651324965132493;5824;0,992
5825;0,99628079962807992;5825;0,99220000000000008
5826;0,99628079962807992;5826;0,9924
5827;0,99581589958159;5827;0,9926
5828;0,99488609948861;5828;0,99280000000000013
5829;0,99488609948861;5829;0,993
5830;0,99465364946536494;5830;0,99320000000000008
5831;0,99465364946536494;5831;0,9934
5832;0,99418874941887492;5832;0,9936
5833;0,99465364946536494;5833;0,9938
5834;0,99442119944211993;5834;0,994
5835;0,99442119944211993;5835;0,9942
5836;0,99442119944211993;5836;0,99440000000000006
5837;0,995118549511855;5837;0,99459999999999993
5838;0,99581589958159;5838;0,9948
5839;0,996048349604835;5839;0,99499999999999988
5840;0,996048349604835;5840;0,9952
5841;0,996048349604835;5841;0,99540000000000006
5842;0,996048349604835;5842;0,99559999999999993
5843;0,996048349604835;5843;0,9958
5844;0,996048349604835;5844;0,99600000000000011
5845;0,99628079962807992;5845;0,9962
5846;0,99628079962807992;5846;0,99640000000000006
5847;0,99651324965132493;5847;0,99659999999999993
5848;0,99628079962807992;5848;0,9968
5849;0,996048349604835;5849;0,99700000000000011
5850;0,99581589958159;5850;0,9972
5851;0,99581589958159;5851;0,99740000000000006
5852;0,996048349604835;5852;0,9976
5853;0,996048349604835;5853;0,9978
5854;0,996048349604835;5854;0,998
5855;0,996048349604835;5855;0,9982
5856;0,996048349604835;5856;0,9984
5857;0,99581589958159;5857;0,9986
5858;0,99581589958159;5858;0,99879999999999991
5859;0,9953509995351;5859;0,999
5860;0,99628079962807992;5860;0,99920000000000009
5861;0,99628079962807992;5861;0,9994
5862;0,996978149697815;5862;0,9996
5863;0,996978149697815;5863;0,99979999999999991
5864;0,99767549976755;5864;1
5865;0,99767549976755;5865;1
5866;0,99767549976755;5866;1
5867;0,99767549976755;5867;1
5868;0,99814039981404;5868;1
5869;0,99814039981404;5869;1
5870;0,99814039981404;5870;1
5871;0,99814039981404;5871;1
5872;0,997907949790795;5872;1
5873;0,997443049744305;5873;1
5874;0,996978149697815;5874;1
5875;0,99674569967456994;5875;1
5876;0,99674569967456994;5876;1
5877;0,99651324965132493;5877;1
5878;0,99651324965132493;5878;1
5879;0,99674569967456994;5879;1
5880;0,99651324965132493;5880;1
5881;0,99651324965132493;5881;1
5882;0,99651324965132493;5882;1
5883;0,997443049744305;5883;1
5884;0,99651324965132493;5884;1
5885;0,99674569967456994;5885;1
5886;0,99674569967456994;5886;1
5887;0,997443049744305;5887;1
5888;0,997907949790795;5888;1
5889;0,998372849837285;5889;1
5890;0,99860529986053;5890;1
5891;0,99860529986053;5891;1
5892;0,998372849837285;5892;1
5893;0,998372849837285;5893;1
5894;0,99860529986053;5894;1
5895;0,998372849837285;5895;1
5896;0,998372849837285;5896;1
5897;0,99814039981404;5897;1
5898;0,997907949790795;5898;1
5899;0,996978149697815;5899;1
5900;0,99651324965132493;5900;1
5901;0,99651324965132493;5901;1
5902;0,99628079962807992;5902;1
5903;0,9953509995351;5903;1
5904;0,99628079962807992;5904;1
5905;0,996048349604835;5905;1
5906;0,996048349604835;5906;1
5907;0,996048349604835;5907;1
5908;0,996048349604835;5908;1
5909;0,99581589958159;5909;1
5910;0,99628079962807992;5910;1
5911;0,99628079962807992;5911;1
5912;0,996978149697815;5912;1
5913;0,997443049744305;5913;1
5914;0,99767549976755;5914;1
5915;0,997907949790795;5915;1
5916;0,997907949790795;5916;1
5917;0,99767549976755;5917;1
5918;0,99767549976755;5918;1
5919;0,997907949790795;5919;1
5920;0,99767549976755;5920;1
5921;0,99767549976755;5921;1
5922;0,997443049744305;5922;1
5923;0,99767549976755;5923;1
5924;0,99674569967456994;5924;1
5925;0,99674569967456994;5925;1
5926;0,99674569967456994;5926;1
5927;0,99651324965132493;5927;1
5928;0,9953509995351;5928;1
5929;0,99581589958159;5929;1
5930;0,99581589958159;5930;1
5931;0,99581589958159;5931;1
5932;0,99488609948861;5932;1
5933;0,995118549511855;5933;1
5934;0,995118549511855;5934;1
5935;0,99581589958159;5935;1
5936;0,99581589958159;5936;1
5937;0,99651324965132493;5937;1
5938;0,99651324965132493;5938;1
5939;0,996978149697815;5939;1
5940;0,997907949790795;5940;1
5941;0,997907949790795;5941;1
5942;0,997907949790795;5942;1
5943;0,997907949790795;5943;1
5944;0,99814039981404;5944;1
5945;0,997443049744305;5945;1
5946;0,997443049744305;5946;1
5947;0,996978149697815;5947;1
5948;0,997443049744305;5948;1
5949;0,996978149697815;5949;1
5950;0,99674569967456994;5950;1
5951;0,99674569967456994;5951;1
5952;0,997443049744305;5952;1
5953;0,997443049744305;5953;1
5954;0,996978149697815;5954;1
5955;0,996978149697815;5955;1
5956;0,996978149697815;5956;1
5957;0,99651324965132493;5957;1
5958;0,996978149697815;5958;1
5959;0,996978149697815;5959;1
5960;0,997443049744305;5960;1
5961;0,997443049744305;5961;1
5962;0,99814039981404;5962;1
5963;0,99814039981404;5963;1
5964;0,99860529986053;5964;1
5965;0,999302649930265;5965;1
5966;0,999302649930265;5966;1
5967;0,999302649930265;5967;1
5968;0,99953509995351;5968;1
5969;0,99907019990702;5969;1
5970;0,99860529986053;5970;1
5971;0,99860529986053;5971;1
5972;0,99814039981404;5972;1
5973;0,99767549976755;5973;1
5974;0,99767549976755;5974;1
5975;0,997443049744305;5975;1
5976;0,997443049744305;5976;1
5977;0,997443049744305;5977;1
5978;0,997443049744305;5978;1
5979;0,996978149697815;5979;1
5980;0,99674569967456994;5980;1
5981;0,99674569967456994;5981;1
5982;0,99651324965132493;5982;1
5983;0,996978149697815;5983;1
5984;0,996978149697815;5984;1
5985;0,99767549976755;5985;1
5986;0,99767549976755;5986;1
5987;0,997907949790795;5987;1
5988;0,998372849837285;5988;1
5989;0,99953509995351;5989;1
5990;0,999302649930265;5990;1
5991;0,999302649930265;5991;1
5992;0,999302649930265;5992;1
5993;0,99953509995351;5993;1
5994;0,99907019990702;5994;1
5995;0,99860529986053;5995;1
5996;0,99860529986053;5996;1
5997;0,99860529986053;5997;1
5998;0,998372849837285;5998;1
5999;0,998372849837285;5999;1
6000;0,998372849837285;6000;1
6001;0,99814039981404;6001;1
6002;0,99814039981404;6002;1
6003;0,99814039981404;6003;1
6004;0,997907949790795;6004;1
6005;0,997443049744305;6005;1
6006;0,99767549976755;6006;1
6007;0,99767549976755;6007;1
6008;0,997443049744305;6008;1
6009;0,997443049744305;6009;1
6010;0,99814039981404;6010;1
6011;0,997907949790795;6011;1
6012;0,997907949790795;6012;1
6013;0,998372849837285;6013;1
6014;0,999302649930265;6014;1
6015;0,99907019990702;6015;1
6016;0,99907019990702;6016;1
6017;0,99907019990702;6017;1
6018;0,99907019990702;6018;1
6019;0,99814039981404;6019;1
6020;0,997907949790795;6020;1
6021;0,99767549976755;6021;1
6022;0,99767549976755;6022;1
6023;0,996978149697815;6023;1
6024;0,99674569967456994;6024;1
6025;0,997443049744305;6025;1
6026;0,997443049744305;6026;1
6027;0,997443049744305;6027;1
6028;0,996978149697815;6028;1
6029;0,996978149697815;6029;1
6030;0,996978149697815;6030;1
6031;0,99767549976755;6031;1
6032;0,99767549976755;6032;1
6033;0,99767549976755;6033;1
6034;0,996978149697815;6034;1
6035;0,997907949790795;6035;1
6036;0,99814039981404;6036;1
6037;0,99814039981404;6037;1
6038;0,99860529986053;6038;1
6039;0,99953509995351;6039;1
6040;0,999302649930265;6040;1
6041;0,99907019990702;6041;1
6042;0,99907019990702;6042;1
6043;0,99907019990702;6043;1
6044;0,998372849837285;6044;1
6045;0,99814039981404;6045;1
6046;0,997907949790795;6046;1
6047;0,997907949790795;6047;1
6048;0,99767549976755;6048;1
6049;0,99674569967456994;6049;1
6050;0,99674569967456994;6050;1
6051;0,99674569967456994;6051;1
6052;0,99674569967456994;6052;1
6053;0,99674569967456994;6053;1
6054;0,997443049744305;6054;1
6055;0,997443049744305;6055;1
6056;0,997443049744305;6056;1
6057;0,997443049744305;6057;1
6058;0,997443049744305;6058;1
6059;0,99674569967456994;6059;1
6060;0,99767549976755;6060;1
6061;0,99814039981404;6061;1
6062;0,99814039981404;6062;1
6063;0,99907019990702;6063;1
6064;0,999302649930265;6064;1
6065;0,99907019990702;6065;1
6066;0,998372849837285;6066;1
6067;0,998372849837285;6067;1
6068;0,99814039981404;6068;1
6069;0,998372849837285;6069;1
6070;0,997907949790795;6070;1
6071;0,997907949790795;6071;1
6072;0,997907949790795;6072;1
6073;0,997443049744305;6073;1
6074;0,996978149697815;6074;1
6075;0,996978149697815;6075;1
6076;0,996978149697815;6076;1
6077;0,996978149697815;6077;1
6078;0,99674569967456994;6078;1
6079;0,99767549976755;6079;1
6080;0,99767549976755;6080;1
6081;0,99674569967456994;6081;1
6082;0,99674569967456994;6082;1
6083;0,99674569967456994;6083;1
6084;0,997443049744305;6084;1
6085;0,997907949790795;6085;1
6086;0,99907019990702;6086;1
6087;0,99907019990702;6087;1
6088;0,99907019990702;6088;1
6089;0,99860529986053;6089;1
6090;0,99860529986053;6090;1
6091;0,99860529986053;6091;1
6092;0,99860529986053;6092;1
6093;0,998372849837285;6093;1
6094;0,99814039981404;6094;1
6095;0,997907949790795;6095;1
6096;0,997443049744305;6096;1
6097;0,997443049744305;6097;1
6098;0,99674569967456994;6098;1
6099;0,99651324965132493;6099;1
6100;0,99581589958159;6100;1
6101;0,99651324965132493;6101;1
6102;0,99651324965132493;6102;1
6103;0,99628079962807992;6103;1
6104;0,9953509995351;6104;1
6105;0,9953509995351;6105;1
6106;0,9953509995351;6106;1
6107;0,9953509995351;6107;1
6108;0,99628079962807992;6108;0
6109;0,996978149697815;6109;0
6110;0,99674569967456994;6110;0
6111;0,996978149697815;6111;0
6112;0,996978149697815;6112;0
6113;0,99674569967456994;6113;0
6114;0,99628079962807992;6114;0
6115;0,99581589958159;6115;0
6116;0,99581589958159;6116;0
6117;0,99581589958159;6117;0
6118;0,99581589958159;6118;0
6119;0,9953509995351;6119;0
6120;0,996048349604835;6120;0
6121;0,9953509995351;6121;0
6122;0,9953509995351;6122;0
6123;0,995118549511855;6123;0
6124;0,995118549511855;6124;0
6125;0,99442119944211993;6125;0
6126;0,99349139934913988;6126;0
6127;0,99349139934913988;6127;0
6128;0,99232914923291493;6128;0
6129;0,99023709902370993;6129;0
6130;0,98907484890748487;6130;0
6131;0,98628544862854484;6131;0
6132;0,98628544862854484;6132;0
6133;0,98326359832635979;6133;0
6134;0,98070664807066477;6134;0
6135;0,97721989772198981;6135;0
6136;0,97280334728033468;6136;0
6137;0,97280334728033468;6137;0
6138;0,96699209669920971;6138;0
6139;0,96071594607159461;6139;0
6140;0,95304509530450954;6140;0
6141;0,94490934449093444;6141;0
6142;0,94490934449093444;6142;0
6143;0,93537889353788939;6143;0
6144;0,92608089260808923;6144;0
6145;0,91492329149232909;6145;0
6146;0,90399814039981408;6146;0
6147;0,90399814039981408;6147;0
6148;0,89191073919107389;6148;0
6149;0,87982333798233381;6149;0
6150;0,86703858670385869;6150;0
6151;0,85402138540213857;6151;0
6152;0,85402138540213857;6152;0
6153;0,84077173407717343;6153;0
6154;0,82682473268247325;6154;0
6155;0,81218038121803815;6155;0
6156;0,797768479776848;6156;0
6157;0,797768479776848;6157;0
6158;0,78358902835890287;6158;0
6159;0,76871222687122265;6159;0
6160;0,75406787540678755;6160;0
6161;0,73919107391910743;6161;0
6162;0,73919107391910743;6162;0
6163;0,72454672245467222;6163;0
6164;0,70920502092050208;6164;0
6165;0,694793119479312;6165;0
6166;0,67945141794514174;6166;0
6167;0,67945141794514174;6167;0
6168;0,66457461645746163;6168;0
6169;0,64923291492329149;6169;0
6170;0,63412366341236637;6170;0
6171;0,61878196187819623;6171;0
6172;0,61878196187819623;6172;0
6173;0,603672710367271;6173;0
6174;0,58833100883310085;6174;0
6175;0,57322175732217573;6175;0
6176;0,5581125058112506;6176;0
6177;0,5581125058112506;6177;0
6178;0,54300325430032548;6178;0
6179;0,52789400278940024;6179;0
6180;0,51278475127847511;6180;0
6181;0,49767549976755;6181;0
6182;0,49767549976755;6182;0
6183;0,48279869827986982;6183;0
6184;0,46792189679218971;6184;0
6185;0,45281264528126453;6185;0
6186;0,43816829381682937;6186;0
6187;0,43816829381682937;6187;0
6188;0,42329149232914925;6188;0
6189;0,40841469084146909;6189;0
6190;0,39377033937703393;6190;0
6191;0,37912598791259877;6191;0
6192;0,37912598791259877;6192;0
6193;0,36471408647140863;6193;0
6194;0,35006973500697353;6194;0
6195;0,33589028358902834;6195;0
6196;0,32124593212459324;6196;0
6197;0,32124593212459324;6197;0
6198;0,30706648070664805;6198;0
6199;0,29288702928870292;6199;0
6200;0,27777777777777779;6200;0
6201;0,26266852626685261;6201;0
6202;0,26266852626685261;6202;0
6203;0,24779172477917247;6203;0
6204;0,23314737331473734;6204;0
6205;0,21850302185030218;6205;0
6206;0,20339377033937703;6206;0
6207;0,20339377033937703;6207;0
6208;0,1887494188749419;6208;0
6209;0,17410506741050674;6209;0
6210;0,15992561599256161;6210;0
6211;0,14597861459786146;6211;0
6212;0,14597861459786146;6212;0
6213;0,13272896327289632;6213;0
6214;0,11971176197117619;6214;0
6215;0,10739191073919108;6215;0
6216;0,095769409576940953;6216;0
6217;0,095769409576940953;6217;0
6218;0,084844258484425852;6218;0
6219;0,074151557415155736;6219;0
6220;0,065318456531845648;6220;0
6221;0,05695025569502557;6221;0
6222;0,05695025569502557;6222;0
6223;0,048814504881450491;6223;0
6224;0,040911204091120409;6224;0
6225;0,034170153417015341;6225;0
6226;0,028823802882380289;6226;0
6227;0,028823802882380289;6227;0
6228;0,023942352394235238;6228;0
6229;0,0199907019990702;6229;0
6230;0,016503951650395164;6230;0
6231;0,013947001394700139;6231;0
6232;0,013947001394700139;6232;0
6233;0,011390051139005115;6233;0
6234;0,0092980009298000935;6234;0
6235;0,0074384007438400741;6235;0
6236;0,0051139005113900512;6236;0
6237;0,0051139005113900512;6237;0
6238;0,00395165039516504;6238;0
6239;0;6239;0
6240;0;6240;0
6241;0;6241;0
6242;0;6242;0
6243;0;6243;0
6244;0;6244;0
6245;0;6245;0
6246;0;6246;0
6247;0;6247;0
6248;0;6248;0
6249;0;6249;0
6250;0;6250;0
6251;0;6251;0
6252;0;6252;0
6253;0;6253;0
6254;0;6254;0
6255;0;6255;0
6256;0;6256;0
6257;0;6257;0
6258;0;6258;0
6259;0;6259;0
6260;0;6260;0
6261;0;6261;0
6262;0;6262;0
6263;0;6263;0
6264;0;6264;0
6265;0;6265;0
6266;0;6266;0
6267;0;6267;0
6268;0;6268;0
6269;0;6269;0
6270;0;6270;0
6271;0;6271;0
6272;0;6272;0
6273;0;6273;0
6274;0;6274;0
6275;0;6275;0
6276;0;6276;0
6277;0;6277;0
6278;0;6278;0
6279;0;6279;0
6280;0;6280;0
6281;0;6281;0
6282;0;6282;0
6283;0;6283;0
6284;0;6284;0
6285;0;6285;0
6286;0;6286;0
6287;0;6287;0
6288;0;6288;0
6289;0;6289;0
6290;0;6290;0
6291;0;6291;0
6292;0;6292;0
6293;0;6293;0
6294;0;6294;0
6295;0;6295;0
6296;0;6296;0
6297;0;6297;0
6298;0;6298;0
6299;0;6299;0
6300;0;6300;0
6301;0;6301;0
6302;0;6302;0
6303;0;6303;0
6304;0;6304;0
6305;0;6305;0
6306;0;6306;0
6307;0;6307;0
6308;0;6308;0
6309;0;6309;0
6310;0;6310;0
6311;0;6311;0
6312;0;6312;0
6313;0;6313;0
6314;0;6314;0
6315;0;6315;0
6316;0;6316;0
6317;0;6317;0
6318;0;6318;0
6319;0;6319;0
6320;0;6320;0
6321;0;6321;0
6322;0;6322;0
6323;0;6323;0
6324;0;6324;0
6325;0;6325;0
6326;0;6326;0
6327;0;6327;0
6328;0;6328;0
6329;0;6329;0
6330;0;6330;0
6331;0;6331;0
6332;0;6332;0
6333;0;6333;0
6334;0;6334;0
6335;0;6335;0
6336;0;6336;0
6337;0;6337;0
6338;0;6338;0
6339;0;6339;0
6340;0;6340;0
6341;0;6341;0
6342;0;6342;0
6343;0;6343;0
6344;0;6344;0
6345;0;6345;0
6346;0;6346;0
6347;0;6347;0
6348;0;6348;0
6349;0;6349;0
6350;0;6350;0
6351;0;6351;0
6352;0;6352;0
6353;0;6353;0
6354;0;6354;0
6355;0;6355;0
6356;0;6356;0
6357;0;6357;0
6358;0;6358;0
6359;0;6359;0
6360;0;6360;0
6361;0;6361;0
6362;0;6362;0
6363;0;6363;0
6364;0;6364;0
6365;0;6365;0
6366;0;6366;0
6367;0;6367;0
6368;0;6368;0
6369;0;6369;0
6370;0;6370;0
6371;0;6371;0
6372;0;6372;0
6373;0;6373;0
6374;0;6374;0
6375;0;6375;0
6376;0;6376;0
6377;0;6377;0
6378;0;6378;0
6379;0;6379;0
6380;0;6380;0
6381;0;6381;0
6382;0;6382;0
6383;0;6383;0
6384;0;6384;0
6385;0;6385;0
6386;0;6386;0
6387;0;6387;0
6388;0;6388;0
6389;0;6389;0
6390;0;6390;0
6391;0;6391;0
6392;0;6392;0
6393;0;6393;0
6394;0;6394;0
6395;0;6395;0
6396;0;6396;0
6397;0;6397;0
6398;0;6398;0
6399;0;6399;0
6400;0;6400;0
6401;0;6401;0
6402;0;6402;0
6403;0;6403;0
6404;0;6404;0
6405;0;6405;0
6406;0;6406;0
6407;0;6407;0
6408;0;6408;0
6409;0;6409;0
6410;0;6410;0
6411;0;6411;0
6412;0;6412;0
6413;0;6413;0
6414;0;6414;0
6415;0;6415;0
6416;0;6416;0
6417;0;6417;0
6418;0;6418;0
6419;0;6419;0
6420;0;6420;0
6421;0;6421;0
6422;0;6422;0
6423;0;6423;0
6424;0;6424;0
6425;0;6425;0
6426;0;6426;0
6427;0;6427;0
6428;0;6428;0
6429;0;6429;0
6430;0;6430;0
6431;0;6431;0
6432;0;6432;0
6433;0;6433;0
6434;0;6434;0
6435;0;6435;0
6436;0;6436;0
6437;0;6437;0
6438;0;6438;0
6439;0;6439;0
6440;0;6440;0
6441;0;6441;0
6442;0;6442;0
6443;0;6443;0
6444;0;6444;0
6445;0;6445;0
6446;0;6446;0
6447;0;6447;0
6448;0;6448;0
6449;0;6449;0
6450;0;6450;0
6451;0;6451;0
6452;0;6452;0
6453;0;6453;0
6454;0;6454;0
6455;0;6455;0
6456;0;6456;0
6457;0;6457;0
6458;0;6458;0
6459;0;6459;0
6460;0;6460;0
6461;0;6461;0
6462;0;6462;0
6463;0;6463;0
6464;0;6464;0
6465;0;6465;0
6466;0;6466;0
6467;0;6467;0
6468;0;6468;0
6469;0;6469;0
6470;0;6470;0
6471;0;6471;0
6472;0;6472;0
6473;0;6473;0
6474;0;6474;0
6475;0;6475;0
6476;0;6476;0
6477;0;6477;0
6478;0;6478;0
6479;0;6479;0
6480;0;6480;0
6481;0;6481;0
6482;0;6482;0
6483;0;6483;0
6484;0;6484;0
6485;0;6485;0
6486;0;6486;0
6487;0;6487;0
6488;0;6488;0
6489;0;6489;0
6490;0;6490;0
6491;0;6491;0
6492;0;6492;0
6493;0;6493;0
6494;0;6494;0
6495;0;6495;0
6496;0;6496;0
6497;0;6497;0
6498;0;6498;0
6499;0;6499;0
6500;0;6500;0
6501;0;6501;0
6502;0;6502;0
6503;0;6503;0
6504;0;6504;0
6505;0;6505;0
6506;0;6506;0
6507;0;6507;0
6508;0;6508;0
6509;0;6509;0
6510;0;6510;0
6511;0;6511;0
6512;0;6512;0
6513;0;6513;0
6514;0;6514;0
6515;0;6515;0
6516;0;6516;0
6517;0;6517;0
6518;0;6518;0
6519;0;6519;0
6520;0;6520;0
6521;0;6521;0
6522;0;6522;0
6523;0;6523;0
6524;0;6524;0
6525;0;6525;0
6526;0;6526;0
6527;0;6527;0
6528;0;6528;0
6529;0;6529;0
6530;0;6530;0
6531;0;6531;0
6532;0;6532;0
6533;0;6533;0
6534;0;6534;0
6535;0;6535;0
6536;0;6536;0
6537;0;6537;0
6538;0;6538;0
6539;0;6539;0
6540;0;6540;0
6541;0;6541;0
6542;0;6542;0
6543;0;6543;0
6544;0;6544;0
6545;0;6545;0
6546;0;6546;0
6547;0;6547;0
6548;0;6548;0
6549;0;6549;0
6550;0;6550;0
6551;0;6551;0
6552;0;6552;0
6553;0;6553;0
6554;0;6554;0
6555;0;6555;0
6556;0;6556;0
6557;0;6557;0
6558;0;6558;0
6559;0;6559;0
6560;0;6560;0
6561;0;6561;0
6562;0;6562;0
6563;0;6563;0
6564;0;6564;0
6565;0;6565;0
6566;0;6566;0
6567;0;6567;0
6568;0;6568;0
6569;0;6569;0
6570;0;6570;0
6571;0;6571;0
6572;0;6572;0
6573;0;6573;0
6574;0;6574;0
6575;0;6575;0
6576;0;6576;0
6577;0;6577;0
6578;0;6578;0
6579;0;6579;0
6580;0;6580;0
6581;0;6581;0
6582;0;6582;0
6583;0;6583;0
6584;0;6584;0
6585;0;6585;0
6586;0;6586;0
6587;0;6587;0
6588;0;6588;0
6589;0;6589;0
6590;0;6590;0
6591;0;6591;0
6592;0;6592;0
6593;0;6593;0
6594;0;6594;0
6595;0;6595;0
6596;0;6596;0
6597;0;6597;0
6598;0;6598;0
6599;0;6599;0
6600;0;6600;0
6601;0;6601;0
6602;0;6602;0
6603;0;6603;0
6604;0;6604;0
6605;0;6605;0
6606;0;6606;0
6607;0;6607;0
6608;0;6608;0
6609;0;6609;0
6610;0;6610;0
6611;0;6611;0
6612;0;6612;0
6613;0;6613;0
6614;0;6614;0
6615;0;6615;0
6616;0;6616;0
6617;0;6617;0
6618;0;6618;0
6619;0;6619;0
6620;0;6620;0
6621;0;6621;0
6622;0;6622;0
6623;0;6623;0
6624;0;6624;0
6625;0;6625;0
6626;0;6626;0
6627;0;6627;0
6628;0;6628;0
6629;0;6629;0
6630;0;6630;0
6631;0;6631;0
6632;0;6632;0
6633;0;6633;0
6634;0;6634;0
6635;0;6635;0
6636;0;6636;0
6637;0;6637;0
6638;0;6638;0
6639;0;6639;0
6640;0;6640;0
6641;0;6641;0
6642;0;6642;0
6643;0;6643;0
6644;0;6644;0
6645;0;6645;0
6646;0;6646;0
6647;0;6647;0
6648;0;6648;0
6649;0;6649;0
6650;0;6650;0
6651;0;6651;0
6652;0;6652;0
6653;0;6653;0
6654;0;6654;0
6655;0;6655;0
6656;0;6656;0
6657;0;6657;0
6658;0;6658;0
6659;0;6659;0
6660;0;6660;0
6661;0;6661;0
6662;0;6662;0
6663;0;6663;0
6664;0;6664;0
6665;0;6665;0
6666;0;6666;0
6667;0;6667;0
6668;0;6668;0
6669;0;6669;0
6670;0;6670;0
6671;0;6671;0
6672;0;6672;0
6673;0;6673;0
6674;0;6674;0
6675;0;6675;0
6676;0;6676;0
6677;0;6677;0
6678;0;6678;0
6679;0;6679;0
6680;0;6680;0
6681;0;6681;0
6682;0;6682;0
6683;0;6683;0
6684;0;6684;0
6685;0;6685;0
6686;0;6686;0
6687;0;6687;0
6688;0;6688;0
6689;0;6689;0
6690;0;6690;0
6691;0;6691;0
6692;0;6692;0
6693;0;6693;0
6694;0;6694;0
6695;0;6695;0
6696;0;6696;0
6697;0;6697;0
6698;0;6698;0
6699;0;6699;0
6700;0;6700;0
6701;0;6701;0
6702;0;6702;0
6703;0;6703;0
6704;0;6704;0
6705;0;6705;0
6706;0;6706;0
6707;0;6707;0
6708;0;6708;0
6709;0;6709;0
6710;0;6710;0
6711;0;6711;0
6712;0;6712;0
EOF
