Name;YT Scope Project;
File;C:\Users\kimro\Documents\Bachelor\data\spool_mapping\spool_mapping_run1.csv;
Starttime of export;134166718004100000;fredag 27. februar 2026;14:16:40.410
Endtime of export;134166718066098539;fredag 27. februar 2026;14:16:46.609


Name;fU;Name;fSpoolPosition

0;0;0;-1
1;0;1;-1
2;0;2;-1
3;0;3;-1
4;0;4;-1
5;0;5;-1
6;0;6;-1
7;0;7;-1
8;0;8;-1
9;0;9;-1
10;0;10;-1
11;0;11;-1
12;0;12;-1
13;0;13;-1
14;0;14;-1
15;0;15;-1
16;0;16;-1
17;0;17;-1
18;0;18;-1
19;0;19;-1
20;0;20;-1
21;0;21;-1
22;0;22;-1
23;0;23;-1
24;0;24;-1
25;0;25;-1
26;0;26;-1
27;0;27;-1
28;0;28;-1
29;0;29;-1
30;0;30;-1
31;0;31;-1
32;0;32;-1
33;0;33;-1
34;0;34;-1
35;0;35;-1
36;0;36;-1
37;0;37;-1
38;0;38;-1
39;0;39;-1
40;0;40;-1
41;0;41;-1
42;0;42;-1
43;0;43;-1
44;0;44;-1
45;0;45;-1
46;0;46;-1
47;0;47;-1
48;0;48;-1
49;0;49;-1
50;0;50;-1
51;0;51;-1
52;0;52;-1
53;0;53;-1
54;0;54;-1
55;0;55;-1
56;0;56;-1
57;0;57;-1
58;0;58;-1
59;0;59;-1
60;0;60;-1
61;0;61;-1
62;0;62;-1
63;0;63;-1
64;0;64;-1
65;0;65;-1
66;0;66;-1
67;0;67;-1
68;0;68;-1
69;0;69;-1
70;0;70;-1
71;0;71;-1
72;0;72;-1
73;0;73;-1
74;0;74;-1
75;0;75;-1
76;0;76;-1
77;0;77;-1
78;0;78;-1
79;0;79;-1
80;0;80;-1
81;0;81;-1
82;0;82;-1
83;0;83;-1
84;0;84;-1
85;0;85;-1
86;0;86;-1
87;0;87;-1
88;0;88;-1
89;0;89;-1
90;0;90;-1
91;0;91;-1
92;0;92;-1
93;0;93;-1
94;0;94;-1
95;0;95;-1
96;0;96;-1
97;0;97;-1
98;0;98;-1
99;0;99;-1
100;0;100;-1
101;0;101;-1
102;0;102;-1
103;0;103;-1
104;0;104;-1
105;0;105;-1
106;0;106;-1
107;0;107;-1
108;0;108;-1
109;0;109;-1
110;0;110;-1
111;0;111;-1
112;0;112;-1
113;0;113;-1
114;0;114;-1
115;0;115;-1
116;0;116;-1
117;0;117;-1
118;0;118;-1
119;0;119;-1
120;0;120;-1
121;0;121;-1
122;0;122;-1
123;0;123;-1
124;0;124;-1
125;0;125;-1
126;0;126;-1
127;0;127;-1
128;0;128;-1
129;0;129;-1
130;0;130;-1
131;0;131;-1
132;0;132;-1
133;0;133;-1
134;0;134;-1
135;0;135;-1
136;0;136;-1
137;0;137;-1
138;0;138;-1
139;0;139;-1
140;0;140;-1
141;0;141;-1
142;0;142;-1
143;0;143;-1
144;0;144;-1
145;0;145;-1
146;0;146;-1
147;0;147;-1
148;0;148;-1
149;0;149;-1
150;0;150;-1
151;0;151;-1
152;0;152;-1
153;0;153;-1
154;0;154;-1
155;0;155;-1
156;0;156;-1
157;0;157;-1
158;0;158;-1
159;0;159;-1
160;0;160;-1
161;0;161;-1
162;0;162;-1
163;0;163;-1
164;0;164;-1
165;0;165;-1
166;0;166;-1
167;0;167;-1
168;0;168;-1
169;0;169;-1
170;0;170;-1
171;0;171;-1
172;0;172;-1
173;0;173;-1
174;0;174;-1
175;0;175;-1
176;0;176;-1
177;0;177;-1
178;0;178;-1
179;0;179;-1
180;0;180;-1
181;0;181;-1
182;0;182;-1
183;0;183;-1
184;0;184;-1
185;0;185;-1
186;0;186;-1
187;0;187;-1
188;0;188;-1
189;0;189;-1
190;0;190;-1
191;0;191;-1
192;0;192;-1
193;0;193;-1
194;0;194;-1
195;0;195;-1
196;0;196;-1
197;0;197;-1
198;0;198;-1
199;0;199;-1
200;0;200;-1
201;0;201;-1
202;0;202;-1
203;0;203;-1
204;0;204;-1
205;0;205;-1
206;0;206;-1
207;0;207;-1
208;0;208;-1
209;0;209;-1
210;0;210;-1
211;0;211;-1
212;0;212;-1
213;0;213;-1
214;0;214;-1
215;0;215;-1
216;0;216;-1
217;0;217;-1
218;0;218;-1
219;0;219;-1
220;0;220;-1
221;0;221;-1
222;0;222;-1
223;0;223;-1
224;0;224;-1
225;0;225;-1
226;0;226;-1
227;0;227;-1
228;0;228;-1
229;0;229;-1
230;0;230;-1
231;0;231;-1
232;0;232;-1
233;0;233;-1
234;0;234;-1
235;0;235;-1
236;0;236;-1
237;0;237;-1
238;0;238;-1
239;0;239;-1
240;0;240;-1
241;0;241;-1
242;0;242;-1
243;0;243;-1
244;0;244;-1
245;0;245;-1
246;0;246;-1
247;0;247;-1
248;0;248;-1
249;0;249;-1
250;0;250;-1
251;0;251;-1
252;0;252;-1
253;0;253;-1
254;0;254;-1
255;0;255;-1
256;0;256;-1
257;0;257;-1
258;0;258;-1
259;0;259;-1
260;0;260;-1
261;0;261;-1
262;0;262;-1
263;0;263;-1
264;0;264;-1
265;0;265;-1
266;0;266;-1
267;0;267;-1
268;0;268;-1
269;0;269;-1
270;0;270;-1
271;0;271;-1
272;0;272;-1
273;0;273;-1
274;0;274;-1
275;0;275;-1
276;0;276;-1
277;0;277;-1
278;0;278;-1
279;0;279;-1
280;0;280;-1
281;0;281;-1
282;0;282;-1
283;0;283;-1
284;0;284;-1
285;0;285;-1
286;0;286;-1
287;0;287;-1
288;0;288;-1
289;0;289;-1
290;0;290;-1
291;0;291;-1
292;0;292;-1
293;0;293;-1
294;0;294;-1
295;0;295;-1
296;0;296;-1
297;0;297;-1
298;0;298;-1
299;0;299;-1
300;0;300;-1
301;0;301;-1
302;0;302;-1
303;0;303;-1
304;0;304;-1
305;0;305;-1
306;0;306;-1
307;0;307;-1
308;0;308;-1
309;0;309;-1
310;0;310;-1
311;0;311;-1
312;0;312;-1
313;0;313;-1
314;0;314;-1
315;0;315;-1
316;0;316;-1
317;0;317;-1
318;0;318;-1
319;0;319;-1
320;0;320;-1
321;0;321;-1
322;0;322;-1
323;0;323;-1
324;0;324;-1
325;0;325;-1
326;0;326;-1
327;0;327;-1
328;0;328;-1
329;0;329;-1
330;0;330;-1
331;0;331;-1
332;0;332;-1
333;0;333;-1
334;0;334;-1
335;0;335;-1
336;0;336;-1
337;0;337;-1
338;0;338;-1
339;0;339;-1
340;0;340;-1
341;0;341;-1
342;0;342;-1
343;0;343;-1
344;0;344;-1
345;0;345;-1
346;0;346;-1
347;0;347;-1
348;0;348;-1
349;0;349;-1
350;0;350;-1
351;0;351;-1
352;0;352;-1
353;0;353;-1
354;0;354;-1
355;0;355;-1
356;0;356;-1
357;0;357;-1
358;0;358;-1
359;0;359;-1
360;0;360;-1
361;0;361;-1
362;0;362;-1
363;0;363;-1
364;0;364;-1
365;0;365;-1
366;0;366;-1
367;0;367;-1
368;0;368;-1
369;0;369;-1
370;0;370;-1
371;0;371;-1
372;0;372;-1
373;0;373;-1
374;0;374;-1
375;0;375;-1
376;0;376;-1
377;0;377;-1
378;0;378;-1
379;0;379;-1
380;0;380;-1
381;0;381;-1
382;0;382;-1
383;0;383;-1
384;0;384;-1
385;0;385;-1
386;0;386;-1
387;0;387;-1
388;0;388;-1
389;0;389;-1
390;0;390;-1
391;0;391;-1
392;0;392;-1
393;0;393;-1
394;0;394;-1
395;0;395;-1
396;0;396;-1
397;0;397;-1
398;0;398;-1
399;0;399;-1
400;0;400;-1
401;0;401;-1
402;0;402;-1
403;0;403;-1
404;0;404;-1
405;0;405;-1
406;0;406;-1
407;0;407;-1
408;0;408;-1
409;0;409;-1
410;0;410;-1
411;0;411;-1
412;0;412;-1
413;0;413;-1
414;0;414;-1
415;0;415;-1
416;0;416;-1
417;0;417;-1
418;0;418;-1
419;0;419;-1
420;0;420;-1
421;0;421;-1
422;0;422;-1
423;0;423;-1
424;0;424;-1
425;0;425;-1
426;0;426;-1
427;0;427;-1
428;0;428;-1
429;0;429;-1
430;0;430;-1
431;0;431;-1
432;0;432;-1
433;0;433;-1
434;0;434;-1
435;0;435;-1
436;0;436;-1
437;0;437;-1
438;0;438;-1
439;0;439;-1
440;0;440;-1
441;0;441;-1
442;0;442;-1
443;0;443;-1
444;0;444;-1
445;0;445;-1
446;0;446;-1
447;0;447;-1
448;0;448;-1
449;0;449;-1
450;0;450;-1
451;0;451;-1
452;0;452;-1
453;0;453;-1
454;0;454;-1
455;0;455;-1
456;0;456;-1
457;0;457;-1
458;0;458;-1
459;0;459;-1
460;0;460;-1
461;0;461;-1
462;0;462;-1
463;0;463;-1
464;0;464;-1
465;0;465;-1
466;0;466;-1
467;0;467;-1
468;0;468;-1
469;0;469;-1
470;0;470;-1
471;0;471;-1
472;0;472;-1
473;0;473;-1
474;0;474;-1
475;0;475;-1
476;0;476;-1
477;0;477;-1
478;0;478;-1
479;0;479;-1
480;0;480;-1
481;0;481;-1
482;0;482;-1
483;0;483;-1
484;0;484;-1
485;0;485;-1
486;0;486;-1
487;0;487;-1
488;0;488;-1
489;0;489;-1
490;0;490;-1
491;0;491;-1
492;0;492;-1
493;0;493;-1
494;0;494;-1
495;0;495;-1
496;0;496;-1
497;0;497;-1
498;0;498;-1
499;0;499;-1
500;0;500;-1
501;0;501;-1
502;0;502;-1
503;0;503;-1
504;0;504;-1
505;0;505;-1
506;0;506;-1
507;0;507;-1
508;0;508;-1
509;0;509;-1
510;0;510;-1
511;0;511;-1
512;0;512;-1
513;0;513;-1
514;0;514;-1
515;0;515;-1
516;0;516;-1
517;0;517;-1
518;0;518;-1
519;0;519;-1
520;0;520;-1
521;0;521;-1
522;0;522;-1
523;0;523;-1
524;0;524;-1
525;0;525;-1
526;0;526;-1
527;0;527;-1
528;0;528;-1
529;0;529;-1
530;0;530;-1
531;0;531;-1
532;0;532;-1
533;0;533;-1
534;0;534;-1
535;0;535;-1
536;0;536;-1
537;0;537;-1
538;0;538;-1
539;0;539;-1
540;0;540;-1
541;0;541;-1
542;0;542;-1
543;0;543;-1
544;0;544;-1
545;0;545;-1
546;0;546;-1
547;0;547;-1
548;0;548;-1
549;0;549;-1
550;0;550;-1
551;0;551;-1
552;0;552;-1
553;0;553;-1
554;0;554;-1
555;0;555;-1
556;0;556;-1
557;0;557;-1
558;0;558;-1
559;0;559;-1
560;0;560;-1
561;0;561;-1
562;0;562;-1
563;0;563;-1
564;0;564;-1
565;0;565;-1
566;0;566;-1
567;0;567;-1
568;0;568;-1
569;0;569;-1
570;0;570;-1
571;0;571;-1
572;0;572;-1
573;0;573;-1
574;0;574;-1
575;0;575;-1
576;0;576;-1
577;0;577;-1
578;0;578;-1
579;0;579;-1
580;0;580;-1
581;0;581;-1
582;0;582;-1
583;0;583;-1
584;0;584;-1
585;0;585;-1
586;0;586;-1
587;0;587;-1
588;0;588;-1
589;0;589;-1
590;0;590;-1
591;0;591;-1
592;0;592;-1
593;0;593;-1
594;0;594;-1
595;0;595;-1
596;0;596;-1
597;0;597;-1
598;0;598;-1
599;0;599;-1
600;0;600;-1
601;0;601;-1
602;0;602;-1
603;0;603;-1
604;0;604;-1
605;0;605;-1
606;0;606;-1
607;0;607;-1
608;0;608;-1
609;0;609;-1
610;0;610;-1
611;0;611;-1
612;0;612;-1
613;0;613;-1
614;-0,0002;614;-1
615;-0,0004;615;-1
616;-0,00060000000000000006;616;-1
617;-0,0008;617;-1
618;-0,001;618;-1
619;-0,0012000000000000001;619;-1
620;-0,0014;620;-1
621;-0,0016;621;-1
622;-0,0018;622;-1
623;-0,002;623;-1
624;-0,0021999999999999997;624;-1
625;-0,0024000000000000002;625;-1
626;-0,0026;626;-1
627;-0,0028;627;-1
628;-0,003;628;-1
629;-0,0032;629;-1
630;-0,0034000000000000002;630;-0,95845004668534084
631;-0,0036;631;-0,83706816059757239
632;-0,0038;632;-0,71568627450980393
633;-0,004;633;-0,71568627450980393
634;-0,0042000000000000006;634;-0,59430438842203548
635;-0,0043999999999999994;635;-0,47245564892623715
636;-0,0046;636;-0,35060690943043882
637;-0,0048000000000000004;637;-0,22852474323062558
638;-0,005;638;-0,22852474323062558
639;-0,0052;639;-0,10667600373482726
640;-0,0054;640;-0,015639589169000934
641;-0,0056;641;-0,015172735760971055
642;-0,0058000000000000005;642;-0,01353874883286648
643;-0,006;643;-0,01353874883286648
644;-0,0062;644;-0,012605042016806723
645;-0,0064;645;-0,012138188608776844
646;-0,0066;646;-0,011204481792717087
647;-0,0068000000000000005;647;-0,010737628384687208
648;-0,007000000000000001;648;-0,010737628384687208
649;-0,0072;649;-0,01050420168067227
650;-0,0073999999999999995;650;-0,01027077497665733
651;-0,0076;651;-0,00980392156862745
652;-0,0078;652;-0,0091036414565826337
653;-0,008;653;-0,0091036414565826337
654;-0,0082;654;-0,008636788048552755
655;-0,0084000000000000012;655;-0,0088702147525676935
656;-0,0086;656;-0,0088702147525676935
657;-0,0087999999999999988;657;-0,0091036414565826337
658;-0,009;658;-0,0091036414565826337
659;-0,0092;659;-0,0088702147525676935
660;-0,0094;660;-0,008636788048552755
661;-0,0096000000000000009;661;-0,0084033613445378148
662;-0,0098;662;-0,0081699346405228763
663;-0,01;663;-0,0081699346405228763
664;-0,010199999999999999;664;-0,0074696545284780582
665;-0,0104;665;-0,0070028011204481795
666;-0,0106;666;-0,00676937441643324
667;-0,0108;667;-0,0065359477124183009
668;-0,011;668;-0,0065359477124183009
669;-0,0112;669;-0,0063025210084033615
670;-0,0114;670;-0,0065359477124183009
671;-0,011600000000000001;671;-0,0070028011204481795
672;-0,0118;672;-0,0074696545284780582
673;-0,012;673;-0,0074696545284780582
674;-0,012199999999999999;674;-0,0081699346405228763
675;-0,0124;675;-0,0081699346405228763
676;-0,0126;676;-0,0081699346405228763
677;-0,0128;677;-0,0077030812324929976
678;-0,013000000000000001;678;-0,0077030812324929976
679;-0,0132;679;-0,0077030812324929976
680;-0,0134;680;-0,008636788048552755
681;-0,013600000000000001;681;-0,0091036414565826337
682;-0,013800000000000002;682;-0,0093370681605975722
683;-0,014000000000000002;683;-0,0093370681605975722
684;-0,014199999999999999;684;-0,0093370681605975722
685;-0,0144;685;-0,0091036414565826337
686;-0,014599999999999998;686;-0,0088702147525676935
687;-0,014799999999999999;687;-0,008636788048552755
688;-0,015;688;-0,008636788048552755
689;-0,0152;689;-0,0084033613445378148
690;-0,0154;690;-0,0081699346405228763
691;-0,0156;691;-0,0081699346405228763
692;-0,0158;692;-0,0074696545284780582
693;-0,016;693;-0,0074696545284780582
694;-0,0162;694;-0,0070028011204481795
695;-0,0164;695;-0,0074696545284780582
696;-0,0166;696;-0,0077030812324929976
697;-0,016800000000000002;697;-0,008636788048552755
698;-0,017;698;-0,008636788048552755
699;-0,0172;699;-0,0088702147525676935
700;-0,0174;700;-0,008636788048552755
701;-0,017599999999999998;701;-0,008636788048552755
702;-0,0178;702;-0,008636788048552755
703;-0,018;703;-0,008636788048552755
704;-0,0182;704;-0,0091036414565826337
705;-0,0184;705;-0,010037348272642391
706;-0,0186;706;-0,01050420168067227
707;-0,0188;707;-0,010737628384687208
708;-0,019;708;-0,010737628384687208
709;-0,019200000000000002;709;-0,010737628384687208
710;-0,0194;710;-0,01050420168067227
711;-0,0196;711;-0,00980392156862745
712;-0,0198;712;-0,0093370681605975722
713;-0,02;713;-0,0093370681605975722
714;-0,020200000000000003;714;-0,0091036414565826337
715;-0,020399999999999998;715;-0,0088702147525676935
716;-0,0206;716;-0,0084033613445378148
717;-0,0208;717;-0,0081699346405228763
718;-0,020999999999999998;718;-0,0081699346405228763
719;-0,0212;719;-0,0077030812324929976
720;-0,0214;720;-0,0084033613445378148
721;-0,0216;721;-0,0088702147525676935
722;-0,0218;722;-0,00980392156862745
723;-0,022;723;-0,00980392156862745
724;-0,0222;724;-0,0093370681605975722
725;-0,0224;725;-0,0093370681605975722
726;-0,022600000000000002;726;-0,0093370681605975722
727;-0,0228;727;-0,010037348272642391
728;-0,023;728;-0,010037348272642391
729;-0,023200000000000002;729;-0,010737628384687208
730;-0,0234;730;-0,011204481792717087
731;-0,0236;731;-0,011904761904761904
732;-0,023799999999999998;732;-0,012138188608776844
733;-0,024;733;-0,012371615312791783
734;-0,0242;734;-0,012371615312791783
735;-0,024399999999999998;735;-0,011904761904761904
736;-0,0246;736;-0,011671335200746966
737;-0,0248;737;-0,011671335200746966
738;-0,025;738;-0,011204481792717087
739;-0,0252;739;-0,011204481792717087
740;-0,0254;740;-0,010971055088702147
741;-0,0256;741;-0,010737628384687208
742;-0,0258;742;-0,010737628384687208
743;-0,026000000000000002;743;-0,010971055088702147
744;-0,0262;744;-0,010971055088702147
745;-0,0264;745;-0,011904761904761904
746;-0,026600000000000002;746;-0,012605042016806723
747;-0,0268;747;-0,01330532212885154
748;-0,027000000000000003;748;-0,01353874883286648
749;-0,027200000000000002;749;-0,01353874883286648
750;-0,0274;750;-0,014005602240896359
751;-0,027600000000000003;751;-0,014239028944911298
752;-0,027800000000000002;752;-0,015406162464985995
753;-0,028000000000000004;753;-0,016339869281045753
754;-0,028199999999999996;754;-0,016339869281045753
755;-0,028399999999999998;755;-0,017507002801120448
756;-0,028599999999999997;756;-0,018440709617180206
757;-0,0288;757;-0,018907563025210083
758;-0,028999999999999998;758;-0,019374416433239963
759;-0,029199999999999997;759;-0,019374416433239963
760;-0,0294;760;-0,019374416433239963
761;-0,029599999999999998;761;-0,0196078431372549
762;-0,0298;762;-0,0196078431372549
763;-0,03;763;-0,020308123249299721
764;-0,030199999999999998;764;-0,020308123249299721
765;-0,0304;765;-0,020308123249299721
766;-0,0306;766;-0,020541549953314659
767;-0,0308;767;-0,020541549953314659
768;-0,031;768;-0,021241830065359478
769;-0,0312;769;-0,021241830065359478
770;-0,0314;770;-0,022408963585434174
771;-0,0316;771;-0,023809523809523808
772;-0,0318;772;-0,024276377217553689
773;-0,032;773;-0,024509803921568627
774;-0,0322;774;-0,024509803921568627
775;-0,0324;775;-0,025443510737628384
776;-0,032600000000000004;776;-0,025910364145658265
777;-0,0328;777;-0,027077497665732961
778;-0,033;778;-0,028244631185807657
779;-0,0332;779;-0,028244631185807657
780;-0,0334;780;-0,029178338001867414
781;-0,033600000000000005;781;-0,029878618113912233
782;-0,033800000000000004;782;-0,030578898225957048
783;-0,034;783;-0,030578898225957048
784;-0,0342;784;-0,030578898225957048
785;-0,0344;785;-0,030578898225957048
786;-0,0346;786;-0,03081232492997199
787;-0,0348;787;-0,03081232492997199
788;-0,034999999999999996;788;-0,031045751633986929
789;-0,035199999999999995;789;-0,031045751633986929
790;-0,0354;790;-0,03081232492997199
791;-0,0356;791;-0,031279178338001867
792;-0,0358;792;-0,031279178338001867
793;-0,036;793;-0,032679738562091505
794;-0,036199999999999996;794;-0,032679738562091505
795;-0,0364;795;-0,0338468720821662
796;-0,0366;796;-0,0350140056022409
797;-0,0368;797;-0,035714285714285712
798;-0,037;798;-0,036181139122315596
799;-0,0372;799;-0,036181139122315596
800;-0,0374;800;-0,036647992530345473
801;-0,0376;801;-0,037815126050420166
802;-0,0378;802;-0,0392156862745098
803;-0,038;803;-0,040149393090569564
804;-0,0382;804;-0,040149393090569564
805;-0,038400000000000004;805;-0,041083099906629318
806;-0,0386;806;-0,041783380018674134
807;-0,0388;807;-0,042483660130718956
808;-0,039;808;-0,042717086834733894
809;-0,0392;809;-0,042717086834733894
810;-0,039400000000000004;810;-0,042950513538748833
811;-0,0396;811;-0,042717086834733894
812;-0,0398;812;-0,042950513538748833
813;-0,04;813;-0,042717086834733894
814;-0,0402;814;-0,042717086834733894
815;-0,040400000000000005;815;-0,042717086834733894
816;-0,040600000000000004;816;-0,042950513538748833
817;-0,040799999999999996;817;-0,043183940242763771
818;-0,040999999999999995;818;-0,044351073762838471
819;-0,0412;819;-0,044351073762838471
820;-0,0414;820;-0,045284780578898225
821;-0,0416;821;-0,046451914098972924
822;-0,0418;822;-0,0469187675070028
823;-0,041999999999999996;823;-0,047619047619047616
824;-0,0422;824;-0,047619047619047616
825;-0,0424;825;-0,0480859010270775
826;-0,0426;826;-0,049486461251167131
827;-0,0428;827;-0,050420168067226892
828;-0,043;828;-0,051587301587301584
829;-0,0432;829;-0,051587301587301584
830;-0,0434;830;-0,052287581699346407
831;-0,0436;831;-0,053221288515406161
832;-0,0438;832;-0,053688141923436038
833;-0,044;833;-0,053688141923436038
834;-0,0442;834;-0,053688141923436038
835;-0,0444;835;-0,0546218487394958
836;-0,0446;836;-0,0546218487394958
837;-0,0448;837;-0,054855275443510737
838;-0,045;838;-0,054855275443510737
839;-0,045200000000000004;839;-0,054855275443510737
840;-0,0454;840;-0,0546218487394958
841;-0,0456;841;-0,054855275443510737
842;-0,0458;842;-0,055088702147525676
843;-0,046;843;-0,056255835667600375
844;-0,046200000000000005;844;-0,056255835667600375
845;-0,046400000000000004;845;-0,057189542483660129
846;-0,0466;846;-0,05812324929971989
847;-0,0468;847;-0,058356676003734828
848;-0,047;848;-0,058823529411764705
849;-0,0472;849;-0,058823529411764705
850;-0,0474;850;-0,059290382819794582
851;-0,047599999999999996;851;-0,060457516339869281
852;-0,047799999999999995;852;-0,061624649859943981
853;-0,048;853;-0,062558356676003735
854;-0,0482;854;-0,062558356676003735
855;-0,0484;855;-0,063025210084033612
856;-0,0486;856;-0,063725490196078427
857;-0,048799999999999996;857;-0,063958916900093365
858;-0,049;858;-0,063958916900093365
859;-0,0492;859;-0,063958916900093365
860;-0,0494;860;-0,0641923436041083
861;-0,0496;861;-0,0641923436041083
862;-0,0498;862;-0,064892623716153133
863;-0,05;863;-0,064892623716153133
864;-0,0502;864;-0,064892623716153133
865;-0,0504;865;-0,06535947712418301
866;-0,0506;866;-0,065592903828197949
867;-0,0508;867;-0,0665266106442577
868;-0,051000000000000004;868;-0,067460317460317457
869;-0,0512;869;-0,067460317460317457
870;-0,0514;870;-0,068627450980392163
871;-0,0516;871;-0,06909430438842204
872;-0,0518;872;-0,069561157796451917
873;-0,052000000000000005;873;-0,0700280112044818
874;-0,0522;874;-0,0700280112044818
875;-0,0524;875;-0,070494864612511671
876;-0,0526;876;-0,071661998132586363
877;-0,0528;877;-0,072595704948646131
878;-0,053000000000000005;878;-0,073762838468720823
879;-0,053200000000000004;879;-0,073762838468720823
880;-0,0534;880;-0,074463118580765639
881;-0,0536;881;-0,075163398692810454
882;-0,0538;882;-0,075163398692810454
883;-0,054000000000000006;883;-0,075163398692810454
884;-0,054200000000000005;884;-0,075163398692810454
885;-0,054400000000000004;885;-0,074463118580765639
886;-0,0546;886;-0,074463118580765639
887;-0,0548;887;-0,074696545284780577
888;-0,055000000000000007;888;-0,075163398692810454
889;-0,055200000000000006;889;-0,075163398692810454
890;-0,055400000000000005;890;-0,075163398692810454
891;-0,055600000000000004;891;-0,075396825396825393
892;-0,0558;892;-0,07633053221288516
893;-0,056000000000000008;893;-0,077731092436974791
894;-0,056200000000000007;894;-0,077731092436974791
895;-0,056399999999999992;895;-0,078898225957049484
896;-0,0566;896;-0,079365079365079361
897;-0,056799999999999996;897;-0,079831932773109238
898;-0,056999999999999995;898;-0,080532212885154067
899;-0,057199999999999994;899;-0,080532212885154067
900;-0,057399999999999993;900;-0,081465919701213821
901;-0,0576;901;-0,082866479925303452
902;-0,0578;902;-0,084033613445378158
903;-0,057999999999999996;903;-0,084733893557422973
904;-0,058199999999999995;904;-0,084733893557422973
905;-0,058399999999999994;905;-0,085667600373482727
906;-0,0586;906;-0,0861344537815126
907;-0,0588;907;-0,0861344537815126
908;-0,059;908;-0,085901027077497666
909;-0,059199999999999996;909;-0,085901027077497666
910;-0,059399999999999994;910;-0,085901027077497666
911;-0,0596;911;-0,0861344537815126
912;-0,0598;912;-0,085901027077497666
913;-0,06;913;-0,085667600373482727
914;-0,0602;914;-0,085667600373482727
915;-0,060399999999999995;915;-0,085667600373482727
916;-0,0606;916;-0,085901027077497666
917;-0,0608;917;-0,087068160597572358
918;-0,061;918;-0,088001867413632126
919;-0,0612;919;-0,088001867413632126
920;-0,061399999999999996;920;-0,088468720821662
921;-0,0616;921;-0,08893557422969188
922;-0,0618;922;-0,089402427637721757
923;-0,062;923;-0,089869281045751634
924;-0,0622;924;-0,089869281045751634
925;-0,0624;925;-0,091269841269841265
926;-0,0626;926;-0,09267040149393091
927;-0,0628;927;-0,093604108309990663
928;-0,063;928;-0,094537815126050417
929;-0,0632;929;-0,094537815126050417
930;-0,0634;930;-0,095238095238095233
931;-0,0636;931;-0,095938375350140062
932;-0,0638;932;-0,095938375350140062
933;-0,064;933;-0,096171802054155
934;-0,064200000000000007;934;-0,096171802054155
935;-0,0644;935;-0,096171802054155
936;-0,0646;936;-0,096405228758169939
937;-0,0648;937;-0,096405228758169939
938;-0,065;938;-0,096405228758169939
939;-0,065200000000000008;939;-0,096405228758169939
940;-0,0654;940;-0,096405228758169939
941;-0,0656;941;-0,096638655462184878
942;-0,0658;942;-0,098039215686274508
943;-0,066;943;-0,0992063492063492
944;-0,066200000000000009;944;-0,0992063492063492
945;-0,0664;945;-0,099673202614379092
946;-0,0666;946;-0,09990662931839403
947;-0,0668;947;-0,10037348272642391
948;-0,067;948;-0,10107376283846872
949;-0,06720000000000001;949;-0,10107376283846872
950;-0,0674;950;-0,10200746965452848
951;-0,067600000000000007;951;-0,10317460317460317
952;-0,0678;952;-0,10457516339869281
953;-0,068;953;-0,10504201680672269
954;-0,068200000000000011;954;-0,10504201680672269
955;-0,0684;955;-0,10597572362278244
956;-0,068600000000000008;956;-0,10620915032679738
957;-0,0688;957;-0,10620915032679738
958;-0,068999999999999992;958;-0,10644257703081232
959;-0,0692;959;-0,10644257703081232
960;-0,069399999999999989;960;-0,10644257703081232
961;-0,0696;961;-0,1069094304388422
962;-0,0698;962;-0,1069094304388422
963;-0,069999999999999993;963;-0,10737628384687208
964;-0,0702;964;-0,10737628384687208
965;-0,07039999999999999;965;-0,10784313725490197
966;-0,0706;966;-0,10854341736694678
967;-0,0708;967;-0,10971055088702147
968;-0,071;968;-0,1111111111111111
969;-0,0712;969;-0,1111111111111111
970;-0,071399999999999991;970;-0,111577964519141
971;-0,0716;971;-0,11204481792717087
972;-0,0718;972;-0,11251167133520075
973;-0,072;973;-0,1134453781512605
974;-0,0722;974;-0,1134453781512605
975;-0,072399999999999992;975;-0,11484593837535013
976;-0,0726;976;-0,1157796451914099
977;-0,0728;977;-0,11694677871148459
978;-0,073;978;-0,11811391223155929
979;-0,0732;979;-0,11811391223155929
980;-0,073399999999999993;980;-0,11858076563958916
981;-0,0736;981;-0,1188141923436041
982;-0,0738;982;-0,119281045751634
983;-0,074;983;-0,1188141923436041
984;-0,0742;984;-0,1188141923436041
985;-0,0744;985;-0,1188141923436041
986;-0,0746;986;-0,11904761904761904
987;-0,0748;987;-0,11904761904761904
988;-0,075;988;-0,11904761904761904
989;-0,0752;989;-0,11904761904761904
990;-0,0754;990;-0,119281045751634
991;-0,0756;991;-0,12068160597572362
992;-0,0758;992;-0,12184873949579832
993;-0,076;993;-0,12278244631185807
994;-0,0762;994;-0,12278244631185807
995;-0,0764;995;-0,1234827264239029
996;-0,0766;996;-0,12394957983193278
997;-0,076800000000000007;997;-0,12441643323996265
998;-0,077;998;-0,12535014005602241
999;-0,0772;999;-0,12535014005602241
1000;-0,0774;1000;-0,12675070028011204
1001;-0,0776;1001;-0,12768440709617179
1002;-0,077800000000000008;1002;-0,12791783380018673
1003;-0,078;1003;-0,12885154061624648
1004;-0,0782;1004;-0,12885154061624648
1005;-0,0784;1005;-0,12931839402427639
1006;-0,0786;1006;-0,12955182072829133
1007;-0,078800000000000009;1007;-0,13001867413632121
1008;-0,079;1008;-0,13025210084033614
1009;-0,0792;1009;-0,13025210084033614
1010;-0,0794;1010;-0,13025210084033614
1011;-0,0796;1011;-0,13025210084033614
1012;-0,07980000000000001;1012;-0,13025210084033614
1013;-0,08;1013;-0,13025210084033614
1014;-0,080200000000000007;1014;-0,13025210084033614
1015;-0,0804;1015;-0,13048552754435108
1016;-0,0806;1016;-0,13188608776844071
1017;-0,080800000000000011;1017;-0,13305322128851541
1018;-0,081;1018;-0,13398692810457516
1019;-0,081200000000000008;1019;-0,13398692810457516
1020;-0,0814;1020;-0,13445378151260504
1021;-0,081599999999999992;1021;-0,13515406162464985
1022;-0,0818;1022;-0,13585434173669467
1023;-0,08199999999999999;1023;-0,13725490196078433
1024;-0,0822;1024;-0,13725490196078433
1025;-0,0824;1025;-0,13818860877684408
1026;-0,082599999999999993;1026;-0,13958916900093371
1027;-0,0828;1027;-0,14028944911297853
1028;-0,08299999999999999;1028;-0,14098972922502334
1029;-0,0832;1029;-0,14098972922502334
1030;-0,0834;1030;-0,14145658263305322
1031;-0,0836;1031;-0,14145658263305322
1032;-0,0838;1032;-0,14169000933706816
1033;-0,083999999999999991;1033;-0,14169000933706816
1034;-0,0842;1034;-0,14169000933706816
1035;-0,0844;1035;-0,14215686274509803
1036;-0,0846;1036;-0,14169000933706816
1037;-0,0848;1037;-0,14239028944911297
1038;-0,084999999999999992;1038;-0,14239028944911297
1039;-0,0852;1039;-0,14239028944911297
1040;-0,0854;1040;-0,14332399626517273
1041;-0,0856;1041;-0,14449112978524742
1042;-0,0858;1042;-0,14565826330532214
1043;-0,086;1043;-0,14612511671335202
1044;-0,0862;1044;-0,14612511671335202
1045;-0,0864;1045;-0,14659197012138189
1046;-0,0866;1046;-0,14682539682539683
1047;-0,0868;1047;-0,14752567693744165
1048;-0,087;1048;-0,1484593837535014
1049;-0,0872;1049;-0,1484593837535014
1050;-0,0874;1050;-0,14962651727357609
1051;-0,0876;1051;-0,15079365079365079
1052;-0,0878;1052;-0,1514939309056956
1053;-0,088;1053;-0,15242763772175538
1054;-0,0882;1054;-0,15242763772175538
1055;-0,0884;1055;-0,15289449112978526
1056;-0,0886;1056;-0,15289449112978526
1057;-0,0888;1057;-0,15242763772175538
1058;-0,089;1058;-0,15266106442577032
1059;-0,0892;1059;-0,15266106442577032
1060;-0,089400000000000007;1060;-0,15266106442577032
1061;-0,0896;1061;-0,15289449112978526
1062;-0,0898;1062;-0,15289449112978526
1063;-0,09;1063;-0,1531279178338002
1064;-0,0902;1064;-0,1531279178338002
1065;-0,090400000000000008;1065;-0,15359477124183007
1066;-0,0906;1066;-0,15499533146591971
1067;-0,0908;1067;-0,1561624649859944
1068;-0,091;1068;-0,15662931839402428
1069;-0,0912;1069;-0,15662931839402428
1070;-0,091400000000000009;1070;-0,15709617180205415
1071;-0,0916;1071;-0,15756302521008403
1072;-0,0918;1072;-0,15826330532212884
1073;-0,092;1073;-0,15943043884220354
1074;-0,0922;1074;-0,15943043884220354
1075;-0,09240000000000001;1075;-0,16036414565826332
1076;-0,0926;1076;-0,16129785247432307
1077;-0,092800000000000007;1077;-0,16176470588235295
1078;-0,093;1078;-0,16223155929038283
1079;-0,0932;1079;-0,16223155929038283
1080;-0,093400000000000011;1080;-0,16223155929038283
1081;-0,0936;1081;-0,16199813258636789
1082;-0,0938;1082;-0,16199813258636789
1083;-0,094;1083;-0,16199813258636789
1084;-0,094199999999999992;1084;-0,16199813258636789
1085;-0,0944;1085;-0,1626984126984127
1086;-0,09459999999999999;1086;-0,16223155929038283
1087;-0,0948;1087;-0,16223155929038283
1088;-0,095;1088;-0,16293183940242764
1089;-0,095199999999999993;1089;-0,16293183940242764
1090;-0,0954;1090;-0,1638655462184874
1091;-0,095599999999999991;1091;-0,16526610644257703
1092;-0,0958;1092;-0,16619981325863678
1093;-0,096;1093;-0,16666666666666666
1094;-0,0962;1094;-0,16713352007469653
1095;-0,0964;1095;-0,16713352007469653
1096;-0,096599999999999991;1096;-0,16783380018674135
1097;-0,0968;1097;-0,16876750700280113
1098;-0,097;1098;-0,17016806722689076
1099;-0,0972;1099;-0,17086834733893558
1100;-0,0974;1100;-0,17086834733893558
1101;-0,097599999999999992;1101;-0,17180205415499533
1102;-0,0978;1102;-0,17250233426704015
1103;-0,098;1103;-0,1734360410830999
1104;-0,0982;1104;-0,1734360410830999
1105;-0,0984;1105;-0,1734360410830999
1106;-0,0986;1106;-0,17366946778711484
1107;-0,0988;1107;-0,17366946778711484
1108;-0,099;1108;-0,17366946778711484
1109;-0,0992;1109;-0,17366946778711484
1110;-0,0994;1110;-0,17366946778711484
1111;-0,0996;1111;-0,17366946778711484
1112;-0,0998;1112;-0,17390289449112978
1113;-0,1;1113;-0,17413632119514472
1114;-0,1002;1114;-0,17553688141923435
1115;-0,1004;1115;-0,17553688141923435
1116;-0,1006;1116;-0,176937441643324
1117;-0,1008;1117;-0,17763772175536882
1118;-0,101;1118;-0,17833800186741364
1119;-0,1012;1119;-0,17903828197945845
1120;-0,1014;1120;-0,17903828197945845
1121;-0,1016;1121;-0,17997198879551821
1122;-0,1018;1122;-0,18090569561157796
1123;-0,10200000000000001;1123;-0,18230625583566759
1124;-0,1022;1124;-0,18347338935574228
1125;-0,1024;1125;-0,18347338935574228
1126;-0,1026;1126;-0,18394024276377219
1127;-0,1028;1127;-0,184640522875817
1128;-0,10300000000000001;1128;-0,18534080298786182
1129;-0,1032;1129;-0,18534080298786182
1130;-0,1034;1130;-0,18534080298786182
1131;-0,1036;1131;-0,18534080298786182
1132;-0,1038;1132;-0,18557422969187676
1133;-0,10400000000000001;1133;-0,1858076563958917
1134;-0,1042;1134;-0,18557422969187676
1135;-0,1044;1135;-0,18557422969187676
1136;-0,1046;1136;-0,18604108309990663
1137;-0,1048;1137;-0,18627450980392157
1138;-0,10500000000000001;1138;-0,18720821661998133
1139;-0,1052;1139;-0,18837535014005602
1140;-0,10540000000000001;1140;-0,18837535014005602
1141;-0,1056;1141;-0,18954248366013071
1142;-0,1058;1142;-0,19024276377217553
1143;-0,10600000000000001;1143;-0,1907096171802054
1144;-0,1062;1144;-0,19117647058823528
1145;-0,10640000000000001;1145;-0,19117647058823528
1146;-0,1066;1146;-0,19187675070028012
1147;-0,1068;1147;-0,19281045751633988
1148;-0,10700000000000001;1148;-0,19397759103641457
1149;-0,1072;1149;-0,1953781512605042
1150;-0,10740000000000001;1150;-0,1953781512605042
1151;-0,1076;1151;-0,19584500466853408
1152;-0,1078;1152;-0,19631185807656396
1153;-0,10800000000000001;1153;-0,19654528478057889
1154;-0,1082;1154;-0,19654528478057889
1155;-0,10840000000000001;1155;-0,19654528478057889
1156;-0,1086;1156;-0,19607843137254902
1157;-0,10880000000000001;1157;-0,19631185807656396
1158;-0,10900000000000001;1158;-0,19631185807656396
1159;-0,1092;1159;-0,19607843137254902
1160;-0,10940000000000001;1160;-0,19607843137254902
1161;-0,1096;1161;-0,19607843137254902
1162;-0,10980000000000001;1162;-0,19631185807656396
1163;-0,11000000000000001;1163;-0,19724556489262371
1164;-0,1102;1164;-0,19817927170868346
1165;-0,11040000000000001;1165;-0,19817927170868346
1166;-0,1106;1166;-0,19957983193277312
1167;-0,11080000000000001;1167;-0,200046685340803
1168;-0,11100000000000002;1168;-0,20074696545284781
1169;-0,11120000000000001;1169;-0,20098039215686275
1170;-0,11140000000000001;1170;-0,20098039215686275
1171;-0,1116;1171;-0,20214752567693745
1172;-0,11180000000000001;1172;-0,20331465919701214
1173;-0,11200000000000002;1173;-0,20471521942110177
1174;-0,11220000000000001;1174;-0,20588235294117646
1175;-0,11240000000000001;1175;-0,20588235294117646
1176;-0,11259999999999999;1176;-0,20658263305322128
1177;-0,11279999999999998;1177;-0,20728291316526612
1178;-0,11299999999999999;1178;-0,20728291316526612
1179;-0,1132;1179;-0,20798319327731093
1180;-0,11339999999999999;1180;-0,20798319327731093
1181;-0,11359999999999999;1181;-0,20798319327731093
1182;-0,11379999999999998;1182;-0,20821661998132587
1183;-0,11399999999999999;1183;-0,20845004668534081
1184;-0,1142;1184;-0,20845004668534081
1185;-0,11439999999999999;1185;-0,20845004668534081
1186;-0,1146;1186;-0,20868347338935575
1187;-0,11479999999999999;1187;-0,20915032679738563
1188;-0,11499999999999999;1188;-0,21008403361344538
1189;-0,1152;1189;-0,21125116713352007
1190;-0,11539999999999999;1190;-0,21125116713352007
1191;-0,1156;1191;-0,21241830065359477
1192;-0,11579999999999999;1192;-0,2126517273576097
1193;-0,11599999999999999;1193;-0,21311858076563958
1194;-0,1162;1194;-0,21358543417366946
1195;-0,11639999999999999;1195;-0,21358543417366946
1196;-0,1166;1196;-0,21475256769374415
1197;-0,11679999999999999;1197;-0,21615312791783381
1198;-0,11699999999999999;1198;-0,21685340802987862
1199;-0,1172;1199;-0,21708683473389356
1200;-0,11739999999999999;1200;-0,21708683473389356
1201;-0,1176;1201;-0,21778711484593838
1202;-0,11779999999999999;1202;-0,21825396825396826
1203;-0,118;1203;-0,21825396825396826
1204;-0,1182;1204;-0,21848739495798319
1205;-0,11839999999999999;1205;-0,21848739495798319
1206;-0,1186;1206;-0,21872082166199813
1207;-0,11879999999999999;1207;-0,21872082166199813
1208;-0,119;1208;-0,21872082166199813
1209;-0,1192;1209;-0,21872082166199813
1210;-0,11939999999999999;1210;-0,21872082166199813
1211;-0,1196;1211;-0,21872082166199813
1212;-0,11979999999999999;1212;-0,21895424836601307
1213;-0,12;1213;-0,2203548085901027
1214;-0,1202;1214;-0,22152194211017739
1215;-0,1204;1215;-0,22152194211017739
1216;-0,1206;1216;-0,22222222222222221
1217;-0,12079999999999999;1217;-0,22245564892623715
1218;-0,121;1218;-0,22338935574229693
1219;-0,1212;1219;-0,22385620915032681
1220;-0,1214;1220;-0,22385620915032681
1221;-0,1216;1221;-0,2250233426704015
1222;-0,12179999999999999;1222;-0,22619047619047619
1223;-0,122;1223;-0,22712418300653595
1224;-0,1222;1224;-0,2280578898225957
1225;-0,1224;1225;-0,2280578898225957
1226;-0,1226;1226;-0,22852474323062558
1227;-0,12279999999999999;1227;-0,22899159663865545
1228;-0,123;1228;-0,22899159663865545
1229;-0,1232;1229;-0,22922502334267039
1230;-0,1234;1230;-0,22922502334267039
1231;-0,1236;1231;-0,22922502334267039
1232;-0,1238;1232;-0,23015873015873015
1233;-0,124;1233;-0,22992530345471521
1234;-0,1242;1234;-0,22992530345471521
1235;-0,1244;1235;-0,22992530345471521
1236;-0,1246;1236;-0,23039215686274508
1237;-0,1248;1237;-0,23062558356676005
1238;-0,125;1238;-0,23202614379084968
1239;-0,1252;1239;-0,23342670401493931
1240;-0,1254;1240;-0,23342670401493931
1241;-0,1256;1241;-0,23389355742296919
1242;-0,1258;1242;-0,23482726423902894
1243;-0,126;1243;-0,23529411764705882
1244;-0,1262;1244;-0,2357609710550887
1245;-0,1264;1245;-0,2357609710550887
1246;-0,1266;1246;-0,23716153127917833
1247;-0,1268;1247;-0,23832866479925305
1248;-0,127;1248;-0,2392623716153128
1249;-0,1272;1249;-0,23996265172735762
1250;-0,1274;1250;-0,23996265172735762
1251;-0,1276;1251;-0,24066293183940243
1252;-0,1278;1252;-0,24042950513538749
1253;-0,128;1253;-0,24042950513538749
1254;-0,1282;1254;-0,24066293183940243
1255;-0,12840000000000001;1255;-0,24066293183940243
1256;-0,1286;1256;-0,24042950513538749
1257;-0,1288;1257;-0,24112978524743231
1258;-0,129;1258;-0,24089635854341737
1259;-0,1292;1259;-0,24089635854341737
1260;-0,12940000000000002;1260;-0,24089635854341737
1261;-0,1296;1261;-0,24112978524743231
1262;-0,1298;1262;-0,24183006535947713
1263;-0,13;1263;-0,24299719887955182
1264;-0,1302;1264;-0,24416433239962651
1265;-0,13040000000000002;1265;-0,24416433239962651
1266;-0,1306;1266;-0,24463118580765639
1267;-0,1308;1267;-0,2453314659197012
1268;-0,131;1268;-0,24579831932773108
1269;-0,1312;1269;-0,24649859943977592
1270;-0,13140000000000002;1270;-0,24649859943977592
1271;-0,1316;1271;-0,24789915966386555
1272;-0,1318;1272;-0,24929971988795518
1273;-0,132;1273;-0,25023342670401494
1274;-0,1322;1274;-0,25093370681605975
1275;-0,13240000000000002;1275;-0,25093370681605975
1276;-0,1326;1276;-0,25140056022408963
1277;-0,1328;1277;-0,25140056022408963
1278;-0,133;1278;-0,25210084033613445
1279;-0,1332;1279;-0,25210084033613445
1280;-0,13340000000000002;1280;-0,25210084033613445
1281;-0,1336;1281;-0,25210084033613445
1282;-0,1338;1282;-0,25256769374416432
1283;-0,134;1283;-0,25233426704014938
1284;-0,1342;1284;-0,25256769374416432
1285;-0,13440000000000002;1285;-0,25256769374416432
1286;-0,1346;1286;-0,25256769374416432
1287;-0,1348;1287;-0,25396825396825395
1288;-0,135;1288;-0,25536881419234359
1289;-0,13520000000000001;1289;-0,2560690943043884
1290;-0,13540000000000002;1290;-0,2560690943043884
1291;-0,1356;1291;-0,25653594771241828
1292;-0,1358;1292;-0,25723622782446309
1293;-0,136;1293;-0,25793650793650796
1294;-0,13620000000000002;1294;-0,25933706816059759
1295;-0,13640000000000002;1295;-0,25933706816059759
1296;-0,1366;1296;-0,26050420168067229
1297;-0,1368;1297;-0,26143790849673204
1298;-0,137;1298;-0,26190476190476192
1299;-0,13720000000000002;1299;-0,26283846872082167
1300;-0,13740000000000002;1300;-0,26283846872082167
1301;-0,1376;1301;-0,26330532212885155
1302;-0,13779999999999998;1302;-0,26330532212885155
1303;-0,13799999999999998;1303;-0,26353874883286649
1304;-0,1382;1304;-0,26353874883286649
1305;-0,1384;1305;-0,26353874883286649
1306;-0,1386;1306;-0,26400560224089636
1307;-0,13879999999999998;1307;-0,26400560224089636
1308;-0,13899999999999998;1308;-0,26400560224089636
1309;-0,1392;1309;-0,26400560224089636
1310;-0,1394;1310;-0,26400560224089636
1311;-0,1396;1311;-0,2642390289449113
1312;-0,13979999999999998;1312;-0,26517273576097106
1313;-0,13999999999999999;1313;-0,26657329598506069
1314;-0,1402;1314;-0,26704014939309056
1315;-0,1404;1315;-0,26704014939309056
1316;-0,1406;1316;-0,26750700280112044
1317;-0,14079999999999998;1317;-0,26820728291316526
1318;-0,141;1318;-0,26867413632119513
1319;-0,1412;1319;-0,27007469654528476
1320;-0,1414;1320;-0,27007469654528476
1321;-0,1416;1321;-0,27124183006535946
1322;-0,14179999999999998;1322;-0,27217553688141921
1323;-0,142;1323;-0,27310924369747897
1324;-0,1422;1324;-0,27380952380952384
1325;-0,1424;1325;-0,27380952380952384
1326;-0,1426;1326;-0,27450980392156865
1327;-0,14279999999999998;1327;-0,27450980392156865
1328;-0,143;1328;-0,27450980392156865
1329;-0,1432;1329;-0,27450980392156865
1330;-0,1434;1330;-0,27450980392156865
1331;-0,1436;1331;-0,27474323062558359
1332;-0,14379999999999998;1332;-0,27474323062558359
1333;-0,144;1333;-0,27521008403361347
1334;-0,1442;1334;-0,27544351073762841
1335;-0,1444;1335;-0,27544351073762841
1336;-0,1446;1336;-0,27614379084967322
1337;-0,14479999999999998;1337;-0,277077497665733
1338;-0,145;1338;-0,27847805788982261
1339;-0,1452;1339;-0,27894491129785248
1340;-0,1454;1340;-0,27894491129785248
1341;-0,1456;1341;-0,2796451914098973
1342;-0,14579999999999999;1342;-0,28011204481792717
1343;-0,146;1343;-0,28034547152194211
1344;-0,1462;1344;-0,28151260504201681
1345;-0,1464;1345;-0,28151260504201681
1346;-0,1466;1346;-0,28244631185807656
1347;-0,14679999999999999;1347;-0,28384687208216619
1348;-0,147;1348;-0,28478057889822594
1349;-0,1472;1349;-0,28524743230625582
1350;-0,1474;1350;-0,28524743230625582
1351;-0,1476;1351;-0,2857142857142857
1352;-0,1478;1352;-0,2857142857142857
1353;-0,148;1353;-0,28524743230625582
1354;-0,1482;1354;-0,28524743230625582
1355;-0,1484;1355;-0,28524743230625582
1356;-0,1486;1356;-0,2857142857142857
1357;-0,1488;1357;-0,28548085901027076
1358;-0,149;1358;-0,28548085901027076
1359;-0,1492;1359;-0,2857142857142857
1360;-0,1494;1360;-0,2857142857142857
1361;-0,1496;1361;-0,28594771241830064
1362;-0,1498;1362;-0,28734827264239027
1363;-0,15;1363;-0,2887488328664799
1364;-0,1502;1364;-0,28921568627450983
1365;-0,1504;1365;-0,28921568627450983
1366;-0,1506;1366;-0,28991596638655465
1367;-0,1508;1367;-0,29038281979458452
1368;-0,151;1368;-0,29154995331465922
1369;-0,1512;1369;-0,29248366013071897
1370;-0,1514;1370;-0,29248366013071897
1371;-0,1516;1371;-0,29365079365079366
1372;-0,1518;1372;-0,29435107376283848
1373;-0,152;1373;-0,29551820728291317
1374;-0,1522;1374;-0,29598506069094305
1375;-0,1524;1375;-0,29598506069094305
1376;-0,1526;1376;-0,29598506069094305
1377;-0,1528;1377;-0,2969187675070028
1378;-0,153;1378;-0,2969187675070028
1379;-0,1532;1379;-0,2969187675070028
1380;-0,1534;1380;-0,2969187675070028
1381;-0,15360000000000001;1381;-0,29738562091503268
1382;-0,1538;1382;-0,29738562091503268
1383;-0,154;1383;-0,29738562091503268
1384;-0,1542;1384;-0,29761904761904762
1385;-0,1544;1385;-0,29761904761904762
1386;-0,15460000000000002;1386;-0,29878618113912231
1387;-0,1548;1387;-0,29971988795518206
1388;-0,155;1388;-0,30065359477124182
1389;-0,1552;1389;-0,30112044817927169
1390;-0,1554;1390;-0,30182072829131651
1391;-0,15560000000000002;1391;-0,30182072829131651
1392;-0,1558;1392;-0,30228758169934639
1393;-0,156;1393;-0,30345471521942108
1394;-0,1562;1394;-0,30462184873949577
1395;-0,1564;1395;-0,30578898225957052
1396;-0,15660000000000002;1396;-0,30578898225957052
1397;-0,1568;1397;-0,30602240896358546
1398;-0,157;1398;-0,30695611577964521
1399;-0,1572;1399;-0,30742296918767509
1400;-0,1574;1400;-0,30742296918767509
1401;-0,15760000000000002;1401;-0,30742296918767509
1402;-0,1578;1402;-0,30765639589169
1403;-0,158;1403;-0,30765639589169
1404;-0,1582;1404;-0,30765639589169
1405;-0,1584;1405;-0,30765639589169
1406;-0,15860000000000002;1406;-0,30765639589169
1407;-0,1588;1407;-0,30788982259570497
1408;-0,159;1408;-0,30788982259570497
1409;-0,1592;1409;-0,30859010270774978
1410;-0,15940000000000001;1410;-0,30975723622782447
1411;-0,15960000000000002;1411;-0,30975723622782447
1412;-0,1598;1412;-0,31092436974789917
1413;-0,16;1413;-0,31139122315592904
1414;-0,1602;1414;-0,31209150326797386
1415;-0,16040000000000001;1415;-0,31255835667600373
1416;-0,16060000000000002;1416;-0,31255835667600373
1417;-0,1608;1417;-0,31302521008403361
1418;-0,161;1418;-0,31442577030812324
1419;-0,1612;1419;-0,31559290382819793
1420;-0,16140000000000002;1420;-0,31676003734827263
1421;-0,16160000000000002;1421;-0,31676003734827263
1422;-0,1618;1422;-0,31792717086834732
1423;-0,162;1423;-0,31862745098039214
1424;-0,1622;1424;-0,31932773109243695
1425;-0,16240000000000002;1425;-0,31932773109243695
1426;-0,1626;1426;-0,31932773109243695
1427;-0,1628;1427;-0,31932773109243695
1428;-0,16299999999999998;1428;-0,31932773109243695
1429;-0,16319999999999998;1429;-0,31956115779645189
1430;-0,1634;1430;-0,31932773109243695
1431;-0,1636;1431;-0,31932773109243695
1432;-0,1638;1432;-0,31932773109243695
1433;-0,16399999999999998;1433;-0,31956115779645189
1434;-0,16419999999999998;1434;-0,31979458450046683
1435;-0,1644;1435;-0,32119514472455651
1436;-0,1646;1436;-0,32119514472455651
1437;-0,1648;1437;-0,32259570494864614
1438;-0,16499999999999998;1438;-0,323062558356676
1439;-0,16519999999999999;1439;-0,3235294117647059
1440;-0,1654;1440;-0,32422969187675071
1441;-0,1656;1441;-0,32422969187675071
1442;-0,1658;1442;-0,32446311858076565
1443;-0,16599999999999998;1443;-0,32539682539682541
1444;-0,1662;1444;-0,32679738562091504
1445;-0,1664;1445;-0,32773109243697479
1446;-0,1666;1446;-0,32773109243697479
1447;-0,1668;1447;-0,32819794584500467
1448;-0,16699999999999998;1448;-0,32889822595704948
1449;-0,1672;1449;-0,32936507936507936
1450;-0,1674;1450;-0,32936507936507936
1451;-0,1676;1451;-0,32936507936507936
1452;-0,1678;1452;-0,32936507936507936
1453;-0,16799999999999998;1453;-0,32936507936507936
1454;-0,1682;1454;-0,32983193277310924
1455;-0,1684;1455;-0,32983193277310924
1456;-0,1686;1456;-0,32983193277310924
1457;-0,1688;1457;-0,32983193277310924
1458;-0,16899999999999998;1458;-0,33006535947712418
1459;-0,1692;1459;-0,33053221288515405
1460;-0,1694;1460;-0,33193277310924368
1461;-0,1696;1461;-0,33193277310924368
1462;-0,1698;1462;-0,33309990662931838
1463;-0,16999999999999998;1463;-0,33356676003734825
1464;-0,1702;1464;-0,33403361344537813
1465;-0,1704;1465;-0,33473389355742295
1466;-0,1706;1466;-0,33473389355742295
1467;-0,1708;1467;-0,3356676003734827
1468;-0,17099999999999999;1468;-0,33706816059757239
1469;-0,1712;1469;-0,33823529411764708
1470;-0,1714;1470;-0,33916900093370683
1471;-0,1716;1471;-0,33916900093370683
1472;-0,1718;1472;-0,34010270774976659
1473;-0,172;1473;-0,3408029878618114
1474;-0,1722;1474;-0,34126984126984128
1475;-0,1724;1475;-0,34173669467787116
1476;-0,1726;1476;-0,34173669467787116
1477;-0,1728;1477;-0,34173669467787116
1478;-0,173;1478;-0,34173669467787116
1479;-0,1732;1479;-0,34197012138188609
1480;-0,1734;1480;-0,34197012138188609
1481;-0,1736;1481;-0,34197012138188609
1482;-0,1738;1482;-0,34197012138188609
1483;-0,174;1483;-0,34220354808590103
1484;-0,1742;1484;-0,34337068160597572
1485;-0,1744;1485;-0,34477124183006536
1486;-0,1746;1486;-0,34477124183006536
1487;-0,1748;1487;-0,34547152194211017
1488;-0,175;1488;-0,34570494864612511
1489;-0,1752;1489;-0,34640522875816993
1490;-0,1754;1490;-0,3468720821661998
1491;-0,1756;1491;-0,3468720821661998
1492;-0,1758;1492;-0,34780578898225956
1493;-0,176;1493;-0,34897292250233425
1494;-0,1762;1494;-0,35014005602240894
1495;-0,1764;1495;-0,35037348272642388
1496;-0,1766;1496;-0,35037348272642388
1497;-0,1768;1497;-0,35107376283846869
1498;-0,177;1498;-0,3520074696545285
1499;-0,1772;1499;-0,3520074696545285
1500;-0,1774;1500;-0,35224089635854344
1501;-0,1776;1501;-0,35224089635854344
1502;-0,1778;1502;-0,35224089635854344
1503;-0,178;1503;-0,35224089635854344
1504;-0,1782;1504;-0,35224089635854344
1505;-0,1784;1505;-0,35247432306255838
1506;-0,1786;1506;-0,35247432306255838
1507;-0,17880000000000001;1507;-0,35247432306255838
1508;-0,179;1508;-0,35294117647058826
1509;-0,1792;1509;-0,35410830999066295
1510;-0,1794;1510;-0,35550887021475258
1511;-0,1796;1511;-0,35550887021475258
1512;-0,17980000000000002;1512;-0,3562091503267974
1513;-0,18;1513;-0,35690943043884221
1514;-0,1802;1514;-0,35737628384687209
1515;-0,1804;1515;-0,35784313725490197
1516;-0,1806;1516;-0,35784313725490197
1517;-0,18080000000000002;1517;-0,35901027077497666
1518;-0,181;1518;-0,36017740429505135
1519;-0,1812;1519;-0,3611111111111111
1520;-0,1814;1520;-0,36204481792717086
1521;-0,1816;1521;-0,36204481792717086
1522;-0,18180000000000002;1522;-0,36251167133520074
1523;-0,182;1523;-0,36321195144724555
1524;-0,1822;1524;-0,36321195144724555
1525;-0,1824;1525;-0,36321195144724555
1526;-0,1826;1526;-0,36321195144724555
1527;-0,18280000000000002;1527;-0,36321195144724555
1528;-0,183;1528;-0,36414565826330531
1529;-0,1832;1529;-0,36391223155929037
1530;-0,1834;1530;-0,36391223155929037
1531;-0,1836;1531;-0,36391223155929037
1532;-0,18380000000000002;1532;-0,36414565826330531
1533;-0,184;1533;-0,36461251167133518
1534;-0,1842;1534;-0,36577964519140987
1535;-0,1844;1535;-0,36718020541549951
1536;-0,18460000000000001;1536;-0,36718020541549951
1537;-0,18480000000000002;1537;-0,3674136321195145
1538;-0,185;1538;-0,36788048552754438
1539;-0,1852;1539;-0,36834733893557425
1540;-0,1854;1540;-0,36904761904761907
1541;-0,18560000000000001;1541;-0,36904761904761907
1542;-0,18580000000000002;1542;-0,3704481792717087
1543;-0,186;1543;-0,37138188608776845
1544;-0,1862;1544;-0,37231559290382821
1545;-0,1864;1545;-0,37278244631185808
1546;-0,18660000000000002;1546;-0,37278244631185808
1547;-0,18680000000000002;1547;-0,3734827264239029
1548;-0,187;1548;-0,37324929971988796
1549;-0,1872;1549;-0,37394957983193278
1550;-0,1874;1550;-0,37418300653594772
1551;-0,1876;1551;-0,37418300653594772
1552;-0,1878;1552;-0,37394957983193278
1553;-0,188;1553;-0,37441643323996265
1554;-0,18819999999999998;1554;-0,37418300653594772
1555;-0,18839999999999998;1555;-0,37441643323996265
1556;-0,1886;1556;-0,37441643323996265
1557;-0,1888;1557;-0,37464985994397759
1558;-0,189;1558;-0,37558356676003735
1559;-0,18919999999999998;1559;-0,3765172735760971
1560;-0,18939999999999999;1560;-0,37768440709617179
1561;-0,1896;1561;-0,37768440709617179
1562;-0,1898;1562;-0,37815126050420167
1563;-0,19;1563;-0,37861811391223155
1564;-0,19019999999999998;1564;-0,37908496732026142
1565;-0,19039999999999999;1565;-0,38001867413632118
1566;-0,1906;1566;-0,38001867413632118
1567;-0,1908;1567;-0,38141923436041081
1568;-0,191;1568;-0,3825863678804855
1569;-0,19119999999999998;1569;-0,38281979458450049
1570;-0,1914;1570;-0,38328664799253037
1571;-0,1916;1571;-0,38328664799253037
1572;-0,1918;1572;-0,38375350140056025
1573;-0,192;1573;-0,38375350140056025
1574;-0,19219999999999998;1574;-0,38468720821662
1575;-0,1924;1575;-0,38445378151260506
1576;-0,1926;1576;-0,38445378151260506
1577;-0,1928;1577;-0,38445378151260506
1578;-0,193;1578;-0,38468720821662
1579;-0,19319999999999998;1579;-0,38445378151260506
1580;-0,1934;1580;-0,38468720821662
1581;-0,1936;1581;-0,38468720821662
1582;-0,1938;1582;-0,38492063492063494
1583;-0,194;1583;-0,38608776844070963
1584;-0,19419999999999998;1584;-0,38725490196078433
1585;-0,1944;1585;-0,38818860877684408
1586;-0,1946;1586;-0,38818860877684408
1587;-0,1948;1587;-0,38865546218487396
1588;-0,195;1588;-0,38958916900093371
1589;-0,19519999999999998;1589;-0,39005602240896359
1590;-0,1954;1590;-0,39145658263305322
1591;-0,1956;1591;-0,39145658263305322
1592;-0,1958;1592;-0,39239028944911297
1593;-0,196;1593;-0,3937908496732026
1594;-0,19619999999999999;1594;-0,39402427637721754
1595;-0,1964;1595;-0,3949579831932773
1596;-0,1966;1596;-0,3949579831932773
1597;-0,1968;1597;-0,39565826330532211
1598;-0,197;1598;-0,39565826330532211
1599;-0,1972;1599;-0,39589169000933705
1600;-0,1974;1600;-0,39589169000933705
1601;-0,1976;1601;-0,39589169000933705
1602;-0,1978;1602;-0,39589169000933705
1603;-0,198;1603;-0,39589169000933705
1604;-0,1982;1604;-0,39565826330532211
1605;-0,1984;1605;-0,39589169000933705
1606;-0,1986;1606;-0,39589169000933705
1607;-0,1988;1607;-0,39635854341736693
1608;-0,199;1608;-0,39729225023342668
1609;-0,1992;1609;-0,39869281045751637
1610;-0,1994;1610;-0,39962651727357612
1611;-0,1996;1611;-0,39962651727357612
1612;-0,1998;1612;-0,400093370681606
1613;-0,2;1613;-0,40056022408963587
1614;-0,2002;1614;-0,40149393090569563
1615;-0,2004;1615;-0,40242763772175538
1616;-0,20059999999999997;1616;-0,40242763772175538
1617;-0,2008;1617;-0,403828197945845
1618;-0,20099999999999998;1618;-0,40499533146591971
1619;-0,2012;1619;-0,40569561157796452
1620;-0,20139999999999997;1620;-0,4061624649859944
1621;-0,2016;1621;-0,4061624649859944
1622;-0,20179999999999998;1622;-0,40709617180205415
1623;-0,202;1623;-0,40709617180205415
1624;-0,2022;1624;-0,40732959850606909
1625;-0,2024;1625;-0,40732959850606909
1626;-0,20259999999999997;1626;-0,40732959850606909
1627;-0,2028;1627;-0,40779645191409897
1628;-0,20299999999999999;1628;-0,40756302521008403
1629;-0,2032;1629;-0,40779645191409897
1630;-0,20339999999999997;1630;-0,40826330532212884
1631;-0,2036;1631;-0,40849673202614378
1632;-0,20379999999999998;1632;-0,40849673202614378
1633;-0,20400000000000001;1633;-0,40943043884220354
1634;-0,2042;1634;-0,41083099906629317
1635;-0,2044;1635;-0,41129785247432304
1636;-0,20459999999999998;1636;-0,41129785247432304
1637;-0,2048;1637;-0,41176470588235292
1638;-0,205;1638;-0,4122315592903828
1639;-0,2052;1639;-0,41293183940242761
1640;-0,20539999999999997;1640;-0,4143323996265173
1641;-0,2056;1641;-0,4143323996265173
1642;-0,20579999999999998;1642;-0,41573295985060693
1643;-0,20600000000000002;1643;-0,41690009337068162
1644;-0,2062;1644;-0,4173669467787115
1645;-0,2064;1645;-0,41806722689075632
1646;-0,20659999999999998;1646;-0,41806722689075632
1647;-0,2068;1647;-0,41853408029878619
1648;-0,207;1648;-0,41876750700280113
1649;-0,2072;1649;-0,41853408029878619
1650;-0,20739999999999997;1650;-0,41853408029878619
1651;-0,2076;1651;-0,41853408029878619
1652;-0,20779999999999998;1652;-0,41900093370681607
1653;-0,20800000000000002;1653;-0,41900093370681607
1654;-0,2082;1654;-0,41876750700280113
1655;-0,2084;1655;-0,41900093370681607
1656;-0,20859999999999998;1656;-0,41900093370681607
1657;-0,2088;1657;-0,41946778711484595
1658;-0,209;1658;-0,42063492063492064
1659;-0,2092;1659;-0,42133520074696545
1660;-0,20939999999999998;1660;-0,42156862745098039
1661;-0,2096;1661;-0,42156862745098039
1662;-0,2098;1662;-0,42226890756302521
1663;-0,21000000000000002;1663;-0,42250233426704015
1664;-0,2102;1664;-0,42366946778711484
1665;-0,2104;1665;-0,42436974789915966
1666;-0,21059999999999998;1666;-0,42436974789915966
1667;-0,21080000000000002;1667;-0,42553688141923435
1668;-0,211;1668;-0,42577030812324929
1669;-0,2112;1669;-0,4264705882352941
1670;-0,21139999999999998;1670;-0,42717086834733892
1671;-0,2116;1671;-0,42717086834733892
1672;-0,2118;1672;-0,42717086834733892
1673;-0,21200000000000002;1673;-0,42740429505135386
1674;-0,2122;1674;-0,42740429505135386
1675;-0,2124;1675;-0,42740429505135386
1676;-0,21259999999999998;1676;-0,42740429505135386
1677;-0,21280000000000002;1677;-0,42787114845938373
1678;-0,213;1678;-0,42787114845938373
1679;-0,2132;1679;-0,42787114845938373
1680;-0,21339999999999998;1680;-0,42810457516339867
1681;-0,2136;1681;-0,42810457516339867
1682;-0,2138;1682;-0,4295051353874883
1683;-0,21400000000000002;1683;-0,430905695611578
1684;-0,2142;1684;-0,4316059757236228
1685;-0,2144;1685;-0,43230625583566762
1686;-0,21459999999999999;1686;-0,43230625583566762
1687;-0,21480000000000002;1687;-0,43300653594771243
1688;-0,215;1688;-0,43347338935574231
1689;-0,2152;1689;-0,434640522875817
1690;-0,21539999999999998;1690;-0,4358076563958917
1691;-0,2156;1691;-0,4358076563958917
1692;-0,2158;1692;-0,43674136321195145
1693;-0,21600000000000003;1693;-0,43790849673202614
1694;-0,2162;1694;-0,438375350140056
1695;-0,2164;1695;-0,4388422035480859
1696;-0,2166;1696;-0,4388422035480859
1697;-0,21680000000000002;1697;-0,4388422035480859
1698;-0,217;1698;-0,43930905695611577
1699;-0,2172;1699;-0,43930905695611577
1700;-0,21739999999999998;1700;-0,44000933706816059
1701;-0,21760000000000002;1701;-0,44000933706816059
1702;-0,2178;1702;-0,43977591036414565
1703;-0,21800000000000003;1703;-0,43977591036414565
1704;-0,2182;1704;-0,44024276377217553
1705;-0,2184;1705;-0,44047619047619047
1706;-0,2186;1706;-0,4418767507002801
1707;-0,21880000000000002;1707;-0,4418767507002801
1708;-0,219;1708;-0,44304388422035479
1709;-0,2192;1709;-0,4437441643323996
1710;-0,21939999999999998;1710;-0,44444444444444442
1711;-0,21960000000000002;1711;-0,44467787114845936
1712;-0,2198;1712;-0,44467787114845936
1713;-0,22000000000000003;1713;-0,4449112978524743
1714;-0,2202;1714;-0,446311858076564
1715;-0,2204;1715;-0,44724556489262374
1716;-0,2206;1716;-0,44841269841269843
1717;-0,22080000000000002;1717;-0,44841269841269843
1718;-0,221;1718;-0,44911297852474324
1719;-0,2212;1719;-0,44981325863678806
1720;-0,22139999999999999;1720;-0,44981325863678806
1721;-0,22160000000000002;1721;-0,450046685340803
1722;-0,2218;1722;-0,450046685340803
1723;-0,22200000000000003;1723;-0,450046685340803
1724;-0,2222;1724;-0,44981325863678806
1725;-0,22240000000000001;1725;-0,45074696545284781
1726;-0,2226;1726;-0,45074696545284781
1727;-0,22280000000000003;1727;-0,45074696545284781
1728;-0,223;1728;-0,45074696545284781
1729;-0,2232;1729;-0,45144724556489263
1730;-0,2234;1730;-0,45191409897292251
1731;-0,22360000000000002;1731;-0,45331465919701214
1732;-0,2238;1732;-0,45331465919701214
1733;-0,22400000000000003;1733;-0,45471521942110177
1734;-0,2242;1734;-0,45518207282913165
1735;-0,22440000000000002;1735;-0,45541549953314658
1736;-0,2246;1736;-0,45588235294117646
1737;-0,22480000000000003;1737;-0,45588235294117646
1738;-0,225;1738;-0,45681605975723621
1739;-0,22519999999999998;1739;-0,45821661998132585
1740;-0,2254;1740;-0,4591503267973856
1741;-0,22559999999999997;1741;-0,45985060690943041
1742;-0,2258;1742;-0,45985060690943041
1743;-0,22599999999999998;1743;-0,46031746031746029
1744;-0,2262;1744;-0,46078431372549017
1745;-0,2264;1745;-0,46055088702147523
1746;-0,2266;1746;-0,46031746031746029
1747;-0,22679999999999997;1747;-0,46031746031746029
1748;-0,227;1748;-0,46031746031746029
1749;-0,22719999999999999;1749;-0,45985060690943041
1750;-0,2274;1750;-0,46031746031746029
1751;-0,22759999999999997;1751;-0,46008403361344535
1752;-0,2278;1752;-0,46008403361344535
1753;-0,22799999999999998;1753;-0,46008403361344535
1754;-0,22820000000000001;1754;-0,46031746031746029
1755;-0,2284;1755;-0,46078431372549017
1756;-0,2286;1756;-0,46195144724556492
1757;-0,22879999999999998;1757;-0,46195144724556492
1758;-0,229;1758;-0,46288515406162467
1759;-0,2292;1759;-0,46358543417366949
1760;-0,2294;1760;-0,46405228758169936
1761;-0,22959999999999997;1761;-0,46451914098972924
1762;-0,2298;1762;-0,46451914098972924
1763;-0,22999999999999998;1763;-0,46568627450980393
1764;-0,23020000000000002;1764;-0,46685340802987862
1765;-0,2304;1765;-0,46778711484593838
1766;-0,2306;1766;-0,46872082166199813
1767;-0,23079999999999998;1767;-0,46872082166199813
1768;-0,231;1768;-0,46942110177404295
1769;-0,2312;1769;-0,4703548085901027
1770;-0,2314;1770;-0,4703548085901027
1771;-0,23159999999999997;1771;-0,47058823529411764
1772;-0,2318;1772;-0,47058823529411764
1773;-0,23199999999999998;1773;-0,47058823529411764
1774;-0,23220000000000002;1774;-0,47058823529411764
1775;-0,2324;1775;-0,47105508870214752
1776;-0,2326;1776;-0,47105508870214752
1777;-0,23279999999999998;1777;-0,47105508870214752
1778;-0,233;1778;-0,47105508870214752
1779;-0,2332;1779;-0,47128851540616246
1780;-0,2334;1780;-0,47222222222222221
1781;-0,23359999999999997;1781;-0,47362278244631184
1782;-0,2338;1782;-0,47362278244631184
1783;-0,23399999999999999;1783;-0,47408963585434172
1784;-0,23420000000000002;1784;-0,47455648926237159
1785;-0,2344;1785;-0,47525676937441641
1786;-0,2346;1786;-0,47549019607843135
1787;-0,23479999999999998;1787;-0,47549019607843135
1788;-0,23500000000000001;1788;-0,4766573295985061
1789;-0,2352;1789;-0,47782446311858079
1790;-0,2354;1790;-0,47899159663865548
1791;-0,23559999999999998;1791;-0,47945845004668536
1792;-0,2358;1792;-0,47945845004668536
1793;-0,236;1793;-0,48039215686274511
1794;-0,23620000000000002;1794;-0,480859010270775
1795;-0,2364;1795;-0,48132586367880487
1796;-0,2366;1796;-0,4815592903828198
1797;-0,23679999999999998;1797;-0,4815592903828198
1798;-0,23700000000000002;1798;-0,48179271708683474
1799;-0,2372;1799;-0,48179271708683474
1800;-0,2374;1800;-0,48225957049486462
1801;-0,23759999999999998;1801;-0,48225957049486462
1802;-0,2378;1802;-0,48225957049486462
1803;-0,238;1803;-0,4827264239028945
1804;-0,23820000000000002;1804;-0,48295985060690944
1805;-0,2384;1805;-0,48436041083099907
1806;-0,2386;1806;-0,4857609710550887
1807;-0,23879999999999998;1807;-0,4857609710550887
1808;-0,23900000000000002;1808;-0,48622782446311857
1809;-0,2392;1809;-0,48669467787114845
1810;-0,2394;1810;-0,48739495798319327
1811;-0,23959999999999998;1811;-0,48786181139122314
1812;-0,2398;1812;-0,48786181139122314
1813;-0,24;1813;-0,48902894491129784
1814;-0,24020000000000002;1814;-0,48996265172735759
1815;-0,2404;1815;-0,49019607843137253
1816;-0,2406;1816;-0,49112978524743228
1817;-0,2408;1817;-0,49112978524743228
1818;-0,24100000000000002;1818;-0,49159663865546216
1819;-0,2412;1819;-0,49206349206349204
1820;-0,2414;1820;-0,49253034547152197
1821;-0,24159999999999998;1821;-0,49276377217553691
1822;-0,24180000000000001;1822;-0,49276377217553691
1823;-0,242;1823;-0,49253034547152197
1824;-0,24220000000000003;1824;-0,49299719887955185
1825;-0,2424;1825;-0,49276377217553691
1826;-0,2426;1826;-0,49276377217553691
1827;-0,2428;1827;-0,49276377217553691
1828;-0,24300000000000002;1828;-0,49299719887955185
1829;-0,2432;1829;-0,49346405228758172
1830;-0,2434;1830;-0,49463118580765641
1831;-0,24359999999999998;1831;-0,49579831932773111
1832;-0,24380000000000002;1832;-0,49579831932773111
1833;-0,244;1833;-0,496265172735761
1834;-0,24420000000000003;1834;-0,49673202614379086
1835;-0,2444;1835;-0,49719887955182074
1836;-0,2446;1836;-0,49836601307189543
1837;-0,2448;1837;-0,49836601307189543
1838;-0,24500000000000002;1838;-0,49953314659197012
1839;-0,2452;1839;-0,50046685340802988
1840;-0,2454;1840;-0,50140056022408963
1841;-0,24559999999999998;1841;-0,50186741363211951
1842;-0,24580000000000002;1842;-0,50186741363211951
1843;-0,246;1843;-0,50233426704014938
1844;-0,24620000000000003;1844;-0,50280112044817926
1845;-0,2464;1845;-0,50280112044817926
1846;-0,2466;1846;-0,50280112044817926
1847;-0,2468;1847;-0,50280112044817926
1848;-0,24700000000000003;1848;-0,50280112044817926
1849;-0,2472;1849;-0,5030345471521942
1850;-0,2474;1850;-0,5030345471521942
1851;-0,2476;1851;-0,5030345471521942
1852;-0,24780000000000002;1852;-0,5030345471521942
1853;-0,248;1853;-0,50326797385620914
1854;-0,24820000000000003;1854;-0,503968253968254
1855;-0,2484;1855;-0,50513538748832865
1856;-0,24860000000000002;1856;-0,50583566760037346
1857;-0,2488;1857;-0,50583566760037346
1858;-0,24900000000000003;1858;-0,50653594771241828
1859;-0,2492;1859;-0,50700280112044815
1860;-0,2494;1860;-0,507469654528478
1861;-0,2496;1861;-0,50887021475256766
1862;-0,24980000000000002;1862;-0,50887021475256766
1863;-0,25;1863;-0,51003734827264235
1864;-0,2502;1864;-0,51097105508870211
1865;-0,2504;1865;-0,51190476190476186
1866;-0,2506;1866;-0,51260504201680668
1867;-0,2508;1867;-0,51260504201680668
1868;-0,251;1868;-0,51330532212885149
1869;-0,2512;1869;-0,51423902894491125
1870;-0,25139999999999996;1870;-0,51470588235294112
1871;-0,2516;1871;-0,51470588235294112
1872;-0,25179999999999997;1872;-0,51470588235294112
1873;-0,252;1873;-0,51493930905695606
1874;-0,2522;1874;-0,51540616246498594
1875;-0,2524;1875;-0,51540616246498594
1876;-0,2526;1876;-0,51540616246498594
1877;-0,2528;1877;-0,51540616246498594
1878;-0,253;1878;-0,515639589169001
1879;-0,2532;1879;-0,51657329598506074
1880;-0,25339999999999996;1880;-0,51774042950513544
1881;-0,2536;1881;-0,51844070961718025
1882;-0,25379999999999997;1882;-0,51844070961718025
1883;-0,254;1883;-0,51890756302521013
1884;-0,2542;1884;-0,51937441643324
1885;-0,2544;1885;-0,52007469654528482
1886;-0,2546;1886;-0,52100840336134457
1887;-0,2548;1887;-0,52100840336134457
1888;-0,255;1888;-0,52240896358543421
1889;-0,2552;1889;-0,52264239028944914
1890;-0,25539999999999996;1890;-0,5235760971055089
1891;-0,2556;1891;-0,52427637721755371
1892;-0,25579999999999997;1892;-0,52427637721755371
1893;-0,256;1893;-0,52474323062558359
1894;-0,2562;1894;-0,52474323062558359
1895;-0,2564;1895;-0,52521008403361347
1896;-0,2566;1896;-0,52544351073762841
1897;-0,25680000000000003;1897;-0,52544351073762841
1898;-0,257;1898;-0,52567693744164334
1899;-0,2572;1899;-0,52614379084967322
1900;-0,25739999999999996;1900;-0,52614379084967322
1901;-0,2576;1901;-0,526844070961718
1902;-0,2578;1902;-0,526844070961718
1903;-0,258;1903;-0,527077497665733
1904;-0,2582;1904;-0,52847805788982261
1905;-0,2584;1905;-0,5296451914098973
1906;-0,2586;1906;-0,53034547152194211
1907;-0,25880000000000003;1907;-0,53034547152194211
1908;-0,259;1908;-0,530578898225957
1909;-0,2592;1909;-0,53127917833800187
1910;-0,25939999999999996;1910;-0,53197945845004668
1911;-0,2596;1911;-0,53291316526610644
1912;-0,2598;1912;-0,53291316526610644
1913;-0,26;1913;-0,53408029878618113
1914;-0,2602;1914;-0,53478057889822594
1915;-0,2604;1915;-0,5357142857142857
1916;-0,2606;1916;-0,53618113912231558
1917;-0,26080000000000003;1917;-0,53618113912231558
1918;-0,261;1918;-0,53641456582633051
1919;-0,2612;1919;-0,53618113912231558
1920;-0,26139999999999997;1920;-0,53618113912231558
1921;-0,2616;1921;-0,5357142857142857
1922;-0,2618;1922;-0,5357142857142857
1923;-0,262;1923;-0,53594771241830064
1924;-0,2622;1924;-0,5357142857142857
1925;-0,2624;1925;-0,5357142857142857
1926;-0,2626;1926;-0,53641456582633051
1927;-0,26280000000000003;1927;-0,53641456582633051
1928;-0,263;1928;-0,53664799253034545
1929;-0,2632;1929;-0,53781512605042014
1930;-0,26339999999999997;1930;-0,53898225957049484
1931;-0,2636;1931;-0,53944911297852471
1932;-0,2638;1932;-0,53944911297852471
1933;-0,264;1933;-0,53991596638655459
1934;-0,2642;1934;-0,54061624649859941
1935;-0,2644;1935;-0,54154995331465916
1936;-0,2646;1936;-0,54271708683473385
1937;-0,26480000000000004;1937;-0,54271708683473385
1938;-0,265;1938;-0,54388422035480855
1939;-0,2652;1939;-0,5448179271708683
1940;-0,26539999999999997;1940;-0,545985060690943
1941;-0,2656;1941;-0,54645191409897287
1942;-0,2658;1942;-0,54645191409897287
1943;-0,266;1943;-0,54738562091503273
1944;-0,2662;1944;-0,54738562091503273
1945;-0,2664;1945;-0,54761904761904767
1946;-0,2666;1946;-0,54691876750700286
1947;-0,26680000000000004;1947;-0,54691876750700286
1948;-0,267;1948;-0,54761904761904767
1949;-0,2672;1949;-0,54761904761904767
1950;-0,26739999999999997;1950;-0,54808590102707755
1951;-0,2676;1951;-0,54831932773109249
1952;-0,2678;1952;-0,54831932773109249
1953;-0,268;1953;-0,54925303454715224
1954;-0,2682;1954;-0,550186741363212
1955;-0,2684;1955;-0,55112044817927175
1956;-0,2686;1956;-0,55158730158730163
1957;-0,26880000000000004;1957;-0,55158730158730163
1958;-0,269;1958;-0,5520541549953315
1959;-0,2692;1959;-0,55275443510737632
1960;-0,2694;1960;-0,55368814192343607
1961;-0,2696;1961;-0,55485527544351076
1962;-0,2698;1962;-0,55485527544351076
1963;-0,27;1963;-0,55555555555555558
1964;-0,2702;1964;-0,55672268907563027
1965;-0,27040000000000003;1965;-0,55765639589169
1966;-0,2706;1966;-0,5581232492997199
1967;-0,27080000000000004;1967;-0,5581232492997199
1968;-0,271;1968;-0,55882352941176472
1969;-0,2712;1969;-0,55905695611577966
1970;-0,2714;1970;-0,55859010270774978
1971;-0,2716;1971;-0,55905695611577966
1972;-0,2718;1972;-0,55905695611577966
1973;-0,272;1973;-0,55975723622782447
1974;-0,2722;1974;-0,55975723622782447
1975;-0,27240000000000003;1975;-0,55975723622782447
1976;-0,2726;1976;-0,55999066293183941
1977;-0,27280000000000004;1977;-0,55999066293183941
1978;-0,273;1978;-0,56069094304388423
1979;-0,2732;1979;-0,56209150326797386
1980;-0,2734;1980;-0,5623249299719888
1981;-0,2736;1981;-0,56302521008403361
1982;-0,2738;1982;-0,56302521008403361
1983;-0,274;1983;-0,56325863678804855
1984;-0,2742;1984;-0,56372549019607843
1985;-0,27440000000000003;1985;-0,56489262371615312
1986;-0,2746;1986;-0,56582633053221287
1987;-0,27480000000000004;1987;-0,56582633053221287
1988;-0,275;1988;-0,56629318394024275
1989;-0,2752;1989;-0,56676003734827263
1990;-0,2754;1990;-0,5672268907563025
1991;-0,27559999999999996;1991;-0,56746031746031744
1992;-0,2758;1992;-0,56746031746031744
1993;-0,27599999999999997;1993;-0,56746031746031744
1994;-0,2762;1994;-0,56746031746031744
1995;-0,2764;1995;-0,56792717086834732
1996;-0,2766;1996;-0,56792717086834732
1997;-0,2768;1997;-0,56792717086834732
1998;-0,277;1998;-0,56816059757236226
1999;-0,2772;1999;-0,56792717086834732
2000;-0,2774;2000;-0,56862745098039214
2001;-0,27759999999999996;2001;-0,56886087768440707
2002;-0,2778;2002;-0,56886087768440707
2003;-0,27799999999999997;2003;-0,57002801120448177
2004;-0,2782;2004;-0,57096171802054152
2005;-0,2784;2005;-0,57166199813258634
2006;-0,2786;2006;-0,57189542483660127
2007;-0,2788;2007;-0,57189542483660127
2008;-0,279;2008;-0,57236227824463115
2009;-0,2792;2009;-0,5732959850606909
2010;-0,2794;2010;-0,57422969187675066
2011;-0,27959999999999996;2011;-0,57539682539682535
2012;-0,2798;2012;-0,57539682539682535
2013;-0,27999999999999997;2013;-0,57586367880485523
2014;-0,2802;2014;-0,576797385620915
2015;-0,2804;2015;-0,57726423902894486
2016;-0,2806;2016;-0,57843137254901966
2017;-0,2808;2017;-0,57843137254901966
2018;-0,281;2018;-0,57843137254901966
2019;-0,2812;2019;-0,57843137254901966
2020;-0,2814;2020;-0,57773109243697474
2021;-0,28159999999999996;2021;-0,57796451914098967
2022;-0,2818;2022;-0,57796451914098967
2023;-0,282;2023;-0,57796451914098967
2024;-0,2822;2024;-0,57843137254901966
2025;-0,2824;2025;-0,5786647992530346
2026;-0,2826;2026;-0,57913165266106448
2027;-0,2828;2027;-0,57913165266106448
2028;-0,28300000000000003;2028;-0,58029878618113917
2029;-0,2832;2029;-0,58123249299719892
2030;-0,2834;2030;-0,58193277310924374
2031;-0,28359999999999996;2031;-0,58239962651727362
2032;-0,2838;2032;-0,58239962651727362
2033;-0,284;2033;-0,58286647992530349
2034;-0,2842;2034;-0,58403361344537819
2035;-0,2844;2035;-0,58543417366946782
2036;-0,2846;2036;-0,58566760037348276
2037;-0,2848;2037;-0,58566760037348276
2038;-0,28500000000000003;2038;-0,58636788048552757
2039;-0,2852;2039;-0,58730158730158732
2040;-0,2854;2040;-0,58800186741363214
2041;-0,28559999999999997;2041;-0,588702147525677
2042;-0,2858;2042;-0,588702147525677
2043;-0,286;2043;-0,588702147525677
2044;-0,2862;2044;-0,588702147525677
2045;-0,2864;2045;-0,58916900093370683
2046;-0,2866;2046;-0,58940242763772177
2047;-0,2868;2047;-0,58940242763772177
2048;-0,28700000000000003;2048;-0,58940242763772177
2049;-0,2872;2049;-0,58940242763772177
2050;-0,2874;2050;-0,58963585434173671
2051;-0,28759999999999997;2051;-0,59033613445378152
2052;-0,2878;2052;-0,59126984126984128
2053;-0,288;2053;-0,59126984126984128
2054;-0,2882;2054;-0,59197012138188609
2055;-0,2884;2055;-0,592203548085901
2056;-0,2886;2056;-0,59267040149393091
2057;-0,2888;2057;-0,59313725490196079
2058;-0,28900000000000003;2058;-0,59313725490196079
2059;-0,2892;2059;-0,59430438842203548
2060;-0,2894;2060;-0,59547152194211017
2061;-0,28959999999999997;2061;-0,596171802054155
2062;-0,2898;2062;-0,59663865546218486
2063;-0,29;2063;-0,59663865546218486
2064;-0,2902;2064;-0,59757236227824462
2065;-0,2904;2065;-0,59757236227824462
2066;-0,2906;2066;-0,59780578898225956
2067;-0,2908;2067;-0,59803921568627449
2068;-0,29100000000000004;2068;-0,59803921568627449
2069;-0,2912;2069;-0,59803921568627449
2070;-0,2914;2070;-0,59803921568627449
2071;-0,29159999999999997;2071;-0,59897292250233425
2072;-0,2918;2072;-0,59897292250233425
2073;-0,292;2073;-0,59897292250233425
2074;-0,2922;2074;-0,59920634920634919
2075;-0,2924;2075;-0,59967320261437906
2076;-0,2926;2076;-0,60060690943043882
2077;-0,2928;2077;-0,60177404295051351
2078;-0,29300000000000004;2078;-0,60177404295051351
2079;-0,2932;2079;-0,60200746965452845
2080;-0,2934;2080;-0,6029411764705882
2081;-0,29359999999999997;2081;-0,60340802987861808
2082;-0,2938;2082;-0,6041083099906629
2083;-0,294;2083;-0,6041083099906629
2084;-0,2942;2084;-0,60527544351073759
2085;-0,2944;2085;-0,60620915032679734
2086;-0,29460000000000003;2086;-0,60690943043884216
2087;-0,2948;2087;-0,607609710550887
2088;-0,29500000000000004;2088;-0,607609710550887
2089;-0,2952;2089;-0,60807656395891685
2090;-0,2954;2090;-0,60877684407096166
2091;-0,2956;2091;-0,60854341736694673
2092;-0,2958;2092;-0,60854341736694673
2093;-0,296;2093;-0,60854341736694673
2094;-0,2962;2094;-0,60854341736694673
2095;-0,2964;2095;-0,60854341736694673
2096;-0,29660000000000003;2096;-0,60877684407096166
2097;-0,2968;2097;-0,60854341736694673
2098;-0,29700000000000004;2098;-0,60854341736694673
2099;-0,2972;2099;-0,60877684407096166
2100;-0,2974;2100;-0,60924369747899154
2101;-0,2976;2101;-0,61041083099906635
2102;-0,2978;2102;-0,611577964519141
2103;-0,298;2103;-0,611577964519141
2104;-0,2982;2104;-0,61204481792717091
2105;-0,2984;2105;-0,61274509803921573
2106;-0,29860000000000003;2106;-0,61321195144724561
2107;-0,2988;2107;-0,6143790849673203
2108;-0,29900000000000004;2108;-0,6143790849673203
2109;-0,2992;2109;-0,615546218487395
2110;-0,2994;2110;-0,61647992530345475
2111;-0,2996;2111;-0,6174136321195145
2112;-0,2998;2112;-0,61834733893557425
2113;-0,3;2113;-0,61834733893557425
2114;-0,30019999999999997;2114;-0,61881419234360413
2115;-0,3004;2115;-0,61974789915966388
2116;-0,3006;2116;-0,61974789915966388
2117;-0,3008;2117;-0,61998132586367882
2118;-0,301;2118;-0,61998132586367882
2119;-0,3012;2119;-0,61998132586367882
2120;-0,3014;2120;-0,61998132586367882
2121;-0,3016;2121;-0,61998132586367882
2122;-0,30179999999999996;2122;-0,62021475256769376
2123;-0,302;2123;-0,62021475256769376
2124;-0,30219999999999997;2124;-0,62021475256769376
2125;-0,3024;2125;-0,62068160597572364
2126;-0,3026;2126;-0,62184873949579833
2127;-0,3028;2127;-0,62254901960784315
2128;-0,303;2128;-0,62254901960784315
2129;-0,3032;2129;-0,623249299719888
2130;-0,3034;2130;-0,62371615312791784
2131;-0,3036;2131;-0,62418300653594772
2132;-0,30379999999999996;2132;-0,62535014005602241
2133;-0,304;2133;-0,62535014005602241
2134;-0,30419999999999997;2134;-0,6265172735760971
2135;-0,3044;2135;-0,62721755368814192
2136;-0,3046;2136;-0,62815126050420167
2137;-0,3048;2137;-0,62885154061624648
2138;-0,305;2138;-0,62885154061624648
2139;-0,3052;2139;-0,63001867413632118
2140;-0,3054;2140;-0,630718954248366
2141;-0,3056;2141;-0,630718954248366
2142;-0,30579999999999996;2142;-0,630718954248366
2143;-0,306;2143;-0,630718954248366
2144;-0,30619999999999997;2144;-0,63095238095238093
2145;-0,3064;2145;-0,63095238095238093
2146;-0,3066;2146;-0,63095238095238093
2147;-0,3068;2147;-0,63165266106442575
2148;-0,307;2148;-0,63165266106442575
2149;-0,30720000000000003;2149;-0,63188608776844069
2150;-0,3074;2150;-0,63281979458450044
2151;-0,3076;2151;-0,63398692810457513
2152;-0,30779999999999996;2152;-0,634453781512605
2153;-0,308;2153;-0,634453781512605
2154;-0,3082;2154;-0,63538748832866476
2155;-0,3084;2155;-0,63585434173669464
2156;-0,3086;2156;-0,63632119514472452
2157;-0,3088;2157;-0,63748832866479921
2158;-0,309;2158;-0,63748832866479921
2159;-0,30920000000000003;2159;-0,63795518207282909
2160;-0,3094;2160;-0,63912231559290378
2161;-0,3096;2161;-0,63982259570494859
2162;-0,30979999999999996;2162;-0,64052287581699341
2163;-0,31;2163;-0,64052287581699341
2164;-0,3102;2164;-0,64122315592903834
2165;-0,3104;2165;-0,64192343604108315
2166;-0,3106;2166;-0,64192343604108315
2167;-0,3108;2167;-0,64192343604108315
2168;-0,311;2168;-0,64192343604108315
2169;-0,31120000000000003;2169;-0,64192343604108315
2170;-0,3114;2170;-0,64192343604108315
2171;-0,3116;2171;-0,64192343604108315
2172;-0,31179999999999997;2172;-0,642390289449113
2173;-0,312;2173;-0,642390289449113
2174;-0,3122;2174;-0,642623716153128
2175;-0,3124;2175;-0,64355742296918772
2176;-0,3126;2176;-0,64472455648926241
2177;-0,3128;2177;-0,64495798319327735
2178;-0,313;2178;-0,64495798319327735
2179;-0,31320000000000003;2179;-0,64565826330532217
2180;-0,3134;2180;-0,646125116713352
2181;-0,3136;2181;-0,6470588235294118
2182;-0,31379999999999997;2182;-0,64799253034547155
2183;-0,314;2183;-0,64799253034547155
2184;-0,3142;2184;-0,64892623716153131
2185;-0,3144;2185;-0,64962651727357612
2186;-0,3146;2186;-0,65056022408963587
2187;-0,3148;2187;-0,65079365079365081
2188;-0,315;2188;-0,65079365079365081
2189;-0,31520000000000004;2189;-0,65126050420168069
2190;-0,3154;2190;-0,65126050420168069
2191;-0,3156;2191;-0,65172735760971057
2192;-0,31579999999999997;2192;-0,65172735760971057
2193;-0,316;2193;-0,65172735760971057
2194;-0,3162;2194;-0,65172735760971057
2195;-0,3164;2195;-0,65219421101774044
2196;-0,3166;2196;-0,65242763772175538
2197;-0,3168;2197;-0,65242763772175538
2198;-0,317;2198;-0,65242763772175538
2199;-0,31720000000000004;2199;-0,65289449112978526
2200;-0,3174;2200;-0,65406162464986
2201;-0,3176;2201;-0,65476190476190477
2202;-0,31779999999999997;2202;-0,65522875816993464
2203;-0,318;2203;-0,65522875816993464
2204;-0,3182;2204;-0,65592903828197946
2205;-0,3184;2205;-0,65639589169000934
2206;-0,3186;2206;-0,65732959850606909
2207;-0,31880000000000003;2207;-0,65849673202614378
2208;-0,319;2208;-0,65849673202614378
2209;-0,31920000000000004;2209;-0,65943043884220354
2210;-0,3194;2210;-0,66036414565826329
2211;-0,3196;2211;-0,66036414565826329
2212;-0,3198;2212;-0,661297852474323
2213;-0,32;2213;-0,661297852474323
2214;-0,3202;2214;-0,66176470588235292
2215;-0,3204;2215;-0,66176470588235292
2216;-0,3206;2216;-0,66199813258636786
2217;-0,32080000000000003;2217;-0,66199813258636786
2218;-0,321;2218;-0,66199813258636786
2219;-0,32120000000000004;2219;-0,66293183940242761
2220;-0,3214;2220;-0,66316526610644255
2221;-0,3216;2221;-0,66316526610644255
2222;-0,3218;2222;-0,66386554621848737
2223;-0,322;2223;-0,66386554621848737
2224;-0,3222;2224;-0,66456582633053218
2225;-0,3224;2225;-0,66619981325863675
2226;-0,3226;2226;-0,66643323996265169
2227;-0,32280000000000003;2227;-0,66690009337068157
2228;-0,323;2228;-0,66690009337068157
2229;-0,32320000000000004;2229;-0,66760037348272638
2230;-0,3234;2230;-0,66806722689075626
2231;-0,3236;2231;-0,669000933706816
2232;-0,3238;2232;-0,66993464052287577
2233;-0,324;2233;-0,66993464052287577
2234;-0,3242;2234;-0,67063492063492058
2235;-0,3244;2235;-0,67156862745098034
2236;-0,3246;2236;-0,67226890756302526
2237;-0,32480000000000003;2237;-0,67296918767507008
2238;-0,325;2238;-0,67296918767507008
2239;-0,3252;2239;-0,67296918767507008
2240;-0,3254;2240;-0,67296918767507008
2241;-0,3256;2241;-0,67296918767507008
2242;-0,3258;2242;-0,67226890756302526
2243;-0,32599999999999996;2243;-0,67226890756302526
2244;-0,3262;2244;-0,67273576097105514
2245;-0,32639999999999997;2245;-0,67226890756302526
2246;-0,3266;2246;-0,67296918767507008
2247;-0,3268;2247;-0,673202614379085
2248;-0,327;2248;-0,673202614379085
2249;-0,3272;2249;-0,6736694677871149
2250;-0,3274;2250;-0,67507002801120453
2251;-0,3276;2251;-0,6755368814192344
2252;-0,3278;2252;-0,67623716153127922
2253;-0,32799999999999996;2253;-0,67623716153127922
2254;-0,3282;2254;-0,6767040149393091
2255;-0,32839999999999997;2255;-0,677170868347339
2256;-0,3286;2256;-0,67810457516339873
2257;-0,3288;2257;-0,67903828197945848
2258;-0,329;2258;-0,67903828197945848
2259;-0,3292;2259;-0,67997198879551823
2260;-0,3294;2260;-0,680672268907563
2261;-0,3296;2261;-0,68183940242763774
2262;-0,3298;2262;-0,68230625583566762
2263;-0,32999999999999996;2263;-0,68230625583566762
2264;-0,3302;2264;-0,68253968253968256
2265;-0,33039999999999997;2265;-0,68347338935574231
2266;-0,3306;2266;-0,68347338935574231
2267;-0,3308;2267;-0,68347338935574231
2268;-0,331;2268;-0,68347338935574231
2269;-0,3312;2269;-0,68394024276377219
2270;-0,33140000000000003;2270;-0,68394024276377219
2271;-0,3316;2271;-0,68417366946778713
2272;-0,3318;2272;-0,68487394957983194
2273;-0,33199999999999996;2273;-0,68487394957983194
2274;-0,3322;2274;-0,68557422969187676
2275;-0,3324;2275;-0,68674136321195145
2276;-0,3326;2276;-0,68720821661998133
2277;-0,3328;2277;-0,6876750700280112
2278;-0,333;2278;-0,6876750700280112
2279;-0,3332;2279;-0,688375350140056
2280;-0,33340000000000003;2280;-0,68930905695611577
2281;-0,3336;2281;-0,69024276377217553
2282;-0,3338;2282;-0,69117647058823528
2283;-0,33399999999999996;2283;-0,69117647058823528
2284;-0,3342;2284;-0,692110177404295
2285;-0,3344;2285;-0,692110177404295
2286;-0,3346;2286;-0,69281045751633985
2287;-0,3348;2287;-0,69351073762838467
2288;-0,335;2288;-0,69351073762838467
2289;-0,3352;2289;-0,69351073762838467
2290;-0,33540000000000003;2290;-0,69351073762838467
2291;-0,3356;2291;-0,6937441643323996
2292;-0,3358;2292;-0,6937441643323996
2293;-0,33599999999999997;2293;-0,6937441643323996
2294;-0,3362;2294;-0,69421101774042948
2295;-0,3364;2295;-0,69421101774042948
2296;-0,3366;2296;-0,69467787114845936
2297;-0,3368;2297;-0,69514472455648924
2298;-0,337;2298;-0,69514472455648924
2299;-0,3372;2299;-0,696078431372549
2300;-0,33740000000000003;2300;-0,69701213818860874
2301;-0,3376;2301;-0,69724556489262368
2302;-0,3378;2302;-0,69771241830065356
2303;-0,33799999999999997;2303;-0,69771241830065356
2304;-0,3382;2304;-0,69817927170868344
2305;-0,3384;2305;-0,69957983193277307
2306;-0,3386;2306;-0,70074696545284776
2307;-0,3388;2307;-0,70144724556489257
2308;-0,339;2308;-0,70144724556489257
2309;-0,3392;2309;-0,70238095238095233
2310;-0,33940000000000003;2310;-0,70308123249299714
2311;-0,3396;2311;-0,704014939309057
2312;-0,3398;2312;-0,70448179271708689
2313;-0,33999999999999997;2313;-0,70448179271708689
2314;-0,3402;2314;-0,70448179271708689
2315;-0,3404;2315;-0,70471521942110182
2316;-0,3406;2316;-0,70471521942110182
2317;-0,3408;2317;-0,70494864612511676
2318;-0,341;2318;-0,70494864612511676
2319;-0,3412;2319;-0,70541549953314664
2320;-0,34140000000000004;2320;-0,70541549953314664
2321;-0,3416;2321;-0,70611577964519145
2322;-0,3418;2322;-0,70658263305322133
2323;-0,34199999999999997;2323;-0,70658263305322133
2324;-0,3422;2324;-0,707749766573296
2325;-0,3424;2325;-0,7082166199813259
2326;-0,3426;2326;-0,70845004668534084
2327;-0,3428;2327;-0,70915032679738566
2328;-0,343;2328;-0,70915032679738566
2329;-0,3432;2329;-0,70961718020541553
2330;-0,34340000000000004;2330;-0,71055088702147529
2331;-0,3436;2331;-0,7112511671335201
2332;-0,3438;2332;-0,71241830065359479
2333;-0,344;2333;-0,71241830065359479
2334;-0,3442;2334;-0,71358543417366949
2335;-0,3444;2335;-0,71451914098972924
2336;-0,3446;2336;-0,715219421101774
2337;-0,3448;2337;-0,71615312791783381
2338;-0,34500000000000003;2338;-0,71615312791783381
2339;-0,3452;2339;-0,71591970121381887
2340;-0,34540000000000004;2340;-0,71638655462184875
2341;-0,3456;2341;-0,71615312791783381
2342;-0,3458;2342;-0,71638655462184875
2343;-0,346;2343;-0,71638655462184875
2344;-0,3462;2344;-0,71638655462184875
2345;-0,3464;2345;-0,71755368814192344
2346;-0,3466;2346;-0,71802054154995332
2347;-0,3468;2347;-0,71965452847805789
2348;-0,34700000000000003;2348;-0,71965452847805789
2349;-0,3472;2349;-0,72105508870214752
2350;-0,34740000000000004;2350;-0,72152194211017739
2351;-0,3476;2351;-0,72198879551820727
2352;-0,3478;2352;-0,72268907563025209
2353;-0,348;2353;-0,72268907563025209
2354;-0,3482;2354;-0,72268907563025209
2355;-0,3484;2355;-0,7233893557422969
2356;-0,3486;2356;-0,72455648926237159
2357;-0,3488;2357;-0,72478991596638653
2358;-0,34900000000000003;2358;-0,72478991596638653
2359;-0,3492;2359;-0,72549019607843135
2360;-0,34940000000000004;2360;-0,72595704948646123
2361;-0,3496;2361;-0,7264239028944911
2362;-0,3498;2362;-0,726657329598506
2363;-0,35;2363;-0,726657329598506
2364;-0,35019999999999996;2364;-0,726657329598506
2365;-0,3504;2365;-0,72595704948646123
2366;-0,35059999999999997;2366;-0,72619047619047616
2367;-0,3508;2367;-0,72549019607843135
2368;-0,351;2368;-0,72549019607843135
2369;-0,3512;2369;-0,72549019607843135
2370;-0,3514;2370;-0,72619047619047616
2371;-0,3516;2371;-0,726657329598506
2372;-0,3518;2372;-0,72735760971055086
2373;-0,352;2373;-0,72735760971055086
2374;-0,35219999999999996;2374;-0,72852474323062555
2375;-0,3524;2375;-0,72899159663865543
2376;-0,35259999999999997;2376;-0,72969187675070024
2377;-0,3528;2377;-0,73015873015873012
2378;-0,353;2378;-0,73015873015873012
2379;-0,3532;2379;-0,73132586367880481
2380;-0,3534;2380;-0,73225957049486456
2381;-0,3536;2381;-0,73342670401493926
2382;-0,3538;2382;-0,73459383753501406
2383;-0,354;2383;-0,73459383753501406
2384;-0,35419999999999996;2384;-0,73576097105508875
2385;-0,3544;2385;-0,73669467787114851
2386;-0,35459999999999997;2386;-0,73716153127917838
2387;-0,3548;2387;-0,73739495798319332
2388;-0,355;2388;-0,73739495798319332
2389;-0,3552;2389;-0,73762838468720826
2390;-0,3554;2390;-0,73739495798319332
2391;-0,3556;2391;-0,73762838468720826
2392;-0,3558;2392;-0,73809523809523814
2393;-0,356;2393;-0,73809523809523814
2394;-0,35619999999999996;2394;-0,73809523809523814
2395;-0,3564;2395;-0,73832866479925308
2396;-0,3566;2396;-0,738795518207283
2397;-0,3568;2397;-0,73972922502334271
2398;-0,357;2398;-0,74042950513538752
2399;-0,3572;2399;-0,74042950513538752
2400;-0,3574;2400;-0,74066293183940246
2401;-0,35760000000000003;2401;-0,74112978524743234
2402;-0,3578;2402;-0,74159663865546221
2403;-0,358;2403;-0,74206349206349209
2404;-0,35819999999999996;2404;-0,74206349206349209
2405;-0,3584;2405;-0,74323062558356678
2406;-0,3586;2406;-0,7439309056956116
2407;-0,3588;2407;-0,74486461251167135
2408;-0,359;2408;-0,74556489262371617
2409;-0,3592;2409;-0,74556489262371617
2410;-0,3594;2410;-0,746265172735761
2411;-0,35960000000000003;2411;-0,7469654528478058
2412;-0,3598;2412;-0,7469654528478058
2413;-0,36;2413;-0,7469654528478058
2414;-0,36019999999999996;2414;-0,7469654528478058
2415;-0,3604;2415;-0,7469654528478058
2416;-0,3606;2416;-0,7469654528478058
2417;-0,3608;2417;-0,74719887955182074
2418;-0,361;2418;-0,74743230625583568
2419;-0,3612;2419;-0,74743230625583568
2420;-0,3614;2420;-0,74766573295985062
2421;-0,36160000000000003;2421;-0,74836601307189543
2422;-0,3618;2422;-0,74929971988795518
2423;-0,362;2423;-0,74953314659197012
2424;-0,36219999999999997;2424;-0,74953314659197012
2425;-0,3624;2425;-0,75
2426;-0,3626;2426;-0,75023342670401494
2427;-0,3628;2427;-0,75046685340802988
2428;-0,363;2428;-0,75116713352007469
2429;-0,3632;2429;-0,75116713352007469
2430;-0,3634;2430;-0,75210084033613445
2431;-0,36360000000000003;2431;-0,75280112044817926
2432;-0,3638;2432;-0,753734827264239
2433;-0,364;2433;-0,75420168067226889
2434;-0,36419999999999997;2434;-0,75420168067226889
2435;-0,3644;2435;-0,75466853408029877
2436;-0,3646;2436;-0,75536881419234359
2437;-0,3648;2437;-0,75560224089635852
2438;-0,365;2438;-0,75560224089635852
2439;-0,3652;2439;-0,75560224089635852
2440;-0,3654;2440;-0,75560224089635852
2441;-0,36560000000000004;2441;-0,75560224089635852
2442;-0,3658;2442;-0,75560224089635852
2443;-0,366;2443;-0,7560690943043884
2444;-0,36619999999999997;2444;-0,7560690943043884
2445;-0,3664;2445;-0,75653594771241828
2446;-0,3666;2446;-0,757469654528478
2447;-0,3668;2447;-0,75863678804855272
2448;-0,367;2448;-0,75887021475256766
2449;-0,3672;2449;-0,75887021475256766
2450;-0,3674;2450;-0,75933706816059754
2451;-0,36760000000000004;2451;-0,75957049486461248
2452;-0,3678;2452;-0,76050420168067223
2453;-0,368;2453;-0,761437908496732
2454;-0,36819999999999997;2454;-0,761437908496732
2455;-0,3684;2455;-0,76307189542483655
2456;-0,3686;2456;-0,76423902894491125
2457;-0,3688;2457;-0,76493930905695606
2458;-0,369;2458;-0,76587301587301593
2459;-0,36920000000000003;2459;-0,76587301587301593
2460;-0,3694;2460;-0,7663398692810458
2461;-0,36960000000000004;2461;-0,7675070028011205
2462;-0,3698;2462;-0,7675070028011205
2463;-0,37;2463;-0,76774042950513544
2464;-0,3702;2464;-0,76774042950513544
2465;-0,3704;2465;-0,76797385620915037
2466;-0,3706;2466;-0,76820728291316531
2467;-0,3708;2467;-0,76890756302521013
2468;-0,371;2468;-0,76937441643324
2469;-0,37120000000000003;2469;-0,76937441643324
2470;-0,3714;2470;-0,77007469654528482
2471;-0,37160000000000004;2471;-0,77100840336134457
2472;-0,3718;2472;-0,77147525676937445
2473;-0,372;2473;-0,77194211017740433
2474;-0,3722;2474;-0,77194211017740433
2475;-0,3724;2475;-0,77170868347338939
2476;-0,3726;2476;-0,77170868347338939
2477;-0,3728;2477;-0,77264239028944914
2478;-0,373;2478;-0,773342670401494
2479;-0,37320000000000003;2479;-0,773342670401494
2480;-0,3734;2480;-0,77450980392156865
2481;-0,37360000000000004;2481;-0,77497665732959853
2482;-0,3738;2482;-0,77544351073762841
2483;-0,374;2483;-0,77614379084967322
2484;-0,3742;2484;-0,77614379084967322
2485;-0,3744;2485;-0,7766106442577031
2486;-0,3746;2486;-0,777077497665733
2487;-0,3748;2487;-0,777077497665733
2488;-0,375;2488;-0,77754435107376285
2489;-0,3752;2489;-0,77754435107376285
2490;-0,3754;2490;-0,77754435107376285
2491;-0,3756;2491;-0,77801120448179273
2492;-0,3758;2492;-0,77847805788982261
2493;-0,376;2493;-0,77917833800186742
2494;-0,3762;2494;-0,77917833800186742
2495;-0,37639999999999996;2495;-0,7796451914098973
2496;-0,3766;2496;-0,78104575163398693
2497;-0,37679999999999997;2497;-0,78151260504201681
2498;-0,377;2498;-0,78197945845004668
2499;-0,3772;2499;-0,78197945845004668
2500;-0,3774;2500;-0,78197945845004668
2501;-0,3776;2501;-0,7826797385620915
2502;-0,3778;2502;-0,78338001867413631
2503;-0,378;2503;-0,784547152194211
2504;-0,3782;2504;-0,784547152194211
2505;-0,37839999999999996;2505;-0,78524743230625582
2506;-0,3786;2506;-0,7857142857142857
2507;-0,37879999999999997;2507;-0,78664799253034545
2508;-0,379;2508;-0,78688141923436039
2509;-0,3792;2509;-0,78688141923436039
2510;-0,3794;2510;-0,78781512605042014
2511;-0,3796;2511;-0,78781512605042014
2512;-0,3798;2512;-0,78781512605042014
2513;-0,38;2513;-0,78781512605042014
2514;-0,3802;2514;-0,78781512605042014
2515;-0,38039999999999996;2515;-0,78781512605042014
2516;-0,3806;2516;-0,78804855275443508
2517;-0,38079999999999997;2517;-0,78828197945845
2518;-0,381;2518;-0,78898225957049484
2519;-0,3812;2519;-0,78898225957049484
2520;-0,3814;2520;-0,78968253968253965
2521;-0,3816;2521;-0,79084967320261434
2522;-0,38180000000000003;2522;-0,79154995331465916
2523;-0,382;2523;-0,792016806722689
2524;-0,3822;2524;-0,792016806722689
2525;-0,38239999999999996;2525;-0,792250233426704
2526;-0,3826;2526;-0,79248366013071891
2527;-0,3828;2527;-0,79365079365079361
2528;-0,383;2528;-0,79528478057889818
2529;-0,3832;2529;-0,79528478057889818
2530;-0,3834;2530;-0,795985060690943
2531;-0,3836;2531;-0,79691876750700286
2532;-0,38380000000000003;2532;-0,79831932773109249
2533;-0,384;2533;-0,79878618113912236
2534;-0,3842;2534;-0,79878618113912236
2535;-0,38439999999999996;2535;-0,79995331465919706
2536;-0,3846;2536;-0,79995331465919706
2537;-0,3848;2537;-0,80042016806722693
2538;-0,385;2538;-0,80042016806722693
2539;-0,3852;2539;-0,80042016806722693
2540;-0,3854;2540;-0,80042016806722693
2541;-0,3856;2541;-0,80065359477124187
2542;-0,38580000000000003;2542;-0,80088702147525681
2543;-0,386;2543;-0,80182072829131656
2544;-0,3862;2544;-0,80182072829131656
2545;-0,38639999999999997;2545;-0,80252100840336138
2546;-0,3866;2546;-0,80368814192343607
2547;-0,3868;2547;-0,803921568627451
2548;-0,387;2548;-0,80345471521942113
2549;-0,3872;2549;-0,80345471521942113
2550;-0,3874;2550;-0,80368814192343607
2551;-0,3876;2551;-0,80438842203548089
2552;-0,38780000000000003;2552;-0,80532212885154064
2553;-0,388;2553;-0,8062558356676004
2554;-0,3882;2554;-0,8062558356676004
2555;-0,38839999999999997;2555;-0,8062558356676004
2556;-0,3886;2556;-0,80742296918767509
2557;-0,3888;2557;-0,80765639589169
2558;-0,389;2558;-0,80905695611577966
2559;-0,3892;2559;-0,80905695611577966
2560;-0,3894;2560;-0,80952380952380953
2561;-0,3896;2561;-0,81045751633986929
2562;-0,38980000000000004;2562;-0,81045751633986929
2563;-0,39;2563;-0,81069094304388423
2564;-0,3902;2564;-0,81069094304388423
2565;-0,39039999999999997;2565;-0,81092436974789917
2566;-0,3906;2566;-0,811391223155929
2567;-0,3908;2567;-0,81209150326797386
2568;-0,391;2568;-0,81255835667600373
2569;-0,3912;2569;-0,81255835667600373
2570;-0,3914;2570;-0,81372549019607843
2571;-0,3916;2571;-0,8141923436041083
2572;-0,39180000000000004;2572;-0,81395891690009337
2573;-0,392;2573;-0,8141923436041083
2574;-0,3922;2574;-0,8141923436041083
2575;-0,39239999999999997;2575;-0,81465919701213818
2576;-0,3926;2576;-0,815359477124183
2577;-0,3928;2577;-0,81605975723622781
2578;-0,393;2578;-0,81629318394024275
2579;-0,3932;2579;-0,81629318394024275
2580;-0,3934;2580;-0,8172268907563025
2581;-0,3936;2581;-0,8172268907563025
2582;-0,39380000000000004;2582;-0,81792717086834732
2583;-0,394;2583;-0,81792717086834732
2584;-0,3942;2584;-0,81792717086834732
2585;-0,3944;2585;-0,81816059757236226
2586;-0,3946;2586;-0,81816059757236226
2587;-0,3948;2587;-0,8183940242763772
2588;-0,395;2588;-0,8183940242763772
2589;-0,3952;2589;-0,8183940242763772
2590;-0,39540000000000003;2590;-0,81886087768440707
2591;-0,3956;2591;-0,819327731092437
2592;-0,39580000000000004;2592;-0,82002801120448177
2593;-0,396;2593;-0,82072829131652658
2594;-0,3962;2594;-0,82072829131652658
2595;-0,3964;2595;-0,82166199813258634
2596;-0,3966;2596;-0,82212885154061621
2597;-0,3968;2597;-0,82236227824463115
2598;-0,397;2598;-0,823062558356676
2599;-0,3972;2599;-0,823062558356676
2600;-0,39740000000000003;2600;-0,8232959850606909
2601;-0,3976;2601;-0,8244631185807656
2602;-0,39780000000000004;2602;-0,82563025210084029
2603;-0,398;2603;-0,8265639589169
2604;-0,3982;2604;-0,8265639589169
2605;-0,3984;2605;-0,8274976657329598
2606;-0,3986;2606;-0,82819794584500472
2607;-0,3988;2607;-0,8286647992530346
2608;-0,399;2608;-0,82936507936507942
2609;-0,3992;2609;-0,82936507936507942
2610;-0,39940000000000003;2610;-0,83006535947712423
2611;-0,3996;2611;-0,83006535947712423
2612;-0,39980000000000004;2612;-0,830999066293184
2613;-0,4;2613;-0,830999066293184
2614;-0,4002;2614;-0,830999066293184
2615;-0,4004;2615;-0,83146591970121386
2616;-0,4006;2616;-0,83193277310924374
2617;-0,4008;2617;-0,83286647992530349
2618;-0,40099999999999997;2618;-0,83309990662931843
2619;-0,40119999999999995;2619;-0,83309990662931843
2620;-0,40140000000000003;2620;-0,83380018674136325
2621;-0,4016;2621;-0,83380018674136325
2622;-0,4018;2622;-0,83426704014939312
2623;-0,40199999999999997;2623;-0,83426704014939312
2624;-0,4022;2624;-0,83426704014939312
2625;-0,4024;2625;-0,834733893557423
2626;-0,40259999999999996;2626;-0,83543417366946782
2627;-0,40279999999999994;2627;-0,83660130718954251
2628;-0,403;2628;-0,83730158730158732
2629;-0,4032;2629;-0,83730158730158732
2630;-0,4034;2630;-0,8377684407096172
2631;-0,40359999999999996;2631;-0,83893557422969189
2632;-0,40380000000000005;2632;-0,838702147525677
2633;-0,404;2633;-0,83963585434173671
2634;-0,4042;2634;-0,83963585434173671
2635;-0,4044;2635;-0,83963585434173671
2636;-0,4046;2636;-0,83986928104575165
2637;-0,4048;2637;-0,83986928104575165
2638;-0,40499999999999997;2638;-0,84033613445378152
2639;-0,40519999999999995;2639;-0,84033613445378152
2640;-0,40540000000000004;2640;-0,84103641456582634
2641;-0,4056;2641;-0,84173669467787116
2642;-0,4058;2642;-0,84313725490196079
2643;-0,40599999999999997;2643;-0,84407096171802054
2644;-0,4062;2644;-0,84407096171802054
2645;-0,4064;2645;-0,84477124183006536
2646;-0,40659999999999996;2646;-0,84500466853408029
2647;-0,40679999999999994;2647;-0,84547152194211017
2648;-0,40700000000000003;2648;-0,84570494864612511
2649;-0,4072;2649;-0,84570494864612511
2650;-0,4074;2650;-0,8468720821661998
2651;-0,40759999999999996;2651;-0,84710550887021474
2652;-0,40780000000000005;2652;-0,84803921568627449
2653;-0,40800000000000003;2653;-0,84850606909430437
2654;-0,4082;2654;-0,84850606909430437
2655;-0,4084;2655;-0,849906629318394
2656;-0,4086;2656;-0,85037348272642388
2657;-0,4088;2657;-0,85107376283846869
2658;-0,409;2658;-0,85154061624649857
2659;-0,40919999999999995;2659;-0,85154061624649857
2660;-0,40940000000000004;2660;-0,85154061624649857
2661;-0,4096;2661;-0,85154061624649857
2662;-0,4098;2662;-0,85084033613445376
2663;-0,41;2663;-0,85107376283846869
2664;-0,4102;2664;-0,85107376283846869
2665;-0,4104;2665;-0,85177404295051351
2666;-0,41059999999999997;2666;-0,85317460317460314
2667;-0,41079999999999994;2667;-0,853641456582633
2668;-0,41100000000000003;2668;-0,85527544351073759
2669;-0,4112;2669;-0,85527544351073759
2670;-0,4114;2670;-0,85550887021475253
2671;-0,41159999999999997;2671;-0,85620915032679734
2672;-0,41180000000000005;2672;-0,85690943043884216
2673;-0,41200000000000003;2673;-0,857609710550887
2674;-0,4122;2674;-0,857609710550887
2675;-0,4124;2675;-0,85784313725490191
2676;-0,4126;2676;-0,85924369747899154
2677;-0,4128;2677;-0,85994397759103647
2678;-0,413;2678;-0,86087768440709622
2679;-0,41319999999999996;2679;-0,86087768440709622
2680;-0,41340000000000005;2680;-0,8613445378151261
2681;-0,4136;2681;-0,86227824463118585
2682;-0,4138;2682;-0,86274509803921573
2683;-0,414;2683;-0,86344537815126055
2684;-0,4142;2684;-0,86344537815126055
2685;-0,4144;2685;-0,86344537815126055
2686;-0,41459999999999997;2686;-0,86274509803921573
2687;-0,41479999999999995;2687;-0,86274509803921573
2688;-0,41500000000000004;2688;-0,86251167133520079
2689;-0,4152;2689;-0,86251167133520079
2690;-0,4154;2690;-0,86297852474323067
2691;-0,41559999999999997;2691;-0,86297852474323067
2692;-0,41580000000000006;2692;-0,86391223155929042
2693;-0,41600000000000004;2693;-0,86414565826330536
2694;-0,4162;2694;-0,86414565826330536
2695;-0,4164;2695;-0,8643790849673203
2696;-0,4166;2696;-0,8643790849673203
2697;-0,4168;2697;-0,86461251167133524
2698;-0,417;2698;-0,86507936507936511
2699;-0,41719999999999996;2699;-0,86507936507936511
2700;-0,41740000000000005;2700;-0,86577964519140993
2701;-0,4176;2701;-0,86647992530345475
2702;-0,4178;2702;-0,8674136321195145
2703;-0,418;2703;-0,86811391223155931
2704;-0,4182;2704;-0,86811391223155931
2705;-0,4184;2705;-0,86881419234360413
2706;-0,41859999999999997;2706;-0,869281045751634
2707;-0,41879999999999995;2707;-0,86974789915966388
2708;-0,41900000000000004;2708;-0,87021475256769376
2709;-0,4192;2709;-0,87021475256769376
2710;-0,4194;2710;-0,87021475256769376
2711;-0,4196;2711;-0,87021475256769376
2712;-0,41980000000000006;2712;-0,86974789915966388
2713;-0,42000000000000004;2713;-0,87091503267973858
2714;-0,4202;2714;-0,87138188608776845
2715;-0,4204;2715;-0,87138188608776845
2716;-0,42060000000000003;2716;-0,87231559290382821
2717;-0,4208;2717;-0,873015873015873
2718;-0,421;2718;-0,87371615312791784
2719;-0,42119999999999996;2719;-0,87394957983193278
2720;-0,42140000000000005;2720;-0,87394957983193278
2721;-0,42160000000000003;2721;-0,87394957983193278
2722;-0,4218;2722;-0,87441643323996265
2723;-0,422;2723;-0,87488328664799253
2724;-0,4222;2724;-0,87628384687208216
2725;-0,4224;2725;-0,87628384687208216
2726;-0,4226;2726;-0,87721755368814192
2727;-0,42279999999999995;2727;-0,87791783380018673
2728;-0,42300000000000004;2728;-0,87838468720821661
2729;-0,4232;2729;-0,87931839402427636
2730;-0,4234;2730;-0,87931839402427636
2731;-0,4236;2731;-0,87978524743230624
2732;-0,42380000000000007;2732;-0,880718954248366
2733;-0,42400000000000004;2733;-0,88118580765639587
2734;-0,4242;2734;-0,88118580765639587
2735;-0,4244;2735;-0,88118580765639587
2736;-0,42460000000000003;2736;-0,88165266106442575
2737;-0,4248;2737;-0,88165266106442575
2738;-0,425;2738;-0,8825863678804855
2739;-0,42519999999999997;2739;-0,88328664799253032
2740;-0,42539999999999994;2740;-0,88328664799253032
2741;-0,42560000000000003;2741;-0,88422035480859007
2742;-0,4258;2742;-0,88492063492063489
2743;-0,426;2743;-0,88538748832866476
2744;-0,42619999999999997;2744;-0,88515406162464982
2745;-0,4264;2745;-0,88515406162464982
2746;-0,4266;2746;-0,88585434173669464
2747;-0,42679999999999996;2747;-0,88608776844070958
2748;-0,42699999999999994;2748;-0,88678804855275439
2749;-0,4272;2749;-0,88795518207282909
2750;-0,4274;2750;-0,88795518207282909
2751;-0,4276;2751;-0,8886554621848739
2752;-0,42779999999999996;2752;-0,88958916900093365
2753;-0,42800000000000005;2753;-0,88958916900093365
2754;-0,4282;2754;-0,89052287581699341
2755;-0,4284;2755;-0,89052287581699341
2756;-0,4286;2756;-0,89052287581699341
2757;-0,4288;2757;-0,89169000933706821
2758;-0,429;2758;-0,89169000933706821
2759;-0,42919999999999997;2759;-0,89192343604108315
2760;-0,42939999999999995;2760;-0,89192343604108315
2761;-0,42960000000000004;2761;-0,89192343604108315
2762;-0,4298;2762;-0,892623716153128
2763;-0,43;2763;-0,89309056956115784
2764;-0,43019999999999997;2764;-0,89355742296918772
2765;-0,4304;2765;-0,89355742296918772
2766;-0,4306;2766;-0,89495798319327735
2767;-0,43079999999999996;2767;-0,89565826330532217
2768;-0,43099999999999994;2768;-0,896358543417367
2769;-0,4312;2769;-0,89659197012138192
2770;-0,4314;2770;-0,89659197012138192
2771;-0,4316;2771;-0,89682539682539686
2772;-0,43179999999999996;2772;-0,89729225023342674
2773;-0,43200000000000005;2773;-0,89845938375350143
2774;-0,43220000000000003;2774;-0,89869281045751637
2775;-0,4324;2775;-0,89869281045751637
2776;-0,4326;2776;-0,89985994397759106
2777;-0,4328;2777;-0,90056022408963587
2778;-0,433;2778;-0,90149393090569563
2779;-0,4332;2779;-0,90196078431372551
2780;-0,43339999999999995;2780;-0,90196078431372551
2781;-0,43360000000000004;2781;-0,90242763772175538
2782;-0,4338;2782;-0,90242763772175538
2783;-0,434;2783;-0,90242763772175538
2784;-0,4342;2784;-0,90242763772175538
2785;-0,4344;2785;-0,90242763772175538
2786;-0,4346;2786;-0,90219421101774044
2787;-0,43479999999999996;2787;-0,90242763772175538
2788;-0,43499999999999994;2788;-0,9031279178338002
2789;-0,43520000000000003;2789;-0,90429505135387489
2790;-0,4354;2790;-0,90429505135387489
2791;-0,4356;2791;-0,90522875816993464
2792;-0,43579999999999997;2792;-0,90592903828197946
2793;-0,43600000000000005;2793;-0,90662931839402428
2794;-0,43620000000000003;2794;-0,90686274509803921
2795;-0,4364;2795;-0,90686274509803921
2796;-0,4366;2796;-0,90709617180205415
2797;-0,4368;2797;-0,90802987861811391
2798;-0,437;2798;-0,90849673202614378
2799;-0,4372;2799;-0,91013071895424835
2800;-0,43739999999999996;2800;-0,91013071895424835
2801;-0,43760000000000004;2801;-0,91083099906629317
2802;-0,4378;2802;-0,91176470588235292
2803;-0,438;2803;-0,91246498599439774
2804;-0,4382;2804;-0,91339869281045749
2805;-0,4384;2805;-0,91339869281045749
2806;-0,4386;2806;-0,91386554621848737
2807;-0,43879999999999997;2807;-0,91433239962651724
2808;-0,43899999999999995;2808;-0,91456582633053218
2809;-0,43920000000000003;2809;-0,91409897292250231
2810;-0,4394;2810;-0,91409897292250231
2811;-0,4396;2811;-0,91433239962651724
2812;-0,43979999999999997;2812;-0,91503267973856206
2813;-0,44000000000000006;2813;-0,91549953314659194
2814;-0,44020000000000004;2814;-0,91596638655462181
2815;-0,4404;2815;-0,91596638655462181
2816;-0,4406;2816;-0,91666666666666663
2817;-0,4408;2817;-0,91713352007469651
2818;-0,441;2818;-0,91736694677871145
2819;-0,4412;2819;-0,91713352007469651
2820;-0,44139999999999996;2820;-0,91713352007469651
2821;-0,44160000000000005;2821;-0,91736694677871145
2822;-0,4418;2822;-0,9183006535947712
2823;-0,442;2823;-0,919234360410831
2824;-0,4422;2824;-0,92016806722689071
2825;-0,4424;2825;-0,92016806722689071
2826;-0,4426;2826;-0,92086834733893552
2827;-0,44279999999999997;2827;-0,92180205415499528
2828;-0,44299999999999995;2828;-0,92203548085901033
2829;-0,44320000000000004;2829;-0,923202614379085
2830;-0,4434;2830;-0,923202614379085
2831;-0,4436;2831;-0,9236694677871149
2832;-0,4438;2832;-0,92436974789915971
2833;-0,44400000000000006;2833;-0,92436974789915971
2834;-0,44420000000000004;2834;-0,92530345471521946
2835;-0,4444;2835;-0,92530345471521946
2836;-0,4446;2836;-0,92530345471521946
2837;-0,44480000000000003;2837;-0,92577030812324934
2838;-0,445;2838;-0,92647058823529416
2839;-0,4452;2839;-0,92740429505135391
2840;-0,44539999999999996;2840;-0,92740429505135391
2841;-0,44560000000000005;2841;-0,92833800186741366
2842;-0,44580000000000003;2842;-0,92880485527544354
2843;-0,446;2843;-0,92880485527544354
2844;-0,4462;2844;-0,92903828197945848
2845;-0,4464;2845;-0,92903828197945848
2846;-0,4466;2846;-0,92927170868347342
2847;-0,4468;2847;-0,92997198879551823
2848;-0,44699999999999995;2848;-0,930905695611578
2849;-0,44720000000000004;2849;-0,93137254901960786
2850;-0,4474;2850;-0,93137254901960786
2851;-0,4476;2851;-0,93230625583566762
2852;-0,4478;2852;-0,93230625583566762
2853;-0,44800000000000006;2853;-0,93300653594771243
2854;-0,44820000000000004;2854;-0,93300653594771243
2855;-0,4484;2855;-0,93300653594771243
2856;-0,4486;2856;-0,93394024276377219
2857;-0,44880000000000003;2857;-0,93394024276377219
2858;-0,449;2858;-0,93394024276377219
2859;-0,4492;2859;-0,93394024276377219
2860;-0,44939999999999997;2860;-0,93394024276377219
2861;-0,44960000000000006;2861;-0,93417366946778713
2862;-0,44980000000000003;2862;-0,93487394957983194
2863;-0,45;2863;-0,9358076563958917
2864;-0,4502;2864;-0,93720821661998133
2865;-0,45039999999999997;2865;-0,93720821661998133
2866;-0,4506;2866;-0,93814192343604108
2867;-0,4508;2867;-0,938375350140056
2868;-0,45099999999999996;2868;-0,93907563025210083
2869;-0,45119999999999993;2869;-0,93930905695611577
2870;-0,4514;2870;-0,93930905695611577
2871;-0,4516;2871;-0,93977591036414565
2872;-0,4518;2872;-0,94094304388422034
2873;-0,45199999999999996;2873;-0,94164332399626516
2874;-0,45220000000000005;2874;-0,94327731092436973
2875;-0,4524;2875;-0,94327731092436973
2876;-0,4526;2876;-0,94421101774042948
2877;-0,4528;2877;-0,9449112978524743
2878;-0,453;2878;-0,94537815126050417
2879;-0,4532;2879;-0,94631185807656393
2880;-0,45339999999999997;2880;-0,94631185807656393
2881;-0,45359999999999995;2881;-0,94654528478057887
2882;-0,45380000000000004;2882;-0,94654528478057887
2883;-0,454;2883;-0,94631185807656393
2884;-0,4542;2884;-0,945845004668534
2885;-0,45439999999999997;2885;-0,945845004668534
2886;-0,4546;2886;-0,946078431372549
2887;-0,4548;2887;-0,94654528478057887
2888;-0,45499999999999996;2888;-0,9479458450046685
2889;-0,45519999999999994;2889;-0,94841269841269837
2890;-0,4554;2890;-0,94841269841269837
2891;-0,4556;2891;-0,949813258636788
2892;-0,4558;2892;-0,95004668534080294
2893;-0,45599999999999996;2893;-0,95028011204481788
2894;-0,45620000000000005;2894;-0,949813258636788
2895;-0,45640000000000003;2895;-0,949813258636788
2896;-0,4566;2896;-0,95051353874883282
2897;-0,4568;2897;-0,95144724556489257
2898;-0,457;2898;-0,95238095238095233
2899;-0,4572;2899;-0,95331465919701219
2900;-0,4574;2900;-0,95331465919701219
2901;-0,45759999999999995;2901;-0,95448179271708689
2902;-0,45780000000000004;2902;-0,9551820728291317
2903;-0,458;2903;-0,95611577964519145
2904;-0,4582;2904;-0,95681605975723627
2905;-0,4584;2905;-0,95681605975723627
2906;-0,4586;2906;-0,95704948646125121
2907;-0,4588;2907;-0,95728291316526615
2908;-0,45899999999999996;2908;-0,95658263305322133
2909;-0,45919999999999994;2909;-0,95704948646125121
2910;-0,45940000000000003;2910;-0,95704948646125121
2911;-0,4596;2911;-0,95681605975723627
2912;-0,4598;2912;-0,95728291316526615
2913;-0,45999999999999996;2913;-0,9582166199813259
2914;-0,46020000000000005;2914;-0,95891690009337072
2915;-0,46040000000000003;2915;-0,95891690009337072
2916;-0,4606;2916;-0,95961718020541553
2917;-0,4608;2917;-0,95985060690943047
2918;-0,461;2918;-0,96031746031746035
2919;-0,4612;2919;-0,96055088702147529
2920;-0,4614;2920;-0,96055088702147529
2921;-0,46159999999999995;2921;-0,9612511671335201
2922;-0,46180000000000004;2922;-0,96195144724556492
2923;-0,462;2923;-0,96265172735760973
2924;-0,4622;2924;-0,96335200746965455
2925;-0,4624;2925;-0,96335200746965455
2926;-0,4626;2926;-0,96405228758169936
2927;-0,4628;2927;-0,96475256769374418
2928;-0,46299999999999997;2928;-0,96591970121381887
2929;-0,46319999999999995;2929;-0,96638655462184875
2930;-0,46340000000000003;2930;-0,96638655462184875
2931;-0,4636;2931;-0,96661998132586369
2932;-0,4638;2932;-0,96685340802987862
2933;-0,46399999999999997;2933;-0,96685340802987862
2934;-0,46420000000000006;2934;-0,96685340802987862
2935;-0,46440000000000003;2935;-0,96685340802987862
2936;-0,4646;2936;-0,9673202614379085
2937;-0,4648;2937;-0,96778711484593838
2938;-0,465;2938;-0,96825396825396826
2939;-0,4652;2939;-0,96895424836601307
2940;-0,4654;2940;-0,96895424836601307
2941;-0,46559999999999996;2941;-0,969421101774043
2942;-0,46580000000000005;2942;-0,96988795518207283
2943;-0,466;2943;-0,9703548085901027
2944;-0,4662;2944;-0,97058823529411764
2945;-0,4664;2945;-0,97058823529411764
2946;-0,4666;2946;-0,97198879551820727
2947;-0,4668;2947;-0,97268907563025209
2948;-0,46699999999999997;2948;-0,972922502334267
2949;-0,46719999999999995;2949;-0,97385620915032678
2950;-0,46740000000000004;2950;-0,97385620915032678
2951;-0,4676;2951;-0,97432306255835666
2952;-0,4678;2952;-0,97572362278244629
2953;-0,46799999999999997;2953;-0,97619047619047616
2954;-0,46820000000000006;2954;-0,976890756302521
2955;-0,46840000000000004;2955;-0,976890756302521
2956;-0,4686;2956;-0,976890756302521
2957;-0,4688;2957;-0,976890756302521
2958;-0,46900000000000003;2958;-0,976890756302521
2959;-0,4692;2959;-0,97712418300653592
2960;-0,4694;2960;-0,97712418300653592
2961;-0,46959999999999996;2961;-0,97759103641456579
2962;-0,46980000000000005;2962;-0,97805788982259567
2963;-0,47000000000000003;2963;-0,97922502334267036
2964;-0,4702;2964;-0,98015873015873012
2965;-0,4704;2965;-0,98015873015873012
2966;-0,4706;2966;-0,98015873015873012
2967;-0,4708;2967;-0,98039215686274506
2968;-0,471;2968;-0,98132586367880481
2969;-0,47119999999999995;2969;-0,98225957049486456
2970;-0,47140000000000004;2970;-0,98225957049486456
2971;-0,4716;2971;-0,98272642390289444
2972;-0,4718;2972;-0,98272642390289444
2973;-0,472;2973;-0,98412698412698407
2974;-0,47220000000000006;2974;-0,98459383753501406
2975;-0,47240000000000004;2975;-0,98459383753501406
2976;-0,4726;2976;-0,98529411764705888
2977;-0,4728;2977;-0,98576097105508875
2978;-0,47300000000000003;2978;-0,98622782446311863
2979;-0,4732;2979;-0,98646125116713357
2980;-0,4734;2980;-0,98646125116713357
2981;-0,47359999999999997;2981;-0,98646125116713357
2982;-0,47380000000000005;2982;-0,98646125116713357
2983;-0,47400000000000003;2983;-0,98622782446311863
2984;-0,4742;2984;-0,98599439775910369
2985;-0,4744;2985;-0,98599439775910369
2986;-0,4746;2986;-0,98622782446311863
2987;-0,4748;2987;-0,98716153127917838
2988;-0,475;2988;-0,98716153127917838
2989;-0,47519999999999996;2989;-0,9878618113912232
2990;-0,47539999999999993;2990;-0,9878618113912232
2991;-0,4756;2991;-0,98832866479925308
2992;-0,4758;2992;-0,98949579831932777
2993;-0,476;2993;-0,98926237161531283
2994;-0,47619999999999996;2994;-0,99019607843137258
2995;-0,47640000000000005;2995;-0,99019607843137258
2996;-0,4766;2996;-0,99136321195144728
2997;-0,4768;2997;-0,992530345471522
2998;-0,477;2998;-0,99323062558356678
2999;-0,4772;2999;-0,99463118580765641
3000;-0,4774;3000;-0,99463118580765641
3001;-0,47759999999999997;3001;-0,99533146591970123
3002;-0,47779999999999995;3002;-0,996265172735761
3003;-0,47800000000000004;3003;-0,99673202614379086
3004;-0,4782;3004;-0,99766573295985062
3005;-0,4784;3005;-0,99766573295985062
3006;-0,47859999999999997;3006;-0,99766573295985062
3007;-0,4788;3007;-0,99766573295985062
3008;-0,479;3008;-0,99789915966386555
3009;-0,47919999999999996;3009;-0,99766573295985062
3010;-0,47939999999999994;3010;-0,99766573295985062
3011;-0,4796;3011;-0,99813258636788049
3012;-0,4798;3012;-0,99836601307189543
3013;-0,48;3013;-0,99929971988795518
3014;-0,48019999999999996;3014;-0,99953314659197012
3015;-0,48040000000000005;3015;-0,99953314659197012
3016;-0,4806;3016;-0,99976657329598506
3017;-0,4808;3017;-1
3018;-0,481;3018;-1
3019;-0,4812;3019;-1
3020;-0,4814;3020;-1
3021;-0,4816;3021;-1
3022;-0,48179999999999995;3022;-1
3023;-0,48200000000000004;3023;-1
3024;-0,4822;3024;-1
3025;-0,4824;3025;-1
3026;-0,4826;3026;-1
3027;-0,4828;3027;-1
3028;-0,483;3028;-1
3029;-0,48319999999999996;3029;-1
3030;-0,48339999999999994;3030;-1
3031;-0,48360000000000003;3031;-1
3032;-0,4838;3032;-1
3033;-0,484;3033;-1
3034;-0,48419999999999996;3034;-1
3035;-0,48440000000000005;3035;-1
3036;-0,48460000000000003;3036;-1
3037;-0,4848;3037;-1
3038;-0,485;3038;-1
3039;-0,4852;3039;-1
3040;-0,4854;3040;-1
3041;-0,4856;3041;-1
3042;-0,48579999999999995;3042;-1
3043;-0,48600000000000004;3043;-1
3044;-0,4862;3044;-1
3045;-0,4864;3045;-1
3046;-0,4866;3046;-1
3047;-0,4868;3047;-1
3048;-0,487;3048;-1
3049;-0,48719999999999997;3049;-1
3050;-0,48739999999999994;3050;-1
3051;-0,48760000000000003;3051;-1
3052;-0,4878;3052;-1
3053;-0,488;3053;-1
3054;-0,48819999999999997;3054;-1
3055;-0,48840000000000006;3055;-1
3056;-0,48860000000000003;3056;-1
3057;-0,4888;3057;-1
3058;-0,489;3058;-1
3059;-0,4892;3059;-1
3060;-0,4894;3060;-1
3061;-0,4896;3061;-1
3062;-0,48979999999999996;3062;-1
3063;-0,49000000000000005;3063;-1
3064;-0,4902;3064;-1
3065;-0,4904;3065;-1
3066;-0,4906;3066;-1
3067;-0,4908;3067;-1
3068;-0,491;3068;-1
3069;-0,49119999999999997;3069;-1
3070;-0,49139999999999995;3070;-1
3071;-0,49160000000000004;3071;-1
3072;-0,4918;3072;-1
3073;-0,492;3073;-1
3074;-0,49219999999999997;3074;-1
3075;-0,49240000000000006;3075;-1
3076;-0,49260000000000004;3076;-1
3077;-0,4928;3077;-1
3078;-0,493;3078;-1
3079;-0,4932;3079;-1
3080;-0,4934;3080;-1
3081;-0,4936;3081;-1
3082;-0,49379999999999996;3082;-1
3083;-0,49400000000000005;3083;-1
3084;-0,49420000000000003;3084;-1
3085;-0,4944;3085;-1
3086;-0,4946;3086;-1
3087;-0,4948;3087;-1
3088;-0,495;3088;-1
3089;-0,4952;3089;-1
3090;-0,49539999999999995;3090;-1
3091;-0,49560000000000004;3091;-1
3092;-0,4958;3092;-1
3093;-0,496;3093;-1
3094;-0,4962;3094;-1
3095;-0,49640000000000006;3095;-1
3096;-0,49660000000000004;3096;-1
3097;-0,4968;3097;-1
3098;-0,497;3098;-1
3099;-0,49720000000000003;3099;-1
3100;-0,4974;3100;-1
3101;-0,4976;3101;-1
3102;-0,49779999999999996;3102;-1
3103;-0,49800000000000005;3103;-1
3104;-0,49820000000000003;3104;-1
3105;-0,4984;3105;-1
3106;-0,4986;3106;-1
3107;-0,4988;3107;-1
3108;-0,499;3108;-1
3109;-0,4992;3109;-1
3110;-0,49939999999999996;3110;-1
3111;-0,49960000000000004;3111;-1
3112;-0,4998;3112;-1
3113;-0,5;3113;-1
3114;-0,5002;3114;-1
3115;-0,5004;3115;-1
3116;-0,5006;3116;-1
3117;-0,5008;3117;-1
3118;-0,501;3118;-1
3119;-0,5012;3119;-1
3120;-0,50140000000000007;3120;-1
3121;-0,5016;3121;-1
3122;-0,5018;3122;-1
3123;-0,502;3123;-1
3124;-0,5022;3124;-1
3125;-0,5024;3125;-1
3126;-0,50259999999999994;3126;-1
3127;-0,50279999999999991;3127;-1
3128;-0,503;3128;-1
3129;-0,5032;3129;-1
3130;-0,5034;3130;-1
3131;-0,50359999999999994;3131;-1
3132;-0,5038;3132;-1
3133;-0,504;3133;-1
3134;-0,5042;3134;-1
3135;-0,5044;3135;-1
3136;-0,5046;3136;-1
3137;-0,5048;3137;-1
3138;-0,505;3138;-1
3139;-0,5052;3139;-1
3140;-0,50540000000000007;3140;-1
3141;-0,5056;3141;-1
3142;-0,5058;3142;-1
3143;-0,506;3143;-1
3144;-0,5062;3144;-1
3145;-0,5064;3145;-1
3146;-0,50659999999999994;3146;-1
3147;-0,50679999999999992;3147;-1
3148;-0,507;3148;-1
3149;-0,5072;3149;-1
3150;-0,5074;3150;-1
3151;-0,50759999999999994;3151;-1
3152;-0,5078;3152;-1
3153;-0,508;3153;-1
3154;-0,5082;3154;-1
3155;-0,5084;3155;-1
3156;-0,5086;3156;-1
3157;-0,5088;3157;-1
3158;-0,509;3158;-1
3159;-0,5092;3159;-1
3160;-0,50940000000000007;3160;-1
3161;-0,5096;3161;-1
3162;-0,5098;3162;-1
3163;-0,51;3163;-1
3164;-0,5102;3164;-1
3165;-0,5104;3165;-1
3166;-0,51059999999999994;3166;-1
3167;-0,51079999999999992;3167;-1
3168;-0,511;3168;-1
3169;-0,5112;3169;-1
3170;-0,5114;3170;-1
3171;-0,51159999999999994;3171;-1
3172;-0,5118;3172;-1
3173;-0,512;3173;-1
3174;-0,5122;3174;-1
3175;-0,5124;3175;-1
3176;-0,51260000000000006;3176;-1
3177;-0,5128;3177;-1
3178;-0,513;3178;-1
3179;-0,5132;3179;-1
3180;-0,51340000000000008;3180;-1
3181;-0,51360000000000006;3181;-1
3182;-0,5138;3182;-1
3183;-0,514;3183;-1
3184;-0,5142;3184;-1
3185;-0,5144;3185;-1
3186;-0,5146;3186;-1
3187;-0,51479999999999992;3187;-1
3188;-0,515;3188;-1
3189;-0,5152;3189;-1
3190;-0,5154;3190;-1
3191;-0,5156;3191;-1
3192;-0,5158;3192;-1
3193;-0,516;3193;-1
3194;-0,5162;3194;-1
3195;-0,5164;3195;-1
3196;-0,51660000000000006;3196;-1
3197;-0,5168;3197;-1
3198;-0,517;3198;-1
3199;-0,5172;3199;-1
3200;-0,51740000000000008;3200;-1
3201;-0,51760000000000006;3201;-1
3202;-0,5178;3202;-1
3203;-0,518;3203;-1
3204;-0,5182;3204;-1
3205;-0,5184;3205;-1
3206;-0,5186;3206;-1
3207;-0,51879999999999993;3207;-1
3208;-0,519;3208;-1
3209;-0,5192;3209;-1
3210;-0,5194;3210;-1
3211;-0,5196;3211;-1
3212;-0,5198;3212;-1
3213;-0,52;3213;-1
3214;-0,5202;3214;-1
3215;-0,5204;3215;-1
3216;-0,52060000000000006;3216;-1
3217;-0,5208;3217;-1
3218;-0,521;3218;-1
3219;-0,5212;3219;-1
3220;-0,52140000000000009;3220;-1
3221;-0,52160000000000006;3221;-1
3222;-0,5218;3222;-1
3223;-0,522;3223;-1
3224;-0,5222;3224;-1
3225;-0,5224;3225;-1
3226;-0,5226;3226;-1
3227;-0,52279999999999993;3227;-1
3228;-0,523;3228;-1
3229;-0,5232;3229;-1
3230;-0,5234;3230;-1
3231;-0,5236;3231;-1
3232;-0,5238;3232;-1
3233;-0,524;3233;-1
3234;-0,5242;3234;-1
3235;-0,5244;3235;-1
3236;-0,52460000000000007;3236;-1
3237;-0,5248;3237;-1
3238;-0,525;3238;-1
3239;-0,5252;3239;-1
3240;-0,5254;3240;-1
3241;-0,52560000000000007;3241;-1
3242;-0,5258;3242;-1
3243;-0,526;3243;-1
3244;-0,5262;3244;-1
3245;-0,5264;3245;-1
3246;-0,5266;3246;-1
3247;-0,52679999999999993;3247;-1
3248;-0,52699999999999991;3248;-1
3249;-0,5272;3249;-1
3250;-0,5274;3250;-1
3251;-0,5276;3251;-1
3252;-0,52779999999999994;3252;-1
3253;-0,528;3253;-1
3254;-0,5282;3254;-1
3255;-0,5284;3255;-1
3256;-0,5286;3256;-1
3257;-0,5288;3257;-1
3258;-0,529;3258;-1
3259;-0,5292;3259;-1
3260;-0,5294;3260;-1
3261;-0,52960000000000007;3261;-1
3262;-0,5298;3262;-1
3263;-0,53;3263;-1
3264;-0,5302;3264;-1
3265;-0,5304;3265;-1
3266;-0,5306;3266;-1
3267;-0,53079999999999994;3267;-1
3268;-0,53099999999999992;3268;-1
3269;-0,5312;3269;-1
3270;-0,5314;3270;-1
3271;-0,5316;3271;-1
3272;-0,53179999999999994;3272;-1
3273;-0,532;3273;-1
3274;-0,5322;3274;-1
3275;-0,5324;3275;-1
3276;-0,5326;3276;-1
3277;-0,5328;3277;-1
3278;-0,533;3278;-0,99953314659197012
3279;-0,5332;3279;-1
3280;-0,5334;3280;-1
3281;-0,53360000000000007;3281;-1
3282;-0,5338;3282;-1
3283;-0,534;3283;-1
3284;-0,5342;3284;-1
3285;-0,5344;3285;-1
3286;-0,5346;3286;-1
3287;-0,53479999999999994;3287;-1
3288;-0,53499999999999992;3288;-1
3289;-0,5352;3289;-1
3290;-0,5354;3290;-1
3291;-0,5356;3291;-1
3292;-0,53579999999999994;3292;-1
3293;-0,536;3293;-1
3294;-0,5362;3294;-1
3295;-0,5364;3295;-1
3296;-0,5366;3296;-1
3297;-0,5368;3297;-1
3298;-0,537;3298;-1
3299;-0,5372;3299;-0,99976657329598506
3300;-0,5374;3300;-1
3301;-0,53760000000000008;3301;-1
3302;-0,53780000000000006;3302;-1
3303;-0,538;3303;-1
3304;-0,5382;3304;-1
3305;-0,5384;3305;-1
3306;-0,5386;3306;-1
3307;-0,5388;3307;-1
3308;-0,53899999999999992;3308;-1
3309;-0,5392;3309;-1
3310;-0,5394;3310;-1
3311;-0,5396;3311;-1
3312;-0,5398;3312;-1
3313;-0,54;3313;-1
3314;-0,5402;3314;-1
3315;-0,5404;3315;-1
3316;-0,5406;3316;-1
3317;-0,54080000000000006;3317;-1
3318;-0,541;3318;-1
3319;-0,5412;3319;-1
3320;-0,5414;3320;-1
3321;-0,54160000000000008;3321;-1
3322;-0,54180000000000006;3322;-1
3323;-0,542;3323;-1
3324;-0,5422;3324;-1
3325;-0,5424;3325;-1
3326;-0,5426;3326;-1
3327;-0,5428;3327;-1
3328;-0,54299999999999993;3328;-1
3329;-0,5432;3329;-1
3330;-0,5434;3330;-1
3331;-0,5436;3331;-1
3332;-0,5438;3332;-1
3333;-0,544;3333;-1
3334;-0,5442;3334;-1
3335;-0,5444;3335;-1
3336;-0,5446;3336;-1
3337;-0,54480000000000006;3337;-1
3338;-0,545;3338;-1
3339;-0,5452;3339;-1
3340;-0,5454;3340;-1
3341;-0,54560000000000008;3341;-1
3342;-0,54580000000000006;3342;-1
3343;-0,546;3343;-1
3344;-0,5462;3344;-1
3345;-0,5464;3345;-1
3346;-0,5466;3346;-1
3347;-0,5468;3347;-1
3348;-0,54699999999999993;3348;-1
3349;-0,5472;3349;-1
3350;-0,5474;3350;-1
3351;-0,5476;3351;-1
3352;-0,5478;3352;-1
3353;-0,548;3353;-1
3354;-0,5482;3354;-1
3355;-0,5484;3355;-1
3356;-0,5486;3356;-1
3357;-0,54880000000000007;3357;-1
3358;-0,549;3358;-1
3359;-0,5492;3359;-1
3360;-0,5494;3360;-1
3361;-0,54960000000000009;3361;-1
3362;-0,54980000000000007;3362;-1
3363;-0,55;3363;-1
3364;-0,5502;3364;-1
3365;-0,5504;3365;-1
3366;-0,5506;3366;-1
3367;-0,5508;3367;-1
3368;-0,55099999999999993;3368;-1
3369;-0,55119999999999991;3369;-1
3370;-0,5514;3370;-1
3371;-0,5516;3371;-1
3372;-0,5518;3372;-1
3373;-0,55199999999999994;3373;-1
3374;-0,5522;3374;-1
3375;-0,5524;3375;-1
3376;-0,5526;3376;-1
3377;-0,5528;3377;-1
3378;-0,553;3378;-1
3379;-0,5532;3379;-1
3380;-0,5534;3380;-1
3381;-0,5536;3381;-1
3382;-0,55380000000000007;3382;-1
3383;-0,554;3383;-1
3384;-0,5542;3384;-0,99976657329598506
3385;-0,5544;3385;-1
3386;-0,5546;3386;-1
3387;-0,5548;3387;-1
3388;-0,55499999999999994;3388;-1
3389;-0,55519999999999992;3389;-1
3390;-0,5554;3390;-1
3391;-0,5556;3391;-1
3392;-0,5558;3392;-1
3393;-0,55599999999999994;3393;-1
3394;-0,5562;3394;-1
3395;-0,5564;3395;-1
3396;-0,5566;3396;-1
3397;-0,5568;3397;-1
3398;-0,557;3398;-1
3399;-0,5572;3399;-1
3400;-0,5574;3400;-1
3401;-0,5576;3401;-1
3402;-0,55780000000000007;3402;-1
3403;-0,558;3403;-1
3404;-0,5582;3404;-1
3405;-0,5584;3405;-1
3406;-0,5586;3406;-1
3407;-0,5588;3407;-1
3408;-0,55899999999999994;3408;-1
3409;-0,55919999999999992;3409;-1
3410;-0,5594;3410;-1
3411;-0,5596;3411;-1
3412;-0,5598;3412;-1
3413;-0,55999999999999994;3413;-1
3414;-0,5602;3414;-1
3415;-0,5604;3415;-1
3416;-0,5606;3416;-1
3417;-0,5608;3417;-1
3418;-0,561;3418;-1
3419;-0,5612;3419;-1
3420;-0,5614;3420;-1
3421;-0,5616;3421;-1
3422;-0,56180000000000008;3422;-1
3423;-0,562;3423;-1
3424;-0,5622;3424;-1
3425;-0,5624;3425;-1
3426;-0,5626;3426;-1
3427;-0,5628;3427;-1
3428;-0,563;3428;-1
3429;-0,56319999999999992;3429;-1
3430;-0,5634;3430;-1
3431;-0,5636;3431;-1
3432;-0,5638;3432;-1
3433;-0,564;3433;-1
3434;-0,5642;3434;-1
3435;-0,5644;3435;-1
3436;-0,5646;3436;-1
3437;-0,5648;3437;-1
3438;-0,56500000000000006;3438;-1
3439;-0,5652;3439;-1
3440;-0,5654;3440;-1
3441;-0,5656;3441;-1
3442;-0,56580000000000008;3442;-1
3443;-0,56600000000000006;3443;-1
3444;-0,5662;3444;-1
3445;-0,5664;3445;-1
3446;-0,5666;3446;-1
3447;-0,5668;3447;-1
3448;-0,567;3448;-1
3449;-0,56719999999999993;3449;-1
3450;-0,5674;3450;-1
3451;-0,5676;3451;-1
3452;-0,5678;3452;-1
3453;-0,568;3453;-1
3454;-0,5682;3454;-1
3455;-0,5684;3455;-1
3456;-0,5686;3456;-1
3457;-0,5688;3457;-1
3458;-0,56900000000000006;3458;-1
3459;-0,5692;3459;-1
3460;-0,5694;3460;-1
3461;-0,5696;3461;-1
3462;-0,56980000000000008;3462;-1
3463;-0,57000000000000006;3463;-1
3464;-0,5702;3464;-1
3465;-0,5704;3465;-1
3466;-0,5706;3466;-1
3467;-0,5708;3467;-1
3468;-0,571;3468;-1
3469;-0,57119999999999993;3469;-1
3470;-0,5714;3470;-1
3471;-0,5716;3471;-1
3472;-0,5718;3472;-1
3473;-0,572;3473;-1
3474;-0,5722;3474;-1
3475;-0,5724;3475;-1
3476;-0,5726;3476;-1
3477;-0,5728;3477;-1
3478;-0,57300000000000006;3478;-1
3479;-0,5732;3479;-1
3480;-0,5734;3480;-1
3481;-0,5736;3481;-1
3482;-0,57380000000000009;3482;-1
3483;-0,57400000000000007;3483;-1
3484;-0,5742;3484;-1
3485;-0,5744;3485;-1
3486;-0,5746;3486;-1
3487;-0,5748;3487;-1
3488;-0,575;3488;-1
3489;-0,57519999999999993;3489;-1
3490;-0,57539999999999991;3490;-1
3491;-0,5756;3491;-1
3492;-0,5758;3492;-1
3493;-0,576;3493;-1
3494;-0,57619999999999993;3494;-1
3495;-0,5764;3495;-1
3496;-0,5766;3496;-1
3497;-0,5768;3497;-1
3498;-0,577;3498;-1
3499;-0,5772;3499;-1
3500;-0,5774;3500;-1
3501;-0,5776;3501;-1
3502;-0,5778;3502;-1
3503;-0,57800000000000007;3503;-1
3504;-0,5782;3504;-1
3505;-0,5784;3505;-1
3506;-0,5786;3506;-1
3507;-0,5788;3507;-1
3508;-0,579;3508;-1
3509;-0,57919999999999994;3509;-1
3510;-0,57939999999999992;3510;-1
3511;-0,5796;3511;-1
3512;-0,5798;3512;-1
3513;-0,58;3513;-1
3514;-0,58019999999999994;3514;-1
3515;-0,5804;3515;-1
3516;-0,5806;3516;-1
3517;-0,5808;3517;-1
3518;-0,581;3518;-1
3519;-0,5812;3519;-1
3520;-0,5814;3520;-1
3521;-0,5816;3521;-1
3522;-0,5818;3522;-1
3523;-0,58200000000000007;3523;-1
3524;-0,5822;3524;-1
3525;-0,5824;3525;-1
3526;-0,5826;3526;-1
3527;-0,5828;3527;-1
3528;-0,583;3528;-1
3529;-0,58319999999999994;3529;-1
3530;-0,58339999999999992;3530;-1
3531;-0,5836;3531;-1
3532;-0,5838;3532;-1
3533;-0,584;3533;-1
3534;-0,58419999999999994;3534;-0,99976657329598506
3535;-0,5844;3535;-1
3536;-0,5846;3536;-1
3537;-0,5848;3537;-1
3538;-0,585;3538;-1
3539;-0,5852;3539;-1
3540;-0,5854;3540;-1
3541;-0,5856;3541;-1
3542;-0,5858;3542;-1
3543;-0,58600000000000008;3543;-1
3544;-0,5862;3544;-1
3545;-0,5864;3545;-1
3546;-0,5866;3546;-1
3547;-0,5868;3547;-1
3548;-0,587;3548;-1
3549;-0,58719999999999994;3549;-1
3550;-0,58739999999999992;3550;-1
3551;-0,5876;3551;-1
3552;-0,5878;3552;-1
3553;-0,588;3553;-1
3554;-0,5882;3554;-1
3555;-0,5884;3555;-0,99976657329598506
3556;-0,5886;3556;-1
3557;-0,5888;3557;-1
3558;-0,589;3558;-1
3559;-0,58920000000000006;3559;-1
3560;-0,5894;3560;-1
3561;-0,5896;3561;-1
3562;-0,5898;3562;-1
3563;-0,59000000000000008;3563;-1
3564;-0,59020000000000006;3564;-1
3565;-0,5904;3565;-1
3566;-0,5906;3566;-1
3567;-0,5908;3567;-1
3568;-0,591;3568;-1
3569;-0,5912;3569;-1
3570;-0,59139999999999993;3570;-1
3571;-0,5916;3571;-1
3572;-0,5918;3572;-1
3573;-0,592;3573;-1
3574;-0,5922;3574;-1
3575;-0,5924;3575;-1
3576;-0,5926;3576;-1
3577;-0,5928;3577;-1
3578;-0,593;3578;-1
3579;-0,59320000000000006;3579;-1
3580;-0,5934;3580;-1
3581;-0,5936;3581;-1
3582;-0,5938;3582;-1
3583;-0,59400000000000008;3583;-1
3584;-0,59420000000000006;3584;-1
3585;-0,5944;3585;-1
3586;-0,5946;3586;-1
3587;-0,5948;3587;-1
3588;-0,595;3588;-1
3589;-0,5952;3589;-1
3590;-0,59539999999999993;3590;-1
3591;-0,5956;3591;-1
3592;-0,5958;3592;-1
3593;-0,596;3593;-1
3594;-0,5962;3594;-1
3595;-0,5964;3595;-1
3596;-0,5966;3596;-1
3597;-0,5968;3597;-1
3598;-0,597;3598;-1
3599;-0,59720000000000006;3599;-1
3600;-0,5974;3600;-1
3601;-0,5976;3601;-1
3602;-0,5978;3602;-1
3603;-0,59800000000000009;3603;-1
3604;-0,59820000000000007;3604;-1
3605;-0,5984;3605;-1
3606;-0,5986;3606;-1
3607;-0,5988;3607;-1
3608;-0,599;3608;-1
3609;-0,5992;3609;-1
3610;-0,59939999999999993;3610;-1
3611;-0,5996;3611;-1
3612;-0,5998;3612;-1
3613;-0,6;3613;-1
3614;-0,6002;3614;-1
3615;-0,60039999999999993;3615;-1
3616;-0,6006;3616;-1
3617;-0,6008;3617;-1
3618;-0,601;3618;-1
3619;-0,6012;3619;-1
3620;-0,6014;3620;-1
3621;-0,6016;3621;-1
3622;-0,6018;3622;-1
3623;-0,602;3623;-1
3624;-0,60220000000000007;3624;-1
3625;-0,6024;3625;-1
3626;-0,6026;3626;-1
3627;-0,6028;3627;-1
3628;-0,603;3628;-1
3629;-0,6032;3629;-1
3630;-0,60339999999999994;3630;-1
3631;-0,60359999999999991;3631;-1
3632;-0,6038;3632;-1
3633;-0,604;3633;-1
3634;-0,6042;3634;-1
3635;-0,60439999999999994;3635;-1
3636;-0,6046;3636;-1
3637;-0,6048;3637;-1
3638;-0,605;3638;-1
3639;-0,6052;3639;-1
3640;-0,6054;3640;-1
3641;-0,6056;3641;-1
3642;-0,6058;3642;-1
3643;-0,606;3643;-1
3644;-0,60620000000000007;3644;-1
3645;-0,6064;3645;-1
3646;-0,6066;3646;-1
3647;-0,6068;3647;-1
3648;-0,607;3648;-1
3649;-0,6072;3649;-1
3650;-0,60739999999999994;3650;-1
3651;-0,60759999999999992;3651;-1
3652;-0,6078;3652;-1
3653;-0,608;3653;-1
3654;-0,6082;3654;-1
3655;-0,60839999999999994;3655;-1
3656;-0,6086;3656;-1
3657;-0,6088;3657;-1
3658;-0,609;3658;-1
3659;-0,6092;3659;-1
3660;-0,6094;3660;-1
3661;-0,6096;3661;-1
3662;-0,6098;3662;-1
3663;-0,61;3663;-1
3664;-0,61020000000000008;3664;-1
3665;-0,6104;3665;-1
3666;-0,6106;3666;-1
3667;-0,6108;3667;-1
3668;-0,611;3668;-1
3669;-0,6112;3669;-1
3670;-0,61139999999999994;3670;-1
3671;-0,61159999999999992;3671;-1
3672;-0,6118;3672;-1
3673;-0,612;3673;-1
3674;-0,6122;3674;-1
3675;-0,61239999999999994;3675;-1
3676;-0,6126;3676;-1
3677;-0,6128;3677;-1
3678;-0,613;3678;-1
3679;-0,6132;3679;-1
3680;-0,61340000000000006;3680;-1
3681;-0,6136;3681;-1
3682;-0,6138;3682;-1
3683;-0,614;3683;-1
3684;-0,61420000000000008;3684;-1
3685;-0,61440000000000006;3685;-1
3686;-0,6146;3686;-1
3687;-0,6148;3687;-1
3688;-0,615;3688;-1
3689;-0,6152;3689;-1
3690;-0,6154;3690;-0,99976657329598506
3691;-0,61559999999999993;3691;-1
3692;-0,6158;3692;-1
3693;-0,616;3693;-1
3694;-0,6162;3694;-1
3695;-0,6164;3695;-1
3696;-0,6166;3696;-1
3697;-0,6168;3697;-1
3698;-0,617;3698;-1
3699;-0,6172;3699;-1
3700;-0,61740000000000006;3700;-1
3701;-0,6176;3701;-1
3702;-0,6178;3702;-1
3703;-0,618;3703;-1
3704;-0,61820000000000008;3704;-1
3705;-0,61840000000000006;3705;-1
3706;-0,6186;3706;-1
3707;-0,6188;3707;-1
3708;-0,619;3708;-1
3709;-0,6192;3709;-1
3710;-0,6194;3710;-1
3711;-0,61959999999999993;3711;-0,99976657329598506
3712;-0,6198;3712;-0,99976657329598506
3713;-0,62;3713;-1
3714;-0,6202;3714;-1
3715;-0,6204;3715;-1
3716;-0,6206;3716;-1
3717;-0,6208;3717;-1
3718;-0,621;3718;-1
3719;-0,6212;3719;-1
3720;-0,62140000000000006;3720;-1
3721;-0,6216;3721;-1
3722;-0,6218;3722;-1
3723;-0,622;3723;-1
3724;-0,62220000000000009;3724;-1
3725;-0,62240000000000006;3725;-1
3726;-0,6226;3726;-1
3727;-0,6228;3727;-1
3728;-0,623;3728;-1
3729;-0,6232;3729;-1
3730;-0,6234;3730;-1
3731;-0,62359999999999993;3731;-1
3732;-0,6238;3732;-1
3733;-0,624;3733;-1
3734;-0,6242;3734;-1
3735;-0,6244;3735;-1
3736;-0,6246;3736;-1
3737;-0,6248;3737;-1
3738;-0,625;3738;-1
3739;-0,6252;3739;-1
3740;-0,6254;3740;-1
3741;-0,6256;3741;-1
3742;-0,6258;3742;-1
3743;-0,626;3743;-1
3744;-0,6262;3744;-1
3745;-0,62640000000000007;3745;-1
3746;-0,6266;3746;-1
3747;-0,6268;3747;-1
3748;-0,627;3748;-1
3749;-0,6272;3749;-1
3750;-0,6274;3750;-1
3751;-0,62759999999999994;3751;-1
3752;-0,62779999999999991;3752;-1
3753;-0,628;3753;-1
3754;-0,6282;3754;-1
3755;-0,6284;3755;-1
3756;-0,62859999999999994;3756;-1
3757;-0,6288;3757;-1
3758;-0,629;3758;-1
3759;-0,6292;3759;-1
3760;-0,6294;3760;-1
3761;-0,6296;3761;-1
3762;-0,6298;3762;-1
3763;-0,63;3763;-1
3764;-0,6302;3764;-1
3765;-0,63040000000000007;3765;-1
3766;-0,6306;3766;-1
3767;-0,6308;3767;-1
3768;-0,631;3768;-1
3769;-0,6312;3769;-1
3770;-0,6314;3770;-1
3771;-0,63159999999999994;3771;-1
3772;-0,63179999999999992;3772;-1
3773;-0,632;3773;-1
3774;-0,6322;3774;-1
3775;-0,6324;3775;-1
3776;-0,63259999999999994;3776;-1
3777;-0,6328;3777;-1
3778;-0,633;3778;-1
3779;-0,6332;3779;-1
3780;-0,6334;3780;-1
3781;-0,6336;3781;-1
3782;-0,6338;3782;-1
3783;-0,634;3783;-1
3784;-0,6342;3784;-1
3785;-0,63440000000000007;3785;-1
3786;-0,6346;3786;-1
3787;-0,6348;3787;-1
3788;-0,635;3788;-1
3789;-0,6352;3789;-1
3790;-0,6354;3790;-1
3791;-0,63559999999999994;3791;-1
3792;-0,63579999999999992;3792;-1
3793;-0,636;3793;-1
3794;-0,6362;3794;-1
3795;-0,6364;3795;-1
3796;-0,63659999999999994;3796;-1
3797;-0,6368;3797;-1
3798;-0,637;3798;-1
3799;-0,6372;3799;-1
3800;-0,6374;3800;-1
3801;-0,63760000000000006;3801;-1
3802;-0,6378;3802;-1
3803;-0,638;3803;-1
3804;-0,6382;3804;-1
3805;-0,63840000000000008;3805;-1
3806;-0,63860000000000006;3806;-1
3807;-0,6388;3807;-1
3808;-0,639;3808;-1
3809;-0,6392;3809;-1
3810;-0,6394;3810;-1
3811;-0,6396;3811;-1
3812;-0,63979999999999992;3812;-1
3813;-0,64;3813;-1
3814;-0,6402;3814;-1
3815;-0,6404;3815;-1
3816;-0,6406;3816;-1
3817;-0,6408;3817;-1
3818;-0,641;3818;-1
3819;-0,6412;3819;-1
3820;-0,6414;3820;-1
3821;-0,64160000000000006;3821;-1
3822;-0,6418;3822;-1
3823;-0,642;3823;-1
3824;-0,6422;3824;-1
3825;-0,64240000000000008;3825;-1
3826;-0,64260000000000006;3826;-1
3827;-0,6428;3827;-1
3828;-0,643;3828;-1
3829;-0,6432;3829;-1
3830;-0,6434;3830;-1
3831;-0,6436;3831;-1
3832;-0,64379999999999993;3832;-1
3833;-0,644;3833;-1
3834;-0,6442;3834;-1
3835;-0,6444;3835;-1
3836;-0,6446;3836;-1
3837;-0,6448;3837;-1
3838;-0,645;3838;-1
3839;-0,6452;3839;-1
3840;-0,6454;3840;-1
3841;-0,64560000000000006;3841;-1
3842;-0,6458;3842;-1
3843;-0,646;3843;-1
3844;-0,6462;3844;-1
3845;-0,64640000000000009;3845;-1
3846;-0,64660000000000006;3846;-1
3847;-0,6468;3847;-1
3848;-0,647;3848;-1
3849;-0,6472;3849;-1
3850;-0,6474;3850;-1
3851;-0,6476;3851;-1
3852;-0,64779999999999993;3852;-1
3853;-0,648;3853;-1
3854;-0,6482;3854;-1
3855;-0,6484;3855;-1
3856;-0,6486;3856;-1
3857;-0,6488;3857;-1
3858;-0,649;3858;-1
3859;-0,6492;3859;-1
3860;-0,6494;3860;-1
3861;-0,64960000000000007;3861;-1
3862;-0,6498;3862;-1
3863;-0,65;3863;-1
3864;-0,6502;3864;-1
3865;-0,6504;3865;-1
3866;-0,65060000000000007;3866;-1
3867;-0,6508;3867;-1
3868;-0,651;3868;-1
3869;-0,6512;3869;-1
3870;-0,6514;3870;-1
3871;-0,6516;3871;-1
3872;-0,65179999999999993;3872;-1
3873;-0,65199999999999991;3873;-1
3874;-0,6522;3874;-1
3875;-0,6524;3875;-1
3876;-0,6526;3876;-1
3877;-0,65279999999999994;3877;-1
3878;-0,653;3878;-1
3879;-0,6532;3879;-1
3880;-0,6534;3880;-1
3881;-0,6536;3881;-1
3882;-0,6538;3882;-1
3883;-0,654;3883;-1
3884;-0,6542;3884;-1
3885;-0,6544;3885;-1
3886;-0,65460000000000007;3886;-1
3887;-0,6548;3887;-1
3888;-0,655;3888;-1
3889;-0,6552;3889;-1
3890;-0,6554;3890;-1
3891;-0,6556;3891;-1
3892;-0,65579999999999994;3892;-1
3893;-0,65599999999999992;3893;-1
3894;-0,6562;3894;-1
3895;-0,6564;3895;-1
3896;-0,6566;3896;-1
3897;-0,65679999999999994;3897;-1
3898;-0,657;3898;-1
3899;-0,6572;3899;-1
3900;-0,6574;3900;-1
3901;-0,6576;3901;-1
3902;-0,6578;3902;-1
3903;-0,658;3903;-1
3904;-0,6582;3904;-1
3905;-0,6584;3905;-1
3906;-0,65860000000000007;3906;-1
3907;-0,6588;3907;-1
3908;-0,659;3908;-1
3909;-0,6592;3909;-1
3910;-0,6594;3910;-1
3911;-0,6596;3911;-1
3912;-0,65979999999999994;3912;-1
3913;-0,65999999999999992;3913;-1
3914;-0,6602;3914;-1
3915;-0,6604;3915;-1
3916;-0,6606;3916;-1
3917;-0,66079999999999994;3917;-1
3918;-0,661;3918;-1
3919;-0,6612;3919;-1
3920;-0,6614;3920;-1
3921;-0,6616;3921;-1
3922;-0,6618;3922;-1
3923;-0,662;3923;-1
3924;-0,6622;3924;-1
3925;-0,6624;3925;-1
3926;-0,66260000000000008;3926;-1
3927;-0,66280000000000006;3927;-1
3928;-0,663;3928;-1
3929;-0,6632;3929;-1
3930;-0,6634;3930;-1
3931;-0,6636;3931;-1
3932;-0,6638;3932;-1
3933;-0,66399999999999992;3933;-1
3934;-0,6642;3934;-1
3935;-0,6644;3935;-1
3936;-0,6646;3936;-1
3937;-0,6648;3937;-1
3938;-0,665;3938;-1
3939;-0,6652;3939;-1
3940;-0,6654;3940;-1
3941;-0,6656;3941;-1
3942;-0,66580000000000006;3942;-1
3943;-0,666;3943;-1
3944;-0,6662;3944;-1
3945;-0,6664;3945;-1
3946;-0,66660000000000008;3946;-1
3947;-0,66680000000000006;3947;-1
3948;-0,667;3948;-1
3949;-0,6672;3949;-1
3950;-0,6674;3950;-1
3951;-0,6676;3951;-1
3952;-0,6678;3952;-1
3953;-0,66799999999999993;3953;-1
3954;-0,6682;3954;-1
3955;-0,6684;3955;-1
3956;-0,6686;3956;-1
3957;-0,6688;3957;-1
3958;-0,669;3958;-1
3959;-0,6692;3959;-1
3960;-0,6694;3960;-1
3961;-0,6696;3961;-1
3962;-0,66980000000000006;3962;-1
3963;-0,67;3963;-1
3964;-0,6702;3964;-1
3965;-0,6704;3965;-1
3966;-0,67060000000000008;3966;-1
3967;-0,67080000000000006;3967;-1
3968;-0,671;3968;-1
3969;-0,6712;3969;-1
3970;-0,6714;3970;-1
3971;-0,6716;3971;-1
3972;-0,6718;3972;-1
3973;-0,67199999999999993;3973;-1
3974;-0,6722;3974;-1
3975;-0,6724;3975;-1
3976;-0,6726;3976;-1
3977;-0,6728;3977;-1
3978;-0,673;3978;-1
3979;-0,6732;3979;-1
3980;-0,6734;3980;-1
3981;-0,6736;3981;-1
3982;-0,67380000000000007;3982;-1
3983;-0,674;3983;-1
3984;-0,6742;3984;-1
3985;-0,6744;3985;-1
3986;-0,67460000000000009;3986;-1
3987;-0,67480000000000007;3987;-1
3988;-0,675;3988;-1
3989;-0,6752;3989;-1
3990;-0,6754;3990;-1
3991;-0,6756;3991;-1
3992;-0,6758;3992;-1
3993;-0,67599999999999993;3993;-1
3994;-0,67619999999999991;3994;-1
3995;-0,6764;3995;-1
3996;-0,6766;3996;-1
3997;-0,6768;3997;-1
3998;-0,67699999999999994;3998;-1
3999;-0,6772;3999;-1
4000;-0,6774;4000;-1
4001;-0,6776;4001;-1
4002;-0,6778;4002;-0,99976657329598506
4003;-0,678;4003;-0,99976657329598506
4004;-0,6782;4004;-0,99976657329598506
4005;-0,6784;4005;-1
4006;-0,6786;4006;-1
4007;-0,67880000000000007;4007;-1
4008;-0,679;4008;-1
4009;-0,6792;4009;-0,99976657329598506
4010;-0,6794;4010;-1
4011;-0,6796;4011;-1
4012;-0,6798;4012;-1
4013;-0,67999999999999994;4013;-1
4014;-0,68019999999999992;4014;-1
4015;-0,6804;4015;-1
4016;-0,6806;4016;-1
4017;-0,6808;4017;-1
4018;-0,68099999999999994;4018;-1
4019;-0,6812;4019;-1
4020;-0,6814;4020;-1
4021;-0,6816;4021;-1
4022;-0,6818;4022;-1
4023;-0,682;4023;-1
4024;-0,6822;4024;-1
4025;-0,6824;4025;-1
4026;-0,6826;4026;-1
4027;-0,68280000000000007;4027;-1
4028;-0,683;4028;-1
4029;-0,6832;4029;-1
4030;-0,6834;4030;-1
4031;-0,6836;4031;-1
4032;-0,6838;4032;-1
4033;-0,68399999999999994;4033;-1
4034;-0,68419999999999992;4034;-1
4035;-0,6844;4035;-1
4036;-0,6846;4036;-1
4037;-0,6848;4037;-1
4038;-0,68499999999999994;4038;-1
4039;-0,6852;4039;-1
4040;-0,6854;4040;-1
4041;-0,6856;4041;-1
4042;-0,6858;4042;-1
4043;-0,686;4043;-1
4044;-0,6862;4044;-1
4045;-0,6864;4045;-1
4046;-0,6866;4046;-1
4047;-0,68680000000000008;4047;-1
4048;-0,687;4048;-1
4049;-0,6872;4049;-1
4050;-0,6874;4050;-1
4051;-0,6876;4051;-1
4052;-0,6878;4052;-1
4053;-0,688;4053;-1
4054;-0,68819999999999992;4054;-1
4055;-0,6884;4055;-1
4056;-0,6886;4056;-1
4057;-0,6888;4057;-1
4058;-0,689;4058;-1
4059;-0,6892;4059;-1
4060;-0,6894;4060;-1
4061;-0,6896;4061;-1
4062;-0,6898;4062;-1
4063;-0,69000000000000006;4063;-1
4064;-0,6902;4064;-1
4065;-0,6904;4065;-1
4066;-0,6906;4066;-1
4067;-0,69080000000000008;4067;-1
4068;-0,69100000000000006;4068;-1
4069;-0,6912;4069;-1
4070;-0,6914;4070;-1
4071;-0,6916;4071;-1
4072;-0,6918;4072;-1
4073;-0,692;4073;-1
4074;-0,69219999999999993;4074;-1
4075;-0,6924;4075;-1
4076;-0,6926;4076;-1
4077;-0,6928;4077;-1
4078;-0,693;4078;-1
4079;-0,6932;4079;-1
4080;-0,6934;4080;-1
4081;-0,6936;4081;-1
4082;-0,6938;4082;-1
4083;-0,69400000000000006;4083;-1
4084;-0,6942;4084;-1
4085;-0,6944;4085;-1
4086;-0,6946;4086;-1
4087;-0,69480000000000008;4087;-1
4088;-0,69500000000000006;4088;-1
4089;-0,6952;4089;-0,99976657329598506
4090;-0,6954;4090;-1
4091;-0,6956;4091;-0,99976657329598506
4092;-0,6958;4092;-0,99976657329598506
4093;-0,696;4093;-0,99976657329598506
4094;-0,69619999999999993;4094;-1
4095;-0,6964;4095;-0,99976657329598506
4096;-0,6966;4096;-1
4097;-0,6968;4097;-1
4098;-0,697;4098;-1
4099;-0,6972;4099;-1
4100;-0,6974;4100;-1
4101;-0,6976;4101;-1
4102;-0,6978;4102;-1
4103;-0,69800000000000006;4103;-1
4104;-0,6982;4104;-1
4105;-0,6984;4105;-1
4106;-0,6986;4106;-1
4107;-0,69880000000000009;4107;-1
4108;-0,69900000000000007;4108;-1
4109;-0,6992;4109;-1
4110;-0,6994;4110;-1
4111;-0,6996;4111;-1
4112;-0,6998;4112;-1
4113;-0,7;4113;-1
4114;-0,70019999999999993;4114;-1
4115;-0,70039999999999991;4115;-1
4116;-0,7006;4116;-1
4117;-0,7008;4117;-1
4118;-0,701;4118;-1
4119;-0,70119999999999993;4119;-1
4120;-0,7014;4120;-1
4121;-0,7016;4121;-1
4122;-0,7018;4122;-1
4123;-0,702;4123;-1
4124;-0,7022;4124;-1
4125;-0,7024;4125;-1
4126;-0,7026;4126;-1
4127;-0,7028;4127;-1
4128;-0,70300000000000007;4128;-1
4129;-0,7032;4129;-1
4130;-0,7034;4130;-1
4131;-0,7036;4131;-1
4132;-0,7038;4132;-1
4133;-0,704;4133;-1
4134;-0,70419999999999994;4134;-1
4135;-0,70439999999999992;4135;-1
4136;-0,7046;4136;-1
4137;-0,7048;4137;-1
4138;-0,705;4138;-1
4139;-0,70519999999999994;4139;-1
4140;-0,7054;4140;-1
4141;-0,7056;4141;-1
4142;-0,7058;4142;-1
4143;-0,706;4143;-1
4144;-0,7062;4144;-1
4145;-0,7064;4145;-1
4146;-0,7066;4146;-1
4147;-0,7068;4147;-1
4148;-0,70700000000000007;4148;-1
4149;-0,7072;4149;-1
4150;-0,7074;4150;-1
4151;-0,7076;4151;-1
4152;-0,7078;4152;-1
4153;-0,708;4153;-1
4154;-0,70819999999999994;4154;-1
4155;-0,70839999999999992;4155;-1
4156;-0,7086;4156;-1
4157;-0,7088;4157;-1
4158;-0,709;4158;-1
4159;-0,70919999999999994;4159;-1
4160;-0,7094;4160;-1
4161;-0,7096;4161;-1
4162;-0,7098;4162;-1
4163;-0,71;4163;-1
4164;-0,7102;4164;-1
4165;-0,7104;4165;-1
4166;-0,7106;4166;-1
4167;-0,7108;4167;-1
4168;-0,71100000000000008;4168;-1
4169;-0,7112;4169;-1
4170;-0,7114;4170;-1
4171;-0,7116;4171;-1
4172;-0,7118;4172;-1
4173;-0,712;4173;-1
4174;-0,71219999999999994;4174;-1
4175;-0,71239999999999992;4175;-1
4176;-0,7126;4176;-1
4177;-0,7128;4177;-1
4178;-0,713;4178;-1
4179;-0,7132;4179;-1
4180;-0,7134;4180;-1
4181;-0,7136;4181;-1
4182;-0,7138;4182;-1
4183;-0,714;4183;-1
4184;-0,71420000000000006;4184;-1
4185;-0,7144;4185;-1
4186;-0,7146;4186;-1
4187;-0,7148;4187;-1
4188;-0,71500000000000008;4188;-1
4189;-0,71520000000000006;4189;-1
4190;-0,7154;4190;-1
4191;-0,7156;4191;-1
4192;-0,7158;4192;-1
4193;-0,716;4193;-1
4194;-0,7162;4194;-1
4195;-0,71639999999999993;4195;-1
4196;-0,7166;4196;-1
4197;-0,7168;4197;-1
4198;-0,717;4198;-1
4199;-0,7172;4199;-1
4200;-0,7174;4200;-1
4201;-0,7176;4201;-1
4202;-0,7178;4202;-1
4203;-0,718;4203;-1
4204;-0,71820000000000006;4204;-1
4205;-0,7184;4205;-1
4206;-0,7186;4206;-1
4207;-0,7188;4207;-1
4208;-0,71900000000000008;4208;-1
4209;-0,71920000000000006;4209;-1
4210;-0,7194;4210;-1
4211;-0,7196;4211;-1
4212;-0,7198;4212;-1
4213;-0,72;4213;-1
4214;-0,7202;4214;-1
4215;-0,72039999999999993;4215;-1
4216;-0,7206;4216;-1
4217;-0,7208;4217;-1
4218;-0,721;4218;-1
4219;-0,7212;4219;-1
4220;-0,7214;4220;-1
4221;-0,7216;4221;-1
4222;-0,7218;4222;-1
4223;-0,722;4223;-1
4224;-0,72220000000000006;4224;-1
4225;-0,7224;4225;-1
4226;-0,7226;4226;-1
4227;-0,7228;4227;-1
4228;-0,72300000000000009;4228;-1
4229;-0,72320000000000007;4229;-1
4230;-0,7234;4230;-1
4231;-0,7236;4231;-1
4232;-0,7238;4232;-1
4233;-0,724;4233;-1
4234;-0,7242;4234;-1
4235;-0,72439999999999993;4235;-1
4236;-0,7246;4236;-1
4237;-0,7248;4237;-1
4238;-0,725;4238;-1
4239;-0,7252;4239;-1
4240;-0,72539999999999993;4240;-1
4241;-0,7256;4241;-1
4242;-0,7258;4242;-1
4243;-0,726;4243;-1
4244;-0,7262;4244;-1
4245;-0,7264;4245;-1
4246;-0,7266;4246;-1
4247;-0,7268;4247;-1
4248;-0,727;4248;-1
4249;-0,72720000000000007;4249;-1
4250;-0,7274;4250;-1
4251;-0,7276;4251;-1
4252;-0,7278;4252;-1
4253;-0,728;4253;-1
4254;-0,7282;4254;-1
4255;-0,72839999999999994;4255;-1
4256;-0,72859999999999991;4256;-1
4257;-0,7288;4257;-1
4258;-0,729;4258;-1
4259;-0,7292;4259;-1
4260;-0,72939999999999994;4260;-1
4261;-0,7296;4261;-1
4262;-0,7298;4262;-1
4263;-0,73;4263;-1
4264;-0,7302;4264;-1
4265;-0,7304;4265;-1
4266;-0,7306;4266;-1
4267;-0,7308;4267;-1
4268;-0,731;4268;-1
4269;-0,73120000000000007;4269;-1
4270;-0,7314;4270;-1
4271;-0,7316;4271;-1
4272;-0,7318;4272;-1
4273;-0,732;4273;-1
4274;-0,7322;4274;-1
4275;-0,73239999999999994;4275;-1
4276;-0,73259999999999992;4276;-1
4277;-0,7328;4277;-0,99953314659197012
4278;-0,733;4278;-1
4279;-0,7332;4279;-1
4280;-0,73339999999999994;4280;-1
4281;-0,7336;4281;-1
4282;-0,7338;4282;-1
4283;-0,734;4283;-1
4284;-0,7342;4284;-1
4285;-0,7344;4285;-1
4286;-0,7346;4286;-1
4287;-0,7348;4287;-1
4288;-0,735;4288;-1
4289;-0,73520000000000008;4289;-1
4290;-0,7354;4290;-1
4291;-0,7356;4291;-1
4292;-0,7358;4292;-1
4293;-0,736;4293;-1
4294;-0,7362;4294;-1
4295;-0,73639999999999994;4295;-1
4296;-0,73659999999999992;4296;-1
4297;-0,7368;4297;-1
4298;-0,737;4298;-1
4299;-0,7372;4299;-1
4300;-0,73739999999999994;4300;-1
4301;-0,7376;4301;-1
4302;-0,7378;4302;-1
4303;-0,738;4303;-1
4304;-0,7382;4304;-1
4305;-0,73840000000000006;4305;-0,99976657329598506
4306;-0,7386;4306;-1
4307;-0,7388;4307;-1
4308;-0,739;4308;-1
4309;-0,73920000000000008;4309;-1
4310;-0,73940000000000006;4310;-1
4311;-0,7396;4311;-1
4312;-0,7398;4312;-1
4313;-0,74;4313;-1
4314;-0,7402;4314;-1
4315;-0,7404;4315;-1
4316;-0,74059999999999993;4316;-1
4317;-0,7408;4317;-1
4318;-0,741;4318;-1
4319;-0,7412;4319;-1
4320;-0,7414;4320;-1
4321;-0,7416;4321;-1
4322;-0,7418;4322;-1
4323;-0,742;4323;-1
4324;-0,7422;4324;-1
4325;-0,74240000000000006;4325;-1
4326;-0,7426;4326;-1
4327;-0,7428;4327;-1
4328;-0,743;4328;-1
4329;-0,74320000000000008;4329;-1
4330;-0,74340000000000006;4330;-1
4331;-0,7436;4331;-1
4332;-0,7438;4332;-1
4333;-0,744;4333;-1
4334;-0,7442;4334;-1
4335;-0,7444;4335;-1
4336;-0,74459999999999993;4336;-1
4337;-0,7448;4337;-1
4338;-0,745;4338;-1
4339;-0,7452;4339;-1
4340;-0,7454;4340;-1
4341;-0,7456;4341;-1
4342;-0,7458;4342;-1
4343;-0,746;4343;-1
4344;-0,7462;4344;-1
4345;-0,74640000000000006;4345;-1
4346;-0,7466;4346;-1
4347;-0,7468;4347;-1
4348;-0,747;4348;-1
4349;-0,74720000000000009;4349;-1
4350;-0,74740000000000006;4350;-1
4351;-0,7476;4351;-1
4352;-0,7478;4352;-1
4353;-0,748;4353;-1
4354;-0,7482;4354;-1
4355;-0,7484;4355;-1
4356;-0,74859999999999993;4356;-1
4357;-0,7488;4357;-1
4358;-0,749;4358;-1
4359;-0,7492;4359;-1
4360;-0,7494;4360;-1
4361;-0,7496;4361;-1
4362;-0,7498;4362;-1
4363;-0,75;4363;-1
4364;-0,7502;4364;-1
4365;-0,7504;4365;-1
4366;-0,7506;4366;-1
4367;-0,7508;4367;-1
4368;-0,751;4368;-1
4369;-0,7512;4369;-1
4370;-0,75140000000000007;4370;-1
4371;-0,7516;4371;-1
4372;-0,7518;4372;-1
4373;-0,752;4373;-1
4374;-0,7522;4374;-1
4375;-0,7524;4375;-1
4376;-0,75259999999999994;4376;-1
4377;-0,75279999999999991;4377;-1
4378;-0,753;4378;-1
4379;-0,7532;4379;-1
4380;-0,7534;4380;-1
4381;-0,75359999999999994;4381;-1
4382;-0,7538;4382;-1
4383;-0,754;4383;-1
4384;-0,7542;4384;-1
4385;-0,7544;4385;-1
4386;-0,7546;4386;-1
4387;-0,7548;4387;-1
4388;-0,755;4388;-1
4389;-0,7552;4389;-1
4390;-0,75540000000000007;4390;-1
4391;-0,7556;4391;-1
4392;-0,7558;4392;-1
4393;-0,756;4393;-1
4394;-0,7562;4394;-1
4395;-0,7564;4395;-1
4396;-0,75659999999999994;4396;-1
4397;-0,75679999999999992;4397;-1
4398;-0,757;4398;-1
4399;-0,7572;4399;-1
4400;-0,7574;4400;-1
4401;-0,75759999999999994;4401;-1
4402;-0,7578;4402;-1
4403;-0,758;4403;-1
4404;-0,7582;4404;-1
4405;-0,7584;4405;-1
4406;-0,7586;4406;-1
4407;-0,7588;4407;-1
4408;-0,759;4408;-1
4409;-0,7592;4409;-1
4410;-0,75940000000000007;4410;-1
4411;-0,7596;4411;-1
4412;-0,7598;4412;-1
4413;-0,76;4413;-1
4414;-0,7602;4414;-1
4415;-0,7604;4415;-1
4416;-0,76059999999999994;4416;-1
4417;-0,76079999999999992;4417;-1
4418;-0,761;4418;-1
4419;-0,7612;4419;-1
4420;-0,7614;4420;-1
4421;-0,76159999999999994;4421;-1
4422;-0,7618;4422;-1
4423;-0,762;4423;-1
4424;-0,7622;4424;-1
4425;-0,7624;4425;-1
4426;-0,76260000000000006;4426;-1
4427;-0,7628;4427;-1
4428;-0,763;4428;-1
4429;-0,7632;4429;-1
4430;-0,76340000000000008;4430;-1
4431;-0,76360000000000006;4431;-1
4432;-0,7638;4432;-1
4433;-0,764;4433;-1
4434;-0,7642;4434;-1
4435;-0,7644;4435;-1
4436;-0,7646;4436;-1
4437;-0,76479999999999992;4437;-1
4438;-0,765;4438;-1
4439;-0,7652;4439;-1
4440;-0,7654;4440;-1
4441;-0,7656;4441;-1
4442;-0,7658;4442;-1
4443;-0,766;4443;-1
4444;-0,7662;4444;-1
4445;-0,7664;4445;-1
4446;-0,76660000000000006;4446;-1
4447;-0,7668;4447;-1
4448;-0,767;4448;-1
4449;-0,7672;4449;-1
4450;-0,76740000000000008;4450;-1
4451;-0,76760000000000006;4451;-1
4452;-0,7678;4452;-1
4453;-0,768;4453;-1
4454;-0,7682;4454;-1
4455;-0,7684;4455;-1
4456;-0,7686;4456;-1
4457;-0,76879999999999993;4457;-1
4458;-0,769;4458;-1
4459;-0,7692;4459;-1
4460;-0,7694;4460;-1
4461;-0,7696;4461;-1
4462;-0,7698;4462;-1
4463;-0,77;4463;-1
4464;-0,7702;4464;-1
4465;-0,7704;4465;-1
4466;-0,77060000000000006;4466;-1
4467;-0,7708;4467;-1
4468;-0,771;4468;-1
4469;-0,7712;4469;-1
4470;-0,77140000000000009;4470;-1
4471;-0,77160000000000006;4471;-1
4472;-0,7718;4472;-1
4473;-0,772;4473;-1
4474;-0,7722;4474;-1
4475;-0,7724;4475;-1
4476;-0,7726;4476;-1
4477;-0,77279999999999993;4477;-1
4478;-0,773;4478;-1
4479;-0,7732;4479;-1
4480;-0,7734;4480;-1
4481;-0,7736;4481;-1
4482;-0,7738;4482;-1
4483;-0,774;4483;-1
4484;-0,7742;4484;-1
4485;-0,7744;4485;-1
4486;-0,77460000000000007;4486;-1
4487;-0,7748;4487;-1
4488;-0,775;4488;-1
4489;-0,7752;4489;-1
4490;-0,7754;4490;-1
4491;-0,77560000000000007;4491;-1
4492;-0,7758;4492;-1
4493;-0,776;4493;-1
4494;-0,7762;4494;-1
4495;-0,7764;4495;-1
4496;-0,7766;4496;-1
4497;-0,77679999999999993;4497;-1
4498;-0,77699999999999991;4498;-1
4499;-0,7772;4499;-1
4500;-0,7774;4500;-1
4501;-0,7776;4501;-1
4502;-0,77779999999999994;4502;-1
4503;-0,778;4503;-1
4504;-0,7782;4504;-1
4505;-0,7784;4505;-1
4506;-0,7786;4506;-1
4507;-0,7788;4507;-1
4508;-0,779;4508;-1
4509;-0,7792;4509;-1
4510;-0,7794;4510;-1
4511;-0,77960000000000007;4511;-1
4512;-0,7798;4512;-1
4513;-0,78;4513;-1
4514;-0,7802;4514;-1
4515;-0,7804;4515;-1
4516;-0,7806;4516;-1
4517;-0,78079999999999994;4517;-1
4518;-0,78099999999999992;4518;-1
4519;-0,7812;4519;-1
4520;-0,7814;4520;-1
4521;-0,7816;4521;-1
4522;-0,78179999999999994;4522;-1
4523;-0,782;4523;-1
4524;-0,7822;4524;-1
4525;-0,7824;4525;-1
4526;-0,7826;4526;-1
4527;-0,7828;4527;-1
4528;-0,783;4528;-1
4529;-0,7832;4529;-1
4530;-0,7834;4530;-1
4531;-0,78360000000000007;4531;-1
4532;-0,7838;4532;-1
4533;-0,784;4533;-1
4534;-0,7842;4534;-1
4535;-0,7844;4535;-1
4536;-0,7846;4536;-1
4537;-0,78479999999999994;4537;-1
4538;-0,78499999999999992;4538;-1
4539;-0,7852;4539;-1
4540;-0,7854;4540;-1
4541;-0,7856;4541;-1
4542;-0,78579999999999994;4542;-1
4543;-0,786;4543;-1
4544;-0,7862;4544;-1
4545;-0,7864;4545;-1
4546;-0,7866;4546;-1
4547;-0,7868;4547;-1
4548;-0,787;4548;-1
4549;-0,7872;4549;-1
4550;-0,7874;4550;-1
4551;-0,78760000000000008;4551;-1
4552;-0,78780000000000006;4552;-1
4553;-0,788;4553;-1
4554;-0,7882;4554;-1
4555;-0,7884;4555;-1
4556;-0,7886;4556;-1
4557;-0,7888;4557;-1
4558;-0,78899999999999992;4558;-1
4559;-0,7892;4559;-1
4560;-0,7894;4560;-1
4561;-0,7896;4561;-1
4562;-0,7898;4562;-1
4563;-0,79;4563;-1
4564;-0,7902;4564;-1
4565;-0,7904;4565;-1
4566;-0,7906;4566;-1
4567;-0,79080000000000006;4567;-1
4568;-0,791;4568;-1
4569;-0,7912;4569;-1
4570;-0,7914;4570;-1
4571;-0,79160000000000008;4571;-1
4572;-0,79180000000000006;4572;-1
4573;-0,792;4573;-1
4574;-0,7922;4574;-1
4575;-0,7924;4575;-1
4576;-0,7926;4576;-1
4577;-0,7928;4577;-1
4578;-0,79299999999999993;4578;-1
4579;-0,7932;4579;-1
4580;-0,7934;4580;-1
4581;-0,7936;4581;-1
4582;-0,7938;4582;-1
4583;-0,794;4583;-1
4584;-0,7942;4584;-1
4585;-0,7944;4585;-1
4586;-0,7946;4586;-1
4587;-0,79480000000000006;4587;-1
4588;-0,795;4588;-1
4589;-0,7952;4589;-1
4590;-0,7954;4590;-1
4591;-0,79560000000000008;4591;-1
4592;-0,79580000000000006;4592;-1
4593;-0,796;4593;-1
4594;-0,7962;4594;-1
4595;-0,7964;4595;-1
4596;-0,7966;4596;-1
4597;-0,7968;4597;-1
4598;-0,79699999999999993;4598;-1
4599;-0,7972;4599;-1
4600;-0,7974;4600;-1
4601;-0,7976;4601;-1
4602;-0,7978;4602;-1
4603;-0,798;4603;-1
4604;-0,7982;4604;-1
4605;-0,7984;4605;-1
4606;-0,7986;4606;-1
4607;-0,79880000000000007;4607;-1
4608;-0,799;4608;-1
4609;-0,7992;4609;-1
4610;-0,7994;4610;-1
4611;-0,79960000000000009;4611;-1
4612;-0,79980000000000007;4612;-1
4613;-0,8;4613;-1
4614;-0,8002;4614;-1
4615;-0,8004;4615;-1
4616;-0,8006;4616;-1
4617;-0,8008;4617;-1
4618;-0,80099999999999993;4618;-1
4619;-0,8012;4619;-1
4620;-0,80139999999999989;4620;-1
4621;-0,8016;4621;-1
4622;-0,80180000000000007;4622;-1
4623;-0,80199999999999994;4623;-1
4624;-0,8022;4624;-1
4625;-0,80239999999999989;4625;-1
4626;-0,8026;4626;-1
4627;-0,80280000000000007;4627;-1
4628;-0,80299999999999994;4628;-1
4629;-0,8032;4629;-1
4630;-0,80340000000000011;4630;-1
4631;-0,8036;4631;-1
4632;-0,80380000000000007;4632;-1
4633;-0,80399999999999994;4633;-1
4634;-0,8042;4634;-1
4635;-0,8044;4635;-1
4636;-0,8046;4636;-1
4637;-0,8048;4637;-1
4638;-0,805;4638;-1
4639;-0,80519999999999992;4639;-1
4640;-0,8054;4640;-1
4641;-0,80559999999999987;4641;-1
4642;-0,8058;4642;-1
4643;-0,806;4643;-1
4644;-0,80619999999999992;4644;-1
4645;-0,8064;4645;-1
4646;-0,80660000000000009;4646;-1
4647;-0,8068;4647;-1
4648;-0,807;4648;-1
4649;-0,80719999999999992;4649;-1
4650;-0,8074;4650;-1
4651;-0,8076000000000001;4651;-1
4652;-0,8078;4652;-1
4653;-0,808;4653;-1
4654;-0,8082;4654;-1
4655;-0,8084;4655;-1
4656;-0,8086;4656;-1
4657;-0,8088;4657;-1
4658;-0,80899999999999994;4658;-1
4659;-0,8092;4659;-1
4660;-0,8093999999999999;4660;-1
4661;-0,8096;4661;-1
4662;-0,80980000000000008;4662;-1
4663;-0,80999999999999994;4663;-1
4664;-0,8102;4664;-1
4665;-0,8103999999999999;4665;-1
4666;-0,8106;4666;-1
4667;-0,81080000000000008;4667;-1
4668;-0,81099999999999994;4668;-1
4669;-0,8112;4669;-1
4670;-0,81140000000000012;4670;-1
4671;-0,8116;4671;-1
4672;-0,81180000000000008;4672;-1
4673;-0,81199999999999994;4673;-1
4674;-0,8122;4674;-1
4675;-0,8124;4675;-1
4676;-0,8126;4676;-1
4677;-0,8128;4677;-1
4678;-0,81300000000000006;4678;-1
4679;-0,81319999999999992;4679;-1
4680;-0,8134;4680;-1
4681;-0,81359999999999988;4681;-1
4682;-0,8138;4682;-1
4683;-0,81400000000000006;4683;-1
4684;-0,81419999999999992;4684;-1
4685;-0,8144;4685;-1
4686;-0,8146000000000001;4686;-1
4687;-0,8148;4687;-1
4688;-0,81500000000000006;4688;-1
4689;-0,81519999999999992;4689;-1
4690;-0,8154;4690;-1
4691;-0,8156000000000001;4691;-1
4692;-0,8158;4692;-1
4693;-0,81600000000000006;4693;-1
4694;-0,8162;4694;-1
4695;-0,8164;4695;-1
4696;-0,8166;4696;-1
4697;-0,8168;4697;-1
4698;-0,817;4698;-1
4699;-0,8172;4699;-1
4700;-0,8173999999999999;4700;-1
4701;-0,8176;4701;-1
4702;-0,81780000000000008;4702;-1
4703;-0,818;4703;-1
4704;-0,8182;4704;-1
4705;-0,81839999999999991;4705;-1
4706;-0,8186;4706;-1
4707;-0,81880000000000008;4707;-1
4708;-0,819;4708;-1
4709;-0,8192;4709;-1
4710;-0,81940000000000013;4710;-1
4711;-0,8196;4711;-1
4712;-0,81980000000000008;4712;-1
4713;-0,82;4713;-1
4714;-0,8202;4714;-1
4715;-0,8204;4715;-1
4716;-0,8206;4716;-1
4717;-0,8208;4717;-1
4718;-0,82100000000000006;4718;-1
4719;-0,82119999999999993;4719;-1
4720;-0,8214;4720;-1
4721;-0,82159999999999989;4721;-1
4722;-0,8218;4722;-1
4723;-0,82200000000000006;4723;-1
4724;-0,82219999999999993;4724;-1
4725;-0,8224;4725;-1
4726;-0,82260000000000011;4726;-1
4727;-0,8228;4727;-1
4728;-0,82300000000000006;4728;-1
4729;-0,82319999999999993;4729;-1
4730;-0,8234;4730;-1
4731;-0,82360000000000011;4731;-1
4732;-0,8238;4732;-1
4733;-0,82400000000000007;4733;-1
4734;-0,8242;4734;-1
4735;-0,8244;4735;-1
4736;-0,8246;4736;-1
4737;-0,8248;4737;-1
4738;-0,825;4738;-1
4739;-0,8252;4739;-1
4740;-0,82539999999999991;4740;-1
4741;-0,8256;4741;-1
4742;-0,82579999999999987;4742;-1
4743;-0,826;4743;-1
4744;-0,8262;4744;-1
4745;-0,82639999999999991;4745;-1
4746;-0,8266;4746;-1
4747;-0,82680000000000009;4747;-1
4748;-0,827;4748;-1
4749;-0,8272;4749;-1
4750;-0,82739999999999991;4750;-1
4751;-0,8276;4751;-1
4752;-0,82780000000000009;4752;-1
4753;-0,828;4753;-1
4754;-0,8282;4754;-1
4755;-0,8284;4755;-1
4756;-0,8286;4756;-1
4757;-0,8288;4757;-1
4758;-0,829;4758;-1
4759;-0,82919999999999994;4759;-1
4760;-0,8294;4760;-1
4761;-0,82959999999999989;4761;-1
4762;-0,8298;4762;-1
4763;-0,83000000000000007;4763;-1
4764;-0,83019999999999994;4764;-1
4765;-0,8304;4765;-1
4766;-0,83059999999999989;4766;-1
4767;-0,8308;4767;-1
4768;-0,83100000000000007;4768;-1
4769;-0,83119999999999994;4769;-1
4770;-0,8314;4770;-1
4771;-0,83160000000000012;4771;-1
4772;-0,8318;4772;-1
4773;-0,83200000000000007;4773;-1
4774;-0,83219999999999994;4774;-1
4775;-0,8324;4775;-1
4776;-0,8326;4776;-1
4777;-0,8328;4777;-1
4778;-0,833;4778;-1
4779;-0,8332;4779;-1
4780;-0,83339999999999992;4780;-1
4781;-0,8336;4781;-1
4782;-0,83379999999999987;4782;-1
4783;-0,834;4783;-1
4784;-0,8342;4784;-1
4785;-0,83439999999999992;4785;-1
4786;-0,8346;4786;-1
4787;-0,8348000000000001;4787;-1
4788;-0,835;4788;-1
4789;-0,8352;4789;-1
4790;-0,83539999999999992;4790;-1
4791;-0,8356;4791;-1
4792;-0,8358000000000001;4792;-1
4793;-0,836;4793;-1
4794;-0,8362;4794;-1
4795;-0,8364;4795;-1
4796;-0,8366;4796;-1
4797;-0,8368;4797;-1
4798;-0,837;4798;-1
4799;-0,83719999999999994;4799;-1
4800;-0,8374;4800;-1
4801;-0,8375999999999999;4801;-1
4802;-0,8378;4802;-1
4803;-0,83800000000000008;4803;-1
4804;-0,8382;4804;-1
4805;-0,8384;4805;-1
4806;-0,8385999999999999;4806;-1
4807;-0,8388;4807;-1
4808;-0,83900000000000008;4808;-1
4809;-0,8392;4809;-1
4810;-0,8394;4810;-1
4811;-0,83960000000000012;4811;-1
4812;-0,8398;4812;-1
4813;-0,84000000000000008;4813;-1
4814;-0,8402;4814;-1
4815;-0,8404;4815;-1
4816;-0,8406;4816;-1
4817;-0,8408;4817;-1
4818;-0,841;4818;-1
4819;-0,84120000000000006;4819;-1
4820;-0,84139999999999993;4820;-1
4821;-0,8416;4821;-1
4822;-0,84179999999999988;4822;-1
4823;-0,842;4823;-1
4824;-0,84220000000000006;4824;-1
4825;-0,84239999999999993;4825;-1
4826;-0,8426;4826;-1
4827;-0,8428000000000001;4827;-1
4828;-0,843;4828;-1
4829;-0,84320000000000006;4829;-1
4830;-0,84339999999999993;4830;-1
4831;-0,8436;4831;-1
4832;-0,84380000000000011;4832;-1
4833;-0,844;4833;-1
4834;-0,84420000000000006;4834;-1
4835;-0,8444;4835;-1
4836;-0,8446;4836;-1
4837;-0,8448;4837;-1
4838;-0,845;4838;-1
4839;-0,8452;4839;-1
4840;-0,8454;4840;-1
4841;-0,84559999999999991;4841;-1
4842;-0,8458;4842;-1
4843;-0,84600000000000009;4843;-1
4844;-0,8462;4844;-1
4845;-0,8464;4845;-1
4846;-0,84659999999999991;4846;-1
4847;-0,8468;4847;-1
4848;-0,84700000000000009;4848;-1
4849;-0,8472;4849;-1
4850;-0,8474;4850;-1
4851;-0,84760000000000013;4851;-1
4852;-0,8478;4852;-1
4853;-0,84800000000000009;4853;-1
4854;-0,8482;4854;-1
4855;-0,8484;4855;-1
4856;-0,8486;4856;-1
4857;-0,8488;4857;-1
4858;-0,849;4858;-1
4859;-0,84920000000000007;4859;-1
4860;-0,84939999999999993;4860;-1
4861;-0,8496;4861;-1
4862;-0,84979999999999989;4862;-1
4863;-0,85;4863;-1
4864;-0,85020000000000007;4864;-1
4865;-0,85039999999999993;4865;-1
4866;-0,8506;4866;-1
4867;-0,85079999999999989;4867;-1
4868;-0,851;4868;-1
4869;-0,85120000000000007;4869;-1
4870;-0,85139999999999993;4870;-1
4871;-0,8516;4871;-1
4872;-0,85180000000000011;4872;-1
4873;-0,852;4873;-1
4874;-0,85220000000000007;4874;-1
4875;-0,85239999999999994;4875;-1
4876;-0,8526;4876;-1
4877;-0,8528;4877;-1
4878;-0,853;4878;-1
4879;-0,8532;4879;-1
4880;-0,8534;4880;-1
4881;-0,85359999999999991;4881;-1
4882;-0,8538;4882;-1
4883;-0,85399999999999987;4883;-1
4884;-0,8542;4884;-1
4885;-0,8544;4885;-1
4886;-0,85459999999999992;4886;-1
4887;-0,8548;4887;-1
4888;-0,85500000000000009;4888;-1
4889;-0,8552;4889;-1
4890;-0,8554;4890;-1
4891;-0,85559999999999992;4891;-1
4892;-0,8558;4892;-1
4893;-0,85600000000000009;4893;-1
4894;-0,8562;4894;-1
4895;-0,8564;4895;-1
4896;-0,8566;4896;-1
4897;-0,8568;4897;-1
4898;-0,857;4898;-1
4899;-0,8572;4899;-1
4900;-0,85739999999999994;4900;-1
4901;-0,8576;4901;-1
4902;-0,8577999999999999;4902;-1
4903;-0,858;4903;-1
4904;-0,85820000000000007;4904;-1
4905;-0,85839999999999994;4905;-1
4906;-0,8586;4906;-1
4907;-0,8587999999999999;4907;-1
4908;-0,859;4908;-1
4909;-0,85920000000000007;4909;-1
4910;-0,85939999999999994;4910;-1
4911;-0,8596;4911;-1
4912;-0,85980000000000012;4912;-1
4913;-0,86;4913;-1
4914;-0,86020000000000008;4914;-1
4915;-0,86039999999999994;4915;-1
4916;-0,8606;4916;-1
4917;-0,8608;4917;-1
4918;-0,861;4918;-1
4919;-0,8612;4919;-1
4920;-0,8614;4920;-1
4921;-0,86159999999999992;4921;-1
4922;-0,8618;4922;-1
4923;-0,86199999999999988;4923;-1
4924;-0,8622;4924;-1
4925;-0,8624;4925;-1
4926;-0,86259999999999992;4926;-1
4927;-0,8628;4927;-1
4928;-0,8630000000000001;4928;-1
4929;-0,8632;4929;-1
4930;-0,86340000000000006;4930;-1
4931;-0,86359999999999992;4931;-1
4932;-0,8638;4932;-1
4933;-0,8640000000000001;4933;-1
4934;-0,8642;4934;-1
4935;-0,86440000000000006;4935;-1
4936;-0,8646;4936;-1
4937;-0,8648;4937;-1
4938;-0,865;4938;-1
4939;-0,8652;4939;-1
4940;-0,8654;4940;-1
4941;-0,8656;4941;-1
4942;-0,8657999999999999;4942;-1
4943;-0,866;4943;-1
4944;-0,86620000000000008;4944;-1
4945;-0,8664;4945;-1
4946;-0,8666;4946;-1
4947;-0,8667999999999999;4947;-1
4948;-0,867;4948;-1
4949;-0,86720000000000008;4949;-1
4950;-0,8674;4950;-1
4951;-0,8676;4951;-1
4952;-0,86780000000000013;4952;-1
4953;-0,868;4953;-1
4954;-0,86820000000000008;4954;-1
4955;-0,8684;4955;-1
4956;-0,8686;4956;-1
4957;-0,8688;4957;-1
4958;-0,869;4958;-1
4959;-0,8692;4959;-1
4960;-0,86940000000000006;4960;-1
4961;-0,86959999999999993;4961;-1
4962;-0,8698;4962;-1
4963;-0,86999999999999988;4963;-1
4964;-0,8702;4964;-1
4965;-0,87040000000000006;4965;-1
4966;-0,87059999999999993;4966;-1
4967;-0,8708;4967;-1
4968;-0,87100000000000011;4968;-1
4969;-0,8712;4969;-1
4970;-0,87140000000000006;4970;-1
4971;-0,87159999999999993;4971;-1
4972;-0,8718;4972;-1
4973;-0,87200000000000011;4973;-1
4974;-0,8722;4974;-1
4975;-0,87240000000000006;4975;-1
4976;-0,8726;4976;-1
4977;-0,8728;4977;-1
4978;-0,873;4978;-1
4979;-0,8732;4979;-1
4980;-0,8734;4980;-1
4981;-0,8736;4981;-1
4982;-0,87379999999999991;4982;-1
4983;-0,874;4983;-1
4984;-0,87420000000000009;4984;-1
4985;-0,8744;4985;-1
4986;-0,8746;4986;-1
4987;-0,87479999999999991;4987;-1
4988;-0,875;4988;-1
4989;-0,87520000000000009;4989;-1
4990;-0,8754;4990;-1
4991;-0,8756;4991;-1
4992;-0,87579999999999991;4992;-1
4993;-0,876;4993;-1
4994;-0,87620000000000009;4994;-1
4995;-0,8764;4995;-1
4996;-0,8766;4996;-1
4997;-0,8768;4997;-1
4998;-0,877;4998;-1
4999;-0,8772;4999;-1
5000;-0,8774;5000;-1
5001;-0,87759999999999994;5001;-1
5002;-0,8778;5002;-1
5003;-0,87799999999999989;5003;-1
5004;-0,8782;5004;-1
5005;-0,87840000000000007;5005;-1
5006;-0,87859999999999994;5006;-1
5007;-0,8788;5007;-1
5008;-0,87899999999999989;5008;-1
5009;-0,8792;5009;-1
5010;-0,87940000000000007;5010;-1
5011;-0,87959999999999994;5011;-1
5012;-0,8798;5012;-1
5013;-0,88000000000000012;5013;-1
5014;-0,8802;5014;-1
5015;-0,88040000000000007;5015;-1
5016;-0,88059999999999994;5016;-1
5017;-0,8808;5017;-1
5018;-0,881;5018;-1
5019;-0,8812;5019;-1
5020;-0,8814;5020;-1
5021;-0,8816;5021;-1
5022;-0,88179999999999992;5022;-1
5023;-0,882;5023;-1
5024;-0,88219999999999987;5024;-1
5025;-0,8824;5025;-1
5026;-0,8826;5026;-1
5027;-0,88279999999999992;5027;-1
5028;-0,883;5028;-1
5029;-0,8832000000000001;5029;-1
5030;-0,8834;5030;-1
5031;-0,8836;5031;-1
5032;-0,88379999999999992;5032;-1
5033;-0,884;5033;-1
5034;-0,8842000000000001;5034;-1
5035;-0,8844;5035;-1
5036;-0,8846;5036;-1
5037;-0,8848;5037;-1
5038;-0,885;5038;-1
5039;-0,8852;5039;-1
5040;-0,8854;5040;-1
5041;-0,88559999999999994;5041;-1
5042;-0,8858;5042;-1
5043;-0,8859999999999999;5043;-1
5044;-0,8862;5044;-1
5045;-0,88640000000000008;5045;-1
5046;-0,88659999999999994;5046;-1
5047;-0,8868;5047;-1
5048;-0,8869999999999999;5048;-1
5049;-0,8872;5049;-1
5050;-0,88740000000000008;5050;-1
5051;-0,8876;5051;-1
5052;-0,8878;5052;-1
5053;-0,88800000000000012;5053;-1
5054;-0,8882;5054;-1
5055;-0,88840000000000008;5055;-1
5056;-0,8886;5056;-1
5057;-0,8888;5057;-1
5058;-0,889;5058;-1
5059;-0,8892;5059;-1
5060;-0,8894;5060;-1
5061;-0,88960000000000006;5061;-1
5062;-0,88979999999999992;5062;-1
5063;-0,89;5063;-1
5064;-0,89019999999999988;5064;-1
5065;-0,8904;5065;-1
5066;-0,89060000000000006;5066;-1
5067;-0,89079999999999993;5067;-1
5068;-0,891;5068;-1
5069;-0,8912000000000001;5069;-1
5070;-0,8914;5070;-1
5071;-0,89160000000000006;5071;-1
5072;-0,89179999999999993;5072;-1
5073;-0,892;5073;-1
5074;-0,8922000000000001;5074;-1
5075;-0,8924;5075;-1
5076;-0,89260000000000006;5076;-1
5077;-0,8928;5077;-1
5078;-0,893;5078;-1
5079;-0,8932;5079;-1
5080;-0,8934;5080;-1
5081;-0,8936;5081;-1
5082;-0,8938;5082;-1
5083;-0,89399999999999991;5083;-1
5084;-0,8942;5084;-1
5085;-0,89440000000000008;5085;-1
5086;-0,8946;5086;-1
5087;-0,8948;5087;-1
5088;-0,89499999999999991;5088;-1
5089;-0,8952;5089;-1
5090;-0,89540000000000008;5090;-1
5091;-0,8956;5091;-1
5092;-0,8958;5092;-1
5093;-0,89600000000000013;5093;-1
5094;-0,8962;5094;-1
5095;-0,89640000000000009;5095;-1
5096;-0,8966;5096;-1
5097;-0,8968;5097;-1
5098;-0,897;5098;-1
5099;-0,8972;5099;-1
5100;-0,8974;5100;-1
5101;-0,89760000000000006;5101;-1
5102;-0,89779999999999993;5102;-1
5103;-0,898;5103;-1
5104;-0,89819999999999989;5104;-1
5105;-0,8984;5105;-1
5106;-0,89860000000000007;5106;-1
5107;-0,89879999999999993;5107;-1
5108;-0,899;5108;-1
5109;-0,89920000000000011;5109;-1
5110;-0,8994;5110;-1
5111;-0,89960000000000007;5111;-1
5112;-0,89979999999999993;5112;-1
5113;-0,9;5113;-1
5114;-0,90020000000000011;5114;-1
5115;-0,9004;5115;-1
5116;-0,90060000000000007;5116;-1
5117;-0,90079999999999993;5117;-1
5118;-0,901;5118;-1
5119;-0,9012;5119;-1
5120;-0,9014;5120;-1
5121;-0,9016;5121;-1
5122;-0,9018;5122;-1
5123;-0,90199999999999991;5123;-1
5124;-0,9022;5124;-1
5125;-0,90239999999999987;5125;-1
5126;-0,9026;5126;-1
5127;-0,9028;5127;-1
5128;-0,90299999999999991;5128;-1
5129;-0,9032;5129;-1
5130;-0,90340000000000009;5130;-1
5131;-0,9036;5131;-1
5132;-0,9038;5132;-1
5133;-0,90399999999999991;5133;-1
5134;-0,9042;5134;-1
5135;-0,90440000000000009;5135;-1
5136;-0,9046;5136;-1
5137;-0,9048;5137;-1
5138;-0,905;5138;-1
5139;-0,9052;5139;-1
5140;-0,9054;5140;-1
5141;-0,9056;5141;-1
5142;-0,90579999999999994;5142;-1
5143;-0,906;5143;-1
5144;-0,90619999999999989;5144;-1
5145;-0,9064;5145;-1
5146;-0,90660000000000007;5146;-1
5147;-0,90679999999999994;5147;-1
5148;-0,907;5148;-1
5149;-0,9071999999999999;5149;-1
5150;-0,9074;5150;-1
5151;-0,90760000000000007;5151;-1
5152;-0,90779999999999994;5152;-1
5153;-0,908;5153;-1
5154;-0,90820000000000012;5154;-1
5155;-0,9084;5155;-1
5156;-0,90860000000000007;5156;-1
5157;-0,90879999999999994;5157;-1
5158;-0,909;5158;-1
5159;-0,9092;5159;-1
5160;-0,9094;5160;-1
5161;-0,9096;5161;-1
5162;-0,9098;5162;-1
5163;-0,90999999999999992;5163;-1
5164;-0,9102;5164;-1
5165;-0,91039999999999988;5165;-1
5166;-0,9106;5166;-1
5167;-0,9108;5167;-1
5168;-0,91099999999999992;5168;-1
5169;-0,9112;5169;-1
5170;-0,9114000000000001;5170;-1
5171;-0,9116;5171;-1
5172;-0,9118;5172;-1
5173;-0,91199999999999992;5173;-1
5174;-0,9122;5174;-1
5175;-0,9124000000000001;5175;-1
5176;-0,9126;5176;-1
5177;-0,91280000000000006;5177;-1
5178;-0,913;5178;-1
5179;-0,9132;5179;-1
5180;-0,9134;5180;-1
5181;-0,9136;5181;-1
5182;-0,9138;5182;-1
5183;-0,914;5183;-1
5184;-0,9141999999999999;5184;-1
5185;-0,9144;5185;-1
5186;-0,91460000000000008;5186;-1
5187;-0,9148;5187;-1
5188;-0,915;5188;-1
5189;-0,9151999999999999;5189;-1
5190;-0,9154;5190;-1
5191;-0,91560000000000008;5191;-1
5192;-0,9158;5192;-1
5193;-0,916;5193;-1
5194;-0,91620000000000013;5194;-1
5195;-0,9164;5195;-1
5196;-0,91660000000000008;5196;-1
5197;-0,9168;5197;-1
5198;-0,917;5198;-1
5199;-0,9172;5199;-1
5200;-0,9174;5200;-1
5201;-0,9176;5201;-1
5202;-0,91780000000000006;5202;-1
5203;-0,91799999999999993;5203;-1
5204;-0,9182;5204;-1
5205;-0,91839999999999988;5205;-1
5206;-0,9186;5206;-1
5207;-0,91880000000000006;5207;-1
5208;-0,91899999999999993;5208;-1
5209;-0,9192;5209;-1
5210;-0,91940000000000011;5210;-1
5211;-0,9196;5211;-1
5212;-0,91980000000000006;5212;-1
5213;-0,91999999999999993;5213;-1
5214;-0,9202;5214;-1
5215;-0,92040000000000011;5215;-1
5216;-0,9206;5216;-1
5217;-0,92080000000000006;5217;-1
5218;-0,921;5218;-1
5219;-0,9212;5219;-1
5220;-0,9214;5220;-1
5221;-0,9216;5221;-1
5222;-0,9218;5222;-1
5223;-0,922;5223;-1
5224;-0,92219999999999991;5224;-1
5225;-0,9224;5225;-1
5226;-0,92260000000000009;5226;-1
5227;-0,9228;5227;-1
5228;-0,923;5228;-1
5229;-0,92319999999999991;5229;-1
5230;-0,9234;5230;-1
5231;-0,92360000000000009;5231;-1
5232;-0,9238;5232;-1
5233;-0,924;5233;-1
5234;-0,92420000000000013;5234;-1
5235;-0,9244;5235;-1
5236;-0,92460000000000009;5236;-1
5237;-0,9248;5237;-1
5238;-0,925;5238;-1
5239;-0,9252;5239;-1
5240;-0,9254;5240;-1
5241;-0,9256;5241;-1
5242;-0,9258;5242;-1
5243;-0,92599999999999993;5243;-1
5244;-0,9262;5244;-1
5245;-0,92639999999999989;5245;-1
5246;-0,9266;5246;-1
5247;-0,92680000000000007;5247;-1
5248;-0,92699999999999994;5248;-1
5249;-0,9272;5249;-1
5250;-0,92739999999999989;5250;-1
5251;-0,9276;5251;-1
5252;-0,92780000000000007;5252;-1
5253;-0,92799999999999994;5253;-1
5254;-0,9282;5254;-1
5255;-0,92840000000000011;5255;-1
5256;-0,9286;5256;-1
5257;-0,92880000000000007;5257;-1
5258;-0,92899999999999994;5258;-1
5259;-0,9292;5259;-1
5260;-0,9294;5260;-1
5261;-0,9296;5261;-1
5262;-0,9298;5262;-1
5263;-0,93;5263;-1
5264;-0,93019999999999992;5264;-1
5265;-0,9304;5265;-1
5266;-0,93059999999999987;5266;-1
5267;-0,9308;5267;-1
5268;-0,931;5268;-1
5269;-0,93119999999999992;5269;-1
5270;-0,9314;5270;-1
5271;-0,93160000000000009;5271;-1
5272;-0,9318;5272;-1
5273;-0,932;5273;-1
5274;-0,93219999999999992;5274;-1
5275;-0,9324;5275;-1
5276;-0,9326000000000001;5276;-1
5277;-0,9328;5277;-1
5278;-0,933;5278;-1
5279;-0,9332;5279;-1
5280;-0,9334;5280;-1
5281;-0,9336;5281;-1
5282;-0,9338;5282;-1
5283;-0,93399999999999994;5283;-1
5284;-0,9342;5284;-1
5285;-0,9343999999999999;5285;-1
5286;-0,9346;5286;-1
5287;-0,93480000000000008;5287;-1
5288;-0,93499999999999994;5288;-1
5289;-0,9352;5289;-1
5290;-0,9353999999999999;5290;-1
5291;-0,9356;5291;-1
5292;-0,93580000000000008;5292;-1
5293;-0,93599999999999994;5293;-1
5294;-0,9362;5294;-1
5295;-0,93640000000000012;5295;-1
5296;-0,9366;5296;-1
5297;-0,93680000000000008;5297;-1
5298;-0,93699999999999994;5298;-1
5299;-0,9372;5299;-1
5300;-0,9374;5300;-1
5301;-0,9376;5301;-1
5302;-0,9378;5302;-1
5303;-0,93800000000000006;5303;-1
5304;-0,93819999999999992;5304;-1
5305;-0,9384;5305;-1
5306;-0,93859999999999988;5306;-1
5307;-0,9388;5307;-1
5308;-0,93900000000000006;5308;-1
5309;-0,93919999999999992;5309;-1
5310;-0,9394;5310;-1
5311;-0,9396000000000001;5311;-1
5312;-0,9398;5312;-1
5313;-0,94000000000000006;5313;-1
5314;-0,94019999999999992;5314;-1
5315;-0,9404;5315;-1
5316;-0,9406000000000001;5316;-1
5317;-0,9408;5317;-1
5318;-0,94100000000000006;5318;-1
5319;-0,9412;5319;-1
5320;-0,9414;5320;-1
5321;-0,9416;5321;-1
5322;-0,9418;5322;-1
5323;-0,942;5323;-1
5324;-0,9422;5324;-1
5325;-0,9423999999999999;5325;-1
5326;-0,9426;5326;-1
5327;-0,94280000000000008;5327;-1
5328;-0,943;5328;-1
5329;-0,9432;5329;-1
5330;-0,94339999999999991;5330;-1
5331;-0,9436;5331;-1
5332;-0,94380000000000008;5332;-1
5333;-0,944;5333;-1
5334;-0,9442;5334;-1
5335;-0,94440000000000013;5335;-1
5336;-0,9446;5336;-1
5337;-0,94480000000000008;5337;-1
5338;-0,945;5338;-1
5339;-0,9452;5339;-1
5340;-0,9454;5340;-1
5341;-0,9456;5341;-1
5342;-0,9458;5342;-1
5343;-0,94600000000000006;5343;-1
5344;-0,94619999999999993;5344;-1
5345;-0,9464;5345;-1
5346;-0,94659999999999989;5346;-1
5347;-0,9468;5347;-1
5348;-0,94700000000000006;5348;-1
5349;-0,94719999999999993;5349;-1
5350;-0,9474;5350;-1
5351;-0,94760000000000011;5351;-1
5352;-0,9478;5352;-1
5353;-0,94800000000000006;5353;-1
5354;-0,94819999999999993;5354;-1
5355;-0,9484;5355;-1
5356;-0,94860000000000011;5356;-1
5357;-0,9488;5357;-1
5358;-0,94900000000000007;5358;-1
5359;-0,9492;5359;-1
5360;-0,9494;5360;-1
5361;-0,9496;5361;-1
5362;-0,9498;5362;-1
5363;-0,95;5363;-1
5364;-0,9502;5364;-1
5365;-0,95039999999999991;5365;-1
5366;-0,9506;5366;-1
5367;-0,95079999999999987;5367;-1
5368;-0,951;5368;-1
5369;-0,9512;5369;-1
5370;-0,95139999999999991;5370;-1
5371;-0,9516;5371;-1
5372;-0,95180000000000009;5372;-1
5373;-0,952;5373;-1
5374;-0,9522;5374;-1
5375;-0,95239999999999991;5375;-1
5376;-0,9526;5376;-1
5377;-0,95280000000000009;5377;-1
5378;-0,953;5378;-1
5379;-0,9532;5379;-1
5380;-0,9534;5380;-1
5381;-0,9536;5381;-1
5382;-0,9538;5382;-1
5383;-0,954;5383;-1
5384;-0,95419999999999994;5384;-1
5385;-0,9544;5385;-1
5386;-0,95459999999999989;5386;-1
5387;-0,9548;5387;-1
5388;-0,95500000000000007;5388;-1
5389;-0,95519999999999994;5389;-1
5390;-0,9554;5390;-1
5391;-0,95559999999999989;5391;-1
5392;-0,9558;5392;-1
5393;-0,95600000000000007;5393;-1
5394;-0,95619999999999994;5394;-1
5395;-0,9564;5395;-1
5396;-0,95660000000000012;5396;-1
5397;-0,9568;5397;-1
5398;-0,95700000000000007;5398;-1
5399;-0,95719999999999994;5399;-1
5400;-0,9574;5400;-1
5401;-0,9576;5401;-1
5402;-0,9578;5402;-1
5403;-0,958;5403;-1
5404;-0,9582;5404;-1
5405;-0,95839999999999992;5405;-1
5406;-0,9586;5406;-1
5407;-0,95879999999999987;5407;-1
5408;-0,959;5408;-1
5409;-0,9592;5409;-1
5410;-0,95939999999999992;5410;-1
5411;-0,9596;5411;-1
5412;-0,9598000000000001;5412;-1
5413;-0,96;5413;-1
5414;-0,9602;5414;-1
5415;-0,96039999999999992;5415;-1
5416;-0,9606;5416;-1
5417;-0,9608000000000001;5417;-1
5418;-0,961;5418;-1
5419;-0,9612;5419;-1
5420;-0,9614;5420;-1
5421;-0,9616;5421;-1
5422;-0,9618;5422;-1
5423;-0,962;5423;-1
5424;-0,96219999999999994;5424;-1
5425;-0,9624;5425;-1
5426;-0,9625999999999999;5426;-1
5427;-0,9628;5427;-1
5428;-0,96300000000000008;5428;-1
5429;-0,9632;5429;-1
5430;-0,9634;5430;-1
5431;-0,9635999999999999;5431;-1
5432;-0,9638;5432;-1
5433;-0,96400000000000008;5433;-1
5434;-0,9642;5434;-1
5435;-0,9644;5435;-1
5436;-0,96460000000000012;5436;-1
5437;-0,9648;5437;-1
5438;-0,96500000000000008;5438;-1
5439;-0,9652;5439;-1
5440;-0,9654;5440;-1
5441;-0,9656;5441;-1
5442;-0,9658;5442;-1
5443;-0,966;5443;-1
5444;-0,96620000000000006;5444;-1
5445;-0,96639999999999993;5445;-1
5446;-0,9666;5446;-1
5447;-0,96679999999999988;5447;-1
5448;-0,967;5448;-1
5449;-0,96720000000000006;5449;-1
5450;-0,96739999999999993;5450;-1
5451;-0,9676;5451;-1
5452;-0,9678000000000001;5452;-1
5453;-0,968;5453;-1
5454;-0,96820000000000006;5454;-1
5455;-0,96839999999999993;5455;-1
5456;-0,9686;5456;-1
5457;-0,96880000000000011;5457;-1
5458;-0,969;5458;-1
5459;-0,96920000000000006;5459;-1
5460;-0,9694;5460;-1
5461;-0,9696;5461;-1
5462;-0,9698;5462;-1
5463;-0,97;5463;-1
5464;-0,9702;5464;-1
5465;-0,9704;5465;-1
5466;-0,97059999999999991;5466;-1
5467;-0,9708;5467;-1
5468;-0,97100000000000009;5468;-1
5469;-0,9712;5469;-1
5470;-0,9714;5470;-1
5471;-0,97159999999999991;5471;-1
5472;-0,9718;5472;-1
5473;-0,97200000000000009;5473;-1
5474;-0,9722;5474;-1
5475;-0,9724;5475;-1
5476;-0,97260000000000013;5476;-1
5477;-0,9728;5477;-1
5478;-0,97300000000000009;5478;-1
5479;-0,9732;5479;-1
5480;-0,9734;5480;-1
5481;-0,9736;5481;-1
5482;-0,9738;5482;-1
5483;-0,974;5483;-1
5484;-0,97420000000000007;5484;-1
5485;-0,97439999999999993;5485;-1
5486;-0,9746;5486;-1
5487;-0,97479999999999989;5487;-1
5488;-0,975;5488;-1
5489;-0,97520000000000007;5489;-1
5490;-0,97539999999999993;5490;-1
5491;-0,9756;5491;-1
5492;-0,97579999999999989;5492;-1
5493;-0,976;5493;-1
5494;-0,97620000000000007;5494;-1
5495;-0,97639999999999993;5495;-1
5496;-0,9766;5496;-1
5497;-0,97680000000000011;5497;-1
5498;-0,977;5498;-1
5499;-0,97720000000000007;5499;-1
5500;-0,97739999999999994;5500;-1
5501;-0,9776;5501;-1
5502;-0,9778;5502;-1
5503;-0,978;5503;-1
5504;-0,9782;5504;-1
5505;-0,9784;5505;-1
5506;-0,97859999999999991;5506;-1
5507;-0,9788;5507;-1
5508;-0,97899999999999987;5508;-1
5509;-0,9792;5509;-1
5510;-0,9794;5510;-1
5511;-0,97959999999999992;5511;-1
5512;-0,9798;5512;-1
5513;-0,98000000000000009;5513;-1
5514;-0,9802;5514;-1
5515;-0,9804;5515;-1
5516;-0,98059999999999992;5516;-1
5517;-0,9808;5517;-1
5518;-0,98100000000000009;5518;-1
5519;-0,9812;5519;-1
5520;-0,9814;5520;-1
5521;-0,9816;5521;-1
5522;-0,9818;5522;-1
5523;-0,982;5523;-1
5524;-0,9822;5524;-1
5525;-0,98239999999999994;5525;-1
5526;-0,9826;5526;-1
5527;-0,9827999999999999;5527;-1
5528;-0,983;5528;-1
5529;-0,98320000000000007;5529;-1
5530;-0,98339999999999994;5530;-1
5531;-0,9836;5531;-1
5532;-0,9837999999999999;5532;-1
5533;-0,984;5533;-1
5534;-0,98420000000000007;5534;-1
5535;-0,98439999999999994;5535;-1
5536;-0,9846;5536;-1
5537;-0,98480000000000012;5537;-1
5538;-0,985;5538;-1
5539;-0,98520000000000008;5539;-1
5540;-0,98539999999999994;5540;-1
5541;-0,9856;5541;-1
5542;-0,9858;5542;-1
5543;-0,986;5543;-1
5544;-0,9862;5544;-1
5545;-0,9864;5545;-1
5546;-0,98659999999999992;5546;-1
5547;-0,9868;5547;-1
5548;-0,98699999999999988;5548;-1
5549;-0,9872;5549;-1
5550;-0,9874;5550;-1
5551;-0,98759999999999992;5551;-1
5552;-0,9878;5552;-1
5553;-0,9880000000000001;5553;-1
5554;-0,9882;5554;-1
5555;-0,98840000000000006;5555;-1
5556;-0,98859999999999992;5556;-1
5557;-0,9888;5557;-1
5558;-0,9890000000000001;5558;-1
5559;-0,9892;5559;-1
5560;-0,98940000000000006;5560;-1
5561;-0,9896;5561;-1
5562;-0,9898;5562;-1
5563;-0,99;5563;-1
5564;-0,9902;5564;-1
5565;-0,9904;5565;-1
5566;-0,9906;5566;-1
5567;-0,9907999999999999;5567;-1
5568;-0,991;5568;-1
5569;-0,99120000000000008;5569;-1
5570;-0,9914;5570;-1
5571;-0,9916;5571;-1
5572;-0,9917999999999999;5572;-1
5573;-0,992;5573;-1
5574;-0,99220000000000008;5574;-1
5575;-0,9924;5575;-1
5576;-0,9926;5576;-1
5577;-0,99280000000000013;5577;-1
5578;-0,993;5578;-1
5579;-0,99320000000000008;5579;-1
5580;-0,9934;5580;-1
5581;-0,9936;5581;-1
5582;-0,9938;5582;-1
5583;-0,994;5583;-1
5584;-0,9942;5584;-1
5585;-0,99440000000000006;5585;-1
5586;-0,99459999999999993;5586;-1
5587;-0,9948;5587;-1
5588;-0,99499999999999988;5588;-1
5589;-0,9952;5589;-1
5590;-0,99540000000000006;5590;-1
5591;-0,99559999999999993;5591;-1
5592;-0,9958;5592;-1
5593;-0,99600000000000011;5593;-1
5594;-0,9962;5594;-1
5595;-0,99640000000000006;5595;-1
5596;-0,99659999999999993;5596;-1
5597;-0,9968;5597;-1
5598;-0,99700000000000011;5598;-1
5599;-0,9972;5599;-1
5600;-0,99740000000000006;5600;-1
5601;-0,9976;5601;-1
5602;-0,9978;5602;-1
5603;-0,998;5603;-1
5604;-0,9982;5604;-1
5605;-0,9984;5605;-1
5606;-0,9986;5606;-1
5607;-0,99879999999999991;5607;-1
5608;-0,999;5608;-1
5609;-0,99920000000000009;5609;-1
5610;-0,9994;5610;-1
5611;-0,9996;5611;-1
5612;-0,99979999999999991;5612;-1
5613;-1;5613;-1
5614;-1;5614;-1
5615;-1;5615;-1
5616;-1;5616;-1
5617;-1;5617;-1
5618;-1;5618;-1
5619;-1;5619;-1
5620;-1;5620;-1
5621;-1;5621;-1
5622;-1;5622;-1
5623;-1;5623;-1
5624;-1;5624;-1
5625;-1;5625;-1
5626;-1;5626;-1
5627;-1;5627;-1
5628;-1;5628;-1
5629;-1;5629;-1
5630;-1;5630;-1
5631;-1;5631;-1
5632;-1;5632;-1
5633;-1;5633;-1
5634;-1;5634;-1
5635;-1;5635;-1
5636;-1;5636;-1
5637;-1;5637;-1
5638;-1;5638;-1
5639;-1;5639;-1
5640;-1;5640;-1
5641;-1;5641;-1
5642;-1;5642;-1
5643;-1;5643;-1
5644;-1;5644;-1
5645;-1;5645;-1
5646;-1;5646;-1
5647;-1;5647;-1
5648;-1;5648;-1
5649;-1;5649;-1
5650;-1;5650;-1
5651;-1;5651;-1
5652;-1;5652;-1
5653;-1;5653;-1
5654;-1;5654;-1
5655;-1;5655;-1
5656;-1;5656;-1
5657;-1;5657;-1
5658;-1;5658;-1
5659;-1;5659;-1
5660;-1;5660;-1
5661;-1;5661;-1
5662;-1;5662;-1
5663;-1;5663;-1
5664;-1;5664;-1
5665;-1;5665;-1
5666;-1;5666;-1
5667;-1;5667;-1
5668;-1;5668;-1
5669;-1;5669;-1
5670;-1;5670;-1
5671;-1;5671;-1
5672;-1;5672;-1
5673;-1;5673;-1
5674;-1;5674;-1
5675;-1;5675;-1
5676;-1;5676;-1
5677;-1;5677;-1
5678;-1;5678;-1
5679;-1;5679;-1
5680;-1;5680;-1
5681;-1;5681;-1
5682;-1;5682;-1
5683;-1;5683;-1
5684;-1;5684;-1
5685;-1;5685;-1
5686;-1;5686;-1
5687;-1;5687;-1
5688;-1;5688;-1
5689;-1;5689;-1
5690;-1;5690;-1
5691;-1;5691;-1
5692;-1;5692;-1
5693;-1;5693;-1
5694;-1;5694;-1
5695;-1;5695;-1
5696;-1;5696;-1
5697;-1;5697;-1
5698;-1;5698;-1
5699;-1;5699;-1
5700;-1;5700;-1
5701;-1;5701;-1
5702;-1;5702;-1
5703;-1;5703;-1
5704;-1;5704;-1
5705;-1;5705;-1
5706;-1;5706;-1
5707;-1;5707;-1
5708;-1;5708;-1
5709;-1;5709;-1
5710;-1;5710;-1
5711;-1;5711;-1
5712;-1;5712;-1
5713;-1;5713;-1
5714;-1;5714;-1
5715;-1;5715;-1
5716;-1;5716;-1
5717;-1;5717;-1
5718;-1;5718;-1
5719;-1;5719;-1
5720;-1;5720;-1
5721;-1;5721;-1
5722;-1;5722;-1
5723;-1;5723;-1
5724;-1;5724;-1
5725;-1;5725;-1
5726;-1;5726;-1
5727;-1;5727;-1
5728;-1;5728;-1
5729;-1;5729;-1
5730;-1;5730;-1
5731;-1;5731;-1
5732;-1;5732;-1
5733;-1;5733;-1
5734;-1;5734;-1
5735;-1;5735;-1
5736;-1;5736;-1
5737;-1;5737;-1
5738;-1;5738;-1
5739;-1;5739;-1
5740;-1;5740;-1
5741;-1;5741;-1
5742;-1;5742;-1
5743;-1;5743;-1
5744;-1;5744;-1
5745;-1;5745;-1
5746;-1;5746;-1
5747;-1;5747;-1
5748;-1;5748;-1
5749;-1;5749;-1
5750;-1;5750;-1
5751;-1;5751;-1
5752;-1;5752;-1
5753;-1;5753;-1
5754;-1;5754;-1
5755;-1;5755;-1
5756;-1;5756;-1
5757;-1;5757;-1
5758;-1;5758;-1
5759;-1;5759;-1
5760;-1;5760;-1
5761;-1;5761;-1
5762;-1;5762;-1
5763;-1;5763;-1
5764;-1;5764;-1
5765;-1;5765;-1
5766;-1;5766;-1
5767;-1;5767;-1
5768;-1;5768;-1
5769;-1;5769;-1
5770;-1;5770;-1
5771;-1;5771;-1
5772;-1;5772;-1
5773;-1;5773;-1
5774;-1;5774;-1
5775;-1;5775;-1
5776;-1;5776;-1
5777;-1;5777;-1
5778;-1;5778;-1
5779;-1;5779;-1
5780;-1;5780;-1
5781;-1;5781;-1
5782;-1;5782;-1
5783;-1;5783;-1
5784;-1;5784;-1
5785;-1;5785;-1
5786;-1;5786;-1
5787;-1;5787;-1
5788;-1;5788;-1
5789;-1;5789;-1
5790;-1;5790;-1
5791;-1;5791;-1
5792;-1;5792;-1
5793;-1;5793;-1
5794;-1;5794;-1
5795;-1;5795;-1
5796;-1;5796;-1
5797;-1;5797;-1
5798;-1;5798;-1
5799;-1;5799;-1
5800;-1;5800;-1
5801;-1;5801;-1
5802;-1;5802;-1
5803;-1;5803;-1
5804;-1;5804;-1
5805;-1;5805;-1
5806;-1;5806;-1
5807;-1;5807;-1
5808;-1;5808;-1
5809;-1;5809;-1
5810;-1;5810;-1
5811;-1;5811;-1
5812;-1;5812;-1
5813;-1;5813;-1
5814;-1;5814;-1
5815;-1;5815;-1
5816;-1;5816;-1
5817;-1;5817;-1
5818;-1;5818;-1
5819;-1;5819;-1
5820;-1;5820;-1
5821;-1;5821;-1
5822;-1;5822;-1
5823;-1;5823;-1
5824;-1;5824;-1
5825;-1;5825;-1
5826;-1;5826;-1
5827;-1;5827;-1
5828;-1;5828;-1
5829;-1;5829;-1
5830;-1;5830;-1
5831;-1;5831;-1
5832;-1;5832;-1
5833;-1;5833;-1
5834;-1;5834;-1
5835;-1;5835;-1
5836;-1;5836;-1
5837;-1;5837;-1
5838;-1;5838;-1
5839;-1;5839;-1
5840;-1;5840;-1
5841;-1;5841;-1
5842;-1;5842;-1
5843;-1;5843;-1
5844;-1;5844;-1
5845;-1;5845;-1
5846;-1;5846;-1
5847;-1;5847;-1
5848;-1;5848;-1
5849;-1;5849;-1
5850;-1;5850;-1
5851;-1;5851;-1
5852;-1;5852;-1
5853;-1;5853;-1
5854;-1;5854;-1
5855;-1;5855;-1
5856;-1;5856;-1
5857;-1;5857;-1
5858;-1;5858;-1
5859;-1;5859;-1
5860;-1;5860;-1
5861;-1;5861;-1
5862;-1;5862;-1
5863;-1;5863;-1
5864;-1;5864;-1
5865;-1;5865;-1
5866;-1;5866;-1
5867;-1;5867;-1
5868;-1;5868;-1
5869;-1;5869;-1
5870;-1;5870;-1
5871;-1;5871;-1
5872;-1;5872;-1
5873;-1;5873;-1
5874;-1;5874;-1
5875;-1;5875;-1
5876;-1;5876;-1
5877;-1;5877;-1
5878;-1;5878;-1
5879;-1;5879;-1
5880;-1;5880;-1
5881;-1;5881;-1
5882;-1;5882;-1
5883;-1;5883;-1
5884;-1;5884;-1
5885;-1;5885;-1
5886;-1;5886;-1
5887;-1;5887;-1
5888;-1;5888;-1
5889;-1;5889;-1
5890;-1;5890;-1
5891;-1;5891;-1
5892;-1;5892;-1
5893;-1;5893;-1
5894;-1;5894;-1
5895;-1;5895;-1
5896;-1;5896;-1
5897;-1;5897;-1
5898;-1;5898;-1
5899;-1;5899;-1
5900;-1;5900;-1
5901;-1;5901;-1
5902;-1;5902;-1
5903;-1;5903;-1
5904;-1;5904;-1
5905;-1;5905;-1
5906;-1;5906;-1
5907;-1;5907;-1
5908;-1;5908;-1
5909;-1;5909;-1
5910;-1;5910;-1
5911;-1;5911;-1
5912;-1;5912;-1
5913;-1;5913;-1
5914;-1;5914;-1
5915;-1;5915;-1
5916;-1;5916;-1
5917;-1;5917;-1
5918;-1;5918;-1
5919;-1;5919;-1
5920;-1;5920;-1
5921;-1;5921;-1
5922;-1;5922;-1
5923;-1;5923;-1
5924;-1;5924;-1
5925;-1;5925;-1
5926;-1;5926;-1
5927;-1;5927;-1
5928;-1;5928;-1
5929;-1;5929;-1
5930;-1;5930;-1
5931;-1;5931;-1
5932;-1;5932;-1
5933;-1;5933;-1
5934;-1;5934;-1
5935;-1;5935;-1
5936;-1;5936;-1
5937;-1;5937;-1
5938;-1;5938;-1
5939;-1;5939;-1
5940;-1;5940;-1
5941;-1;5941;-1
5942;-1;5942;-1
5943;-1;5943;-1
5944;-1;5944;-1
5945;-1;5945;-1
5946;-1;5946;-1
5947;-1;5947;-1
5948;-1;5948;-1
5949;-1;5949;-1
5950;-1;5950;-1
5951;-1;5951;-1
5952;-1;5952;-1
5953;-1;5953;-1
5954;-1;5954;-1
5955;-1;5955;-1
5956;-1;5956;-1
5957;-1;5957;-1
5958;-1;5958;-1
5959;-1;5959;-1
5960;-1;5960;-1
5961;-1;5961;-1
5962;-1;5962;-1
5963;-1;5963;-1
5964;-1;5964;-1
5965;-1;5965;-1
5966;-1;5966;-1
5967;-1;5967;-1
5968;-1;5968;-1
5969;-1;5969;-1
5970;-1;5970;-1
5971;-1;5971;-1
5972;-1;5972;-1
5973;-1;5973;-1
5974;-1;5974;-1
5975;-1;5975;-1
5976;-1;5976;-1
5977;-1;5977;-1
5978;-1;5978;-1
5979;-1;5979;-1
5980;-1;5980;-1
5981;-1;5981;-1
5982;-1;5982;-1
5983;-1;5983;-1
5984;-1;5984;-1
5985;-1;5985;-1
5986;-1;5986;-1
5987;-1;5987;-1
5988;-1;5988;-1
5989;-1;5989;-1
5990;-1;5990;-1
5991;-1;5991;-1
5992;-1;5992;-1
5993;-1;5993;-1
5994;-1;5994;-1
5995;-1;5995;-1
5996;-1;5996;-1
5997;-1;5997;-1
5998;-1;5998;-1
5999;-1;5999;-1
6000;-1;6000;-1
6001;-1;6001;-1
6002;-1;6002;-1
6003;-1;6003;-1
6004;-1;6004;-1
6005;-1;6005;-1
6006;-1;6006;-1
6007;-1;6007;-1
6008;-1;6008;-1
6009;-1;6009;-1
6010;-1;6010;-1
6011;-1;6011;-1
6012;-1;6012;-1
6013;-1;6013;-1
6014;-1;6014;-1
6015;-1;6015;-1
6016;-1;6016;-0,99976657329598506
6017;-1;6017;-1
6018;-1;6018;-1
6019;-1;6019;-1
6020;-1;6020;-1
6021;-1;6021;-1
6022;-1;6022;-1
6023;-1;6023;-1
6024;-1;6024;-1
6025;-1;6025;-1
6026;-1;6026;-1
6027;-1;6027;-1
6028;-1;6028;-1
6029;-1;6029;-1
6030;-1;6030;-1
6031;-1;6031;-1
6032;-1;6032;-1
6033;-1;6033;-1
6034;-1;6034;-1
6035;-1;6035;-1
6036;-1;6036;-1
6037;-1;6037;-1
6038;-1;6038;-1
6039;-1;6039;-1
6040;-1;6040;-1
6041;-1;6041;-1
6042;-1;6042;-1
6043;-1;6043;-1
6044;-1;6044;-1
6045;-1;6045;-1
6046;-1;6046;-1
6047;-1;6047;-1
6048;-1;6048;-1
6049;-1;6049;-1
6050;-1;6050;-1
6051;-1;6051;-1
6052;-1;6052;-1
6053;-1;6053;-1
6054;-1;6054;-1
6055;-1;6055;-1
6056;-1;6056;-1
6057;-1;6057;-1
6058;-1;6058;-1
6059;-1;6059;-1
6060;-1;6060;-1
6061;-1;6061;-1
6062;-1;6062;-1
6063;-1;6063;-1
6064;-1;6064;-1
6065;-1;6065;-1
6066;-1;6066;-1
6067;-1;6067;-1
6068;-1;6068;-1
6069;-1;6069;-1
6070;-1;6070;-1
6071;-1;6071;-1
6072;-1;6072;-1
6073;-1;6073;-1
6074;-1;6074;-1
6075;-1;6075;-1
6076;-1;6076;-1
6077;-1;6077;-1
6078;-1;6078;-1
6079;-1;6079;-1
6080;-1;6080;-1
6081;-1;6081;-1
6082;-1;6082;-1
6083;-1;6083;-1
6084;-1;6084;-1
6085;-1;6085;-1
6086;-1;6086;-1
6087;-1;6087;-1
6088;-1;6088;-1
6089;-1;6089;-1
6090;-1;6090;-1
6091;-1;6091;-1
6092;-1;6092;-1
6093;-1;6093;-1
6094;-1;6094;-1
6095;-1;6095;-1
6096;-1;6096;-1
6097;-1;6097;-1
6098;-1;6098;-1
6099;-1;6099;-1
6100;-1;6100;-1
6101;-1;6101;-1
6102;-1;6102;-1
6103;-1;6103;-1
6104;-1;6104;-1
6105;-1;6105;-1
6106;-1;6106;-1
6107;-1;6107;-1
6108;-1;6108;-1
6109;-1;6109;-1
6110;-1;6110;-1
6111;-1;6111;-1
6112;-1;6112;-1
6113;-1;6113;-1
6114;-1;6114;-1
6115;-1;6115;-1
6116;-1;6116;-1
6117;-1;6117;-1
6118;-1;6118;-1
6119;-1;6119;-1
6120;-1;6120;-1
6121;-1;6121;-1
6122;-1;6122;-1
6123;-1;6123;-1
6124;-1;6124;-1
6125;-1;6125;-1
6126;-1;6126;-1
6127;-1;6127;-1
6128;-1;6128;-1
6129;-1;6129;-1
6130;-1;6130;-1
6131;-1;6131;-1
6132;-1;6132;-1
6133;-1;6133;-1
6134;-1;6134;-1
6135;-1;6135;-1
6136;-1;6136;-1
6137;-1;6137;-1
6138;-1;6138;-1
6139;-1;6139;-1
6140;-1;6140;-1
6141;-1;6141;-1
6142;-1;6142;-1
6143;-1;6143;-1
6144;-1;6144;-1
6145;-1;6145;-1
6146;-1;6146;-1
6147;-1;6147;-1
6148;-1;6148;-1
6149;-1;6149;-1
6150;-1;6150;-1
6151;-1;6151;-1
6152;-1;6152;-1
6153;-1;6153;-1
6154;-1;6154;-1
6155;-1;6155;-1
6156;-1;6156;-1
6157;-1;6157;-1
6158;-1;6158;-1
6159;-1;6159;-1
6160;-1;6160;-1
6161;-1;6161;-1
6162;-1;6162;-1
6163;-1;6163;-1
6164;-1;6164;-1
6165;-1;6165;-1
6166;-1;6166;-1
6167;-1;6167;-1
6168;-1;6168;-1
6169;-1;6169;-1
6170;-1;6170;-1
6171;-1;6171;-1
6172;-1;6172;-1
6173;-1;6173;-1
6174;-1;6174;-1
6175;-1;6175;-1
6176;-1;6176;-1
6177;-1;6177;-1
6178;-1;6178;-1
6179;-1;6179;-1
6180;-1;6180;-1
6181;-1;6181;-1
6182;-1;6182;-1
6183;-1;6183;-1
6184;-1;6184;-1
6185;-1;6185;-1
6186;-1;6186;-1
6187;-1;6187;-1
6188;-1;6188;-1
6189;-1;6189;-1
6190;-1;6190;-1
6191;-1;6191;-1
6192;-1;6192;-1
6193;-1;6193;-1
6194;-1;6194;-1
6195;-1;6195;-1
6196;-1;6196;-1
6197;-1;6197;-1
6198;-1;6198;-1
6199;-1;6199;-1
EOF
